time,max_hole_depth_ft,circulating_fraction
2023-04-26 02:30,128.02,1.000
2023-04-26 02:40,141.24,1.000
2023-04-26 02:50,155.31,1.000
2023-04-26 03:00,172.97,1.000
2023-04-26 03:10,200.40,0.883
2023-04-26 03:20,202.00,0.000
2023-04-26 03:30,204.84,0.633
2023-04-26 03:40,233.81,1.000
2023-04-26 03:50,265.96,1.000
2023-04-26 04:00,292.50,0.683
2023-04-26 04:10,292.50,0.250
2023-04-26 04:20,323.73,1.000
2023-04-26 04:30,359.98,1.000
2023-04-26 04:40,361.48,0.817
2023-04-26 04:50,384.04,0.400
2023-04-26 05:00,408.11,1.000
2023-04-26 05:10,448.93,1.000
2023-04-26 05:20,459.62,1.000
2023-04-26 05:30,476.56,0.300
2023-04-26 05:40,490.59,0.733
2023-04-26 05:50,530.63,0.983
2023-04-26 06:00,570.00,0.933
2023-04-26 06:10,570.00,0.000
2023-04-26 06:20,573.99,0.317
2023-04-26 06:30,608.85,1.000
2023-04-26 06:40,661.00,1.000
2023-04-26 06:50,661.00,0.367
2023-04-26 07:00,678.93,0.683
2023-04-26 07:10,718.25,1.000
2023-04-26 07:20,753.00,0.517
2023-04-26 07:30,753.00,0.733
2023-04-26 07:40,753.00,0.333
2023-04-26 07:50,753.00,0.000
2023-04-26 08:00,753.00,0.000
2023-04-26 08:10,753.00,0.650
2023-04-26 08:20,764.63,0.667
2023-04-26 08:30,783.65,1.000
2023-04-26 08:40,807.38,1.000
2023-04-26 08:50,808.55,1.000
2023-04-26 09:00,826.13,1.000
2023-04-26 09:10,843.00,0.583
2023-04-26 09:20,859.31,0.883
2023-04-26 09:30,885.71,1.000
2023-04-26 09:40,908.07,1.000
2023-04-26 09:50,938.00,1.000
2023-04-26 10:00,938.00,0.567
2023-04-26 10:10,957.90,1.000
2023-04-26 10:20,983.06,1.000
2023-04-26 10:30,1006.59,1.000
2023-04-26 10:40,1033.00,1.000
2023-04-26 10:50,1033.00,1.000
2023-04-26 11:00,1033.00,1.000
2023-04-26 11:10,1033.00,1.000
2023-04-26 11:20,1033.00,1.000
2023-04-26 11:30,1033.00,0.867
2023-04-26 11:40,1034.77,0.467
2023-04-26 11:50,1059.75,1.000
2023-04-26 12:00,1084.67,1.000
2023-04-26 12:10,1109.41,1.000
2023-04-26 12:20,1128.00,1.000
2023-04-26 12:30,1128.00,1.000
2023-04-26 12:40,1128.00,0.200
2023-04-26 12:50,1145.98,1.000
2023-04-26 13:00,1145.98,1.000
2023-04-26 13:10,1145.98,1.000
2023-04-26 13:20,1145.98,1.000
2023-04-26 13:30,1145.98,1.000
2023-04-26 13:40,1145.98,1.000
2023-04-26 13:50,1145.98,0.983
2023-04-26 14:00,1145.98,0.800
2023-04-26 14:10,1145.98,1.000
2023-04-26 14:20,1145.98,0.783
2023-04-26 14:30,1145.98,0.000
2023-04-26 14:40,1145.98,0.000
2023-04-26 14:50,1145.98,0.000
2023-04-26 15:00,1145.98,0.000
2023-04-26 15:10,1145.98,0.000
2023-04-26 15:20,1145.98,0.000
2023-04-26 15:30,1145.98,0.000
2023-04-26 15:40,1145.98,0.000
2023-04-26 15:50,1145.98,0.000
2023-04-26 16:00,1145.98,0.000
2023-04-26 16:10,1145.98,0.000
2023-04-26 16:20,1145.98,0.000
2023-04-26 16:30,1145.98,0.000
2023-04-26 16:40,1145.98,0.000
2023-04-26 16:50,1145.98,0.000
2023-04-26 17:00,1145.98,0.000
2023-04-26 17:10,1145.98,0.000
2023-04-26 17:20,1145.98,0.000
2023-04-26 17:30,1145.98,0.000
2023-04-26 17:40,1145.98,0.000
2023-04-26 17:50,1145.98,0.000
2023-04-26 18:00,1145.98,0.000
2023-04-26 18:10,1145.98,0.700
2023-04-26 18:20,1145.98,0.183
2023-04-26 18:30,1145.98,0.000
2023-04-26 18:40,1145.98,0.633
2023-04-26 18:50,1146.00,1.000
2023-04-26 19:00,1146.00,1.000
2023-04-26 19:10,1146.00,1.000
2023-04-26 19:20,1146.00,1.000
2023-04-26 19:30,1146.00,1.000
2023-04-26 19:40,1146.02,1.000
2023-04-26 19:50,1146.02,0.233
2023-04-26 20:00,1146.05,0.000
2023-04-26 20:10,1146.05,0.000
2023-04-26 20:20,1146.07,0.000
2023-04-26 20:30,1146.07,0.000
2023-04-26 20:40,1146.07,0.000
2023-04-26 20:50,1146.09,0.000
2023-04-26 21:00,1146.09,0.000
2023-04-26 21:10,1146.09,0.000
2023-04-26 21:20,1146.09,0.000
2023-04-26 21:30,1146.09,0.000
2023-04-26 21:40,1146.09,0.000
2023-04-26 21:50,1146.09,0.000
2023-04-26 22:00,1146.09,0.000
2023-04-26 22:10,1146.09,0.000
2023-04-26 22:20,1146.09,0.000
2023-04-26 22:30,1146.09,0.000
2023-04-26 22:40,1146.09,0.000
2023-04-26 22:50,1146.09,0.000
2023-04-26 23:00,1146.09,0.000
2023-04-26 23:10,1146.09,0.000
2023-04-26 23:20,1146.09,0.000
2023-04-26 23:30,1146.09,0.000
2023-04-26 23:40,1146.09,0.000
2023-04-26 23:50,1146.09,0.000
2023-04-27 00:00,1146.09,0.000
2023-04-27 00:10,1146.09,0.000
2023-04-27 00:20,1146.09,0.000
2023-04-27 00:30,1146.09,0.000
2023-04-27 00:40,1146.09,0.067
2023-04-27 00:50,1146.09,0.000
2023-04-27 01:00,1146.09,0.000
2023-04-27 01:10,1146.09,0.000
2023-04-27 01:20,1146.09,0.000
2023-04-27 01:30,1146.09,0.000
2023-04-27 01:40,1146.09,0.000
2023-04-27 01:50,1146.09,0.417
2023-04-27 02:00,1146.09,0.150
2023-04-27 02:10,1146.09,0.000
2023-04-27 02:20,1146.09,0.550
2023-04-27 02:30,1146.09,0.000
2023-04-27 02:40,1146.09,0.517
2023-04-27 02:50,1146.09,0.050
2023-04-27 03:00,1146.09,0.083
2023-04-27 03:10,1146.09,0.517
2023-04-27 03:20,1146.09,0.000
2023-04-27 03:30,1146.09,0.983
2023-04-27 03:40,1146.09,1.000
2023-04-27 03:50,1146.09,1.000
2023-04-27 04:00,1146.09,1.000
2023-04-27 04:10,1146.09,1.000
2023-04-27 04:20,1146.09,1.000
2023-04-27 04:30,1146.09,0.867
2023-04-27 04:40,1146.09,0.000
2023-04-27 04:50,1146.09,0.000
2023-04-27 05:00,1146.09,0.000
2023-04-27 05:10,1146.09,0.000
2023-04-27 05:20,1146.09,0.000
2023-04-27 05:30,1146.09,0.000
2023-04-27 05:40,1146.09,0.000
2023-04-27 05:50,1146.09,0.000
2023-04-27 06:00,1146.09,0.000
2023-04-27 06:10,1146.09,0.000
2023-04-27 06:20,1146.09,0.000
2023-04-27 06:30,1146.09,0.000
2023-04-27 06:40,1146.09,0.000
2023-04-27 06:50,1146.09,0.000
2023-04-27 07:00,1146.09,0.000
2023-04-27 07:10,1146.09,0.000
2023-04-27 07:20,1146.09,0.000
2023-04-27 07:30,1146.09,0.000
2023-04-27 07:40,1146.09,0.000
2023-04-27 07:50,1146.09,0.000
2023-04-27 08:00,1146.09,0.000
2023-04-27 08:10,1146.09,0.000
2023-04-27 08:20,1146.09,0.000
2023-04-27 08:30,1146.09,0.000
2023-04-27 08:40,1146.09,0.000
2023-04-27 08:50,1146.09,0.000
2023-04-27 09:00,1146.09,0.000
2023-04-27 09:10,1146.09,0.000
2023-04-27 09:20,1146.09,0.000
2023-04-27 09:30,1146.09,0.000
2023-04-27 09:40,1146.09,0.000
2023-04-27 09:50,1146.09,0.000
2023-04-27 10:00,1146.09,0.000
2023-04-27 10:10,1146.09,0.000
2023-04-27 10:20,1146.09,0.000
2023-04-27 10:30,1146.09,0.000
2023-04-27 10:40,1146.09,0.000
2023-04-27 10:50,1146.09,0.000
2023-04-27 11:00,1146.09,0.000
2023-04-27 11:10,1146.09,0.000
2023-04-27 11:20,1146.09,0.000
2023-04-27 11:30,1146.09,0.000
2023-04-27 11:40,1146.09,0.000
2023-04-27 11:50,1146.09,0.000
2023-04-27 12:00,1146.09,0.000
2023-04-27 12:10,1146.09,0.000
2023-04-27 12:20,1146.09,0.000
2023-04-27 12:30,1146.09,0.000
2023-04-27 12:40,1146.09,0.000
2023-04-27 12:50,1146.09,0.000
2023-04-27 13:00,1146.09,0.000
2023-04-27 13:10,1146.09,0.000
2023-04-27 13:20,1146.09,0.000
2023-04-27 13:30,1146.09,0.000
2023-04-27 13:40,1146.09,0.000
2023-04-27 13:50,1146.09,0.000
2023-04-27 14:00,1146.09,0.000
2023-04-27 14:10,1146.09,0.000
2023-04-27 14:20,1146.09,0.000
2023-04-27 14:30,1146.09,0.000
2023-04-27 14:40,1146.09,0.000
2023-04-27 14:50,1146.09,0.000
2023-04-27 15:00,1146.09,0.000
2023-04-27 15:10,1146.09,0.000
2023-04-27 15:20,1146.09,0.000
2023-04-27 15:30,1146.09,0.000
2023-04-27 15:40,1146.09,0.000
2023-04-27 15:50,1146.09,0.000
2023-04-27 16:00,1146.09,0.000
2023-04-27 16:10,1146.09,0.000
2023-04-27 16:20,1146.09,0.000
2023-04-27 16:30,1146.09,0.000
2023-04-27 16:40,1146.09,0.000
2023-04-27 16:50,1146.09,0.000
2023-04-27 17:00,1146.09,0.000
2023-04-27 17:10,1146.09,0.000
2023-04-27 17:20,1146.09,0.000
2023-04-27 17:30,1146.09,0.950
2023-04-27 17:40,1146.09,1.000
2023-04-27 17:50,1146.09,0.000
2023-04-27 18:00,1146.09,0.000
2023-04-27 18:10,1146.09,0.000
2023-04-27 18:20,1146.09,0.000
2023-04-27 18:30,1146.09,0.000
2023-04-27 18:40,1146.09,0.000
2023-04-27 18:50,1146.09,0.000
2023-04-27 19:00,1146.09,0.000
2023-04-27 19:10,1146.09,0.000
2023-04-27 19:20,1146.09,0.000
2023-04-27 19:30,1146.09,0.000
2023-04-27 19:40,1146.09,0.000
2023-04-27 19:50,1146.09,0.000
2023-04-27 20:00,1146.09,0.000
2023-04-27 20:10,1146.09,0.000
2023-04-27 20:20,1146.09,0.000
2023-04-27 20:30,1146.09,0.000
2023-04-27 20:40,1146.09,0.000
2023-04-27 20:50,1146.09,0.000
2023-04-27 21:00,1146.09,0.000
2023-04-27 21:10,1146.09,0.000
2023-04-27 21:20,1146.09,0.000
2023-04-27 21:30,1146.09,0.000
2023-04-27 21:40,1146.09,0.000
2023-04-27 21:50,1146.09,0.000
2023-04-27 22:00,1146.09,0.000
2023-04-27 22:10,1146.09,0.000
2023-04-27 22:20,1146.09,0.000
2023-04-27 22:30,1146.09,0.000
2023-04-27 22:40,1146.09,0.000
2023-04-27 22:50,1146.09,0.000
2023-04-27 23:00,1146.09,0.000
2023-04-27 23:10,1146.09,0.000
2023-04-27 23:20,1146.09,0.000
2023-04-27 23:30,1146.09,0.000
2023-04-27 23:40,1146.09,0.000
2023-04-27 23:50,1146.09,0.000
2023-04-28 00:00,1146.09,0.000
2023-04-28 00:10,1146.09,0.000
2023-04-28 00:20,1146.09,0.000
2023-04-28 00:30,1146.09,0.000
2023-04-28 00:40,1146.09,0.000
2023-04-28 00:50,1146.09,0.000
2023-04-28 01:00,1146.09,0.000
2023-04-28 01:10,1146.09,0.000
2023-04-28 01:20,1148.97,0.000
2023-04-28 01:30,1153.61,0.000
2023-04-28 01:40,1154.71,0.000
2023-04-28 01:50,1154.71,0.000
2023-04-28 02:00,1154.71,0.000
2023-04-28 02:10,1154.71,0.000
2023-04-28 02:20,1154.71,0.000
2023-04-28 02:30,1154.71,0.000
2023-04-28 02:40,1154.71,0.000
2023-04-28 02:50,1154.71,0.000
2023-04-28 03:00,1154.71,0.000
2023-04-28 03:10,1154.71,0.000
2023-04-28 03:20,1154.71,0.000
2023-04-28 03:30,1154.71,0.000
2023-04-28 03:40,1154.71,0.000
2023-04-28 03:50,1154.71,0.000
2023-04-28 04:00,1154.71,0.000
2023-04-28 04:10,1154.71,0.000
2023-04-28 04:20,1154.71,0.000
2023-04-28 04:30,1154.71,0.000
2023-04-28 04:40,1154.71,0.000
2023-04-28 04:50,1154.71,0.000
2023-04-28 05:00,1154.71,0.000
2023-04-28 05:10,1154.71,0.000
2023-04-28 05:20,1154.71,0.000
2023-04-28 05:30,1154.71,0.000
2023-04-28 05:40,1154.71,0.000
2023-04-28 05:50,1154.71,0.000
2023-04-28 06:00,1154.71,0.000
2023-04-28 06:10,1154.71,0.000
2023-04-28 06:20,1154.71,0.000
2023-04-28 06:30,1154.71,0.000
2023-04-28 06:40,1154.71,0.000
2023-04-28 06:50,1154.71,0.000
2023-04-28 07:00,1154.71,0.000
2023-04-28 07:10,1154.71,0.000
2023-04-28 07:20,1154.71,0.000
2023-04-28 07:30,1154.71,0.000
2023-04-28 07:40,1154.71,0.000
2023-04-28 07:50,1154.71,0.000
2023-04-28 08:00,1154.71,0.000
2023-04-28 08:10,1154.71,0.000
2023-04-28 08:20,1154.71,0.000
2023-04-28 08:30,1154.71,0.000
2023-04-28 08:40,1154.71,0.000
2023-04-28 08:50,1154.71,0.000
2023-04-28 09:00,1154.71,0.000
2023-04-28 09:10,1154.71,0.000
2023-04-28 09:20,1154.71,0.000
2023-04-28 09:30,1154.71,0.000
2023-04-28 09:40,1154.71,0.000
2023-04-28 09:50,1154.71,0.000
2023-04-28 10:00,1154.71,0.000
2023-04-28 10:10,1154.71,0.000
2023-04-28 10:20,1154.71,0.000
2023-04-28 10:30,1154.71,0.000
2023-04-28 10:40,1154.71,0.000
2023-04-28 10:50,1154.71,0.000
2023-04-28 11:00,1154.71,0.000
2023-04-28 11:10,1154.71,0.000
2023-04-28 11:20,1154.71,0.000
2023-04-28 11:30,1154.71,0.000
2023-04-28 11:40,1154.71,0.000
2023-04-28 11:50,1154.71,0.000
2023-04-28 12:00,1154.71,0.000
2023-04-28 12:10,1154.71,0.000
2023-04-28 12:20,1154.71,0.000
2023-04-28 12:30,1154.71,0.000
2023-04-28 12:40,1154.71,0.000
2023-04-28 12:50,1154.71,0.000
2023-04-28 13:00,1154.71,0.000
2023-04-28 13:10,1154.71,0.000
2023-04-28 13:20,1154.71,0.000
2023-04-28 13:30,1154.71,0.000
2023-04-28 13:40,1154.71,0.000
2023-04-28 13:50,1154.71,0.000
2023-04-28 14:00,1154.71,0.000
2023-04-28 14:10,1154.71,0.000
2023-04-28 14:20,1154.71,0.000
2023-04-28 14:30,1154.71,0.000
2023-04-28 14:40,1154.71,0.000
2023-04-28 14:50,1154.71,0.000
2023-04-28 15:00,1154.71,0.000
2023-04-28 15:10,1154.71,0.000
2023-04-28 15:20,1154.71,0.000
2023-04-28 15:30,1154.71,0.000
2023-04-28 15:40,1154.71,0.000
2023-04-28 15:50,1154.71,0.000
2023-04-28 16:00,1154.71,0.000
2023-04-28 16:10,1154.71,0.000
2023-04-28 16:20,1154.71,0.000
2023-04-28 16:30,1154.71,0.000
2023-04-28 16:40,1154.71,0.000
2023-04-28 16:50,1154.71,0.000
2023-04-28 17:00,1154.71,0.000
2023-04-28 17:10,1154.71,0.000
2023-04-28 17:20,1154.71,0.000
2023-04-28 17:30,1154.71,0.000
2023-04-28 17:40,1154.71,0.000
2023-04-28 17:50,1154.71,0.000
2023-04-28 18:00,1154.71,0.000
2023-04-28 18:10,1154.71,0.000
2023-04-28 18:20,1154.71,0.000
2023-04-28 18:30,1154.71,0.000
2023-04-28 18:40,1154.71,0.000
2023-04-28 18:50,1154.71,0.000
2023-04-28 19:00,1154.71,0.000
2023-04-28 19:10,1154.71,0.000
2023-04-28 19:20,1154.71,0.000
2023-04-28 19:30,1154.71,0.000
2023-04-28 19:40,1154.71,0.000
2023-04-28 19:50,1154.71,0.000
2023-04-28 20:00,1154.71,0.000
2023-04-28 20:10,1154.71,0.000
2023-04-28 20:20,1154.71,0.000
2023-04-28 20:30,1154.71,0.000
2023-04-28 20:40,1154.71,0.000
2023-04-28 20:50,1154.71,0.000
2023-04-28 21:00,1154.71,0.000
2023-04-28 21:10,1154.71,0.000
2023-04-28 21:20,1154.71,0.000
2023-04-28 21:30,1154.71,0.000
2023-04-28 21:40,1154.71,0.000
2023-04-28 21:50,1154.71,0.000
2023-04-28 22:00,1154.71,0.000
2023-04-28 22:10,1154.71,0.000
2023-04-28 22:20,1154.71,0.000
2023-04-28 22:30,1154.71,0.000
2023-04-28 22:40,1154.71,0.000
2023-04-28 22:50,1154.71,0.000
2023-04-28 23:00,1154.71,0.000
2023-04-28 23:10,1154.71,0.000
2023-04-28 23:20,1154.71,0.000
2023-04-28 23:30,1154.71,0.000
2023-04-28 23:40,1154.71,0.000
2023-04-28 23:50,1154.71,0.000
2023-04-29 00:00,1154.71,0.000
2023-04-29 00:10,1154.71,0.000
2023-04-29 00:20,1154.71,0.000
2023-04-29 00:30,1155.14,0.000
2023-04-29 00:40,1155.14,0.000
2023-04-29 00:50,1155.14,0.000
2023-04-29 01:00,1155.14,0.000
2023-04-29 01:10,1155.14,0.000
2023-04-29 01:20,1155.14,0.000
2023-04-29 01:30,1155.14,0.000
2023-04-29 01:40,1155.14,0.000
2023-04-29 01:50,1155.14,0.550
2023-04-29 02:00,1155.14,1.000
2023-04-29 02:10,1155.14,1.000
2023-04-29 02:20,1155.14,1.000
2023-04-29 02:30,1155.14,1.000
2023-04-29 02:40,1155.14,1.000
2023-04-29 02:50,1155.14,1.000
2023-04-29 03:00,1155.14,1.000
2023-04-29 03:10,1155.14,1.000
2023-04-29 03:20,1155.14,1.000
2023-04-29 03:30,1155.14,1.000
2023-04-29 03:40,1155.14,1.000
2023-04-29 03:50,1155.14,1.000
2023-04-29 04:00,1155.14,1.000
2023-04-29 04:10,1155.14,0.083
2023-04-29 04:20,1155.14,0.000
2023-04-29 04:30,1155.14,0.000
2023-04-29 04:40,1155.14,0.000
2023-04-29 04:50,1155.14,0.667
2023-04-29 05:00,1155.14,1.000
2023-04-29 05:10,1155.14,1.000
2023-04-29 05:20,1155.14,1.000
2023-04-29 05:30,1155.14,1.000
2023-04-29 05:40,1155.14,1.000
2023-04-29 05:50,1155.14,1.000
2023-04-29 06:00,1155.14,1.000
2023-04-29 06:10,1155.14,1.000
2023-04-29 06:20,1155.14,1.000
2023-04-29 06:30,1155.14,1.000
2023-04-29 06:40,1155.14,0.333
2023-04-29 06:50,1155.14,0.333
2023-04-29 07:00,1155.14,1.000
2023-04-29 07:10,1155.14,1.000
2023-04-29 07:20,1155.14,1.000
2023-04-29 07:30,1155.14,1.000
2023-04-29 07:40,1155.17,1.000
2023-04-29 07:50,1155.99,1.000
2023-04-29 08:00,1155.99,1.000
2023-04-29 08:10,1155.99,1.000
2023-04-29 08:20,1155.99,1.000
2023-04-29 08:30,1155.99,1.000
2023-04-29 08:40,1155.99,0.217
2023-04-29 08:50,1155.99,0.000
2023-04-29 09:00,1155.99,0.000
2023-04-29 09:10,1155.99,0.000
2023-04-29 09:20,1155.99,0.000
2023-04-29 09:30,1155.99,0.000
2023-04-29 09:40,1155.99,0.000
2023-04-29 09:50,1155.99,0.000
2023-04-29 10:00,1155.99,0.000
2023-04-29 10:10,1155.99,0.000
2023-04-29 10:20,1155.99,0.000
2023-04-29 10:30,1155.99,0.000
2023-04-29 10:40,1155.99,0.000
2023-04-29 10:50,1155.99,0.000
2023-04-29 11:00,1155.99,0.000
2023-04-29 11:10,1155.99,0.000
2023-04-29 11:20,1157.12,0.517
2023-04-29 11:30,1168.24,1.000
2023-04-29 11:40,1181.79,1.000
2023-04-29 11:50,1181.79,1.000
2023-04-29 12:00,1181.79,0.150
2023-04-29 12:10,1181.79,0.967
2023-04-29 12:20,1181.79,1.000
2023-04-29 12:30,1181.79,1.000
2023-04-29 12:40,1181.79,1.000
2023-04-29 12:50,1181.79,1.000
2023-04-29 13:00,1181.79,0.567
2023-04-29 13:10,1181.79,0.000
2023-04-29 13:20,1181.79,0.000
2023-04-29 13:30,1181.79,0.000
2023-04-29 13:40,1181.79,0.000
2023-04-29 13:50,1181.79,0.000
2023-04-29 14:00,1181.79,0.000
2023-04-29 14:10,1181.79,0.000
2023-04-29 14:20,1181.79,0.000
2023-04-29 14:30,1181.79,0.000
2023-04-29 14:40,1181.79,0.000
2023-04-29 14:50,1181.79,0.000
2023-04-29 15:00,1181.79,0.000
2023-04-29 15:10,1181.79,0.000
2023-04-29 15:20,1181.79,0.000
2023-04-29 15:30,1181.79,0.000
2023-04-29 15:40,1181.79,0.000
2023-04-29 15:50,1181.79,0.050
2023-04-29 16:00,1181.79,0.000
2023-04-29 16:10,1181.79,0.000
2023-04-29 16:20,1181.79,0.000
2023-04-29 16:30,1181.79,0.000
2023-04-29 16:40,1181.79,0.000
2023-04-29 16:50,1181.79,0.000
2023-04-29 17:00,1181.79,0.000
2023-04-29 17:10,1181.79,0.000
2023-04-29 17:20,1181.79,0.000
2023-04-29 17:30,1181.79,0.000
2023-04-29 17:40,1181.79,0.000
2023-04-29 17:50,1181.79,0.000
2023-04-29 18:00,1181.79,0.000
2023-04-29 18:10,1181.79,0.000
2023-04-29 18:20,1181.79,0.000
2023-04-29 18:30,1181.79,0.000
2023-04-29 18:40,1181.79,0.000
2023-04-29 18:50,1181.79,0.000
2023-04-29 19:00,1181.79,0.000
2023-04-29 19:10,1181.79,0.000
2023-04-29 19:20,1181.79,0.000
2023-04-29 19:30,1181.79,0.000
2023-04-29 19:40,1181.79,0.000
2023-04-29 19:50,1181.79,0.000
2023-04-29 20:00,1181.79,0.000
2023-04-29 20:10,1181.79,0.000
2023-04-29 20:20,1181.79,0.000
2023-04-29 20:30,1181.79,0.000
2023-04-29 20:40,1181.79,0.000
2023-04-29 20:50,1181.79,0.000
2023-04-29 21:00,1181.79,0.000
2023-04-29 21:10,1181.79,0.433
2023-04-29 21:20,1181.79,0.717
2023-04-29 21:30,1220.22,0.552
2023-04-29 21:40,1284.09,1.000
2023-04-29 21:50,1315.32,0.900
2023-04-29 22:00,1315.32,0.183
2023-04-29 22:10,1405.10,0.667
2023-04-29 22:20,1405.10,0.400
2023-04-29 22:30,1410.40,0.400
2023-04-29 22:40,1410.40,0.917
2023-04-29 22:50,1410.40,1.000
2023-04-29 23:00,1410.40,1.000
2023-04-29 23:10,1410.40,0.683
2023-04-29 23:20,1410.40,1.000
2023-04-29 23:30,1410.40,0.783
2023-04-29 23:40,1497.86,0.567
2023-04-29 23:50,1504.86,0.917
2023-04-30 00:00,1593.67,0.750
2023-04-30 00:10,1599.59,0.100
2023-04-30 00:20,1599.59,0.917
2023-04-30 00:30,1599.59,0.983
2023-04-30 00:40,1599.59,0.583
2023-04-30 00:50,1599.59,1.000
2023-04-30 01:00,1599.59,1.000
2023-04-30 01:10,1599.59,0.583
2023-04-30 01:20,1653.42,0.967
2023-04-30 01:30,1694.06,0.517
2023-04-30 01:40,1757.20,1.000
2023-04-30 01:50,1788.26,0.650
2023-04-30 02:00,1882.52,1.000
2023-04-30 02:10,1892.93,0.483
2023-04-30 02:20,1960.33,1.000
2023-04-30 02:30,1983.15,0.467
2023-04-30 02:40,1997.79,1.000
2023-04-30 02:50,2033.97,0.917
2023-04-30 03:00,2077.99,0.617
2023-04-30 03:10,2077.99,1.000
2023-04-30 03:20,2172.46,0.967
2023-04-30 03:30,2208.52,0.650
2023-04-30 03:40,2266.59,0.717
2023-04-30 03:50,2305.84,0.850
2023-04-30 04:00,2361.87,0.717
2023-04-30 04:10,2372.76,1.000
2023-04-30 04:20,2436.48,1.000
2023-04-30 04:30,2456.32,0.550
2023-04-30 04:40,2492.69,1.000
2023-04-30 04:50,2550.83,1.000
2023-04-30 05:00,2550.83,0.417
2023-04-30 05:10,2585.57,1.000
2023-04-30 05:20,2626.05,1.000
2023-04-30 05:30,2645.11,0.633
2023-04-30 05:40,2645.11,0.667
2023-04-30 05:50,2647.90,1.000
2023-04-30 06:00,2655.10,1.000
2023-04-30 06:10,2662.28,1.000
2023-04-30 06:20,2671.18,1.000
2023-04-30 06:30,2700.22,1.000
2023-04-30 06:40,2733.37,1.000
2023-04-30 06:50,2745.44,0.550
2023-04-30 07:00,2788.06,1.000
2023-04-30 07:10,2819.32,1.000
2023-04-30 07:20,2838.89,0.617
2023-04-30 07:30,2846.24,1.000
2023-04-30 07:40,2863.51,1.000
2023-04-30 07:50,2889.49,1.000
2023-04-30 08:00,2919.55,1.000
2023-04-30 08:10,2933.42,1.000
2023-04-30 08:20,2933.42,1.000
2023-04-30 08:30,2933.42,0.583
2023-04-30 08:40,2949.72,0.917
2023-04-30 08:50,2988.21,1.000
2023-04-30 09:00,3014.96,1.000
2023-04-30 09:10,3027.75,1.000
2023-04-30 09:20,3036.50,0.667
2023-04-30 09:30,3057.92,1.000
2023-04-30 09:40,3075.17,1.000
2023-04-30 09:50,3075.19,1.000
2023-04-30 10:00,3075.19,1.000
2023-04-30 10:10,3075.19,1.000
2023-04-30 10:20,3075.19,1.000
2023-04-30 10:30,3075.19,1.000
2023-04-30 10:40,3075.19,1.000
2023-04-30 10:50,3075.19,1.000
2023-04-30 11:00,3075.19,1.000
2023-04-30 11:10,3075.19,1.000
2023-04-30 11:20,3075.19,1.000
2023-04-30 11:30,3084.29,1.000
2023-04-30 11:40,3112.12,1.000
2023-04-30 11:50,3122.46,0.667
2023-04-30 12:00,3122.46,0.717
2023-04-30 12:10,3122.46,1.000
2023-04-30 12:20,3122.46,1.000
2023-04-30 12:30,3122.46,1.000
2023-04-30 12:40,3122.46,1.000
2023-04-30 12:50,3122.46,1.000
2023-04-30 13:00,3122.46,1.000
2023-04-30 13:10,3122.46,1.000
2023-04-30 13:20,3122.46,1.000
2023-04-30 13:30,3125.26,1.000
2023-04-30 13:40,3147.42,1.000
2023-04-30 13:50,3180.13,1.000
2023-04-30 14:00,3205.04,1.000
2023-04-30 14:10,3217.08,0.650
2023-04-30 14:20,3217.08,0.000
2023-04-30 14:30,3217.08,0.867
2023-04-30 14:40,3217.08,1.000
2023-04-30 14:50,3217.08,1.000
2023-04-30 15:00,3219.92,0.600
2023-04-30 15:10,3247.96,0.950
2023-04-30 15:20,3293.86,1.000
2023-04-30 15:30,3314.72,0.700
2023-04-30 15:40,3334.19,0.700
2023-04-30 15:50,3382.70,1.000
2023-04-30 16:00,3409.86,0.683
2023-04-30 16:10,3431.87,0.800
2023-04-30 16:20,3446.56,1.000
2023-04-30 16:30,3480.95,1.000
2023-04-30 16:40,3504.40,0.617
2023-04-30 16:50,3511.00,0.833
2023-04-30 17:00,3522.65,1.000
2023-04-30 17:10,3554.85,1.000
2023-04-30 17:20,3599.02,0.800
2023-04-30 17:30,3604.06,0.767
2023-04-30 17:40,3617.92,1.000
2023-04-30 17:50,3654.62,1.000
2023-04-30 18:00,3692.04,1.000
2023-04-30 18:10,3702.44,0.533
2023-04-30 18:20,3735.42,1.000
2023-04-30 18:30,3768.01,1.000
2023-04-30 18:40,3791.08,0.867
2023-04-30 18:50,3804.28,0.633
2023-04-30 19:00,3839.39,1.000
2023-04-30 19:10,3865.71,1.000
2023-04-30 19:20,3885.60,1.000
2023-04-30 19:30,3897.33,0.683
2023-04-30 19:40,3923.67,1.000
2023-04-30 19:50,3945.04,1.000
2023-04-30 20:00,3969.75,1.000
2023-04-30 20:10,3980.49,0.800
2023-04-30 20:20,3989.44,0.850
2023-04-30 20:30,3999.43,1.000
2023-04-30 20:40,4002.97,1.000
2023-04-30 20:50,4033.95,1.000
2023-04-30 21:00,4057.46,1.000
2023-04-30 21:10,4076.80,0.767
2023-04-30 21:20,4094.37,0.867
2023-04-30 21:30,4115.12,1.000
2023-04-30 21:40,4134.88,1.000
2023-04-30 21:50,4153.77,1.000
2023-04-30 22:00,4171.52,1.000
2023-04-30 22:10,4181.00,0.667
2023-04-30 22:20,4199.80,1.000
2023-04-30 22:30,4218.30,1.000
2023-04-30 22:40,4235.36,1.000
2023-04-30 22:50,4253.39,1.000
2023-04-30 23:00,4266.14,0.950
2023-04-30 23:10,4269.48,0.417
2023-04-30 23:20,4284.09,1.000
2023-04-30 23:30,4296.79,1.000
2023-04-30 23:40,4306.98,1.000
2023-04-30 23:50,4316.97,1.000
2023-05-01 00:00,4330.91,1.000
2023-05-01 00:10,4341.68,1.000
2023-05-01 00:20,4348.92,1.000
2023-05-01 00:30,4348.92,1.000
2023-05-01 00:40,4348.92,1.000
2023-05-01 00:50,4348.92,1.000
2023-05-01 01:00,4348.92,1.000
2023-05-01 01:10,4353.63,1.000
2023-05-01 01:20,4353.63,1.000
2023-05-01 01:30,4353.63,1.000
2023-05-01 01:40,4353.63,0.067
2023-05-01 01:50,4353.63,0.000
2023-05-01 02:00,4353.63,0.250
2023-05-01 02:10,4353.63,0.000
2023-05-01 02:20,4353.63,0.250
2023-05-01 02:30,4353.63,0.250
2023-05-01 02:40,4353.63,0.000
2023-05-01 02:50,4353.63,0.000
2023-05-01 03:00,4353.63,0.000
2023-05-01 03:10,4353.63,0.000
2023-05-01 03:20,4353.63,0.000
2023-05-01 03:30,4353.63,0.000
2023-05-01 03:40,4353.63,0.000
2023-05-01 03:50,4353.63,0.000
2023-05-01 04:00,4353.63,0.000
2023-05-01 04:10,4353.63,0.033
2023-05-01 04:20,4353.63,0.983
2023-05-01 04:30,4353.63,1.000
2023-05-01 04:40,4353.63,1.000
2023-05-01 04:50,4353.63,1.000
2023-05-01 05:00,4353.63,1.000
2023-05-01 05:10,4353.63,1.000
2023-05-01 05:20,4353.63,1.000
2023-05-01 05:30,4353.63,1.000
2023-05-01 05:40,4353.63,0.467
2023-05-01 05:50,4353.63,1.000
2023-05-01 06:00,4353.63,1.000
2023-05-01 06:10,4353.63,1.000
2023-05-01 06:20,4353.63,1.000
2023-05-01 06:30,4353.63,0.367
2023-05-01 06:40,4353.63,0.617
2023-05-01 06:50,4353.63,1.000
2023-05-01 07:00,4353.63,0.183
2023-05-01 07:10,4353.63,0.000
2023-05-01 07:20,4353.63,0.000
2023-05-01 07:30,4353.63,0.000
2023-05-01 07:40,4353.63,0.000
2023-05-01 07:50,4353.63,0.000
2023-05-01 08:00,4353.63,0.000
2023-05-01 08:10,4353.63,0.000
2023-05-01 08:20,4353.63,0.000
2023-05-01 08:30,4353.63,0.000
2023-05-01 08:40,4353.63,0.000
2023-05-01 08:50,4353.63,0.000
2023-05-01 09:00,4353.63,0.000
2023-05-01 09:10,4353.63,0.000
2023-05-01 09:20,4353.63,0.000
2023-05-01 09:30,4353.63,0.000
2023-05-01 09:40,4353.63,0.000
2023-05-01 09:50,4353.63,0.000
2023-05-01 10:00,4353.63,0.000
2023-05-01 10:10,4353.63,0.000
2023-05-01 10:20,4353.63,0.000
2023-05-01 10:30,4353.63,0.000
2023-05-01 10:40,4353.63,0.000
2023-05-01 10:50,4353.63,0.000
2023-05-01 11:00,4353.63,0.000
2023-05-01 11:10,4353.63,0.000
2023-05-01 11:20,4353.63,0.000
2023-05-01 11:30,4353.63,0.000
2023-05-01 11:40,4353.63,0.000
2023-05-01 11:50,4353.63,0.000
2023-05-01 12:00,4353.63,0.000
2023-05-01 12:10,4353.63,0.000
2023-05-01 12:20,4353.63,0.000
2023-05-01 12:30,4353.63,0.000
2023-05-01 12:40,4353.63,0.000
2023-05-01 12:50,4353.63,0.000
2023-05-01 13:00,4353.63,0.000
2023-05-01 13:10,4353.63,0.000
2023-05-01 13:20,4353.63,0.000
2023-05-01 13:30,4353.63,0.000
2023-05-01 13:40,4353.63,0.000
2023-05-01 13:50,4353.63,0.000
2023-05-01 14:00,4353.63,0.000
2023-05-01 14:10,4353.63,0.000
2023-05-01 14:20,4353.63,0.000
2023-05-01 14:30,4353.63,0.000
2023-05-01 14:40,4353.63,0.000
2023-05-01 14:50,4353.63,0.000
2023-05-01 15:00,4353.63,0.000
2023-05-01 15:10,4353.63,0.000
2023-05-01 15:20,4353.63,0.000
2023-05-01 15:30,4353.63,0.000
2023-05-01 15:40,4353.63,0.000
2023-05-01 15:50,4353.63,0.000
2023-05-01 16:00,4353.63,0.000
2023-05-01 16:10,4353.63,0.000
2023-05-01 16:20,4353.63,0.000
2023-05-01 16:30,4353.63,0.000
2023-05-01 16:40,4353.63,0.000
2023-05-01 16:50,4353.63,0.000
2023-05-01 17:00,4353.63,0.000
2023-05-01 17:10,4353.63,0.000
2023-05-01 17:20,4353.63,0.000
2023-05-01 17:30,4353.63,0.000
2023-05-01 17:40,4353.63,0.000
2023-05-01 17:50,4353.63,0.000
2023-05-01 18:00,4353.63,0.000
2023-05-01 18:10,4353.63,0.000
2023-05-01 18:20,4353.63,0.000
2023-05-01 18:30,4353.63,0.000
2023-05-01 18:40,4353.63,0.000
2023-05-01 18:50,4353.63,0.000
2023-05-01 19:00,4353.63,0.000
2023-05-01 19:10,4353.63,0.000
2023-05-01 19:20,4353.63,0.000
2023-05-01 19:30,4353.63,0.000
2023-05-01 19:40,4353.63,0.000
2023-05-01 19:50,4353.63,0.000
2023-05-01 20:00,4353.63,0.000
2023-05-01 20:10,4353.63,0.000
2023-05-01 20:20,4353.63,0.000
2023-05-01 20:30,4353.63,0.000
2023-05-01 20:40,4353.63,0.067
2023-05-01 20:50,4353.63,1.000
2023-05-01 21:00,4358.21,0.733
2023-05-01 21:10,4386.93,1.000
2023-05-01 21:20,4414.65,0.933
2023-05-01 21:30,4422.47,0.683
2023-05-01 21:40,4435.37,0.867
2023-05-01 21:50,4442.62,0.650
2023-05-01 22:00,4459.20,1.000
2023-05-01 22:10,4473.01,1.000
2023-05-01 22:20,4484.39,1.000
2023-05-01 22:30,4494.62,1.000
2023-05-01 22:40,4503.02,1.000
2023-05-01 22:50,4511.53,1.000
2023-05-01 23:00,4519.35,1.000
2023-05-01 23:10,4527.46,1.000
2023-05-01 23:20,4529.80,0.383
2023-05-01 23:30,4529.80,0.233
2023-05-01 23:40,4530.16,0.483
2023-05-01 23:50,4532.01,1.000
2023-05-02 00:00,4532.01,0.367
2023-05-02 00:10,4532.37,0.217
2023-05-02 00:20,4533.93,0.983
2023-05-02 00:30,4539.35,1.000
2023-05-02 00:40,4549.40,1.000
2023-05-02 00:50,4561.51,1.000
2023-05-02 01:00,4574.33,1.000
2023-05-02 01:10,4583.41,1.000
2023-05-02 01:20,4593.12,1.000
2023-05-02 01:30,4605.11,1.000
2023-05-02 01:40,4616.38,1.000
2023-05-02 01:50,4624.34,0.967
2023-05-02 02:00,4629.67,0.667
2023-05-02 02:10,4641.09,1.000
2023-05-02 02:20,4653.16,1.000
2023-05-02 02:30,4664.23,1.000
2023-05-02 02:40,4675.39,1.000
2023-05-02 02:50,4686.61,1.000
2023-05-02 03:00,4697.35,1.000
2023-05-02 03:10,4708.40,1.000
2023-05-02 03:20,4716.54,1.000
2023-05-02 03:30,4722.00,0.433
2023-05-02 03:40,4723.33,0.450
2023-05-02 03:50,4733.34,1.000
2023-05-02 04:00,4741.47,1.000
2023-05-02 04:10,4749.05,1.000
2023-05-02 04:20,4756.85,1.000
2023-05-02 04:30,4764.74,1.000
2023-05-02 04:40,4771.57,1.000
2023-05-02 04:50,4778.51,1.000
2023-05-02 05:00,4785.33,1.000
2023-05-02 05:10,4794.06,1.000
2023-05-02 05:20,4802.70,1.000
2023-05-02 05:30,4810.70,1.000
2023-05-02 05:40,4816.67,1.000
2023-05-02 05:50,4816.67,0.667
2023-05-02 06:00,4818.84,1.000
2023-05-02 06:10,4818.84,1.000
2023-05-02 06:20,4818.84,1.000
2023-05-02 06:30,4818.84,1.000
2023-05-02 06:40,4818.84,1.000
2023-05-02 06:50,4818.84,1.000
2023-05-02 07:00,4818.84,1.000
2023-05-02 07:10,4818.84,1.000
2023-05-02 07:20,4818.84,1.000
2023-05-02 07:30,4818.84,1.000
2023-05-02 07:40,4818.84,1.000
2023-05-02 07:50,4818.84,1.000
2023-05-02 08:00,4818.84,0.800
2023-05-02 08:10,4818.84,0.983
2023-05-02 08:20,4818.84,1.000
2023-05-02 08:30,4818.84,0.900
2023-05-02 08:40,4824.16,0.850
2023-05-02 08:50,4832.71,1.000
2023-05-02 09:00,4840.07,1.000
2023-05-02 09:10,4844.98,0.967
2023-05-02 09:20,4844.98,0.517
2023-05-02 09:30,4844.98,1.000
2023-05-02 09:40,4844.98,1.000
2023-05-02 09:50,4844.98,1.000
2023-05-02 10:00,4844.98,0.267
2023-05-02 10:10,4844.98,0.000
2023-05-02 10:20,4844.98,0.000
2023-05-02 10:30,4844.98,0.000
2023-05-02 10:40,4844.98,0.000
2023-05-02 10:50,4844.98,0.000
2023-05-02 11:00,4844.98,0.000
2023-05-02 11:10,4844.98,0.000
2023-05-02 11:20,4844.98,0.000
2023-05-02 11:30,4844.98,0.000
2023-05-02 11:40,4844.98,0.000
2023-05-02 11:50,4844.98,0.000
2023-05-02 12:00,4844.98,0.000
2023-05-02 12:10,4844.98,0.000
2023-05-02 12:20,4844.98,0.000
2023-05-02 12:30,4844.98,0.000
2023-05-02 12:40,4844.98,0.000
2023-05-02 12:50,4844.98,0.000
2023-05-02 13:00,4844.98,0.000
2023-05-02 13:10,4844.98,0.000
2023-05-02 13:20,4844.98,0.000
2023-05-02 13:30,4844.98,0.000
2023-05-02 13:40,4844.98,0.000
2023-05-02 13:50,4844.98,0.000
2023-05-02 14:00,4844.98,0.000
2023-05-02 14:10,4844.98,0.000
2023-05-02 14:20,4844.98,0.000
2023-05-02 14:30,4844.98,0.000
2023-05-02 14:40,4844.98,0.000
2023-05-02 14:50,4844.98,0.000
2023-05-02 15:00,4844.98,0.000
2023-05-02 15:10,4844.98,0.000
2023-05-02 15:20,4844.98,0.000
2023-05-02 15:30,4844.98,0.000
2023-05-02 15:40,4844.98,0.000
2023-05-02 15:50,4844.98,0.583
2023-05-02 16:00,4844.98,1.000
2023-05-02 16:10,4844.98,1.000
2023-05-02 16:20,4844.98,1.000
2023-05-02 16:30,4844.98,1.000
2023-05-02 16:40,4844.98,0.617
2023-05-02 16:50,4844.98,0.000
2023-05-02 17:00,4844.98,0.000
2023-05-02 17:10,4844.98,0.000
2023-05-02 17:20,4844.98,0.000
2023-05-02 17:30,4844.98,0.000
2023-05-02 17:40,4844.98,0.000
2023-05-02 17:50,4844.98,0.000
2023-05-02 18:00,4844.98,0.000
2023-05-02 18:10,4844.98,0.000
2023-05-02 18:20,4844.98,0.000
2023-05-02 18:30,4844.98,0.000
2023-05-02 18:40,4844.98,0.000
2023-05-02 18:50,4844.98,0.000
2023-05-02 19:00,4844.98,0.000
2023-05-02 19:10,4844.98,0.000
2023-05-02 19:20,4844.98,0.000
2023-05-02 19:30,4844.98,0.033
2023-05-02 19:40,4844.98,0.000
2023-05-02 19:50,4844.98,0.000
2023-05-02 20:00,4844.98,0.050
2023-05-02 20:10,4844.98,0.000
2023-05-02 20:20,4844.98,0.000
2023-05-02 20:30,4844.98,0.000
2023-05-02 20:40,4844.98,0.000
2023-05-02 20:50,4844.98,0.000
2023-05-02 21:00,4844.98,0.000
2023-05-02 21:10,4844.98,0.000
2023-05-02 21:20,4844.98,0.000
2023-05-02 21:30,4844.98,0.000
2023-05-02 21:40,4844.98,0.000
2023-05-02 21:50,4844.98,0.267
2023-05-02 22:00,4844.98,0.533
2023-05-02 22:10,4844.98,0.000
2023-05-02 22:20,4844.98,0.000
2023-05-02 22:30,4844.98,0.000
2023-05-02 22:40,4844.98,0.033
2023-05-02 22:50,4844.98,0.000
2023-05-02 23:00,4844.98,0.000
2023-05-02 23:10,4844.98,0.000
2023-05-02 23:20,4844.98,0.000
2023-05-02 23:30,4844.98,0.000
2023-05-02 23:40,4844.98,0.000
2023-05-02 23:50,4844.98,0.000
2023-05-03 00:00,4844.98,0.000
2023-05-03 00:10,4844.98,0.000
2023-05-03 00:20,4844.98,0.000
2023-05-03 00:30,4844.98,0.000
2023-05-03 00:40,4844.98,0.000
2023-05-03 00:50,4844.98,0.000
2023-05-03 01:00,4844.98,0.000
2023-05-03 01:10,4844.98,0.000
2023-05-03 01:20,4844.98,0.000
2023-05-03 01:30,4844.98,0.000
2023-05-03 01:40,4844.98,0.000
2023-05-03 01:50,4844.98,0.000
2023-05-03 02:00,4844.98,0.000
2023-05-03 02:10,4844.98,0.000
2023-05-03 02:20,4844.98,0.000
2023-05-03 02:30,4844.98,0.000
2023-05-03 02:40,4844.98,0.000
2023-05-03 02:50,4844.98,0.000
2023-05-03 03:00,4844.98,0.000
2023-05-03 03:10,4844.98,0.000
2023-05-03 03:20,4844.98,0.000
2023-05-03 03:30,4844.98,0.000
2023-05-03 03:40,4844.98,0.000
2023-05-03 03:50,4844.98,0.000
2023-05-03 04:00,4844.98,0.000
2023-05-03 04:10,4844.98,0.000
2023-05-03 04:20,4844.98,0.000
2023-05-03 04:30,4844.98,0.000
2023-05-03 04:40,4844.98,0.000
2023-05-03 04:50,4844.98,0.000
2023-05-03 05:00,4844.98,0.000
2023-05-03 05:10,4844.98,0.000
2023-05-03 05:20,4844.98,0.000
2023-05-03 05:30,4844.98,0.000
2023-05-03 05:40,4844.98,0.000
2023-05-03 05:50,4844.98,0.000
2023-05-03 06:00,4844.98,0.000
2023-05-03 06:10,4844.98,0.000
2023-05-03 06:20,4844.98,0.050
2023-05-03 06:30,4844.98,0.250
2023-05-03 06:40,4844.98,0.000
2023-05-03 06:50,4844.98,0.000
2023-05-03 07:00,4844.98,0.000
2023-05-03 07:10,4844.98,0.000
2023-05-03 07:20,4844.98,0.000
2023-05-03 07:30,4844.98,0.000
2023-05-03 07:40,4844.98,0.000
2023-05-03 07:50,4844.98,0.000
2023-05-03 08:00,4844.98,0.000
2023-05-03 08:10,4844.98,0.000
2023-05-03 08:20,4844.98,0.000
2023-05-03 08:30,4844.98,0.000
2023-05-03 08:40,4844.98,0.000
2023-05-03 08:50,4844.98,0.000
2023-05-03 09:00,4844.98,0.000
2023-05-03 09:10,4844.98,0.000
2023-05-03 09:20,4844.98,0.000
2023-05-03 09:30,4844.98,0.000
2023-05-03 09:40,4844.98,0.000
2023-05-03 09:50,4844.98,0.000
2023-05-03 10:00,4844.98,0.000
2023-05-03 10:10,4844.98,0.117
2023-05-03 10:20,4844.98,0.533
2023-05-03 10:30,4844.98,1.000
2023-05-03 10:40,4844.98,1.000
2023-05-03 10:50,4844.98,0.967
2023-05-03 11:00,4844.98,1.000
2023-05-03 11:10,4844.98,0.550
2023-05-03 11:20,4844.98,0.000
2023-05-03 11:30,4844.98,0.000
2023-05-03 11:40,4844.98,0.000
2023-05-03 11:50,4844.98,0.000
2023-05-03 12:00,4844.98,0.000
2023-05-03 12:10,4844.98,0.000
2023-05-03 12:20,4844.98,0.000
2023-05-03 12:30,4844.98,0.000
2023-05-03 12:40,4844.98,0.000
2023-05-03 12:50,4844.98,0.000
2023-05-03 13:00,4844.98,0.000
2023-05-03 13:10,4844.98,0.000
2023-05-03 13:20,4844.98,0.000
2023-05-03 13:30,4844.98,0.000
2023-05-03 13:40,4844.98,0.000
2023-05-03 13:50,4844.98,0.000
2023-05-03 14:00,4844.98,0.000
2023-05-03 14:10,4844.98,0.000
2023-05-03 14:20,4844.98,0.000
2023-05-03 14:30,4844.98,0.000
2023-05-03 14:40,4844.98,0.000
2023-05-03 14:50,4844.98,0.000
2023-05-03 15:00,4844.98,0.467
2023-05-03 15:10,4844.98,1.000
2023-05-03 15:20,4844.98,1.000
2023-05-03 15:30,4844.98,1.000
2023-05-03 15:40,4844.98,1.000
2023-05-03 15:50,4844.98,1.000
2023-05-03 16:00,4844.98,1.000
2023-05-03 16:10,4844.98,1.000
2023-05-03 16:20,4844.98,1.000
2023-05-03 16:30,4844.98,1.000
2023-05-03 16:40,4844.98,1.000
2023-05-03 16:50,4844.98,0.467
2023-05-03 17:00,4844.98,0.000
2023-05-03 17:10,4844.98,0.000
2023-05-03 17:20,4844.98,0.000
2023-05-03 17:30,4844.98,0.000
2023-05-03 17:40,4844.98,0.000
2023-05-03 17:50,4844.98,0.000
2023-05-03 18:00,4844.98,0.000
2023-05-03 18:10,4844.98,0.000
2023-05-03 18:20,4844.98,0.000
2023-05-03 18:30,4844.98,0.000
2023-05-03 18:40,4844.98,0.000
2023-05-03 18:50,4844.98,0.000
2023-05-03 19:00,4844.98,0.000
2023-05-03 19:10,4844.98,0.000
2023-05-03 19:20,4844.98,0.000
2023-05-03 19:30,4844.98,0.000
2023-05-03 19:40,4844.98,0.000
2023-05-03 19:50,4844.98,0.000
2023-05-03 20:00,4844.98,0.000
2023-05-03 20:10,4844.98,0.000
2023-05-03 20:20,4844.98,0.000
2023-05-03 20:30,4844.98,0.000
2023-05-03 20:40,4844.98,0.000
2023-05-03 20:50,4844.98,0.000
2023-05-03 21:00,4844.98,0.000
2023-05-03 21:10,4844.98,0.000
2023-05-03 21:20,4844.98,0.000
2023-05-03 21:30,4844.98,0.000
2023-05-03 21:40,4844.98,0.000
2023-05-03 21:50,4844.98,0.000
2023-05-03 22:00,4844.98,0.000
2023-05-03 22:10,4844.98,0.000
2023-05-03 22:20,4844.98,0.000
2023-05-03 22:30,4844.98,0.000
2023-05-03 22:40,4844.98,0.000
2023-05-03 22:50,4844.98,0.000
2023-05-03 23:00,4844.98,0.000
2023-05-03 23:10,4844.98,0.000
2023-05-03 23:20,4844.98,0.000
2023-05-03 23:30,4844.98,0.000
2023-05-03 23:40,4844.98,0.000
2023-05-03 23:50,4844.98,0.000
2023-05-04 00:00,4844.98,0.000
2023-05-04 00:10,4844.98,0.000
2023-05-04 00:20,4844.98,0.000
2023-05-04 00:30,4844.98,0.000
2023-05-04 00:40,4844.98,0.000
2023-05-04 00:50,4844.98,0.000
2023-05-04 01:00,4844.98,0.000
2023-05-04 01:10,4844.98,0.000
2023-05-04 01:20,4844.98,0.000
2023-05-04 01:30,4844.98,0.000
2023-05-04 01:40,4844.98,0.000
2023-05-04 01:50,4844.98,0.000
2023-05-04 02:00,4844.98,0.000
2023-05-04 02:10,4844.98,0.000
2023-05-04 02:20,4844.98,0.000
2023-05-04 02:30,4844.98,0.000
2023-05-04 02:40,4844.98,0.000
2023-05-04 02:50,4844.98,0.000
2023-05-04 03:00,4844.98,0.000
2023-05-04 03:10,4844.98,0.000
2023-05-04 03:20,4844.98,0.000
2023-05-04 03:30,4844.98,0.000
2023-05-04 03:40,4844.98,0.000
2023-05-04 03:50,4844.98,0.000
2023-05-04 04:00,4844.98,0.000
2023-05-04 04:10,4844.98,0.000
2023-05-04 04:20,4844.98,0.000
2023-05-04 04:30,4844.98,0.000
2023-05-04 04:40,4844.98,0.000
2023-05-04 04:50,4844.98,0.000
2023-05-04 05:00,4844.98,0.000
2023-05-04 05:10,4844.98,0.000
2023-05-04 05:20,4844.98,0.000
2023-05-04 05:30,4844.98,0.000
2023-05-04 05:40,4844.98,0.000
2023-05-04 05:50,4844.98,0.000
2023-05-04 06:00,4844.98,0.000
2023-05-04 06:10,4844.98,0.000
2023-05-04 06:20,4844.98,0.000
2023-05-04 06:30,4844.98,0.000
2023-05-04 06:40,4844.98,0.000
2023-05-04 06:50,4844.98,0.000
2023-05-04 07:00,4844.98,0.000
2023-05-04 07:10,4844.98,0.000
2023-05-04 07:20,4844.98,0.000
2023-05-04 07:30,4844.98,0.000
2023-05-04 07:40,4844.98,0.000
2023-05-04 07:50,4844.98,0.000
2023-05-04 08:00,4844.98,0.000
2023-05-04 08:10,4844.98,0.000
2023-05-04 08:20,4844.98,0.000
2023-05-04 08:30,4844.98,0.000
2023-05-04 08:40,4844.98,0.000
2023-05-04 08:50,4844.98,0.000
2023-05-04 09:00,4844.98,0.000
2023-05-04 09:10,4844.98,0.000
2023-05-04 09:20,4844.98,0.000
2023-05-04 09:30,4844.98,0.000
2023-05-04 09:40,4844.98,0.000
2023-05-04 09:50,4844.98,0.000
2023-05-04 10:00,4844.98,0.000
2023-05-04 10:10,4844.98,0.000
2023-05-04 10:20,4844.98,0.000
2023-05-04 10:30,4844.98,0.000
2023-05-04 10:40,4844.98,0.000
2023-05-04 10:50,4844.98,0.000
2023-05-04 11:00,4844.98,0.000
2023-05-04 11:10,4844.98,0.000
2023-05-04 11:20,4844.98,0.000
2023-05-04 11:30,4844.98,0.000
2023-05-04 11:40,4844.98,0.000
2023-05-04 11:50,4844.98,0.000
2023-05-04 12:00,4844.98,0.000
2023-05-04 12:10,4844.98,0.000
2023-05-04 12:20,4844.98,0.000
2023-05-04 12:30,4844.98,0.000
2023-05-04 12:40,4844.98,0.000
2023-05-04 12:50,4844.98,0.000
2023-05-04 13:00,4844.98,0.000
2023-05-04 13:10,4844.98,0.000
2023-05-04 13:20,4844.98,0.000
2023-05-04 13:30,4844.98,0.000
2023-05-04 13:40,4844.98,0.000
2023-05-04 13:50,4844.98,0.000
2023-05-04 14:00,4844.98,0.000
2023-05-04 14:10,4844.98,0.000
2023-05-04 14:20,4844.98,0.000
2023-05-04 14:30,4844.98,0.000
2023-05-04 14:40,4844.98,0.000
2023-05-04 14:50,4844.98,0.000
2023-05-04 15:00,4844.98,0.000
2023-05-04 15:10,4844.98,0.000
2023-05-04 15:20,4844.98,0.000
2023-05-04 15:30,4844.98,0.000
2023-05-04 15:40,4844.98,0.000
2023-05-04 15:50,4844.98,0.000
2023-05-04 16:00,4844.98,0.000
2023-05-04 16:10,4844.98,0.000
2023-05-04 16:20,4844.98,0.000
2023-05-04 16:30,4844.98,0.000
2023-05-04 16:40,4844.98,0.000
2023-05-04 16:50,4844.98,0.000
2023-05-04 17:00,4844.98,0.000
2023-05-04 17:10,4844.98,0.000
2023-05-04 17:20,4844.98,0.000
2023-05-04 17:30,4844.98,0.000
2023-05-04 17:40,4844.98,0.000
2023-05-04 17:50,4844.98,0.000
2023-05-04 18:00,4844.98,0.000
2023-05-04 18:10,4844.98,0.000
2023-05-04 18:20,4844.98,0.000
2023-05-04 18:30,4844.98,0.000
2023-05-04 18:40,4844.98,0.000
2023-05-04 18:50,4844.98,0.000
2023-05-04 19:00,4844.98,0.000
2023-05-04 19:10,4844.98,0.000
2023-05-04 19:20,4844.98,0.000
2023-05-04 19:30,4844.98,0.000
2023-05-04 19:40,4844.98,0.000
2023-05-04 19:50,4844.98,0.000
2023-05-04 20:00,4844.98,0.000
2023-05-04 20:10,4844.98,0.000
2023-05-04 20:20,4844.98,0.000
2023-05-04 20:30,4844.98,0.000
2023-05-04 20:40,4844.98,0.000
2023-05-04 20:50,4844.98,0.000
2023-05-04 21:00,4844.98,0.000
2023-05-04 21:10,4844.98,0.000
2023-05-04 21:20,4844.98,0.000
2023-05-04 21:30,4844.98,0.000
2023-05-04 21:40,4844.98,0.000
2023-05-04 21:50,4844.98,0.000
2023-05-04 22:00,4844.98,0.000
2023-05-04 22:10,4844.98,0.000
2023-05-04 22:20,4844.98,0.000
2023-05-04 22:30,4844.98,0.000
2023-05-04 22:40,4844.98,0.000
2023-05-04 22:50,4844.98,0.000
2023-05-04 23:00,4844.98,0.000
2023-05-04 23:10,4844.98,0.000
2023-05-04 23:20,4844.98,0.000
2023-05-04 23:30,4844.98,0.000
2023-05-04 23:40,4844.98,0.000
2023-05-04 23:50,4844.98,0.000
2023-05-05 00:00,4844.98,0.000
2023-05-05 00:10,4844.98,0.000
2023-05-05 00:20,4844.98,0.000
2023-05-05 00:30,4844.98,0.000
2023-05-05 00:40,4844.98,0.000
2023-05-05 00:50,4844.98,0.000
2023-05-05 01:00,4844.98,0.000
2023-05-05 01:10,4844.98,0.000
2023-05-05 01:20,4844.98,0.000
2023-05-05 01:30,4844.98,0.000
2023-05-05 01:40,4844.98,0.000
2023-05-05 01:50,4844.98,0.000
2023-05-05 02:00,4844.98,0.000
2023-05-05 02:10,4844.98,0.000
2023-05-05 02:20,4844.98,0.000
2023-05-05 02:30,4849.52,0.000
2023-05-05 02:40,4849.52,0.000
2023-05-05 02:50,4854.87,0.000
2023-05-05 03:00,4854.87,0.000
2023-05-05 03:10,4854.87,0.000
2023-05-05 03:20,4854.87,0.000
2023-05-05 03:30,4854.87,0.000
2023-05-05 03:40,4854.87,0.000
2023-05-05 03:50,4854.87,0.000
2023-05-05 04:00,4854.87,0.000
2023-05-05 04:10,4854.87,0.000
2023-05-05 04:20,4854.87,0.000
2023-05-05 04:30,4854.87,0.000
2023-05-05 04:40,4854.87,0.000
2023-05-05 04:50,4854.87,0.000
2023-05-05 05:00,4854.87,0.000
2023-05-05 05:10,4854.87,0.000
2023-05-05 05:20,4854.87,0.000
2023-05-05 05:30,4854.87,0.000
2023-05-05 05:40,4854.87,0.000
2023-05-05 05:50,4854.87,0.000
2023-05-05 06:00,4854.87,0.000
2023-05-05 06:10,4854.87,0.000
2023-05-05 06:20,4854.87,0.000
2023-05-05 06:30,4854.87,0.000
2023-05-05 06:40,4854.87,0.000
2023-05-05 06:50,4854.87,0.000
2023-05-05 07:00,4854.87,0.000
2023-05-05 07:10,4854.87,0.000
2023-05-05 07:20,4854.87,0.000
2023-05-05 07:30,4854.87,0.000
2023-05-05 07:40,4854.87,0.000
2023-05-05 07:50,4854.87,0.000
2023-05-05 08:00,4854.87,0.000
2023-05-05 08:10,4854.87,0.000
2023-05-05 08:20,4854.87,0.000
2023-05-05 08:30,4854.87,0.000
2023-05-05 08:40,4854.87,0.000
2023-05-05 08:50,4854.87,0.000
2023-05-05 09:00,4854.87,0.000
2023-05-05 09:10,4854.87,0.000
2023-05-05 09:20,4854.87,0.000
2023-05-05 09:30,4854.87,0.000
2023-05-05 09:40,4854.87,0.000
2023-05-05 09:50,4854.87,0.000
2023-05-05 10:00,4854.87,0.000
2023-05-05 10:10,4854.87,0.000
2023-05-05 10:20,4854.87,0.000
2023-05-05 10:30,4854.87,0.000
2023-05-05 10:40,4854.87,0.000
2023-05-05 10:50,4854.87,0.000
2023-05-05 11:00,4854.87,0.000
2023-05-05 11:10,4854.87,0.000
2023-05-05 11:20,4854.87,0.000
2023-05-05 11:30,4854.87,0.000
2023-05-05 11:40,4854.87,0.000
2023-05-05 11:50,4854.87,0.000
2023-05-05 12:00,4854.87,0.000
2023-05-05 12:10,4854.87,0.000
2023-05-05 12:20,4854.87,0.000
2023-05-05 12:30,4854.87,0.000
2023-05-05 12:40,4854.87,0.000
2023-05-05 12:50,4854.87,0.000
2023-05-05 13:00,4854.87,0.000
2023-05-05 13:10,4854.87,0.000
2023-05-05 13:20,4854.87,0.000
2023-05-05 13:30,4854.87,0.000
2023-05-05 13:40,4854.87,0.000
2023-05-05 13:50,4854.87,0.000
2023-05-05 14:00,4854.87,0.000
2023-05-05 14:10,4854.87,0.000
2023-05-05 14:20,4854.87,0.000
2023-05-05 14:30,4854.87,0.000
2023-05-05 14:40,4854.87,0.000
2023-05-05 14:50,4854.87,0.000
2023-05-05 15:00,4854.87,0.000
2023-05-05 15:10,4854.87,0.000
2023-05-05 15:20,4854.87,0.000
2023-05-05 15:30,4854.87,0.000
2023-05-05 15:40,4854.87,0.000
2023-05-05 15:50,4854.87,0.000
2023-05-05 16:00,4854.87,0.000
2023-05-05 16:10,4854.87,0.000
2023-05-05 16:20,4854.87,0.000
2023-05-05 16:30,4854.87,0.000
2023-05-05 16:40,4854.87,0.000
2023-05-05 16:50,4854.87,0.000
2023-05-05 17:00,4854.87,0.000
2023-05-05 17:10,4854.87,0.000
2023-05-05 17:20,4854.87,0.000
2023-05-05 17:30,4854.87,0.000
2023-05-05 17:40,4854.87,0.000
2023-05-05 19:50,4854.87,0.000
2023-05-05 20:00,4854.87,0.000
2023-05-05 20:10,4854.87,0.000
2023-05-05 20:20,4854.87,0.000
2023-05-05 20:30,4854.87,0.000
2023-05-05 20:40,4854.87,0.000
2023-05-05 20:50,4854.87,0.000
2023-05-05 21:00,4854.87,0.000
2023-05-05 21:10,4854.87,0.000
2023-05-05 21:20,4854.87,0.000
2023-05-05 21:30,4854.87,0.000
2023-05-05 21:40,4854.87,0.000
2023-05-05 21:50,4854.87,0.000
2023-05-05 22:00,4854.87,0.000
2023-05-05 22:10,4854.87,0.000
2023-05-05 22:20,4854.87,0.000
2023-05-05 22:30,4854.87,0.000
2023-05-05 22:40,4854.87,0.000
2023-05-05 22:50,4854.87,0.000
2023-05-05 23:00,4854.87,0.000
2023-05-05 23:10,4854.87,0.000
2023-05-05 23:20,4854.87,0.000
2023-05-05 23:30,4854.87,0.000
2023-05-05 23:40,4854.87,0.000
2023-05-05 23:50,4854.87,0.000
2023-05-06 00:00,4854.87,0.000
2023-05-06 00:10,4854.87,0.000
2023-05-06 00:20,4854.87,0.000
2023-05-06 00:30,4854.87,0.000
2023-05-06 00:40,4854.87,0.000
2023-05-06 00:50,4854.87,0.000
2023-05-06 01:00,4854.87,0.000
2023-05-06 01:10,4854.87,0.000
2023-05-06 01:20,4854.87,0.000
2023-05-06 01:30,4854.87,0.000
2023-05-06 01:40,4854.87,0.000
2023-05-06 01:50,4854.87,0.000
2023-05-06 02:00,4854.87,0.000
2023-05-06 02:10,4854.87,0.000
2023-05-06 02:20,4854.87,0.000
2023-05-06 02:30,4854.87,0.000
2023-05-06 02:40,4854.87,0.000
2023-05-06 02:50,4854.87,0.000
2023-05-06 03:00,4854.87,0.000
2023-05-06 03:10,4854.87,0.000
2023-05-06 03:20,4854.87,0.000
2023-05-06 03:30,4854.87,0.000
2023-05-06 03:40,4854.87,0.000
2023-05-06 03:50,4854.87,0.000
2023-05-06 04:00,4854.87,0.000
2023-05-06 04:10,4854.87,0.000
2023-05-06 04:20,4854.87,0.000
2023-05-06 04:30,4854.87,0.000
2023-05-06 04:40,4854.87,0.000
2023-05-06 04:50,4854.87,0.000
2023-05-06 05:00,4854.87,0.000
2023-05-06 05:10,4854.87,0.000
2023-05-06 05:20,4854.87,0.000
2023-05-06 05:30,4854.87,0.000
2023-05-06 05:40,4854.87,0.000
2023-05-06 05:50,4854.87,0.000
2023-05-06 06:00,4854.87,0.000
2023-05-06 06:10,4854.87,0.000
2023-05-06 06:20,4854.87,0.000
2023-05-06 06:30,4854.87,0.000
2023-05-06 06:40,4854.87,0.000
2023-05-06 06:50,4854.87,0.000
2023-05-06 07:00,4854.87,0.000
2023-05-06 07:10,4854.87,0.000
2023-05-06 07:20,4854.87,0.000
2023-05-06 07:30,4854.87,0.000
2023-05-06 07:40,4854.87,0.000
2023-05-06 07:50,4854.87,0.000
2023-05-06 08:00,4854.87,0.000
2023-05-06 08:10,4854.87,0.000
2023-05-06 08:20,4854.87,0.000
2023-05-06 08:30,4854.87,0.000
2023-05-06 08:40,4854.87,0.000
2023-05-06 08:50,4854.87,0.000
2023-05-06 09:00,4854.87,0.000
2023-05-06 09:10,4854.87,0.000
2023-05-06 09:20,4854.87,0.000
2023-05-06 09:30,4854.87,0.000
2023-05-06 09:40,4854.87,0.000
2023-05-06 09:50,4854.87,0.000
2023-05-06 10:00,4854.87,0.000
2023-05-06 10:10,4854.87,0.000
2023-05-06 10:20,4854.87,0.000
2023-05-06 10:30,4854.87,0.000
2023-05-06 10:40,4854.87,0.000
2023-05-06 10:50,4854.87,0.000
2023-05-06 11:00,4854.87,0.000
2023-05-06 11:10,4854.87,0.000
2023-05-06 11:20,4854.87,0.000
2023-05-06 11:30,4854.87,0.000
2023-05-06 11:40,4854.87,0.000
2023-05-06 11:50,4854.87,0.000
2023-05-06 12:00,4854.87,0.000
2023-05-06 12:10,4854.87,0.000
2023-05-06 12:20,4854.87,0.000
2023-05-06 12:30,4854.87,0.000
2023-05-06 12:40,4854.87,0.000
2023-05-06 12:50,4854.87,0.000
2023-05-06 13:00,4854.87,0.000
2023-05-06 13:10,4854.87,0.000
2023-05-06 13:20,4854.87,0.000
2023-05-06 13:30,4854.87,0.000
2023-05-06 13:40,4854.87,0.000
2023-05-06 13:50,4854.87,0.000
2023-05-06 14:00,4854.87,0.000
2023-05-06 14:10,4854.87,0.000
2023-05-06 14:20,4854.87,0.000
2023-05-06 14:30,4854.87,0.000
2023-05-06 14:40,4854.87,0.000
2023-05-06 14:50,4854.87,0.000
2023-05-06 15:00,4854.87,0.000
2023-05-06 15:10,4854.87,0.000
2023-05-06 15:20,4854.87,0.000
2023-05-06 15:30,4854.87,0.000
2023-05-06 15:40,4854.87,0.000
2023-05-06 15:50,4854.87,0.000
2023-05-06 16:00,4854.87,0.000
2023-05-06 16:10,4854.87,0.000
2023-05-06 16:20,4854.87,0.000
2023-05-06 16:30,4854.87,0.000
2023-05-06 16:40,4854.87,0.000
2023-05-06 16:50,4854.87,0.000
2023-05-06 17:00,4854.87,0.000
2023-05-06 17:10,4854.87,0.000
2023-05-06 17:20,4854.87,0.000
2023-05-06 17:30,4854.87,0.000
2023-05-06 17:40,4854.87,0.000
2023-05-06 17:50,4854.87,0.000
2023-05-06 18:00,4854.87,0.000
2023-05-06 18:10,4854.87,0.000
2023-05-06 18:20,4854.87,0.000
2023-05-06 18:30,4854.87,0.000
2023-05-06 18:40,4854.87,0.000
2023-05-06 18:50,4854.87,0.000
2023-05-06 19:00,4854.87,0.000
2023-05-06 19:10,4854.87,0.000
2023-05-06 19:20,4854.87,0.000
2023-05-06 19:30,4854.87,0.000
2023-05-06 19:40,4854.87,0.000
2023-05-06 19:50,4854.87,0.000
2023-05-06 20:00,4854.87,0.000
2023-05-06 20:10,4854.87,0.000
2023-05-06 20:20,4854.87,0.000
2023-05-06 20:30,4854.87,0.000
2023-05-06 20:40,4854.87,0.000
2023-05-06 20:50,4854.87,0.000
2023-05-06 21:00,4854.87,0.000
2023-05-06 21:10,4854.87,0.000
2023-05-06 21:20,4854.87,0.000
2023-05-06 21:30,4854.87,0.000
2023-05-06 21:40,4854.87,0.000
2023-05-06 21:50,4854.87,0.000
2023-05-06 22:00,4854.87,0.000
2023-05-06 22:10,4854.87,0.000
2023-05-06 22:20,4854.87,0.000
2023-05-06 22:30,4854.87,0.000
2023-05-06 22:40,4854.87,0.000
2023-05-06 22:50,4854.87,0.000
2023-05-06 23:00,4854.87,0.000
2023-05-06 23:10,4854.87,0.000
2023-05-06 23:20,4854.87,0.000
2023-05-06 23:30,4854.87,0.000
2023-05-06 23:40,4854.87,0.000
2023-05-06 23:50,4854.87,0.000
2023-05-07 00:00,4854.87,0.000
2023-05-07 00:10,4854.87,0.000
2023-05-07 00:20,4854.87,0.000
2023-05-07 00:30,4854.87,0.000
2023-05-07 00:40,4854.87,0.000
2023-05-07 00:50,4854.87,0.000
2023-05-07 01:00,4854.87,0.000
2023-05-07 01:10,4854.87,0.000
2023-05-07 01:20,4854.87,0.000
2023-05-07 01:30,4854.87,0.000
2023-05-07 01:40,4854.87,0.000
2023-05-07 01:50,4854.87,0.000
2023-05-07 02:00,4854.87,0.000
2023-05-07 02:10,4854.87,0.000
2023-05-07 02:20,4854.87,0.000
2023-05-07 02:30,4854.87,0.000
2023-05-07 02:40,4854.87,0.000
2023-05-07 02:50,4854.87,0.000
2023-05-07 03:00,4854.87,0.000
2023-05-07 03:10,4854.87,0.000
2023-05-07 03:20,4854.87,0.000
2023-05-07 03:30,4854.87,0.000
2023-05-07 03:40,4854.87,0.000
2023-05-07 03:50,4854.87,0.000
2023-05-07 04:00,4854.87,0.000
2023-05-07 04:10,4854.87,0.000
2023-05-07 04:20,4854.87,0.000
2023-05-07 04:30,4854.87,0.000
2023-05-07 04:40,4854.87,0.000
2023-05-07 04:50,4854.87,0.000
2023-05-07 05:00,4854.87,0.000
2023-05-07 05:10,4854.87,0.000
2023-05-07 05:20,4854.87,0.000
2023-05-07 05:30,4854.87,0.000
2023-05-07 05:40,4854.87,0.000
2023-05-07 05:50,4854.87,0.000
2023-05-07 06:00,4854.87,0.000
2023-05-07 06:10,4854.87,0.000
2023-05-07 06:20,4854.87,0.000
2023-05-07 06:30,4854.87,0.000
2023-05-07 06:40,4854.87,0.000
2023-05-07 06:50,4854.87,0.000
2023-05-07 07:00,4854.87,0.000
2023-05-07 07:10,4854.87,0.000
2023-05-07 07:20,4854.87,0.000
2023-05-07 07:30,4854.87,0.000
2023-05-07 07:40,4854.87,0.000
2023-05-07 07:50,4854.87,0.000
2023-05-07 08:00,4854.87,0.000
2023-05-07 08:10,4854.87,0.000
2023-05-07 08:20,4854.87,0.000
2023-05-07 08:30,4854.87,0.000
2023-05-07 08:40,4854.87,0.000
2023-05-07 08:50,4854.87,0.000
2023-05-07 09:00,4854.87,0.000
2023-05-07 09:10,4854.87,0.000
2023-05-07 09:20,4854.87,0.000
2023-05-07 09:30,4854.87,0.000
2023-05-07 09:40,4854.87,0.000
2023-05-07 09:50,4854.87,0.000
2023-05-07 10:00,4854.87,0.000
2023-05-07 10:10,4854.87,0.000
2023-05-07 10:20,4854.87,0.000
2023-05-07 10:30,4854.87,0.000
2023-05-07 10:40,4854.87,0.000
2023-05-07 10:50,4854.87,0.000
2023-05-07 11:00,4854.87,0.000
2023-05-07 11:10,4854.87,0.000
2023-05-07 11:20,4854.87,0.000
2023-05-07 11:30,4854.87,0.000
2023-05-07 11:40,4854.87,0.000
2023-05-07 11:50,4854.87,0.000
2023-05-07 12:00,4854.87,0.000
2023-05-07 12:10,4854.87,0.000
2023-05-07 12:20,4854.87,0.000
2023-05-07 12:30,4854.87,0.000
2023-05-07 12:40,4854.87,0.000
2023-05-07 12:50,4854.87,0.000
2023-05-07 13:00,4854.87,0.000
2023-05-07 13:10,4854.87,0.000
2023-05-07 13:20,4854.87,0.000
2023-05-07 13:30,4854.87,0.000
2023-05-07 13:40,4854.87,0.000
2023-05-07 13:50,4854.87,0.000
2023-05-07 14:00,4854.87,0.000
2023-05-07 14:10,4854.87,0.000
2023-05-07 14:20,4854.87,0.000
2023-05-07 14:30,4854.87,0.000
2023-05-07 14:40,4854.87,0.000
2023-05-07 14:50,4854.87,0.000
2023-05-07 15:00,4854.87,0.000
2023-05-07 15:10,4854.87,0.000
2023-05-07 15:20,4854.87,0.000
2023-05-07 15:30,4854.87,0.000
2023-05-07 15:40,4854.87,0.000
2023-05-07 15:50,4854.87,0.000
2023-05-07 16:00,4854.87,0.000
2023-05-07 16:10,4854.87,0.000
2023-05-07 16:20,4854.87,0.000
2023-05-07 16:30,4854.87,0.000
2023-05-07 16:40,4854.87,0.000
2023-05-07 16:50,4854.87,0.000
2023-05-07 17:00,4854.87,0.000
2023-05-07 17:10,4854.87,0.000
2023-05-07 17:20,4854.87,0.000
2023-05-07 17:30,4854.87,0.000
2023-05-07 17:40,4854.87,0.000
2023-05-07 17:50,4854.87,0.000
2023-05-07 18:00,4854.87,0.000
2023-05-07 18:10,4854.87,0.000
2023-05-07 18:20,4854.87,0.000
2023-05-07 18:30,4854.87,0.000
2023-05-07 18:40,4854.87,0.000
2023-05-07 18:50,4854.87,0.000
2023-05-07 19:00,4854.87,0.000
2023-05-07 19:10,4854.87,0.000
2023-05-07 19:20,4854.87,0.000
2023-05-07 19:30,4854.87,0.000
2023-05-07 19:40,4854.87,0.000
2023-05-07 19:50,4854.87,0.000
2023-05-07 20:00,4854.87,0.000
2023-05-07 20:10,4854.87,0.000
2023-05-07 20:20,4854.87,0.000
2023-05-07 20:30,4854.87,0.000
2023-05-07 20:40,4854.87,0.000
2023-05-07 20:50,4854.87,0.000
2023-05-07 21:00,4854.87,0.000
2023-05-07 21:10,4854.87,0.000
2023-05-07 21:20,4854.87,0.000
2023-05-07 21:30,4854.87,0.000
2023-05-07 21:40,4854.87,0.000
2023-05-07 21:50,4854.87,0.000
2023-05-07 22:00,4854.87,0.000
2023-05-07 22:10,4854.87,0.000
2023-05-07 22:20,4854.87,0.000
2023-05-07 22:30,4854.87,0.000
2023-05-07 22:40,4854.87,0.000
2023-05-07 22:50,4854.87,0.000
2023-05-07 23:00,4854.87,0.267
2023-05-07 23:10,4854.87,0.000
2023-05-07 23:20,4854.87,0.000
2023-05-07 23:30,4854.87,0.000
2023-05-07 23:40,4854.87,0.000
2023-05-07 23:50,4854.87,0.000
2023-05-08 00:00,4854.87,0.000
2023-05-08 00:10,4854.87,0.000
2023-05-08 00:20,4854.87,0.000
2023-05-08 00:30,4854.87,0.000
2023-05-08 00:40,4854.87,0.000
2023-05-08 00:50,4854.87,0.717
2023-05-08 01:00,4854.87,0.150
2023-05-08 01:10,4854.87,0.867
2023-05-08 01:20,4854.87,1.000
2023-05-08 01:30,4854.87,0.983
2023-05-08 01:40,4854.87,0.483
2023-05-08 01:50,4854.87,1.000
2023-05-08 02:00,4854.87,1.000
2023-05-08 02:10,4854.87,1.000
2023-05-08 02:20,4854.87,1.000
2023-05-08 02:30,4855.04,1.000
2023-05-08 02:40,4855.04,1.000
2023-05-08 02:50,4855.04,1.000
2023-05-08 03:00,4855.04,1.000
2023-05-08 03:10,4855.04,1.000
2023-05-08 03:20,4855.04,1.000
2023-05-08 03:30,4855.04,0.850
2023-05-08 03:40,4855.04,0.000
2023-05-08 03:50,4855.04,0.000
2023-05-08 04:00,4855.04,0.000
2023-05-08 04:10,4855.04,0.000
2023-05-08 04:20,4855.04,0.000
2023-05-08 04:30,4855.04,0.000
2023-05-08 04:40,4855.04,0.000
2023-05-08 04:50,4855.04,0.000
2023-05-08 05:00,4855.04,0.000
2023-05-08 05:10,4855.04,0.000
2023-05-08 05:20,4855.04,0.000
2023-05-08 05:30,4855.04,0.000
2023-05-08 05:40,4855.04,0.000
2023-05-08 05:50,4855.04,0.000
2023-05-08 06:00,4855.04,0.000
2023-05-08 06:10,4855.04,0.000
2023-05-08 06:20,4855.04,0.000
2023-05-08 06:30,4855.04,0.000
2023-05-08 06:40,4855.04,0.000
2023-05-08 06:50,4855.04,0.000
2023-05-08 07:00,4855.04,0.000
2023-05-08 07:10,4855.04,0.000
2023-05-08 07:20,4855.04,0.000
2023-05-08 07:30,4855.04,0.000
2023-05-08 07:40,4855.04,0.000
2023-05-08 07:50,4855.04,0.000
2023-05-08 08:00,4855.04,0.000
2023-05-08 08:10,4855.04,0.000
2023-05-08 08:20,4855.04,0.000
2023-05-08 08:30,4855.04,0.000
2023-05-08 08:40,4855.04,0.000
2023-05-08 08:50,4855.04,0.000
2023-05-08 09:00,4855.04,0.000
2023-05-08 09:10,4855.04,0.000
2023-05-08 09:20,4855.04,0.000
2023-05-08 09:30,4855.04,0.000
2023-05-08 09:40,4855.04,0.000
2023-05-08 09:50,4855.04,0.000
2023-05-08 10:00,4855.04,0.000
2023-05-08 10:10,4855.04,0.000
2023-05-08 10:20,4855.04,0.000
2023-05-08 10:30,4855.04,0.000
2023-05-08 10:40,4855.04,0.000
2023-05-08 10:50,4855.04,0.000
2023-05-08 11:00,4855.04,0.000
2023-05-08 11:10,4855.04,0.000
2023-05-08 11:20,4855.04,0.000
2023-05-08 11:30,4855.04,0.000
2023-05-08 11:40,4855.04,0.000
2023-05-08 11:50,4855.04,0.000
2023-05-08 12:00,4855.04,0.000
2023-05-08 12:10,4855.04,0.000
2023-05-08 12:20,4855.04,0.000
2023-05-08 12:30,4855.04,0.000
2023-05-08 12:40,4855.04,0.000
2023-05-08 12:50,4855.04,0.000
2023-05-08 13:00,4855.04,0.000
2023-05-08 13:10,4855.04,0.000
2023-05-08 13:20,4855.04,0.000
2023-05-08 13:30,4855.04,0.000
2023-05-08 13:40,4855.04,0.000
2023-05-08 13:50,4855.04,0.000
2023-05-08 14:00,4855.04,0.000
2023-05-08 14:10,4855.04,0.000
2023-05-08 14:20,4855.04,0.000
2023-05-08 14:30,4855.04,0.000
2023-05-08 14:40,4855.04,0.000
2023-05-08 14:50,4855.04,0.000
2023-05-08 15:00,4855.04,0.000
2023-05-08 15:10,4855.04,0.000
2023-05-08 15:20,4855.04,0.000
2023-05-08 15:30,4855.04,0.000
2023-05-08 15:40,4855.04,0.000
2023-05-08 15:50,4855.04,0.000
2023-05-08 16:00,4855.04,0.000
2023-05-08 16:10,4855.04,0.000
2023-05-08 16:20,4855.04,0.000
2023-05-08 16:30,4855.04,0.000
2023-05-08 16:40,4855.04,0.000
2023-05-08 16:50,4855.04,0.000
2023-05-08 17:00,4855.04,0.000
2023-05-08 17:10,4855.04,0.000
2023-05-08 17:20,4855.04,0.000
2023-05-08 17:30,4855.04,0.000
2023-05-08 17:40,4855.04,0.000
2023-05-08 17:50,4855.04,0.000
2023-05-08 18:00,4855.04,0.000
2023-05-08 18:10,4855.04,0.000
2023-05-08 18:20,4855.04,0.000
2023-05-08 18:30,4855.04,0.000
2023-05-08 18:40,4855.04,0.000
2023-05-08 18:50,4855.04,0.000
2023-05-08 19:00,4855.04,0.000
2023-05-08 19:10,4855.04,0.000
2023-05-08 19:20,4855.04,0.000
2023-05-08 19:30,4855.04,0.000
2023-05-08 19:40,4855.04,0.000
2023-05-08 19:50,4855.04,0.000
2023-05-08 20:00,4855.04,0.000
2023-05-08 20:10,4855.04,0.000
2023-05-08 20:20,4855.04,0.333
2023-05-08 20:30,4855.04,0.000
2023-05-08 20:40,4855.04,0.000
2023-05-08 20:50,4855.04,0.000
2023-05-08 21:00,4855.04,0.000
2023-05-08 21:10,4855.04,0.000
2023-05-08 21:20,4855.04,0.000
2023-05-08 21:30,4855.04,0.000
2023-05-08 21:40,4855.04,0.500
2023-05-08 21:50,4855.04,0.850
2023-05-08 22:00,4855.04,0.617
2023-05-08 22:10,4855.04,1.000
2023-05-08 22:20,4855.04,1.000
2023-05-08 22:30,4855.04,1.000
2023-05-08 22:40,4855.04,1.000
2023-05-08 22:50,4855.04,1.000
2023-05-08 23:00,4855.04,0.783
2023-05-08 23:10,4855.04,0.733
2023-05-08 23:20,4855.04,1.000
2023-05-08 23:30,4855.04,0.833
2023-05-08 23:40,4855.51,0.833
2023-05-08 23:50,4856.52,1.000
2023-05-09 00:00,4858.03,1.000
2023-05-09 00:10,4859.80,1.000
2023-05-09 00:20,4861.50,1.000
2023-05-09 00:30,4863.68,1.000
2023-05-09 00:40,4865.34,1.000
2023-05-09 00:50,4867.31,1.000
2023-05-09 01:00,4868.57,1.000
2023-05-09 01:10,4869.34,1.000
2023-05-09 01:20,4870.23,1.000
2023-05-09 01:30,4871.00,1.000
2023-05-09 01:40,4871.40,1.000
2023-05-09 01:50,4871.49,0.833
2023-05-09 02:00,4871.57,1.000
2023-05-09 02:10,4871.62,0.950
2023-05-09 02:20,4871.62,1.000
2023-05-09 02:30,4871.62,1.000
2023-05-09 02:40,4871.62,1.000
2023-05-09 02:50,4871.62,1.000
2023-05-09 03:00,4871.62,0.000
2023-05-09 03:10,4871.62,0.000
2023-05-09 03:20,4871.62,0.000
2023-05-09 03:30,4871.62,0.000
2023-05-09 03:40,4871.62,0.000
2023-05-09 03:50,4871.62,0.000
2023-05-09 04:00,4871.62,0.000
2023-05-09 04:10,4871.62,0.000
2023-05-09 04:20,4871.62,0.000
2023-05-09 04:30,4871.62,0.000
2023-05-09 04:40,4871.62,0.000
2023-05-09 04:50,4871.62,0.000
2023-05-09 05:00,4871.62,0.000
2023-05-09 05:10,4871.62,0.000
2023-05-09 05:20,4871.62,0.033
2023-05-09 05:30,4871.62,0.000
2023-05-09 05:40,4871.62,0.000
2023-05-09 05:50,4871.62,0.000
2023-05-09 06:00,4871.62,0.000
2023-05-09 06:10,4871.62,0.000
2023-05-09 06:20,4871.62,0.000
2023-05-09 06:30,4871.62,0.000
2023-05-09 06:40,4871.62,0.000
2023-05-09 06:50,4871.62,0.000
2023-05-09 07:00,4871.62,0.000
2023-05-09 07:10,4871.62,0.000
2023-05-09 07:20,4871.62,0.000
2023-05-09 07:30,4871.62,0.000
2023-05-09 07:40,4871.62,0.000
2023-05-09 07:50,4871.62,0.000
2023-05-09 08:00,4871.62,0.000
2023-05-09 08:10,4871.62,0.000
2023-05-09 08:20,4871.62,0.000
2023-05-09 08:30,4871.62,0.000
2023-05-09 08:40,4871.62,0.000
2023-05-09 08:50,4871.62,0.000
2023-05-09 09:00,4871.62,0.000
2023-05-09 09:10,4871.62,0.000
2023-05-09 09:20,4871.62,0.000
2023-05-09 09:30,4871.62,0.000
2023-05-09 09:40,4871.62,0.000
2023-05-09 09:50,4871.62,0.000
2023-05-09 10:00,4871.62,0.000
2023-05-09 10:10,4871.62,0.000
2023-05-09 10:20,4871.62,0.000
2023-05-09 10:30,4871.62,0.000
2023-05-09 10:40,4871.62,0.000
2023-05-09 10:50,4871.62,0.000
2023-05-09 11:00,4871.62,0.000
2023-05-09 11:10,4871.62,0.000
2023-05-09 11:20,4871.62,0.000
2023-05-09 11:30,4871.62,0.000
2023-05-09 11:40,4871.62,0.000
2023-05-09 11:50,4871.62,0.000
2023-05-09 12:00,4871.62,0.000
2023-05-09 12:10,4871.62,0.000
2023-05-09 12:20,4871.62,0.000
2023-05-09 12:30,4871.62,0.000
2023-05-09 12:40,4871.62,0.000
2023-05-09 12:50,4871.62,0.000
2023-05-09 13:00,4871.62,0.000
2023-05-09 13:10,4871.62,0.000
2023-05-09 13:20,4871.62,0.000
2023-05-09 13:30,4871.62,0.000
2023-05-09 13:40,4871.62,0.250
2023-05-09 13:50,4871.62,0.000
2023-05-09 14:00,4871.62,0.000
2023-05-09 14:10,4871.62,0.000
2023-05-09 14:20,4871.62,0.000
2023-05-09 14:30,4871.62,0.000
2023-05-09 14:40,4871.62,0.000
2023-05-09 14:50,4871.62,0.017
2023-05-09 15:00,4871.62,1.000
2023-05-09 15:10,4871.62,0.483
2023-05-09 15:20,4871.62,1.000
2023-05-09 15:30,4871.62,1.000
2023-05-09 15:40,4871.62,0.567
2023-05-09 15:50,4871.62,1.000
2023-05-09 16:00,4871.62,1.000
2023-05-09 16:10,4872.83,1.000
2023-05-09 16:20,4874.27,1.000
2023-05-09 16:30,4875.60,1.000
2023-05-09 16:40,4876.99,1.000
2023-05-09 16:50,4877.61,1.000
2023-05-09 17:00,4877.92,1.000
2023-05-09 17:10,4878.14,1.000
2023-05-09 17:20,4878.29,1.000
2023-05-09 17:30,4878.34,1.000
2023-05-09 17:40,4878.40,1.000
2023-05-09 17:50,4878.40,1.000
2023-05-09 18:00,4878.40,0.000
2023-05-09 18:10,4878.40,0.000
2023-05-09 18:20,4878.40,0.000
2023-05-09 18:30,4878.40,0.000
2023-05-09 18:40,4878.40,0.000
2023-05-09 18:50,4878.40,0.000
2023-05-09 19:00,4878.40,0.000
2023-05-09 19:10,4878.40,0.000
2023-05-09 19:20,4878.40,0.000
2023-05-09 19:30,4878.40,0.000
2023-05-09 19:40,4878.40,0.000
2023-05-09 19:50,4878.40,0.217
2023-05-09 20:00,4878.40,0.000
2023-05-09 20:10,4878.40,0.000
2023-05-09 20:20,4878.40,0.000
2023-05-09 20:30,4878.40,0.000
2023-05-09 20:40,4878.40,0.000
2023-05-09 20:50,4878.40,0.000
2023-05-09 21:00,4878.40,0.000
2023-05-09 21:10,4878.40,0.000
2023-05-09 21:20,4878.40,0.000
2023-05-09 21:30,4878.40,0.000
2023-05-09 21:40,4878.40,0.000
2023-05-09 21:50,4878.40,0.000
2023-05-09 22:00,4878.40,0.000
2023-05-09 22:10,4878.40,0.000
2023-05-09 22:20,4878.40,0.000
2023-05-09 22:30,4878.40,0.000
2023-05-09 22:40,4878.40,0.000
2023-05-09 22:50,4878.40,0.000
2023-05-09 23:00,4878.40,0.000
2023-05-09 23:10,4878.40,0.000
2023-05-09 23:20,4878.40,0.000
2023-05-09 23:30,4878.40,0.000
2023-05-09 23:40,4878.40,0.000
2023-05-09 23:50,4878.40,0.000
2023-05-10 00:00,4878.40,0.000
2023-05-10 00:10,4878.40,0.000
2023-05-10 00:20,4878.40,0.000
2023-05-10 00:30,4878.40,0.000
2023-05-10 00:40,4878.40,0.000
2023-05-10 00:50,4878.40,0.000
2023-05-10 01:00,4878.40,0.000
2023-05-10 01:10,4878.40,0.000
2023-05-10 01:20,4878.40,0.000
2023-05-10 01:30,4878.40,0.000
2023-05-10 01:40,4878.40,0.000
2023-05-10 01:50,4878.40,0.000
2023-05-10 02:00,4878.40,0.000
2023-05-10 02:10,4878.40,0.000
2023-05-10 02:20,4878.40,0.000
2023-05-10 02:30,4878.40,0.000
2023-05-10 02:40,4878.40,0.000
2023-05-10 02:50,4878.40,0.000
2023-05-10 03:00,4878.40,0.000
2023-05-10 03:10,4878.40,0.000
2023-05-10 03:20,4878.40,0.000
2023-05-10 03:30,4878.40,0.000
2023-05-10 03:40,4878.40,0.000
2023-05-10 03:50,4878.40,0.000
2023-05-10 04:00,4878.40,0.000
2023-05-10 04:10,4878.40,0.117
2023-05-10 04:20,4878.40,0.250
2023-05-10 04:30,4878.40,0.883
2023-05-10 04:40,4878.40,0.267
2023-05-10 04:50,4878.40,0.300
2023-05-10 05:00,4878.40,0.000
2023-05-10 05:10,4878.40,0.000
2023-05-10 05:20,4878.40,0.100
2023-05-10 05:30,4878.40,0.983
2023-05-10 05:40,4878.40,1.000
2023-05-10 05:50,4878.40,1.000
2023-05-10 06:00,4878.40,1.000
2023-05-10 06:10,4878.40,1.000
2023-05-10 06:20,4878.40,1.000
2023-05-10 06:30,4878.40,1.000
2023-05-10 06:40,4878.40,1.000
2023-05-10 06:50,4878.40,1.000
2023-05-10 07:00,4878.40,1.000
2023-05-10 07:10,4878.40,1.000
2023-05-10 07:20,4878.40,1.000
2023-05-10 07:30,4878.40,0.750
2023-05-10 07:40,4878.40,0.617
2023-05-10 07:50,4878.40,0.250
2023-05-10 08:00,4878.40,0.000
2023-05-10 08:10,4878.40,0.000
2023-05-10 08:20,4878.40,0.000
2023-05-10 08:30,4878.40,0.000
2023-05-10 08:40,4878.40,0.000
2023-05-10 08:50,4878.40,0.000
2023-05-10 09:00,4878.40,0.217
2023-05-10 09:10,4878.40,1.000
2023-05-10 09:20,4878.40,0.817
2023-05-10 09:30,4878.40,1.000
2023-05-10 09:40,4878.40,1.000
2023-05-10 09:50,4878.40,1.000
2023-05-10 10:00,4878.40,1.000
2023-05-10 10:10,4878.40,0.433
2023-05-10 10:20,4878.40,0.967
2023-05-10 10:30,4878.40,1.000
2023-05-10 10:40,4878.40,0.983
2023-05-10 10:50,4878.40,1.000
2023-05-10 11:00,4878.40,1.000
2023-05-10 11:10,4878.40,1.000
2023-05-10 11:20,4878.40,1.000
2023-05-10 11:30,4878.40,0.867
2023-05-10 11:40,4878.40,0.000
2023-05-10 11:50,4878.40,0.400
2023-05-10 12:00,4878.40,1.000
2023-05-10 12:10,4878.40,1.000
2023-05-10 12:20,4878.40,1.000
2023-05-10 12:30,4878.40,0.883
2023-05-10 12:40,4878.40,0.000
2023-05-10 12:50,4878.40,0.000
2023-05-10 13:00,4878.40,0.000
2023-05-10 13:10,4878.40,0.000
2023-05-10 13:20,4878.40,0.000
2023-05-10 13:30,4878.40,0.000
2023-05-10 13:40,4878.40,0.000
2023-05-10 13:50,4878.40,0.000
2023-05-10 14:00,4878.40,0.000
2023-05-10 14:10,4878.40,0.000
2023-05-10 14:20,4878.40,0.000
2023-05-10 14:30,4878.40,0.000
2023-05-10 14:40,4878.40,0.000
2023-05-10 14:50,4878.40,0.000
2023-05-10 15:00,4878.40,0.000
2023-05-10 15:10,4878.40,0.000
2023-05-10 15:20,4878.40,0.000
2023-05-10 15:30,4878.40,0.000
2023-05-10 15:40,4878.40,0.000
2023-05-10 15:50,4878.40,0.000
2023-05-10 16:00,4878.40,0.000
2023-05-10 16:10,4878.40,0.000
2023-05-10 16:20,4878.40,0.000
2023-05-10 16:30,4878.40,0.000
2023-05-10 16:40,4878.40,0.000
2023-05-10 16:50,4878.40,0.000
2023-05-10 17:00,4878.40,0.000
2023-05-10 17:10,4878.40,0.000
2023-05-10 17:20,4878.40,0.000
2023-05-10 17:30,4878.40,0.000
2023-05-10 17:40,4878.40,0.000
2023-05-10 17:50,4878.40,0.000
2023-05-10 18:00,4878.40,0.000
2023-05-10 18:10,4878.40,0.000
2023-05-10 18:20,4878.40,0.000
2023-05-10 18:30,4878.40,0.000
2023-05-10 18:40,4878.40,0.000
2023-05-10 18:50,4878.40,0.000
2023-05-10 19:00,4878.40,0.000
2023-05-10 19:10,4878.40,0.000
2023-05-10 19:20,4878.40,0.000
2023-05-10 19:30,4878.40,0.000
2023-05-10 19:40,4878.40,0.000
2023-05-10 19:50,4878.40,0.000
2023-05-10 20:00,4878.40,0.000
2023-05-10 20:10,4878.40,0.000
2023-05-10 20:20,4878.40,0.000
2023-05-10 20:30,4878.40,0.000
2023-05-10 20:40,4878.40,0.000
2023-05-10 20:50,4878.40,0.000
2023-05-10 21:00,4878.40,0.000
2023-05-10 21:10,4878.40,0.000
2023-05-10 21:20,4878.40,0.000
2023-05-10 21:30,4878.40,0.000
2023-05-10 21:40,4878.40,0.000
2023-05-10 21:50,4878.40,0.000
2023-05-10 22:00,4878.40,0.000
2023-05-10 22:10,4878.40,0.000
2023-05-10 22:20,4878.40,0.000
2023-05-10 22:30,4878.40,0.000
2023-05-10 22:40,4878.40,0.000
2023-05-10 22:50,4878.40,0.000
2023-05-10 23:00,4878.40,0.000
2023-05-10 23:10,4878.40,0.000
2023-05-10 23:20,4878.40,0.000
2023-05-10 23:30,4878.40,0.000
2023-05-10 23:40,4878.40,0.000
2023-05-10 23:50,4878.40,0.000
2023-05-11 00:00,4878.40,0.000
2023-05-11 00:10,4878.40,0.000
2023-05-11 00:20,4878.40,0.000
2023-05-11 00:30,4878.40,0.000
2023-05-11 00:40,4878.40,0.000
2023-05-11 00:50,4878.40,0.000
2023-05-11 01:00,4878.40,0.000
2023-05-11 01:10,4878.40,0.000
2023-05-11 01:20,4878.40,0.000
2023-05-11 01:30,4878.40,0.000
2023-05-11 01:40,4878.40,0.000
2023-05-11 01:50,4878.40,0.000
2023-05-11 02:00,4878.40,0.000
2023-05-11 02:10,4878.40,0.000
2023-05-11 02:20,4878.40,0.000
2023-05-11 02:30,4878.40,0.000
2023-05-11 02:40,4878.40,0.000
2023-05-11 02:50,4878.40,0.000
2023-05-11 03:00,4878.40,0.000
2023-05-11 03:10,4878.40,0.067
2023-05-11 03:20,4878.40,1.000
2023-05-11 03:30,4881.24,1.000
2023-05-11 03:40,4886.52,1.000
2023-05-11 03:50,4891.67,1.000
2023-05-11 04:00,4896.09,1.000
2023-05-11 04:10,4901.48,1.000
2023-05-11 04:20,4905.48,1.000
2023-05-11 04:30,4908.20,1.000
2023-05-11 04:40,4909.28,1.000
2023-05-11 04:50,4910.16,1.000
2023-05-11 05:00,4910.69,1.000
2023-05-11 05:10,4910.69,1.000
2023-05-11 05:20,4910.69,1.000
2023-05-11 05:30,4910.69,0.517
2023-05-11 05:40,4910.69,0.583
2023-05-11 05:50,4910.69,1.000
2023-05-11 06:00,4910.69,1.000
2023-05-11 06:10,4910.69,1.000
2023-05-11 06:20,4910.69,1.000
2023-05-11 06:30,4910.69,1.000
2023-05-11 06:40,4910.69,1.000
2023-05-11 06:50,4910.69,0.767
2023-05-11 07:00,4910.69,0.000
2023-05-11 07:10,4910.69,0.000
2023-05-11 07:20,4910.69,0.000
2023-05-11 07:30,4910.69,0.000
2023-05-11 07:40,4910.69,0.000
2023-05-11 07:50,4910.69,0.000
2023-05-11 08:00,4910.69,0.000
2023-05-11 08:10,4910.69,0.000
2023-05-11 08:20,4910.69,0.000
2023-05-11 08:30,4910.69,0.000
2023-05-11 08:40,4910.69,0.000
2023-05-11 08:50,4910.69,0.000
2023-05-11 09:00,4910.69,0.000
2023-05-11 09:10,4910.69,0.000
2023-05-11 09:20,4910.69,0.000
2023-05-11 09:30,4910.69,0.000
2023-05-11 09:40,4910.69,0.000
2023-05-11 09:50,4910.69,0.000
2023-05-11 10:00,4910.69,0.000
2023-05-11 10:10,4910.69,0.000
2023-05-11 10:20,4910.69,0.000
2023-05-11 10:30,4910.69,0.000
2023-05-11 10:40,4910.69,0.000
2023-05-11 10:50,4910.69,0.000
2023-05-11 11:00,4910.69,0.000
2023-05-11 11:10,4910.69,0.000
2023-05-11 11:20,4910.69,0.000
2023-05-11 11:30,4910.69,0.000
2023-05-11 11:40,4910.69,0.000
2023-05-11 11:50,4910.69,0.000
2023-05-11 12:00,4910.69,0.000
2023-05-11 12:10,4910.69,0.000
2023-05-11 12:20,4910.69,0.000
2023-05-11 12:30,4910.69,0.000
2023-05-11 12:40,4910.69,0.000
2023-05-11 12:50,4910.69,0.000
2023-05-11 13:00,4910.69,0.000
2023-05-11 13:10,4910.69,0.000
2023-05-11 13:20,4910.69,0.000
2023-05-11 13:30,4910.69,0.000
2023-05-11 13:40,4910.69,0.000
2023-05-11 13:50,4910.69,0.767
2023-05-11 14:00,4910.69,0.567
2023-05-11 14:10,4910.69,0.000
2023-05-11 14:20,4910.69,0.000
2023-05-11 14:30,4910.69,0.000
2023-05-11 14:40,4910.69,0.250
2023-05-11 14:50,4910.69,1.000
2023-05-11 15:00,4910.69,0.500
2023-05-11 15:10,4910.69,0.000
2023-05-11 15:20,4910.69,0.000
2023-05-11 15:30,4910.69,0.000
2023-05-11 15:40,4910.69,0.000
2023-05-11 15:50,4910.69,0.000
2023-05-11 16:00,4910.69,0.000
2023-05-11 16:10,4910.69,0.000
2023-05-11 16:20,4910.69,0.000
2023-05-11 16:30,4910.69,0.000
2023-05-11 16:40,4910.69,0.000
2023-05-11 16:50,4910.69,0.000
2023-05-11 17:00,4910.69,0.000
2023-05-11 17:10,4910.69,0.283
2023-05-11 17:20,4910.69,0.767
2023-05-11 17:30,4910.69,0.833
2023-05-11 17:40,4910.69,1.000
2023-05-11 17:50,4910.69,1.000
2023-05-11 18:00,4910.69,1.000
2023-05-11 18:10,4910.69,1.000
2023-05-11 18:20,4910.69,1.000
2023-05-11 18:30,4910.70,1.000
2023-05-11 18:40,4914.00,1.000
2023-05-11 18:50,4917.31,1.000
2023-05-11 19:00,4921.49,1.000
2023-05-11 19:10,4926.08,1.000
2023-05-11 19:20,4930.26,1.000
2023-05-11 19:30,4935.48,1.000
2023-05-11 19:40,4941.64,1.000
2023-05-11 19:50,4948.45,1.000
2023-05-11 20:00,4954.30,1.000
2023-05-11 20:10,4958.17,1.000
2023-05-11 20:20,4961.93,1.000
2023-05-11 20:30,4962.86,0.717
2023-05-11 20:40,4962.86,0.417
2023-05-11 20:50,4964.45,1.000
2023-05-11 21:00,4970.68,1.000
2023-05-11 21:10,4974.41,1.000
2023-05-11 21:20,4976.98,1.000
2023-05-11 21:30,4978.52,1.000
2023-05-11 21:40,4978.52,1.000
2023-05-11 21:50,4978.52,0.900
2023-05-11 22:00,4978.52,1.000
2023-05-11 22:10,4978.52,1.000
2023-05-11 22:20,4978.52,1.000
2023-05-11 22:30,4978.52,1.000
2023-05-11 22:40,4978.52,1.000
2023-05-11 22:50,4978.52,1.000
2023-05-11 23:00,4978.52,1.000
2023-05-11 23:10,4978.52,1.000
2023-05-11 23:20,4978.52,1.000
2023-05-11 23:30,4978.52,1.000
2023-05-11 23:40,4978.52,1.000
2023-05-11 23:50,4978.52,1.000
2023-05-12 00:00,4978.52,1.000
2023-05-12 00:10,4978.52,1.000
2023-05-12 00:20,4978.52,1.000
2023-05-12 00:30,4978.52,1.000
2023-05-12 00:40,4978.52,1.000
2023-05-12 00:50,4978.52,1.000
2023-05-12 01:00,4978.52,1.000
2023-05-12 01:10,4978.52,1.000
2023-05-12 01:20,4978.52,1.000
2023-05-12 01:30,4978.52,0.117
2023-05-12 01:40,4978.52,0.000
2023-05-12 01:50,4978.52,0.000
2023-05-12 02:00,4978.52,0.000
2023-05-12 02:10,4978.52,0.000
2023-05-12 02:20,4978.52,0.000
2023-05-12 02:30,4978.52,0.000
2023-05-12 02:40,4978.52,0.000
2023-05-12 02:50,4978.52,0.000
2023-05-12 03:00,4978.52,0.000
2023-05-12 03:10,4978.52,0.000
2023-05-12 03:20,4978.52,0.000
2023-05-12 03:30,4978.52,0.000
2023-05-12 03:40,4978.52,0.000
2023-05-12 03:50,4978.52,0.000
2023-05-12 04:00,4978.52,0.000
2023-05-12 04:10,4978.52,0.000
2023-05-12 04:20,4978.52,0.000
2023-05-12 04:30,4978.52,0.000
2023-05-12 04:40,4978.52,0.000
2023-05-12 04:50,4978.52,0.000
2023-05-12 05:00,4978.52,0.000
2023-05-12 05:10,4978.52,0.000
2023-05-12 05:20,4978.52,0.000
2023-05-12 05:30,4978.52,0.000
2023-05-12 05:40,4978.52,0.000
2023-05-12 05:50,4978.52,0.000
2023-05-12 06:00,4978.52,0.000
2023-05-12 06:10,4978.52,0.000
2023-05-12 06:20,4978.52,0.000
2023-05-12 06:30,4978.52,0.000
2023-05-12 06:40,4978.52,0.000
2023-05-12 06:50,4978.52,0.000
2023-05-12 07:00,4978.52,0.000
2023-05-12 07:10,4978.52,0.000
2023-05-12 07:20,4978.52,0.000
2023-05-12 07:30,4978.52,0.000
2023-05-12 07:40,4978.52,0.000
2023-05-12 07:50,4978.52,0.500
2023-05-12 08:00,4978.52,0.633
2023-05-12 08:10,4978.52,0.417
2023-05-12 08:20,4978.52,1.000
2023-05-12 08:30,4978.52,0.417
2023-05-12 08:40,4978.52,0.000
2023-05-12 08:50,4978.52,0.000
2023-05-12 09:00,4978.52,0.000
2023-05-12 09:10,4978.52,0.817
2023-05-12 09:20,4978.52,1.000
2023-05-12 09:30,4978.52,0.317
2023-05-12 09:40,4978.52,1.000
2023-05-12 09:50,4978.52,1.000
2023-05-12 10:00,4978.52,1.000
2023-05-12 10:10,4978.52,0.983
2023-05-12 10:20,4978.52,0.000
2023-05-12 10:30,4978.52,0.000
2023-05-12 10:40,4978.52,0.000
2023-05-12 10:50,4978.52,0.000
2023-05-12 11:00,4978.52,0.000
2023-05-12 11:10,4978.52,0.000
2023-05-12 11:20,4978.52,0.000
2023-05-12 11:30,4978.52,0.000
2023-05-12 11:40,4978.52,0.000
2023-05-12 11:50,4978.52,0.000
2023-05-12 12:00,4978.52,0.000
2023-05-12 12:10,4978.52,0.000
2023-05-12 12:20,4978.52,0.000
2023-05-12 12:30,4978.52,0.000
2023-05-12 12:40,4978.52,0.000
2023-05-12 12:50,4978.52,0.000
2023-05-12 13:00,4978.52,0.000
2023-05-12 13:10,4978.52,0.000
2023-05-12 13:20,4978.52,0.000
2023-05-12 13:30,4978.52,0.000
2023-05-12 13:40,4978.52,0.000
2023-05-12 13:50,4978.52,0.000
2023-05-12 14:00,4978.52,0.000
2023-05-12 14:10,4978.52,0.000
2023-05-12 14:20,4978.52,0.000
2023-05-12 14:30,4978.52,0.000
2023-05-12 14:40,4978.52,0.000
2023-05-12 14:50,4978.52,0.000
2023-05-12 15:00,4978.52,0.000
2023-05-12 15:10,4978.52,0.000
2023-05-12 15:20,4978.52,0.000
2023-05-12 15:30,4978.52,0.000
2023-05-12 15:40,4978.52,0.000
2023-05-12 15:50,4978.52,0.000
2023-05-12 16:00,4978.52,0.000
2023-05-12 16:10,4978.52,0.000
2023-05-12 16:20,4978.52,0.000
2023-05-12 16:30,4978.52,0.000
2023-05-12 16:40,4978.52,0.000
2023-05-12 16:50,4978.52,0.000
2023-05-12 17:00,4978.52,0.000
2023-05-12 17:10,4978.52,0.000
2023-05-12 17:20,4978.52,0.000
2023-05-12 17:30,4978.52,0.000
2023-05-12 17:40,4978.52,0.000
2023-05-12 17:50,4978.52,0.000
2023-05-12 18:00,4978.52,0.000
2023-05-12 18:10,4978.52,0.000
2023-05-12 18:20,4978.52,0.000
2023-05-12 18:30,4978.52,0.267
2023-05-12 18:40,4978.52,0.500
2023-05-12 18:50,4978.52,0.000
2023-05-12 19:00,4978.52,0.000
2023-05-12 19:10,4978.52,0.000
2023-05-12 19:20,4978.52,0.000
2023-05-12 19:30,4978.52,0.000
2023-05-12 19:40,4978.52,0.000
2023-05-12 19:50,4978.52,0.400
2023-05-12 20:00,4978.52,0.000
2023-05-12 20:10,4978.52,0.000
2023-05-12 20:20,4978.52,0.000
2023-05-12 20:30,4978.52,0.000
2023-05-12 20:40,4979.16,0.900
2023-05-12 20:50,4980.46,1.000
2023-05-12 21:00,4980.46,1.000
2023-05-12 21:10,4980.46,0.400
2023-05-12 21:20,4980.46,0.933
2023-05-12 21:30,4980.46,0.000
2023-05-12 21:40,4980.46,0.000
2023-05-12 21:50,4980.46,0.000
2023-05-12 22:00,4980.46,0.000
2023-05-12 22:10,4980.46,0.000
2023-05-12 22:20,4980.46,0.000
2023-05-12 22:30,4980.46,0.000
2023-05-12 22:40,4980.46,0.000
2023-05-12 22:50,4980.46,0.000
2023-05-12 23:00,4980.46,0.000
2023-05-12 23:10,4980.46,0.000
2023-05-12 23:20,4980.46,0.000
2023-05-12 23:30,4980.46,0.033
2023-05-12 23:40,4980.46,0.000
2023-05-12 23:50,4980.46,0.000
2023-05-13 00:00,4980.46,0.000
2023-05-13 00:10,4980.46,0.000
2023-05-13 00:20,4980.46,0.000
2023-05-13 00:30,4980.46,0.000
2023-05-13 00:40,4980.46,0.000
2023-05-13 00:50,4980.46,0.000
2023-05-13 01:00,4980.46,0.000
2023-05-13 01:10,4980.46,0.000
2023-05-13 01:20,4980.46,0.000
2023-05-13 01:30,4980.46,0.000
2023-05-13 01:40,4980.46,0.000
2023-05-13 01:50,4980.46,0.000
2023-05-13 02:00,4980.46,0.000
2023-05-13 02:10,4980.46,0.000
2023-05-13 02:20,4980.46,0.000
2023-05-13 02:30,4980.46,0.000
2023-05-13 02:40,4980.46,0.250
2023-05-13 02:50,4980.46,0.633
2023-05-13 03:00,4980.46,0.000
2023-05-13 03:10,4980.46,0.000
2023-05-13 03:20,4980.46,0.000
2023-05-13 03:30,4980.46,0.000
2023-05-13 03:40,4980.46,0.000
2023-05-13 03:50,4980.46,0.000
2023-05-13 04:00,4980.46,0.000
2023-05-13 04:10,4980.46,0.000
2023-05-13 04:20,4980.46,0.000
2023-05-13 04:30,4980.46,0.000
2023-05-13 04:40,4980.46,0.000
2023-05-13 04:50,4980.46,0.000
2023-05-13 05:00,4980.46,0.000
2023-05-13 05:10,4980.46,0.000
2023-05-13 05:20,4980.46,0.000
2023-05-13 05:30,4980.46,0.000
2023-05-13 05:40,4980.46,0.167
2023-05-13 05:50,4980.46,0.817
2023-05-13 06:00,4980.46,0.000
2023-05-13 06:10,4980.46,0.000
2023-05-13 06:20,4980.46,0.000
2023-05-13 06:30,4980.46,0.000
2023-05-13 06:40,4980.46,0.700
2023-05-13 06:50,4980.46,1.000
2023-05-13 07:00,4994.90,1.000
2023-05-13 07:10,4994.99,1.000
2023-05-13 07:20,5006.21,1.000
2023-05-13 07:30,5018.39,1.000
2023-05-13 07:40,5039.19,1.000
2023-05-13 07:50,5063.34,1.000
2023-05-13 08:00,5069.75,0.767
2023-05-13 08:10,5099.03,1.000
2023-05-13 08:20,5122.94,1.000
2023-05-13 08:30,5146.28,1.000
2023-05-13 08:40,5157.90,0.750
2023-05-13 08:50,5157.90,1.000
2023-05-13 09:00,5157.90,1.000
2023-05-13 09:10,5172.25,1.000
2023-05-13 09:20,5182.77,1.000
2023-05-13 09:30,5201.67,1.000
2023-05-13 09:40,5211.13,1.000
2023-05-13 09:50,5211.13,0.400
2023-05-13 10:00,5211.92,1.000
2023-05-13 10:10,5216.52,0.783
2023-05-13 10:20,5229.51,1.000
2023-05-13 10:30,5229.51,1.000
2023-05-13 10:40,5229.51,0.767
2023-05-13 10:50,5250.79,1.000
2023-05-13 11:00,5254.20,0.717
2023-05-13 11:10,5269.86,1.000
2023-05-13 11:20,5269.86,0.867
2023-05-13 11:30,5269.86,1.000
2023-05-13 11:40,5269.86,0.733
2023-05-13 11:50,5269.86,1.000
2023-05-13 12:00,5269.86,1.000
2023-05-13 12:10,5269.86,0.367
2023-05-13 12:20,5269.86,0.000
2023-05-13 12:30,5269.86,0.000
2023-05-13 12:40,5269.86,0.000
2023-05-13 12:50,5269.86,0.000
2023-05-13 13:00,5269.86,0.000
2023-05-13 13:10,5269.86,0.000
2023-05-13 13:20,5269.86,0.000
2023-05-13 13:30,5269.86,0.000
2023-05-13 13:40,5269.86,0.000
2023-05-13 13:50,5269.86,0.000
2023-05-13 14:00,5269.86,0.000
2023-05-13 14:10,5269.86,0.000
2023-05-13 14:20,5269.86,0.000
2023-05-13 14:30,5269.86,0.000
2023-05-13 14:40,5269.86,0.000
2023-05-13 14:50,5269.86,0.000
2023-05-13 15:00,5269.86,0.000
2023-05-13 15:10,5269.86,0.000
2023-05-13 15:20,5269.86,0.000
2023-05-13 15:30,5269.86,0.000
2023-05-13 15:40,5269.86,0.000
2023-05-13 15:50,5269.86,0.000
2023-05-13 16:00,5269.86,0.000
2023-05-13 16:10,5269.86,0.000
2023-05-13 16:20,5269.86,0.000
2023-05-13 16:30,5269.86,0.000
2023-05-13 16:40,5269.86,0.000
2023-05-13 16:50,5269.86,0.000
2023-05-13 17:00,5269.86,0.000
2023-05-13 17:10,5269.86,0.000
2023-05-13 17:20,5269.86,0.000
2023-05-13 17:30,5269.86,0.000
2023-05-13 17:40,5269.86,0.000
2023-05-13 17:50,5269.86,0.000
2023-05-13 18:00,5269.86,0.000
2023-05-13 18:10,5269.86,0.000
2023-05-13 18:20,5269.86,0.000
2023-05-13 18:30,5269.86,0.000
2023-05-13 18:40,5269.86,0.000
2023-05-13 18:50,5269.86,0.817
2023-05-13 19:00,5269.86,0.217
2023-05-13 19:10,5269.86,0.000
2023-05-13 19:20,5269.86,0.000
2023-05-13 19:30,5269.86,0.000
2023-05-13 19:40,5269.86,0.000
2023-05-13 19:50,5269.86,0.000
2023-05-13 20:00,5269.86,0.267
2023-05-13 20:10,5269.86,0.183
2023-05-13 20:20,5269.86,0.000
2023-05-13 20:30,5269.86,0.000
2023-05-13 20:40,5269.86,0.000
2023-05-13 20:50,5269.86,0.000
2023-05-13 21:00,5269.86,0.533
2023-05-13 21:10,5269.86,0.000
2023-05-13 21:20,5269.86,0.000
2023-05-13 21:30,5269.86,0.000
2023-05-13 21:40,5269.86,0.000
2023-05-13 21:50,5269.86,0.717
2023-05-13 22:00,5269.86,1.000
2023-05-13 22:10,5269.86,1.000
2023-05-13 22:20,5269.86,1.000
2023-05-13 22:30,5289.86,1.000
2023-05-13 22:40,5291.30,0.367
2023-05-13 22:50,5310.99,1.000
2023-05-13 23:00,5330.39,1.000
2023-05-13 23:10,5348.38,1.000
2023-05-13 23:20,5361.17,1.000
2023-05-13 23:30,5378.03,1.000
2023-05-13 23:40,5386.08,0.650
2023-05-13 23:50,5405.68,1.000
2023-05-14 00:00,5425.59,1.000
2023-05-14 00:10,5445.01,1.000
2023-05-14 00:20,5467.22,1.000
2023-05-14 00:30,5480.75,0.817
2023-05-14 00:40,5480.75,0.850
2023-05-14 00:50,5480.75,1.000
2023-05-14 01:00,5486.38,1.000
2023-05-14 01:10,5494.21,1.000
2023-05-14 01:20,5499.86,1.000
2023-05-14 01:30,5506.76,1.000
2023-05-14 01:40,5516.08,1.000
2023-05-14 01:50,5521.65,1.000
2023-05-14 02:00,5531.73,1.000
2023-05-14 02:10,5537.30,1.000
2023-05-14 02:20,5537.30,1.000
2023-05-14 02:30,5537.30,0.500
2023-05-14 02:40,5537.30,0.000
2023-05-14 02:50,5537.30,0.000
2023-05-14 03:00,5537.30,0.000
2023-05-14 03:10,5537.30,0.000
2023-05-14 03:20,5537.30,0.000
2023-05-14 03:30,5537.30,0.000
2023-05-14 03:40,5537.30,0.000
2023-05-14 03:50,5537.30,0.317
2023-05-14 04:00,5537.30,0.867
2023-05-14 04:10,5537.30,0.350
2023-05-14 04:20,5537.30,0.000
2023-05-14 04:30,5537.30,0.000
2023-05-14 04:40,5537.30,0.000
2023-05-14 04:50,5537.30,0.000
2023-05-14 05:00,5537.30,0.000
2023-05-14 05:10,5537.30,0.000
2023-05-14 05:20,5537.30,0.000
2023-05-14 05:30,5537.30,0.217
2023-05-14 05:40,5537.30,0.000
2023-05-14 05:50,5537.30,0.000
2023-05-14 06:00,5537.30,0.000
2023-05-14 06:10,5537.30,0.000
2023-05-14 06:20,5537.30,0.000
2023-05-14 06:30,5537.30,0.000
2023-05-14 06:40,5537.30,0.000
2023-05-14 06:50,5537.30,0.000
2023-05-14 07:00,5537.30,0.000
2023-05-14 07:10,5537.30,0.000
2023-05-14 07:20,5537.30,0.000
2023-05-14 07:30,5537.30,0.000
2023-05-14 07:40,5537.30,0.000
2023-05-14 07:50,5537.30,0.000
2023-05-14 08:00,5537.30,0.000
2023-05-14 08:10,5537.30,0.000
2023-05-14 08:20,5537.30,0.000
2023-05-14 08:30,5537.30,0.000
2023-05-14 08:40,5537.30,0.000
2023-05-14 08:50,5537.30,0.000
2023-05-14 09:00,5537.30,0.000
2023-05-14 09:10,5537.30,0.000
2023-05-14 09:20,5537.30,0.000
2023-05-14 09:30,5537.30,0.000
2023-05-14 09:40,5537.30,0.000
2023-05-14 09:50,5537.30,0.000
2023-05-14 10:00,5537.30,0.000
2023-05-14 10:10,5537.30,0.000
2023-05-14 10:20,5537.30,0.000
2023-05-14 10:30,5537.30,0.000
2023-05-14 10:40,5537.30,0.000
2023-05-14 10:50,5537.30,0.000
2023-05-14 11:00,5537.30,0.000
2023-05-14 11:10,5537.30,0.000
2023-05-14 11:20,5537.30,0.000
2023-05-14 11:30,5537.30,0.000
2023-05-14 11:40,5537.30,0.000
2023-05-14 11:50,5537.30,0.000
2023-05-14 12:00,5537.30,0.000
2023-05-14 12:10,5537.30,0.000
2023-05-14 12:20,5537.30,0.000
2023-05-14 12:30,5537.30,0.000
2023-05-14 12:40,5537.30,0.000
2023-05-14 12:50,5537.30,0.000
2023-05-14 13:00,5537.30,0.000
2023-05-14 13:10,5537.30,0.000
2023-05-14 13:20,5537.30,0.000
2023-05-14 13:30,5537.30,0.000
2023-05-14 13:40,5537.30,0.000
2023-05-14 13:50,5537.30,0.000
2023-05-14 14:00,5537.30,0.000
2023-05-14 14:10,5537.30,0.000
2023-05-14 14:20,5537.30,0.000
2023-05-14 14:30,5537.30,0.000
2023-05-14 14:40,5537.30,0.000
2023-05-14 14:50,5537.30,0.000
2023-05-14 15:00,5537.30,0.000
2023-05-14 15:10,5537.30,0.000
2023-05-14 15:20,5537.30,0.000
2023-05-14 15:30,5537.30,0.000
2023-05-14 15:40,5537.30,0.000
2023-05-14 15:50,5537.30,0.867
2023-05-14 16:00,5537.30,0.917
2023-05-14 16:10,5537.30,1.000
2023-05-14 16:20,5537.30,1.000
2023-05-14 16:30,5537.30,0.900
2023-05-14 16:40,5537.30,0.000
2023-05-14 16:50,5537.30,0.000
2023-05-14 17:00,5537.30,0.000
2023-05-14 17:10,5537.30,0.000
2023-05-14 17:20,5537.30,0.000
2023-05-14 17:30,5537.30,0.000
2023-05-14 17:40,5537.30,0.000
2023-05-14 17:50,5537.30,0.567
2023-05-14 18:00,5537.30,1.000
2023-05-14 18:10,5548.21,1.000
2023-05-14 18:20,5559.06,1.000
2023-05-14 18:30,5566.75,1.000
2023-05-14 18:40,5574.68,1.000
2023-05-14 18:50,5578.57,0.683
2023-05-14 19:00,5579.76,1.000
2023-05-14 19:10,5579.76,1.000
2023-05-14 19:20,5590.28,1.000
2023-05-14 19:30,5600.47,1.000
2023-05-14 19:40,5608.67,0.800
2023-05-14 19:50,5608.67,1.000
2023-05-14 20:00,5621.16,1.000
2023-05-14 20:10,5634.08,1.000
2023-05-14 20:20,5639.98,0.817
2023-05-14 20:30,5647.06,1.000
2023-05-14 20:40,5655.87,1.000
2023-05-14 20:50,5664.45,1.000
2023-05-14 21:00,5671.19,0.750
2023-05-14 21:10,5671.19,1.000
2023-05-14 21:20,5672.00,1.000
2023-05-14 21:30,5683.76,1.000
2023-05-14 21:40,5694.19,1.000
2023-05-14 21:50,5703.81,1.000
2023-05-14 22:00,5704.87,0.867
2023-05-14 22:10,5714.74,1.000
2023-05-14 22:20,5726.39,1.000
2023-05-14 22:30,5736.40,0.883
2023-05-14 22:40,5741.35,0.983
2023-05-14 22:50,5750.99,0.850
2023-05-14 23:00,5758.06,1.000
2023-05-14 23:10,5767.67,1.000
2023-05-14 23:20,5767.67,0.467
2023-05-14 23:30,5776.31,1.000
2023-05-14 23:40,5787.89,1.000
2023-05-14 23:50,5797.75,1.000
2023-05-15 00:00,5800.35,0.867
2023-05-15 00:10,5809.88,1.000
2023-05-15 00:20,5819.38,1.000
2023-05-15 00:30,5828.29,1.000
2023-05-15 00:40,5831.03,0.850
2023-05-15 00:50,5833.86,1.000
2023-05-15 01:00,5842.65,1.000
2023-05-15 01:10,5851.01,1.000
2023-05-15 01:20,5858.70,1.000
2023-05-15 01:30,5862.12,0.533
2023-05-15 01:40,5866.54,1.000
2023-05-15 01:50,5874.81,1.000
2023-05-15 02:00,5882.83,1.000
2023-05-15 02:10,5891.03,1.000
2023-05-15 02:20,5894.14,0.867
2023-05-15 02:30,5897.08,1.000
2023-05-15 02:40,5903.16,1.000
2023-05-15 02:50,5910.52,1.000
2023-05-15 03:00,5917.68,1.000
2023-05-15 03:10,5924.20,1.000
2023-05-15 03:20,5925.39,0.850
2023-05-15 03:30,5931.73,1.000
2023-05-15 03:40,5938.07,1.000
2023-05-15 03:50,5944.35,1.000
2023-05-15 04:00,5946.67,0.850
2023-05-15 04:10,5953.90,1.000
2023-05-15 04:20,5956.70,0.867
2023-05-15 04:30,5956.70,1.000
2023-05-15 04:40,5956.70,1.000
2023-05-15 04:50,5956.70,1.000
2023-05-15 05:00,5956.70,1.000
2023-05-15 05:10,5956.70,0.333
2023-05-15 05:20,5956.70,0.000
2023-05-15 05:30,5956.70,0.000
2023-05-15 05:40,5956.70,0.000
2023-05-15 05:50,5956.70,0.067
2023-05-15 06:00,5956.70,0.000
2023-05-15 06:10,5956.70,0.000
2023-05-15 06:20,5956.70,0.000
2023-05-15 06:30,5956.70,0.000
2023-05-15 06:40,5956.70,0.000
2023-05-15 06:50,5956.70,0.000
2023-05-15 07:00,5956.70,0.000
2023-05-15 07:10,5956.70,0.000
2023-05-15 07:20,5956.70,0.000
2023-05-15 07:30,5956.70,0.000
2023-05-15 07:40,5956.70,0.000
2023-05-15 07:50,5956.70,0.000
2023-05-15 08:00,5956.70,0.000
2023-05-15 08:10,5956.70,0.000
2023-05-15 08:20,5956.70,0.000
2023-05-15 08:30,5956.70,0.000
2023-05-15 08:40,5956.70,0.000
2023-05-15 08:50,5956.70,0.000
2023-05-15 09:00,5956.70,0.000
2023-05-15 09:10,5956.70,0.000
2023-05-15 09:20,5956.70,0.000
2023-05-15 09:30,5956.70,0.000
2023-05-15 09:40,5956.70,0.000
2023-05-15 09:50,5956.70,0.000
2023-05-15 10:00,5956.70,0.000
2023-05-15 10:10,5956.70,0.000
2023-05-15 10:20,5956.70,0.000
2023-05-15 10:30,5956.70,0.000
2023-05-15 10:40,5956.70,0.000
2023-05-15 10:50,5956.70,0.000
2023-05-15 11:00,5956.70,0.000
2023-05-15 11:10,5956.70,0.000
2023-05-15 11:20,5956.70,0.000
2023-05-15 11:30,5956.70,0.000
2023-05-15 11:40,5956.70,0.000
2023-05-15 11:50,5956.70,0.000
2023-05-15 12:00,5956.70,0.000
2023-05-15 12:10,5956.70,0.000
2023-05-15 12:20,5956.70,0.000
2023-05-15 12:30,5956.70,0.000
2023-05-15 12:40,5956.70,0.000
2023-05-15 12:50,5956.70,0.000
2023-05-15 13:00,5956.70,0.000
2023-05-15 13:10,5956.70,0.000
2023-05-15 13:20,5956.70,0.000
2023-05-15 13:30,5956.70,0.000
2023-05-15 13:40,5956.70,0.467
2023-05-15 13:50,5956.70,0.517
2023-05-15 14:00,5956.70,0.000
2023-05-15 14:10,5956.70,0.000
2023-05-15 14:20,5956.70,0.000
2023-05-15 14:30,5956.70,0.000
2023-05-15 14:40,5956.70,0.000
2023-05-15 14:50,5956.70,0.000
2023-05-15 15:00,5956.70,0.000
2023-05-15 15:10,5956.70,0.000
2023-05-15 15:20,5956.70,0.200
2023-05-15 15:30,5956.70,1.000
2023-05-15 15:40,5956.70,0.900
2023-05-15 15:50,5956.70,0.583
2023-05-15 16:00,5956.70,1.000
2023-05-15 16:10,5956.70,1.000
2023-05-15 16:20,5956.70,1.000
2023-05-15 16:30,5956.70,1.000
2023-05-15 16:40,5956.70,1.000
2023-05-15 16:50,5956.70,1.000
2023-05-15 17:00,5956.70,1.000
2023-05-15 17:10,5956.70,1.000
2023-05-15 17:20,5956.70,0.967
2023-05-15 17:30,5956.70,0.000
2023-05-15 17:40,5956.70,0.000
2023-05-15 17:50,5956.70,0.000
2023-05-15 18:00,5956.70,0.000
2023-05-15 18:10,5956.70,0.000
2023-05-15 18:20,5956.70,0.000
2023-05-15 18:30,5984.19,0.000
2023-05-15 18:40,5986.87,0.650
2023-05-15 18:50,5986.87,0.700
2023-05-15 19:00,5986.87,1.000
2023-05-15 19:10,5986.87,1.000
2023-05-15 19:20,5999.22,1.000
2023-05-15 19:30,6008.53,0.850
2023-05-15 19:40,6008.53,0.850
2023-05-15 19:50,6014.52,1.000
2023-05-15 20:00,6028.98,1.000
2023-05-15 20:10,6032.86,0.867
2023-05-15 20:20,6052.08,1.000
2023-05-15 20:30,6087.71,1.000
2023-05-15 20:40,6102.55,0.967
2023-05-15 20:50,6102.55,0.683
2023-05-15 21:00,6102.55,1.000
2023-05-15 21:10,6102.55,0.867
2023-05-15 21:20,6102.55,1.000
2023-05-15 21:30,6102.55,1.000
2023-05-15 21:40,6102.55,1.000
2023-05-15 21:50,6102.55,1.000
2023-05-15 22:00,6102.55,1.000
2023-05-15 22:10,6170.00,0.883
2023-05-15 22:20,6174.42,0.967
2023-05-15 22:30,6191.85,1.000
2023-05-15 22:40,6208.73,1.000
2023-05-15 22:50,6215.41,0.833
2023-05-15 23:00,6216.53,1.000
2023-05-15 23:10,6234.41,1.000
2023-05-15 23:20,6246.97,0.917
2023-05-15 23:30,6246.97,0.000
2023-05-15 23:40,6246.97,0.133
2023-05-15 23:50,6246.97,1.000
2023-05-16 00:00,6246.97,1.000
2023-05-16 00:10,6246.97,1.000
2023-05-16 00:20,6246.97,0.883
2023-05-16 00:30,6246.97,1.000
2023-05-16 00:40,6246.97,1.000
2023-05-16 00:50,6246.97,1.000
2023-05-16 01:00,6246.97,0.850
2023-05-16 01:10,6246.97,1.000
2023-05-16 01:20,6246.97,1.000
2023-05-16 01:30,6246.97,1.000
2023-05-16 01:40,6246.97,0.783
2023-05-16 01:50,6246.97,0.917
2023-05-16 02:00,6246.97,1.000
2023-05-16 02:10,6249.95,0.867
2023-05-16 02:20,6257.04,1.000
2023-05-16 02:30,6263.55,0.850
2023-05-16 02:40,6269.00,1.000
2023-05-16 02:50,6279.01,1.000
2023-05-16 03:00,6287.14,1.000
2023-05-16 03:10,6294.74,1.000
2023-05-16 03:20,6299.04,0.850
2023-05-16 03:30,6309.36,1.000
2023-05-16 03:40,6320.73,1.000
2023-05-16 03:50,6328.39,0.867
2023-05-16 04:00,6331.65,0.850
2023-05-16 04:10,6343.17,1.000
2023-05-16 04:20,6353.72,1.000
2023-05-16 04:30,6360.36,0.833
2023-05-16 04:40,6367.03,1.000
2023-05-16 04:50,6376.93,1.000
2023-05-16 05:00,6386.79,1.000
2023-05-16 05:10,6392.00,0.867
2023-05-16 05:20,6399.80,1.000
2023-05-16 05:30,6409.28,1.000
2023-05-16 05:40,6418.98,1.000
2023-05-16 05:50,6423.44,0.550
2023-05-16 06:00,6427.40,0.883
2023-05-16 06:10,6433.89,1.000
2023-05-16 06:20,6442.78,1.000
2023-05-16 06:30,6452.90,1.000
2023-05-16 06:40,6461.65,1.000
2023-05-16 06:50,6462.96,0.783
2023-05-16 07:00,6470.91,1.000
2023-05-16 07:10,6479.55,1.000
2023-05-16 07:20,6487.62,0.950
2023-05-16 07:30,6490.08,0.817
2023-05-16 07:40,6497.52,1.000
2023-05-16 07:50,6504.52,1.000
2023-05-16 08:00,6511.10,1.000
2023-05-16 08:10,6517.72,1.000
2023-05-16 08:20,6520.87,0.733
2023-05-16 08:30,6527.67,1.000
2023-05-16 08:40,6534.56,1.000
2023-05-16 08:50,6540.92,1.000
2023-05-16 09:00,6545.82,1.000
2023-05-16 09:10,6545.82,1.000
2023-05-16 09:20,6545.82,1.000
2023-05-16 09:30,6545.82,1.000
2023-05-16 09:40,6545.82,1.000
2023-05-16 09:50,6545.82,1.000
2023-05-16 10:00,6545.82,1.000
2023-05-16 10:10,6545.82,1.000
2023-05-16 10:20,6545.82,1.000
2023-05-16 10:30,6545.82,1.000
2023-05-16 10:40,6545.82,1.000
2023-05-16 10:50,6545.82,1.000
2023-05-16 11:00,6545.82,1.000
2023-05-16 11:10,6545.82,1.000
2023-05-16 11:20,6545.82,1.000
2023-05-16 11:30,6545.82,1.000
2023-05-16 11:40,6545.82,1.000
2023-05-16 11:50,6545.82,1.000
2023-05-16 12:00,6545.82,1.000
2023-05-16 12:10,6545.82,1.000
2023-05-16 12:20,6545.82,0.267
2023-05-16 12:30,6545.82,0.000
2023-05-16 12:40,6545.82,0.000
2023-05-16 12:50,6545.82,0.000
2023-05-16 13:00,6545.82,0.000
2023-05-16 13:10,6545.82,0.000
2023-05-16 13:20,6545.82,0.733
2023-05-16 13:30,6545.82,0.783
2023-05-16 13:40,6545.82,0.867
2023-05-16 13:50,6545.82,0.800
2023-05-16 14:00,6545.82,0.817
2023-05-16 14:10,6545.82,0.917
2023-05-16 14:20,6545.82,0.883
2023-05-16 14:30,6545.82,1.000
2023-05-16 14:40,6545.82,1.000
2023-05-16 14:50,6545.82,1.000
2023-05-16 15:00,6545.82,1.000
2023-05-16 15:10,6545.82,1.000
2023-05-16 15:20,6545.82,1.000
2023-05-16 15:30,6545.82,1.000
2023-05-16 15:40,6545.82,1.000
2023-05-16 15:50,6545.82,1.000
2023-05-16 16:00,6545.82,0.333
2023-05-16 16:10,6545.82,0.000
2023-05-16 16:20,6545.82,0.000
2023-05-16 16:30,6545.82,0.000
2023-05-16 16:40,6545.82,0.000
2023-05-16 16:50,6545.82,0.000
2023-05-16 17:00,6545.82,0.000
2023-05-16 17:10,6545.82,0.000
2023-05-16 17:20,6545.82,0.000
2023-05-16 17:30,6545.82,0.000
2023-05-16 17:40,6545.82,0.000
2023-05-16 17:50,6545.82,0.000
2023-05-16 18:00,6545.82,0.000
2023-05-16 18:10,6545.82,0.000
2023-05-16 18:20,6545.82,0.000
2023-05-16 18:30,6545.82,0.000
2023-05-16 18:40,6545.82,0.000
2023-05-16 18:50,6545.82,0.000
2023-05-16 19:00,6545.82,0.000
2023-05-16 19:10,6545.82,0.000
2023-05-16 19:20,6545.82,0.000
2023-05-16 19:30,6545.82,0.000
2023-05-16 19:40,6545.82,0.000
2023-05-16 19:50,6545.82,0.000
2023-05-16 20:00,6545.82,0.000
2023-05-16 20:10,6545.82,0.000
2023-05-16 20:20,6545.82,0.000
2023-05-16 20:30,6545.82,0.000
2023-05-16 20:40,6545.82,0.000
2023-05-16 20:50,6545.82,0.000
2023-05-16 21:00,6545.82,0.000
2023-05-16 21:10,6545.82,0.333
2023-05-16 21:20,6545.82,0.500
2023-05-16 21:30,6545.82,0.000
2023-05-16 21:40,6545.82,0.000
2023-05-16 21:50,6545.82,0.000
2023-05-16 22:00,6545.82,0.000
2023-05-16 22:10,6545.82,0.000
2023-05-16 22:20,6545.82,0.000
2023-05-16 22:30,6545.82,0.000
2023-05-16 22:40,6545.82,0.000
2023-05-16 22:50,6545.82,0.000
2023-05-16 23:00,6545.82,0.000
2023-05-16 23:10,6545.82,0.000
2023-05-16 23:20,6545.82,0.000
2023-05-16 23:30,6545.82,0.000
2023-05-16 23:40,6545.82,0.000
2023-05-16 23:50,6545.82,0.000
2023-05-17 00:00,6545.82,0.000
2023-05-17 00:10,6545.82,0.000
2023-05-17 00:20,6545.82,0.000
2023-05-17 00:30,6545.82,0.000
2023-05-17 00:40,6545.82,0.583
2023-05-17 00:50,6545.82,0.000
2023-05-17 01:00,6545.82,0.000
2023-05-17 01:10,6545.82,0.000
2023-05-17 01:20,6545.82,0.000
2023-05-17 01:30,6545.82,0.000
2023-05-17 01:40,6545.82,0.600
2023-05-17 01:50,6545.82,1.000
2023-05-17 02:00,6545.82,0.850
2023-05-17 02:10,6545.82,1.000
2023-05-17 02:20,6545.82,1.000
2023-05-17 02:30,6545.82,1.000
2023-05-17 02:40,6545.82,1.000
2023-05-17 02:50,6545.82,1.000
2023-05-17 03:00,6545.82,0.317
2023-05-17 03:10,6545.82,0.000
2023-05-17 03:20,6545.82,0.533
2023-05-17 03:30,6545.82,0.850
2023-05-17 03:40,6545.82,0.100
2023-05-17 03:50,6545.82,0.000
2023-05-17 04:00,6545.82,0.833
2023-05-17 04:10,6545.82,1.000
2023-05-17 04:20,6545.82,1.000
2023-05-17 04:30,6545.82,1.000
2023-05-17 04:40,6545.82,0.750
2023-05-17 04:50,6545.82,0.000
2023-05-17 05:00,6545.82,0.000
2023-05-17 05:10,6545.82,0.000
2023-05-17 05:20,6545.82,0.000
2023-05-17 05:30,6545.82,0.000
2023-05-17 05:40,6545.82,0.000
2023-05-17 05:50,6545.82,0.000
2023-05-17 06:00,6545.82,0.000
2023-05-17 06:10,6545.82,0.000
2023-05-17 06:20,6545.82,0.000
2023-05-17 06:30,6545.82,0.000
2023-05-17 06:40,6545.82,0.000
2023-05-17 06:50,6545.82,0.000
2023-05-17 07:00,6545.82,0.000
2023-05-17 07:10,6545.82,0.000
2023-05-17 07:20,6545.82,0.000
2023-05-17 07:30,6545.82,0.000
2023-05-17 07:40,6545.82,0.000
2023-05-17 07:50,6545.82,0.000
2023-05-17 08:00,6545.82,0.000
2023-05-17 08:10,6545.82,0.000
2023-05-17 08:20,6545.82,0.000
2023-05-17 08:30,6545.82,0.977
2023-05-17 08:40,6545.82,1.000
2023-05-17 08:50,6545.82,0.850
2023-05-17 09:00,6545.82,1.000
2023-05-17 09:10,6545.82,1.000
2023-05-17 09:20,6545.82,1.000
2023-05-17 09:30,6545.82,1.000
2023-05-17 09:40,6545.82,1.000
2023-05-17 09:50,6545.82,1.000
2023-05-17 10:00,6545.82,0.467
2023-05-17 10:10,6545.82,0.133
2023-05-17 10:20,6545.82,0.000
2023-05-17 10:30,6545.82,0.000
2023-05-17 10:40,6545.82,0.000
2023-05-17 10:50,6545.82,0.000
2023-05-17 11:00,6545.82,0.000
2023-05-17 11:10,6545.82,0.000
2023-05-17 11:20,6545.82,0.000
2023-05-17 11:30,6545.82,0.000
2023-05-17 11:40,6545.82,0.000
2023-05-17 11:50,6545.82,0.000
2023-05-17 12:00,6545.82,0.000
2023-05-17 12:10,6545.82,0.000
2023-05-17 12:20,6545.82,0.417
2023-05-17 12:30,6545.82,1.000
2023-05-17 12:40,6545.82,1.000
2023-05-17 12:50,6545.82,0.333
2023-05-17 13:00,6552.63,1.000
2023-05-17 13:10,6569.75,1.000
2023-05-17 13:20,6575.78,0.767
2023-05-17 13:30,6575.78,1.000
2023-05-17 13:40,6579.32,1.000
2023-05-17 13:50,6597.27,1.000
2023-05-17 14:00,6601.96,0.817
2023-05-17 14:10,6601.96,0.850
2023-05-17 14:20,6601.96,1.000
2023-05-17 14:30,6608.39,1.000
2023-05-17 14:40,6609.87,0.767
2023-05-17 14:50,6609.87,0.867
2023-05-17 15:00,6609.87,0.900
2023-05-17 15:10,6609.87,1.000
2023-05-17 15:20,6609.87,0.767
2023-05-17 15:30,6609.87,0.000
2023-05-17 15:40,6609.87,0.783
2023-05-17 15:50,6609.87,1.000
2023-05-17 16:00,6609.87,0.117
2023-05-17 16:10,6609.87,0.000
2023-05-17 16:20,6609.87,0.000
2023-05-17 16:30,6609.87,0.000
2023-05-17 16:40,6609.87,0.000
2023-05-17 16:50,6609.87,0.000
2023-05-17 17:00,6609.87,0.000
2023-05-17 17:10,6609.87,0.000
2023-05-17 17:20,6609.87,0.000
2023-05-17 17:30,6609.87,0.000
2023-05-17 17:40,6609.87,0.000
2023-05-17 17:50,6609.87,0.000
2023-05-17 18:00,6609.87,0.000
2023-05-17 18:10,6609.87,0.150
2023-05-17 18:20,6609.87,0.167
2023-05-17 18:30,6609.87,0.000
2023-05-17 18:40,6609.87,0.000
2023-05-17 18:50,6609.87,0.000
2023-05-17 19:00,6609.87,0.000
2023-05-17 19:10,6609.87,0.000
2023-05-17 19:20,6609.87,0.000
2023-05-17 19:30,6609.87,0.000
2023-05-17 19:40,6609.87,0.000
2023-05-17 19:50,6609.87,0.000
2023-05-17 20:00,6609.87,0.000
2023-05-17 20:10,6609.87,0.000
2023-05-17 20:20,6609.87,0.683
2023-05-17 20:30,6609.87,0.167
2023-05-17 20:40,6609.87,0.000
2023-05-17 20:50,6609.87,0.000
2023-05-17 21:00,6609.87,0.000
2023-05-17 21:10,6609.87,0.000
2023-05-17 21:20,6609.87,0.000
2023-05-17 21:30,6609.87,0.000
2023-05-17 21:40,6609.87,0.000
2023-05-17 21:50,6609.87,0.000
2023-05-17 22:00,6609.87,0.000
2023-05-17 22:10,6609.87,0.000
2023-05-17 22:20,6609.87,0.000
2023-05-17 22:30,6609.87,0.683
2023-05-17 22:40,6609.87,0.300
2023-05-17 22:50,6609.87,0.000
2023-05-17 23:00,6609.87,0.000
2023-05-17 23:10,6609.87,0.000
2023-05-17 23:20,6609.87,0.500
2023-05-17 23:30,6609.87,0.867
2023-05-17 23:40,6609.87,1.000
2023-05-17 23:50,6609.87,1.000
2023-05-18 00:00,6610.18,1.000
2023-05-18 00:10,6610.51,1.000
2023-05-18 00:20,6611.13,1.000
2023-05-18 00:30,6611.13,1.000
2023-05-18 00:40,6616.62,1.000
2023-05-18 00:50,6630.40,1.000
2023-05-18 01:00,6635.01,0.650
2023-05-18 01:10,6648.04,1.000
2023-05-18 01:20,6663.34,1.000
2023-05-18 01:30,6669.22,0.850
2023-05-18 01:40,6672.23,1.000
2023-05-18 01:50,6684.01,1.000
2023-05-18 02:00,6695.80,1.000
2023-05-18 02:10,6696.89,0.867
2023-05-18 02:20,6699.37,1.000
2023-05-18 02:30,6710.64,1.000
2023-05-18 02:40,6721.17,1.000
2023-05-18 02:50,6726.53,0.649
2023-05-18 03:00,6726.53,0.867
2023-05-18 03:10,6732.93,1.000
2023-05-18 03:20,6742.26,1.000
2023-05-18 03:30,6752.01,1.000
2023-05-18 03:40,6754.31,0.733
2023-05-18 03:50,6754.31,0.000
2023-05-18 04:00,6754.31,0.567
2023-05-18 04:10,6754.31,1.000
2023-05-18 04:20,6754.31,1.000
2023-05-18 04:30,6754.31,1.000
2023-05-18 04:40,6754.31,0.100
2023-05-18 04:50,6754.31,0.167
2023-05-18 05:00,6754.31,1.000
2023-05-18 05:10,6754.31,1.000
2023-05-18 05:20,6754.31,1.000
2023-05-18 05:30,6754.31,0.717
2023-05-18 05:40,6757.90,0.750
2023-05-18 05:50,6764.04,0.817
2023-05-18 06:00,6764.04,0.717
2023-05-18 06:10,6764.04,0.767
2023-05-18 06:20,6766.81,1.000
2023-05-18 06:30,6766.81,1.000
2023-05-18 06:40,6766.81,1.000
2023-05-18 06:50,6766.81,1.000
2023-05-18 07:00,6770.51,1.000
2023-05-18 07:10,6770.51,1.000
2023-05-18 07:20,6770.51,1.000
2023-05-18 07:30,6770.51,1.000
2023-05-18 07:40,6770.51,1.000
2023-05-18 07:50,6770.51,1.000
2023-05-18 08:00,6770.51,1.000
2023-05-18 08:10,6773.16,1.000
2023-05-18 08:20,6773.16,1.000
2023-05-18 08:30,6773.16,1.000
2023-05-18 08:40,6773.16,1.000
2023-05-18 08:50,6773.16,1.000
2023-05-18 09:00,6773.16,1.000
2023-05-18 09:10,6773.16,1.000
2023-05-18 09:20,6773.16,1.000
2023-05-18 09:30,6773.16,1.000
2023-05-18 09:40,6773.16,1.000
2023-05-18 09:50,6773.16,1.000
2023-05-18 10:00,6773.16,1.000
2023-05-18 10:10,6773.16,1.000
2023-05-18 10:20,6773.16,1.000
2023-05-18 10:30,6773.16,1.000
2023-05-18 10:40,6773.16,1.000
2023-05-18 10:50,6773.16,1.000
2023-05-18 11:00,6773.16,1.000
2023-05-18 11:10,6773.16,1.000
2023-05-18 11:20,6773.16,1.000
2023-05-18 11:30,6773.16,1.000
2023-05-18 11:40,6773.16,0.317
2023-05-18 11:50,6773.16,1.000
2023-05-18 12:00,6773.16,1.000
2023-05-18 12:10,6773.16,1.000
2023-05-18 12:20,6773.16,1.000
2023-05-18 12:30,6773.16,1.000
2023-05-18 12:40,6773.16,1.000
2023-05-18 12:50,6773.16,1.000
2023-05-18 13:00,6773.16,0.983
2023-05-18 13:10,6773.16,0.717
2023-05-18 13:20,6777.53,1.000
2023-05-18 13:30,6777.53,0.783
2023-05-18 13:40,6777.53,0.833
2023-05-18 13:50,6777.53,1.000
2023-05-18 14:00,6777.53,1.000
2023-05-18 14:10,6777.53,1.000
2023-05-18 14:20,6777.53,1.000
2023-05-18 14:30,6777.53,1.000
2023-05-18 14:40,6777.53,1.000
2023-05-18 14:50,6777.53,1.000
2023-05-18 15:00,6777.53,0.433
2023-05-18 15:10,6777.53,1.000
2023-05-18 15:20,6777.53,1.000
2023-05-18 15:30,6777.53,0.650
2023-05-18 15:40,6777.53,1.000
2023-05-18 15:50,6777.53,1.000
2023-05-18 16:00,6777.53,1.000
2023-05-18 16:10,6777.53,1.000
2023-05-18 16:20,6777.53,1.000
2023-05-18 16:30,6777.53,1.000
2023-05-18 16:40,6777.53,1.000
2023-05-18 16:50,6777.53,1.000
2023-05-18 17:00,6777.53,1.000
2023-05-18 17:10,6777.53,1.000
2023-05-18 17:20,6777.53,0.850
2023-05-18 17:30,6777.53,0.667
2023-05-18 17:40,6777.94,1.000
2023-05-18 17:50,6779.73,1.000
2023-05-18 18:00,6779.73,0.400
2023-05-18 18:10,6779.73,0.933
2023-05-18 18:20,6779.73,0.567
2023-05-18 18:30,6790.23,1.000
2023-05-18 18:40,6792.94,0.717
2023-05-18 18:50,6792.94,0.800
2023-05-18 19:00,6800.00,1.000
2023-05-18 19:10,6809.73,1.000
2023-05-18 19:20,6817.95,1.000
2023-05-18 19:30,6823.20,0.767
2023-05-18 19:40,6823.20,0.617
2023-05-18 19:50,6823.20,0.733
2023-05-18 20:00,6823.20,1.000
2023-05-18 20:10,6828.65,1.000
2023-05-18 20:20,6837.09,1.000
2023-05-18 20:30,6845.40,1.000
2023-05-18 20:40,6853.04,1.000
2023-05-18 20:50,6855.37,0.867
2023-05-18 21:00,6855.37,0.850
2023-05-18 21:10,6859.33,1.000
2023-05-18 21:20,6866.87,1.000
2023-05-18 21:30,6875.02,1.000
2023-05-18 21:40,6883.04,1.000
2023-05-18 21:50,6890.71,1.000
2023-05-18 22:00,6898.04,1.000
2023-05-18 22:10,6904.91,1.000
2023-05-18 22:20,6911.42,1.000
2023-05-18 22:30,6917.71,1.000
2023-05-18 22:40,6919.06,0.467
2023-05-18 22:50,6923.49,1.000
2023-05-18 23:00,6929.50,1.000
2023-05-18 23:10,6935.15,1.000
2023-05-18 23:20,6940.64,1.000
2023-05-18 23:30,6945.98,1.000
2023-05-18 23:40,6950.14,1.000
2023-05-18 23:50,6950.14,1.000
2023-05-19 00:00,6950.14,1.000
2023-05-19 00:10,6950.14,1.000
2023-05-19 00:20,6950.14,1.000
2023-05-19 00:30,6950.14,1.000
2023-05-19 00:40,6950.14,1.000
2023-05-19 00:50,6950.14,1.000
2023-05-19 01:00,6950.14,1.000
2023-05-19 01:10,6950.14,1.000
2023-05-19 01:20,6950.14,1.000
2023-05-19 01:30,6950.14,1.000
2023-05-19 01:40,6950.14,1.000
2023-05-19 01:50,6950.14,1.000
2023-05-19 02:00,6950.14,0.850
2023-05-19 02:10,6950.14,0.233
2023-05-19 02:20,6950.14,1.000
2023-05-19 02:30,6950.14,1.000
2023-05-19 02:40,6950.14,0.117
2023-05-19 02:50,6950.14,0.000
2023-05-19 03:00,6950.14,0.000
2023-05-19 03:10,6950.14,0.000
2023-05-19 03:20,6950.14,0.000
2023-05-19 03:30,6950.14,0.000
2023-05-19 03:40,6950.14,0.217
2023-05-19 03:50,6950.14,0.000
2023-05-19 04:00,6950.14,0.000
2023-05-19 04:10,6950.14,0.067
2023-05-19 04:20,6950.14,0.250
2023-05-19 04:30,6950.14,0.067
2023-05-19 04:40,6950.14,0.000
2023-05-19 04:50,6950.14,0.000
2023-05-19 05:00,6950.14,0.000
2023-05-19 05:10,6950.14,0.000
2023-05-19 05:20,6950.14,0.750
2023-05-19 05:30,6950.14,0.117
2023-05-19 05:40,6950.14,0.000
2023-05-19 05:50,6950.14,0.000
2023-05-19 06:00,6950.14,0.000
2023-05-19 06:10,6950.14,0.000
2023-05-19 06:20,6950.14,0.000
2023-05-19 06:30,6950.14,0.000
2023-05-19 06:40,6950.14,0.000
2023-05-19 06:50,6950.14,0.000
2023-05-19 07:00,6950.14,0.000
2023-05-19 07:10,6950.14,0.000
2023-05-19 07:20,6950.14,0.000
2023-05-19 07:30,6950.14,0.000
2023-05-19 07:40,6950.14,0.000
2023-05-19 07:50,6950.14,0.000
2023-05-19 08:00,6950.14,0.000
2023-05-19 08:10,6950.14,0.000
2023-05-19 08:20,6950.14,0.000
2023-05-19 08:30,6950.14,0.000
2023-05-19 08:40,6950.14,0.000
2023-05-19 08:50,6950.14,0.000
2023-05-19 09:00,6950.14,0.000
2023-05-19 09:10,6950.14,0.000
2023-05-19 09:20,6950.14,0.000
2023-05-19 09:30,6950.14,0.000
2023-05-19 09:40,6950.14,0.000
2023-05-19 09:50,6950.14,0.000
2023-05-19 10:00,6950.14,0.000
2023-05-19 10:10,6950.14,0.000
2023-05-19 10:20,6950.14,0.000
2023-05-19 10:30,6950.14,0.000
2023-05-19 10:40,6950.14,0.000
2023-05-19 10:50,6950.14,0.000
2023-05-19 11:00,6950.14,0.000
2023-05-19 11:10,6950.14,0.000
2023-05-19 11:20,6950.14,0.000
2023-05-19 11:30,6950.14,0.250
2023-05-19 11:40,6950.14,0.000
2023-05-19 11:50,6950.14,0.000
2023-05-19 12:00,6950.14,0.000
2023-05-19 12:10,6950.14,0.000
2023-05-19 12:20,6950.14,0.000
2023-05-19 12:30,6950.14,0.000
2023-05-19 12:40,6950.14,0.000
2023-05-19 12:50,6950.14,0.000
2023-05-19 13:00,6950.14,0.000
2023-05-19 13:10,6950.14,0.000
2023-05-19 13:20,6950.14,0.000
2023-05-19 13:30,6950.14,0.000
2023-05-19 13:40,6950.14,0.000
2023-05-19 13:50,6950.14,0.000
2023-05-19 14:00,6950.14,0.000
2023-05-19 14:10,6950.14,0.000
2023-05-19 14:20,6950.14,0.000
2023-05-19 14:30,6950.14,0.000
2023-05-19 14:40,6950.14,0.000
2023-05-19 14:50,6950.14,0.000
2023-05-19 15:00,6950.14,0.000
2023-05-19 15:10,6950.14,0.000
2023-05-19 15:20,6950.14,0.000
2023-05-19 15:30,6950.14,0.000
2023-05-19 15:40,6950.14,0.000
2023-05-19 15:50,6950.14,0.000
2023-05-19 16:00,6950.14,0.000
2023-05-19 16:10,6950.14,0.000
2023-05-19 16:20,6950.14,0.000
2023-05-19 16:30,6950.14,0.000
2023-05-19 16:40,6950.14,0.000
2023-05-19 16:50,6950.14,0.000
2023-05-19 17:00,6950.14,0.000
2023-05-19 17:10,6950.14,0.000
2023-05-19 17:20,6950.14,0.000
2023-05-19 17:30,6950.14,0.000
2023-05-19 17:40,6950.14,0.000
2023-05-19 17:50,6950.14,0.000
2023-05-19 18:00,6950.14,0.000
2023-05-19 18:10,6950.14,0.000
2023-05-19 18:20,6950.14,0.000
2023-05-19 18:30,6950.14,0.000
2023-05-19 18:40,6950.14,0.000
2023-05-19 18:50,6950.14,0.000
2023-05-19 19:00,6950.14,0.000
2023-05-19 19:10,6950.14,0.000
2023-05-19 19:20,6950.14,0.000
2023-05-19 19:30,6950.14,0.000
2023-05-19 19:40,6950.14,0.000
2023-05-19 19:50,6950.14,0.000
2023-05-19 20:00,6950.14,0.000
2023-05-19 20:10,6950.14,0.000
2023-05-19 20:20,6950.14,0.000
2023-05-19 20:30,6950.14,0.000
2023-05-19 20:40,6950.14,0.000
2023-05-19 20:50,6950.14,0.000
2023-05-19 21:00,6950.14,0.000
2023-05-19 21:10,6950.14,0.000
2023-05-19 21:20,6950.14,0.000
2023-05-19 21:30,6950.14,0.000
2023-05-19 21:40,6950.14,0.000
2023-05-19 21:50,6950.14,0.000
2023-05-19 22:00,6950.14,0.000
2023-05-19 22:10,6950.14,0.000
2023-05-19 22:20,6950.14,0.000
2023-05-19 22:30,6950.14,0.000
2023-05-19 22:40,6950.14,0.000
2023-05-19 22:50,6950.14,0.000
2023-05-19 23:00,6950.14,0.000
2023-05-19 23:10,6950.14,0.000
2023-05-19 23:20,6950.14,0.000
2023-05-19 23:30,6950.14,0.000
2023-05-19 23:40,6950.14,0.000
2023-05-19 23:50,6950.14,0.000
2023-05-20 00:00,6950.14,0.000
2023-05-20 00:10,6950.14,0.000
2023-05-20 00:20,6950.14,0.000
2023-05-20 00:30,6950.14,0.000
2023-05-20 00:40,6950.14,0.000
2023-05-20 00:50,6950.14,0.000
2023-05-20 01:00,6950.14,0.000
2023-05-20 01:10,6950.14,0.000
2023-05-20 01:20,6950.14,0.000
2023-05-20 01:30,6950.14,0.000
2023-05-20 01:40,6950.14,0.500
2023-05-20 01:50,6950.14,0.717
2023-05-20 02:00,6950.14,0.600
2023-05-20 02:10,6950.14,0.000
2023-05-20 02:20,6950.14,0.000
2023-05-20 02:30,6950.14,0.000
2023-05-20 02:40,6950.14,0.000
2023-05-20 02:50,6950.14,0.000
2023-05-20 03:00,6950.14,0.000
2023-05-20 03:10,6950.14,0.000
2023-05-20 03:20,6950.14,0.000
2023-05-20 03:30,6950.14,0.000
2023-05-20 03:40,6950.14,0.517
2023-05-20 03:50,6950.14,0.917
2023-05-20 04:00,6950.14,0.850
2023-05-20 04:10,6950.14,1.000
2023-05-20 04:20,6950.14,1.000
2023-05-20 04:30,6950.14,1.000
2023-05-20 04:40,6950.14,1.000
2023-05-20 04:50,6950.14,0.350
2023-05-20 05:00,6950.14,0.000
2023-05-20 05:10,6950.14,0.000
2023-05-20 05:20,6950.14,0.667
2023-05-20 05:30,6950.14,1.000
2023-05-20 05:40,6950.14,1.000
2023-05-20 05:50,6950.14,1.000
2023-05-20 06:00,6950.14,0.100
2023-05-20 06:10,6950.14,0.000
2023-05-20 06:20,6950.14,0.017
2023-05-20 06:30,6950.14,0.683
2023-05-20 06:40,6950.14,1.000
2023-05-20 06:50,6950.14,1.000
2023-05-20 07:00,6961.82,1.000
2023-05-20 07:10,6974.34,1.000
2023-05-20 07:20,6986.90,1.000
2023-05-20 07:30,6997.25,1.000
2023-05-20 07:40,7007.08,1.000
2023-05-20 07:50,7014.80,0.717
2023-05-20 08:00,7014.80,1.000
2023-05-20 08:10,7024.50,1.000
2023-05-20 08:20,7033.99,1.000
2023-05-20 08:30,7043.60,1.000
2023-05-20 08:40,7053.84,1.000
2023-05-20 08:50,7064.60,1.000
2023-05-20 09:00,7074.33,1.000
2023-05-20 09:10,7084.25,1.000
2023-05-20 09:20,7094.91,1.000
2023-05-20 09:30,7104.79,1.000
2023-05-20 09:40,7109.92,0.700
2023-05-20 09:50,7117.43,1.000
2023-05-20 10:00,7126.78,1.000
2023-05-20 10:10,7135.71,1.000
2023-05-20 10:20,7144.83,1.000
2023-05-20 10:30,7154.34,1.000
2023-05-20 10:40,7163.91,1.000
2023-05-20 10:50,7174.17,1.000
2023-05-20 11:00,7183.58,1.000
2023-05-20 11:10,7192.78,1.000
2023-05-20 11:20,7202.39,1.000
2023-05-20 11:30,7204.67,0.617
2023-05-20 11:40,7214.67,1.000
2023-05-20 11:50,7224.79,1.000
2023-05-20 12:00,7235.07,1.000
2023-05-20 12:10,7244.77,1.000
2023-05-20 12:20,7254.10,1.000
2023-05-20 12:30,7263.05,1.000
2023-05-20 12:40,7271.67,1.000
2023-05-20 12:50,7280.42,1.000
2023-05-20 13:00,7288.42,1.000
2023-05-20 13:10,7296.64,1.000
2023-05-20 13:20,7299.67,0.717
2023-05-20 13:30,7306.18,1.000
2023-05-20 13:40,7313.94,1.000
2023-05-20 13:50,7321.10,1.000
2023-05-20 14:00,7328.14,1.000
2023-05-20 14:10,7335.45,1.000
2023-05-20 14:20,7343.54,1.000
2023-05-20 14:30,7351.07,1.000
2023-05-20 14:40,7358.29,1.000
2023-05-20 14:50,7365.12,1.000
2023-05-20 15:00,7371.76,1.000
2023-05-20 15:10,7378.85,1.000
2023-05-20 15:20,7385.79,1.000
2023-05-20 15:30,7392.61,1.000
2023-05-20 15:40,7394.54,0.733
2023-05-20 15:50,7401.05,1.000
2023-05-20 16:00,7408.07,1.000
2023-05-20 16:10,7415.18,1.000
2023-05-20 16:20,7423.09,1.000
2023-05-20 16:30,7430.09,1.000
2023-05-20 16:40,7436.81,1.000
2023-05-20 16:50,7443.65,1.000
2023-05-20 17:00,7449.94,1.000
2023-05-20 17:10,7452.60,0.800
2023-05-20 17:20,7459.12,1.000
2023-05-20 17:30,7464.99,1.000
2023-05-20 17:40,7470.92,1.000
2023-05-20 17:50,7477.22,1.000
2023-05-20 18:00,7484.28,1.000
2023-05-20 18:10,7489.89,0.967
2023-05-20 18:20,7489.89,0.650
2023-05-20 18:30,7494.92,1.000
2023-05-20 18:40,7499.84,1.000
2023-05-20 18:50,7505.29,1.000
2023-05-20 19:00,7510.76,1.000
2023-05-20 19:10,7516.21,1.000
2023-05-20 19:20,7522.01,1.000
2023-05-20 19:30,7528.15,1.000
2023-05-20 19:40,7534.20,1.000
2023-05-20 19:50,7539.94,1.000
2023-05-20 20:00,7546.78,1.000
2023-05-20 20:10,7553.32,1.000
2023-05-20 20:20,7560.34,1.000
2023-05-20 20:30,7569.18,1.000
2023-05-20 20:40,7577.40,1.000
2023-05-20 20:50,7583.98,0.850
2023-05-20 21:00,7583.98,1.000
2023-05-20 21:10,7583.98,1.000
2023-05-20 21:20,7583.98,1.000
2023-05-20 21:30,7583.98,1.000
2023-05-20 21:40,7583.98,0.833
2023-05-20 21:50,7583.98,0.000
2023-05-20 22:00,7583.98,0.350
2023-05-20 22:10,7583.98,1.000
2023-05-20 22:20,7583.98,0.250
2023-05-20 22:30,7583.98,0.000
2023-05-20 22:40,7583.98,0.000
2023-05-20 22:50,7583.98,0.250
2023-05-20 23:00,7583.98,0.000
2023-05-20 23:10,7583.98,0.067
2023-05-20 23:20,7583.98,0.117
2023-05-20 23:30,7583.98,0.000
2023-05-20 23:40,7583.98,0.000
2023-05-20 23:50,7583.98,0.000
2023-05-21 00:00,7583.98,0.217
2023-05-21 00:10,7583.98,0.150
2023-05-21 00:20,7583.98,0.000
2023-05-21 00:30,7583.98,0.000
2023-05-21 00:40,7583.98,0.000
2023-05-21 00:50,7583.98,0.400
2023-05-21 01:00,7583.98,0.350
2023-05-21 01:10,7583.98,0.000
2023-05-21 01:20,7583.98,0.017
2023-05-21 01:30,7583.98,0.000
2023-05-21 01:40,7583.98,0.017
2023-05-21 01:50,7583.98,0.000
2023-05-21 02:00,7583.98,0.033
2023-05-21 02:10,7583.98,0.000
2023-05-21 02:20,7583.98,0.000
2023-05-21 02:30,7583.98,0.000
2023-05-21 02:40,7583.98,0.000
2023-05-21 02:50,7583.98,0.000
2023-05-21 03:00,7583.98,0.000
2023-05-21 03:10,7583.98,0.000
2023-05-21 03:20,7583.98,0.000
2023-05-21 03:30,7583.98,0.000
2023-05-21 03:40,7583.98,0.000
2023-05-21 03:50,7583.98,0.000
2023-05-21 04:00,7583.98,0.000
2023-05-21 04:10,7583.98,0.000
2023-05-21 04:20,7583.98,0.000
2023-05-21 04:30,7583.98,0.600
2023-05-21 04:40,7583.98,0.000
2023-05-21 04:50,7583.98,0.000
2023-05-21 05:00,7583.98,0.000
2023-05-21 05:10,7583.98,0.000
2023-05-21 05:20,7583.98,0.000
2023-05-21 05:30,7583.98,0.000
2023-05-21 05:40,7583.98,0.000
2023-05-21 05:50,7583.98,0.000
2023-05-21 06:00,7583.98,0.000
2023-05-21 06:10,7583.98,0.000
2023-05-21 06:20,7583.98,0.000
2023-05-21 06:30,7583.98,0.400
2023-05-21 06:40,7583.98,0.000
2023-05-21 06:50,7583.98,0.000
2023-05-21 07:00,7583.98,0.000
2023-05-21 07:10,7583.98,0.767
2023-05-21 07:20,7583.98,0.567
2023-05-21 07:30,7583.98,0.000
2023-05-21 07:40,7583.98,0.000
2023-05-21 07:50,7583.98,0.450
2023-05-21 08:00,7583.98,1.000
2023-05-21 08:10,7583.98,0.967
2023-05-21 08:20,7583.98,0.000
2023-05-21 08:30,7583.98,0.633
2023-05-21 08:40,7583.98,0.583
2023-05-21 08:50,7583.98,1.000
2023-05-21 09:00,7583.98,1.000
2023-05-21 09:10,7583.98,0.167
2023-05-21 09:20,7583.98,0.550
2023-05-21 09:30,7583.98,1.000
2023-05-21 09:40,7583.98,1.000
2023-05-21 09:50,7583.98,1.000
2023-05-21 10:00,7583.98,0.533
2023-05-21 10:10,7583.98,0.400
2023-05-21 10:20,7583.98,0.883
2023-05-21 10:30,7583.98,0.867
2023-05-21 10:40,7609.05,1.000
2023-05-21 10:50,7636.25,0.867
2023-05-21 11:00,7638.25,0.883
2023-05-21 11:10,7662.19,1.000
2023-05-21 11:20,7668.75,0.800
2023-05-21 11:30,7688.89,1.000
2023-05-21 11:40,7708.56,0.783
2023-05-21 11:50,7708.56,1.000
2023-05-21 12:00,7712.09,1.000
2023-05-21 12:10,7718.80,1.000
2023-05-21 12:20,7725.49,1.000
2023-05-21 12:30,7730.98,1.000
2023-05-21 12:40,7730.98,0.533
2023-05-21 12:50,7755.35,1.000
2023-05-21 13:00,7767.96,0.783
2023-05-21 13:10,7771.44,1.000
2023-05-21 13:20,7777.55,1.000
2023-05-21 13:30,7784.13,1.000
2023-05-21 13:40,7792.28,1.000
2023-05-21 13:50,7798.53,0.917
2023-05-21 14:00,7798.53,0.883
2023-05-21 14:10,7805.13,1.000
2023-05-21 14:20,7810.96,1.000
2023-05-21 14:30,7817.96,1.000
2023-05-21 14:40,7827.31,0.750
2023-05-21 14:50,7829.72,1.000
2023-05-21 15:00,7835.17,1.000
2023-05-21 15:10,7840.62,1.000
2023-05-21 15:20,7846.14,1.000
2023-05-21 15:30,7851.83,1.000
2023-05-21 15:40,7859.06,0.817
2023-05-21 15:50,7859.06,0.717
2023-05-21 16:00,7863.53,1.000
2023-05-21 16:10,7869.34,1.000
2023-05-21 16:20,7875.10,1.000
2023-05-21 16:30,7879.02,1.000
2023-05-21 16:40,7891.25,0.833
2023-05-21 16:50,7891.25,0.933
2023-05-21 17:00,7897.58,1.000
2023-05-21 17:10,7902.46,1.000
2023-05-21 17:20,7908.06,1.000
2023-05-21 17:30,7914.02,1.000
2023-05-21 17:40,7916.90,1.000
2023-05-21 17:50,7922.04,0.483
2023-05-21 18:00,7924.35,1.000
2023-05-21 18:10,7930.64,1.000
2023-05-21 18:20,7934.00,1.000
2023-05-21 18:30,7953.97,0.900
2023-05-21 18:40,7955.87,0.967
2023-05-21 18:50,7960.52,1.000
2023-05-21 19:00,7964.02,1.000
2023-05-21 19:10,7979.13,1.000
2023-05-21 19:20,7986.75,0.883
2023-05-21 19:30,7990.30,1.000
2023-05-21 19:40,7993.78,1.000
2023-05-21 19:50,7996.81,1.000
2023-05-21 20:00,8012.67,1.000
2023-05-21 20:10,8018.57,0.550
2023-05-21 20:20,8021.14,1.000
2023-05-21 20:30,8022.29,0.800
2023-05-21 20:40,8026.46,1.000
2023-05-21 20:50,8030.02,1.000
2023-05-21 21:00,8040.37,1.000
2023-05-21 21:10,8051.00,0.867
2023-05-21 21:20,8058.89,1.000
2023-05-21 21:30,8074.51,1.000
2023-05-21 21:40,8085.01,0.850
2023-05-21 21:50,8085.01,1.000
2023-05-21 22:00,8085.01,1.000
2023-05-21 22:10,8085.01,1.000
2023-05-21 22:20,8085.01,1.000
2023-05-21 22:30,8085.01,0.833
2023-05-21 22:40,8085.01,0.000
2023-05-21 22:50,8085.01,0.000
2023-05-21 23:00,8085.01,0.533
2023-05-21 23:10,8085.01,0.283
2023-05-21 23:20,8085.01,0.000
2023-05-21 23:30,8085.01,0.000
2023-05-21 23:40,8085.01,0.000
2023-05-21 23:50,8085.01,0.000
2023-05-22 00:00,8085.01,0.000
2023-05-22 00:10,8085.01,0.000
2023-05-22 00:20,8085.01,0.033
2023-05-22 00:30,8085.01,0.000
2023-05-22 00:40,8085.01,0.000
2023-05-22 00:50,8085.01,0.000
2023-05-22 01:00,8085.01,0.000
2023-05-22 01:10,8085.01,0.317
2023-05-22 01:20,8085.01,0.000
2023-05-22 01:30,8085.01,0.000
2023-05-22 01:40,8085.01,0.100
2023-05-22 01:50,8085.01,0.000
2023-05-22 02:00,8085.01,0.000
2023-05-22 02:10,8085.01,0.000
2023-05-22 02:20,8085.01,0.000
2023-05-22 02:30,8085.01,0.000
2023-05-22 02:40,8085.01,0.000
2023-05-22 02:50,8085.01,0.000
2023-05-22 03:00,8085.01,0.000
2023-05-22 03:10,8085.01,0.000
2023-05-22 03:20,8085.01,0.000
2023-05-22 03:30,8085.01,0.000
2023-05-22 03:40,8085.01,0.000
2023-05-22 03:50,8085.01,0.000
2023-05-22 04:00,8085.01,0.000
2023-05-22 04:10,8085.01,0.000
2023-05-22 04:20,8085.01,0.000
2023-05-22 04:30,8085.01,0.000
2023-05-22 04:40,8085.01,0.833
2023-05-22 04:50,8085.01,0.833
2023-05-22 05:00,8085.01,0.000
2023-05-22 05:10,8085.01,0.000
2023-05-22 05:20,8085.01,0.000
2023-05-22 05:30,8085.01,0.000
2023-05-22 05:40,8085.01,0.000
2023-05-22 05:50,8085.01,0.000
2023-05-22 06:00,8085.01,0.000
2023-05-22 06:10,8085.01,0.000
2023-05-22 06:20,8085.01,0.000
2023-05-22 06:30,8085.01,0.000
2023-05-22 06:40,8085.01,0.000
2023-05-22 06:50,8085.01,0.000
2023-05-22 07:00,8085.01,0.000
2023-05-22 07:10,8085.01,0.000
2023-05-22 07:20,8085.01,0.000
2023-05-22 07:30,8085.01,0.000
2023-05-22 07:40,8085.01,0.000
2023-05-22 07:50,8085.01,0.000
2023-05-22 08:00,8085.01,0.000
2023-05-22 08:10,8085.01,0.000
2023-05-22 08:20,8085.01,0.000
2023-05-22 08:30,8085.01,0.000
2023-05-22 08:40,8085.01,0.000
2023-05-22 08:50,8085.01,0.000
2023-05-22 09:00,8085.01,0.000
2023-05-22 09:10,8085.01,0.000
2023-05-22 09:20,8085.01,0.000
2023-05-22 09:30,8085.01,0.000
2023-05-22 09:40,8085.01,0.000
2023-05-22 09:50,8085.01,0.000
2023-05-22 10:00,8085.01,0.000
2023-05-22 10:10,8085.01,0.000
2023-05-22 10:20,8085.01,0.000
2023-05-22 10:30,8085.01,0.000
2023-05-22 10:40,8085.01,0.000
2023-05-22 10:50,8085.01,0.000
2023-05-22 11:00,8085.01,0.000
2023-05-22 11:10,8085.01,0.000
2023-05-22 11:20,8085.01,0.000
2023-05-22 11:30,8085.01,0.000
2023-05-22 11:40,8085.01,0.000
2023-05-22 11:50,8085.01,0.000
2023-05-22 12:00,8085.01,0.000
2023-05-22 12:10,8085.01,0.000
2023-05-22 12:20,8085.01,0.000
2023-05-22 12:30,8085.01,0.000
2023-05-22 12:40,8085.01,0.000
2023-05-22 12:50,8085.01,0.000
2023-05-22 13:00,8085.01,0.000
2023-05-22 13:10,8085.01,0.000
2023-05-22 13:20,8085.01,0.000
2023-05-22 13:30,8085.01,0.000
2023-05-22 13:40,8085.01,0.000
2023-05-22 13:50,8085.01,0.000
2023-05-22 14:00,8085.01,0.000
2023-05-22 14:10,8085.01,0.200
2023-05-22 14:20,8085.01,0.867
2023-05-22 14:30,8085.01,0.300
2023-05-22 14:40,8085.01,0.000
2023-05-22 14:50,8085.01,0.000
2023-05-22 15:00,8085.01,0.000
2023-05-22 15:10,8085.01,0.000
2023-05-22 15:20,8085.01,0.000
2023-05-22 15:30,8085.01,0.000
2023-05-22 15:40,8085.01,0.000
2023-05-22 15:50,8085.01,0.000
2023-05-22 16:00,8085.01,0.000
2023-05-22 16:10,8085.01,0.000
2023-05-22 16:20,8085.01,0.000
2023-05-22 16:30,8085.01,0.000
2023-05-22 16:40,8085.01,0.000
2023-05-22 16:50,8085.01,0.000
2023-05-22 17:00,8085.01,0.000
2023-05-22 17:10,8085.01,0.000
2023-05-22 17:20,8085.01,0.000
2023-05-22 17:30,8085.01,0.000
2023-05-22 17:40,8085.01,0.500
2023-05-22 17:50,8085.01,0.000
2023-05-22 18:00,8085.01,0.000
2023-05-22 18:10,8085.01,0.000
2023-05-22 18:20,8085.01,0.000
2023-05-22 18:30,8085.01,0.000
2023-05-22 18:40,8085.01,0.000
2023-05-22 18:50,8085.01,0.000
2023-05-22 19:00,8085.01,0.000
2023-05-22 19:10,8085.01,0.000
2023-05-22 19:20,8085.01,0.283
2023-05-22 19:30,8085.01,0.000
2023-05-22 19:40,8085.01,0.000
2023-05-22 19:50,8085.01,0.000
2023-05-22 20:00,8085.01,0.000
2023-05-22 20:10,8085.01,0.000
2023-05-22 20:20,8085.01,0.200
2023-05-22 20:30,8085.01,1.000
2023-05-22 20:40,8085.01,0.283
2023-05-22 20:50,8085.01,0.000
2023-05-22 21:00,8085.01,0.000
2023-05-22 21:10,8085.01,0.267
2023-05-22 21:20,8085.01,1.000
2023-05-22 21:30,8085.01,0.283
2023-05-22 21:40,8085.01,0.000
2023-05-22 21:50,8085.01,0.167
2023-05-22 22:00,8085.01,0.850
2023-05-22 22:10,8085.01,0.617
2023-05-22 22:20,8085.01,0.000
2023-05-22 22:30,8085.01,0.000
2023-05-22 22:40,8085.01,0.000
2023-05-22 22:50,8085.01,0.000
2023-05-22 23:00,8085.01,0.000
2023-05-22 23:10,8085.01,0.400
2023-05-22 23:20,8085.01,1.000
2023-05-22 23:30,8085.01,0.800
2023-05-22 23:40,8085.84,1.000
2023-05-22 23:50,8089.00,1.000
2023-05-23 00:00,8106.51,0.633
2023-05-23 00:10,8108.06,1.000
2023-05-23 00:20,8113.53,1.000
2023-05-23 00:30,8151.83,1.000
2023-05-23 00:40,8152.94,0.767
2023-05-23 00:50,8182.96,1.000
2023-05-23 01:00,8197.41,0.567
2023-05-23 01:10,8197.87,0.917
2023-05-23 01:20,8203.99,1.000
2023-05-23 01:30,8209.46,1.000
2023-05-23 01:40,8220.56,1.000
2023-05-23 01:50,8255.96,1.000
2023-05-23 02:00,8257.58,0.795
2023-05-23 02:20,8259.95,1.000
2023-05-23 02:30,8264.51,1.000
2023-05-23 02:40,8268.23,1.000
2023-05-23 02:50,8272.02,1.000
2023-05-23 03:00,8275.85,1.000
2023-05-23 03:10,8279.93,1.000
2023-05-23 03:20,8287.29,0.850
2023-05-23 03:30,8287.29,0.433
2023-05-23 03:40,8287.99,1.000
2023-05-23 03:50,8290.79,1.000
2023-05-23 04:00,8294.51,1.000
2023-05-23 04:10,8307.89,1.000
2023-05-23 04:20,8316.44,0.883
2023-05-23 04:30,8318.46,1.000
2023-05-23 04:40,8321.82,1.000
2023-05-23 04:50,8325.55,1.000
2023-05-23 05:00,8329.84,1.000
2023-05-23 05:10,8342.56,1.000
2023-05-23 05:20,8357.00,0.850
2023-05-23 05:30,8362.95,1.000
2023-05-23 05:40,8368.09,1.000
2023-05-23 05:50,8371.90,0.667
2023-05-23 06:00,8371.90,0.850
2023-05-23 06:10,8388.82,0.700
2023-05-23 06:20,8388.82,0.900
2023-05-23 06:30,8395.00,1.000
2023-05-23 06:40,8399.63,1.000
2023-05-23 06:50,8403.95,1.000
2023-05-23 07:00,8407.81,1.000
2023-05-23 07:10,8412.35,1.000
2023-05-23 07:20,8417.18,1.000
2023-05-23 07:30,8419.99,0.767
2023-05-23 07:40,8426.73,1.000
2023-05-23 07:50,8449.55,1.000
2023-05-23 08:00,8449.55,0.783
2023-05-23 08:10,8478.30,1.000
2023-05-23 08:20,8488.03,0.700
2023-05-23 08:30,8488.03,0.783
2023-05-23 08:40,8511.80,1.000
2023-05-23 08:50,8514.90,0.600
2023-05-23 09:00,8514.90,0.667
2023-05-23 09:10,8514.90,0.750
2023-05-23 09:20,8532.80,1.000
2023-05-23 09:30,8547.00,0.783
2023-05-23 09:40,8547.00,0.800
2023-05-23 09:50,8547.00,0.783
2023-05-23 10:00,8567.45,1.000
2023-05-23 10:10,8577.66,0.667
2023-05-23 10:20,8585.02,1.000
2023-05-23 10:30,8585.02,1.000
2023-05-23 10:40,8585.02,1.000
2023-05-23 10:50,8585.02,1.000
2023-05-23 11:00,8585.02,1.000
2023-05-23 11:10,8585.02,1.000
2023-05-23 11:20,8585.02,1.000
2023-05-23 11:30,8585.02,1.000
2023-05-23 11:40,8585.02,0.867
2023-05-23 11:50,8585.02,1.000
2023-05-23 12:00,8585.02,1.000
2023-05-23 12:10,8585.02,1.000
2023-05-23 12:20,8585.02,1.000
2023-05-23 12:30,8585.02,1.000
2023-05-23 12:40,8585.02,1.000
2023-05-23 12:50,8585.02,1.000
2023-05-23 13:00,8585.02,1.000
2023-05-23 13:10,8585.02,1.000
2023-05-23 13:20,8585.02,1.000
2023-05-23 13:30,8585.02,1.000
2023-05-23 13:40,8585.02,1.000
2023-05-23 13:50,8585.02,1.000
2023-05-23 14:00,8585.02,1.000
2023-05-23 14:10,8585.02,1.000
2023-05-23 14:20,8585.02,1.000
2023-05-23 14:30,8585.02,1.000
2023-05-23 14:40,8585.02,1.000
2023-05-23 14:50,8585.02,1.000
2023-05-23 15:00,8585.02,1.000
2023-05-23 15:10,8585.02,1.000
2023-05-23 15:20,8585.02,1.000
2023-05-23 15:30,8585.02,1.000
2023-05-23 15:40,8585.02,1.000
2023-05-23 15:50,8585.02,1.000
2023-05-23 16:00,8585.02,0.383
2023-05-23 16:10,8585.02,0.000
2023-05-23 16:20,8585.02,0.000
2023-05-23 16:30,8585.02,0.000
2023-05-23 16:40,8585.02,0.600
2023-05-23 16:50,8585.02,1.000
2023-05-23 17:00,8585.02,0.133
2023-05-23 17:10,8585.02,0.000
2023-05-23 17:20,8585.02,0.000
2023-05-23 17:30,8585.02,0.000
2023-05-23 17:40,8585.02,0.000
2023-05-23 17:50,8585.02,0.000
2023-05-23 18:00,8585.02,0.000
2023-05-23 18:10,8585.02,0.000
2023-05-23 18:20,8585.02,0.233
2023-05-23 18:30,8585.02,0.000
2023-05-23 18:40,8585.02,0.000
2023-05-23 18:50,8585.02,0.000
2023-05-23 19:00,8585.02,0.033
2023-05-23 19:10,8585.02,0.000
2023-05-23 19:20,8585.02,0.317
2023-05-23 19:30,8585.02,0.000
2023-05-23 19:40,8585.02,0.067
2023-05-23 19:50,8585.02,0.000
2023-05-23 20:00,8585.02,0.000
2023-05-23 20:10,8585.02,0.000
2023-05-23 20:20,8585.02,0.000
2023-05-23 20:30,8585.02,0.000
2023-05-23 20:40,8585.02,0.000
2023-05-23 20:50,8585.02,0.000
2023-05-23 21:00,8585.02,0.000
2023-05-23 21:10,8585.02,0.000
2023-05-23 21:20,8585.02,0.000
2023-05-23 21:30,8585.02,0.000
2023-05-23 21:40,8585.02,0.367
2023-05-23 21:50,8585.02,0.000
2023-05-23 22:00,8585.02,0.000
2023-05-23 22:10,8585.02,0.000
2023-05-23 22:20,8585.02,0.000
2023-05-23 22:30,8585.02,0.000
2023-05-23 22:40,8585.02,0.000
2023-05-23 22:50,8585.02,0.000
2023-05-23 23:00,8585.02,0.000
2023-05-23 23:10,8585.02,0.000
2023-05-23 23:20,8585.02,0.000
2023-05-23 23:30,8585.02,0.000
2023-05-23 23:40,8585.02,0.000
2023-05-23 23:50,8585.02,0.000
2023-05-24 00:00,8585.02,0.000
2023-05-24 00:10,8585.02,0.000
2023-05-24 00:20,8585.02,0.000
2023-05-24 00:30,8585.02,0.000
2023-05-24 00:40,8585.02,0.000
2023-05-24 00:50,8585.02,0.000
2023-05-24 01:00,8585.02,0.000
2023-05-24 01:10,8585.02,0.000
2023-05-24 01:20,8585.02,0.000
2023-05-24 01:30,8585.02,0.000
2023-05-24 01:40,8585.02,0.000
2023-05-24 01:50,8585.02,0.000
2023-05-24 02:00,8585.02,0.000
2023-05-24 02:10,8585.02,0.000
2023-05-24 02:20,8585.02,0.000
2023-05-24 02:30,8585.02,0.000
2023-05-24 02:40,8585.02,0.000
2023-05-24 02:50,8585.02,0.000
2023-05-24 03:00,8585.02,0.000
2023-05-24 03:10,8585.02,0.000
2023-05-24 03:20,8585.02,0.000
2023-05-24 03:30,8585.02,0.000
2023-05-24 03:40,8585.02,0.000
2023-05-24 03:50,8585.02,0.000
2023-05-24 04:00,8585.02,0.000
2023-05-24 04:10,8585.02,0.000
2023-05-24 04:20,8585.02,0.000
2023-05-24 04:30,8585.02,0.000
2023-05-24 04:40,8585.02,0.000
2023-05-24 04:50,8585.02,0.000
2023-05-24 05:00,8585.02,0.000
2023-05-24 05:10,8585.02,0.000
2023-05-24 05:20,8585.02,0.000
2023-05-24 05:30,8585.02,0.000
2023-05-24 05:40,8585.02,0.000
2023-05-24 05:50,8585.02,0.000
2023-05-24 06:00,8585.02,0.000
2023-05-24 06:10,8585.02,0.000
2023-05-24 06:20,8585.02,0.000
2023-05-24 06:30,8585.02,0.000
2023-05-24 06:40,8585.02,0.000
2023-05-24 06:50,8585.02,0.000
2023-05-24 07:00,8585.02,0.000
2023-05-24 07:10,8585.02,0.000
2023-05-24 07:20,8585.02,0.000
2023-05-24 07:30,8585.02,0.000
2023-05-24 07:40,8585.02,0.000
2023-05-24 07:50,8585.02,0.000
2023-05-24 08:00,8585.02,0.000
2023-05-24 08:10,8585.02,0.000
2023-05-24 08:20,8585.02,0.000
2023-05-24 08:30,8585.02,0.000
2023-05-24 08:40,8585.02,0.000
2023-05-24 08:50,8585.02,0.000
2023-05-24 09:00,8585.02,0.000
2023-05-24 09:10,8585.02,0.000
2023-05-24 09:20,8585.02,0.000
2023-05-24 09:30,8585.02,0.000
2023-05-24 09:40,8585.02,0.000
2023-05-24 09:50,8585.02,0.000
2023-05-24 10:00,8585.02,0.000
2023-05-24 10:10,8585.02,0.000
2023-05-24 10:20,8585.02,0.000
2023-05-24 10:30,8585.02,0.000
2023-05-24 10:40,8585.02,0.000
2023-05-24 10:50,8585.02,0.000
2023-05-24 11:00,8585.02,0.000
2023-05-24 11:10,8585.02,0.000
2023-05-24 11:20,8585.02,0.000
2023-05-24 11:30,8585.02,0.000
2023-05-24 11:40,8585.02,0.000
2023-05-24 11:50,8585.02,0.000
2023-05-24 12:00,8585.02,0.000
2023-05-24 12:10,8585.02,0.000
2023-05-24 12:20,8585.02,0.000
2023-05-24 12:30,8585.02,0.000
2023-05-24 12:40,8585.02,0.000
2023-05-24 12:50,8585.02,0.000
2023-05-24 13:00,8585.02,0.000
2023-05-24 13:10,8585.02,0.000
2023-05-24 13:20,8585.02,0.000
2023-05-24 13:30,8585.02,0.000
2023-05-24 13:40,8585.02,0.000
2023-05-24 13:50,8585.02,0.000
2023-05-24 14:00,8585.02,0.000
2023-05-24 14:10,8585.02,0.000
2023-05-24 14:20,8585.02,0.000
2023-05-24 14:30,8585.02,0.000
2023-05-24 14:40,8585.02,0.000
2023-05-24 14:50,8585.02,0.000
2023-05-24 15:00,8585.02,0.000
2023-05-24 15:10,8585.02,0.000
2023-05-24 15:20,8585.02,0.000
2023-05-24 15:30,8585.02,0.000
2023-05-24 15:40,8585.02,0.000
2023-05-24 15:50,8585.02,0.000
2023-05-24 16:00,8585.02,0.000
2023-05-24 16:10,8585.02,0.000
2023-05-24 16:20,8585.02,0.000
2023-05-24 16:30,8585.02,0.000
2023-05-24 16:40,8585.02,0.000
2023-05-24 16:50,8585.02,0.000
2023-05-24 17:00,8585.02,0.000
2023-05-24 17:10,8585.02,0.000
2023-05-24 17:20,8585.02,0.000
2023-05-24 17:30,8585.02,0.000
2023-05-24 17:40,8585.02,0.000
2023-05-24 17:50,8585.02,0.367
2023-05-24 18:00,8585.02,0.800
2023-05-24 18:10,8585.02,0.667
2023-05-24 18:20,8585.02,0.000
2023-05-24 18:30,8585.02,0.000
2023-05-24 18:40,8585.02,0.000
2023-05-24 18:50,8585.02,0.000
2023-05-24 19:00,8585.02,0.000
2023-05-24 19:10,8585.02,0.000
2023-05-24 19:20,8585.02,0.000
2023-05-24 19:30,8585.02,0.000
2023-05-24 19:40,8585.02,0.000
2023-05-24 19:50,8585.02,0.000
2023-05-24 20:00,8585.02,0.000
2023-05-24 20:10,8585.02,0.000
2023-05-24 20:20,8585.02,0.000
2023-05-24 20:30,8585.02,0.000
2023-05-24 20:40,8585.02,0.000
2023-05-24 20:50,8585.02,0.000
2023-05-24 21:00,8585.02,0.000
2023-05-24 21:10,8585.02,0.517
2023-05-24 21:20,8585.02,0.967
2023-05-24 21:30,8585.02,0.467
2023-05-24 21:40,8585.02,0.000
2023-05-24 21:50,8585.02,0.000
2023-05-24 22:00,8585.02,0.000
2023-05-24 22:10,8585.02,0.000
2023-05-24 22:20,8585.02,0.000
2023-05-24 22:30,8585.02,0.000
2023-05-24 22:40,8585.02,0.000
2023-05-24 22:50,8585.02,0.000
2023-05-24 23:00,8585.02,0.683
2023-05-24 23:10,8585.02,1.000
2023-05-24 23:20,8585.02,1.000
2023-05-24 23:30,8585.02,0.067
2023-05-24 23:40,8585.02,0.517
2023-05-24 23:50,8585.02,0.733
2023-05-25 00:00,8585.02,0.000
2023-05-25 00:10,8585.02,0.733
2023-05-25 00:20,8585.02,0.517
2023-05-25 00:30,8585.02,0.250
2023-05-25 00:40,8585.02,0.967
2023-05-25 00:50,8585.02,0.000
2023-05-25 01:00,8585.02,0.783
2023-05-25 01:10,8585.02,1.000
2023-05-25 01:20,8585.02,0.167
2023-05-25 01:30,8585.02,0.000
2023-05-25 01:40,8585.02,0.517
2023-05-25 01:50,8585.02,0.783
2023-05-25 02:00,8585.02,0.317
2023-05-25 02:10,8585.02,1.000
2023-05-25 02:20,8590.55,0.467
2023-05-25 02:30,8590.55,1.000
2023-05-25 02:40,8637.65,1.000
2023-05-25 02:50,8650.97,0.883
2023-05-25 03:00,8680.14,0.967
2023-05-25 03:10,8680.14,0.350
2023-05-25 03:20,8716.09,1.000
2023-05-25 03:30,8746.05,0.783
2023-05-25 03:40,8761.33,1.000
2023-05-25 03:50,8780.50,0.433
2023-05-25 04:00,8780.50,0.883
2023-05-25 04:10,8782.21,0.833
2023-05-25 04:20,8783.67,1.000
2023-05-25 04:30,8787.97,1.000
2023-05-25 04:40,8792.13,1.000
2023-05-25 04:50,8796.74,1.000
2023-05-25 05:00,8802.30,1.000
2023-05-25 05:10,8807.77,1.000
2023-05-25 05:20,8812.71,1.000
2023-05-25 05:30,8831.01,1.000
2023-05-25 05:40,8860.34,1.000
2023-05-25 05:50,8870.65,0.483
2023-05-25 06:00,8876.23,0.950
2023-05-25 06:10,8879.42,0.900
2023-05-25 06:20,8879.42,0.683
2023-05-25 06:30,8883.96,1.000
2023-05-25 06:40,8892.40,1.000
2023-05-25 06:50,8901.02,1.000
2023-05-25 07:00,8907.02,1.000
2023-05-25 07:10,8923.08,1.000
2023-05-25 07:20,8945.62,1.000
2023-05-25 07:30,8960.00,1.000
2023-05-25 07:40,8975.06,0.800
2023-05-25 07:50,8984.37,0.767
2023-05-25 08:00,9011.20,1.000
2023-05-25 08:10,9040.19,1.000
2023-05-25 08:20,9069.29,1.000
2023-05-25 08:30,9069.29,0.833
2023-05-25 08:40,9077.49,0.583
2023-05-25 08:50,9104.25,1.000
2023-05-25 09:00,9104.50,0.867
2023-05-25 09:10,9125.32,1.000
2023-05-25 09:20,9152.98,1.000
2023-05-25 09:30,9164.92,0.600
2023-05-25 09:40,9165.25,0.933
2023-05-25 09:50,9173.83,1.000
2023-05-25 10:00,9182.86,1.000
2023-05-25 10:10,9191.65,1.000
2023-05-25 10:20,9195.99,1.000
2023-05-25 10:30,9223.85,1.000
2023-05-25 10:40,9248.49,1.000
2023-05-25 10:50,9262.01,0.900
2023-05-25 11:00,9262.01,0.967
2023-05-25 11:10,9262.01,1.000
2023-05-25 11:20,9262.01,1.000
2023-05-25 11:30,9262.01,1.000
2023-05-25 11:40,9262.01,1.000
2023-05-25 11:50,9262.01,1.000
2023-05-25 12:00,9262.01,1.000
2023-05-25 12:10,9262.01,0.383
2023-05-25 12:20,9262.01,0.000
2023-05-25 12:30,9262.01,0.000
2023-05-25 12:40,9262.01,0.000
2023-05-25 12:50,9262.01,0.000
2023-05-25 13:00,9262.01,0.000
2023-05-25 13:10,9262.01,0.000
2023-05-25 13:20,9262.01,0.583
2023-05-25 13:30,9262.01,0.000
2023-05-25 13:40,9262.01,0.000
2023-05-25 13:50,9262.01,0.000
2023-05-25 14:00,9262.01,0.000
2023-05-25 14:10,9262.01,0.000
2023-05-25 14:20,9262.01,0.000
2023-05-25 14:30,9262.01,0.000
2023-05-25 14:40,9262.01,0.000
2023-05-25 14:50,9262.01,0.000
2023-05-25 15:00,9262.01,0.000
2023-05-25 15:10,9262.01,0.000
2023-05-25 15:20,9262.01,0.550
2023-05-25 15:30,9262.01,0.000
2023-05-25 15:40,9262.01,0.000
2023-05-25 15:50,9262.01,0.000
2023-05-25 16:00,9262.01,0.000
2023-05-25 16:10,9262.01,0.000
2023-05-25 16:20,9262.01,0.000
2023-05-25 16:30,9262.01,0.000
2023-05-25 16:40,9262.01,0.000
2023-05-25 16:50,9262.01,0.000
2023-05-25 17:00,9262.01,0.000
2023-05-25 17:10,9262.01,0.000
2023-05-25 17:20,9262.01,0.000
2023-05-25 17:30,9262.01,0.000
2023-05-25 17:40,9262.01,0.000
2023-05-25 17:50,9262.01,0.000
2023-05-25 18:00,9262.01,0.000
2023-05-25 18:10,9262.01,0.000
2023-05-25 18:20,9262.01,0.000
2023-05-25 18:30,9262.01,0.000
2023-05-25 18:40,9262.01,0.000
2023-05-25 18:50,9262.01,0.000
2023-05-25 19:00,9262.01,0.000
2023-05-25 19:10,9262.01,0.000
2023-05-25 19:20,9262.01,0.000
2023-05-25 19:30,9262.01,0.000
2023-05-25 19:40,9262.01,0.000
2023-05-25 19:50,9262.01,0.000
2023-05-25 20:00,9262.01,0.000
2023-05-25 20:10,9262.01,0.000
2023-05-25 20:20,9262.01,0.000
2023-05-25 20:30,9262.01,0.033
2023-05-25 20:40,9262.01,0.000
2023-05-25 20:50,9262.01,0.000
2023-05-25 21:00,9262.01,0.000
2023-05-25 21:10,9262.01,0.117
2023-05-25 21:20,9262.01,0.000
2023-05-25 21:30,9262.01,0.000
2023-05-25 21:40,9262.01,0.000
2023-05-25 21:50,9262.01,0.000
2023-05-25 22:00,9262.01,0.000
2023-05-25 22:10,9262.01,0.000
2023-05-25 22:20,9262.01,0.067
2023-05-25 22:30,9262.01,0.233
2023-05-25 22:40,9262.01,0.183
2023-05-25 22:50,9262.01,0.000
2023-05-25 23:00,9262.01,0.117
2023-05-25 23:10,9262.01,0.000
2023-05-25 23:20,9262.01,0.000
2023-05-25 23:30,9262.01,0.000
2023-05-25 23:40,9262.01,0.000
2023-05-25 23:50,9262.01,0.000
2023-05-26 00:00,9262.01,0.000
2023-05-26 00:10,9262.01,0.000
2023-05-26 00:20,9262.01,0.000
2023-05-26 00:30,9262.01,0.000
2023-05-26 00:40,9262.01,0.000
2023-05-26 00:50,9262.01,0.000
2023-05-26 01:00,9262.01,0.000
2023-05-26 01:10,9262.01,0.000
2023-05-26 01:20,9262.01,0.000
2023-05-26 01:30,9262.01,0.000
2023-05-26 01:40,9262.01,0.000
2023-05-26 01:50,9262.01,0.000
2023-05-26 02:00,9262.01,0.000
2023-05-26 02:10,9262.01,0.000
2023-05-26 02:20,9262.01,0.200
2023-05-26 02:30,9262.01,0.000
2023-05-26 02:40,9262.01,0.000
2023-05-26 02:50,9262.01,0.000
2023-05-26 03:00,9262.01,0.000
2023-05-26 03:10,9262.01,0.000
2023-05-26 03:20,9262.01,0.000
2023-05-26 03:30,9262.01,0.000
2023-05-26 03:40,9262.01,0.000
2023-05-26 03:50,9262.01,0.000
2023-05-26 04:00,9262.01,0.000
2023-05-26 04:10,9262.01,0.000
2023-05-26 04:20,9262.01,0.000
2023-05-26 04:30,9262.01,0.000
2023-05-26 04:40,9262.01,0.000
2023-05-26 04:50,9262.01,0.000
2023-05-26 05:00,9262.01,0.000
2023-05-26 05:10,9262.01,0.000
2023-05-26 05:20,9262.01,0.000
2023-05-26 05:30,9262.01,0.000
2023-05-26 05:40,9262.01,0.000
2023-05-26 05:50,9262.01,0.000
2023-05-26 06:00,9262.01,0.000
2023-05-26 06:10,9262.01,0.000
2023-05-26 06:20,9262.01,0.000
2023-05-26 06:30,9262.01,0.000
2023-05-26 06:40,9262.01,0.000
2023-05-26 06:50,9262.01,0.000
2023-05-26 07:00,9262.01,0.000
2023-05-26 07:10,9262.01,0.000
2023-05-26 07:20,9262.01,0.000
2023-05-26 07:30,9262.01,0.000
2023-05-26 07:40,9262.01,0.000
2023-05-26 07:50,9262.01,0.000
2023-05-26 08:00,9262.01,0.000
2023-05-26 08:10,9262.01,0.000
2023-05-26 08:20,9262.01,0.000
2023-05-26 08:30,9262.01,0.000
2023-05-26 08:40,9262.01,0.000
2023-05-26 08:50,9262.01,0.000
2023-05-26 09:00,9262.01,0.000
2023-05-26 09:10,9262.01,0.000
2023-05-26 09:20,9262.01,0.000
2023-05-26 09:30,9262.01,0.000
2023-05-26 09:40,9262.01,0.000
2023-05-26 09:50,9262.01,0.000
2023-05-26 10:00,9262.01,0.000
2023-05-26 10:10,9262.01,0.000
2023-05-26 10:20,9262.01,0.000
2023-05-26 10:30,9262.01,0.283
2023-05-26 10:40,9262.01,0.767
2023-05-26 10:50,9262.01,0.617
2023-05-26 11:00,9262.01,0.000
2023-05-26 11:10,9262.01,0.000
2023-05-26 11:20,9262.01,0.000
2023-05-26 11:30,9262.01,0.000
2023-05-26 11:40,9262.01,0.000
2023-05-26 11:50,9262.01,0.000
2023-05-26 12:00,9262.01,0.000
2023-05-26 12:10,9262.01,0.000
2023-05-26 12:20,9262.01,0.000
2023-05-26 12:30,9262.01,0.000
2023-05-26 12:40,9262.01,0.000
2023-05-26 12:50,9262.01,0.000
2023-05-26 13:00,9262.01,0.000
2023-05-26 13:10,9262.01,0.000
2023-05-26 13:20,9262.01,0.000
2023-05-26 13:30,9262.01,0.000
2023-05-26 13:40,9262.01,0.000
2023-05-26 13:50,9262.01,0.000
2023-05-26 14:00,9262.01,0.000
2023-05-26 14:10,9262.01,0.000
2023-05-26 14:20,9262.01,0.000
2023-05-26 14:30,9262.01,0.000
2023-05-26 14:40,9262.01,0.000
2023-05-26 14:50,9262.01,0.000
2023-05-26 15:00,9262.01,0.000
2023-05-26 15:10,9262.01,0.000
2023-05-26 15:20,9262.01,0.000
2023-05-26 15:30,9262.01,0.000
2023-05-26 15:40,9262.01,0.683
2023-05-26 15:50,9262.01,0.667
2023-05-26 16:00,9262.01,0.850
2023-05-26 16:10,9262.01,0.000
2023-05-26 16:20,9262.01,0.000
2023-05-26 16:30,9262.01,0.000
2023-05-26 16:40,9262.01,0.000
2023-05-26 16:50,9262.01,0.000
2023-05-26 17:00,9262.01,0.000
2023-05-26 17:10,9262.01,0.000
2023-05-26 17:20,9262.01,0.000
2023-05-26 17:30,9262.01,0.000
2023-05-26 17:40,9262.01,0.000
2023-05-26 17:50,9262.01,0.000
2023-05-26 18:00,9262.01,0.000
2023-05-26 18:10,9262.01,0.000
2023-05-26 18:20,9262.01,0.000
2023-05-26 18:30,9262.01,0.617
2023-05-26 18:40,9262.01,0.017
2023-05-26 18:50,9262.01,0.000
2023-05-26 19:00,9262.01,0.000
2023-05-26 19:10,9262.01,0.000
2023-05-26 19:20,9262.01,0.000
2023-05-26 19:30,9262.01,0.000
2023-05-26 19:40,9262.01,0.000
2023-05-26 19:50,9262.01,0.000
2023-05-26 20:00,9262.01,0.000
2023-05-26 20:10,9262.01,0.000
2023-05-26 20:20,9262.01,0.000
2023-05-26 20:30,9262.01,0.000
2023-05-26 20:40,9262.01,0.517
2023-05-26 20:50,9262.01,0.817
2023-05-26 21:00,9262.01,0.000
2023-05-26 21:10,9262.01,0.233
2023-05-26 21:20,9262.01,0.783
2023-05-26 21:30,9262.01,0.000
2023-05-26 21:40,9262.01,0.917
2023-05-26 21:50,9262.01,0.300
2023-05-26 22:00,9262.01,0.183
2023-05-26 22:10,9262.01,1.000
2023-05-26 22:20,9262.01,0.517
2023-05-26 22:30,9262.01,0.000
2023-05-26 22:40,9262.01,0.967
2023-05-26 22:50,9262.01,1.000
2023-05-26 23:00,9262.01,0.617
2023-05-26 23:10,9262.01,0.000
2023-05-26 23:20,9262.01,1.000
2023-05-26 23:30,9262.01,1.000
2023-05-26 23:40,9262.01,0.400
2023-05-26 23:50,9262.01,0.000
2023-05-27 00:00,9262.01,0.867
2023-05-27 00:10,9262.01,1.000
2023-05-27 00:20,9262.01,1.000
2023-05-27 00:30,9262.01,1.000
2023-05-27 00:40,9262.01,0.100
2023-05-27 00:50,9262.01,0.267
2023-05-27 01:00,9262.01,1.000
2023-05-27 01:10,9262.01,1.000
2023-05-27 01:20,9279.94,1.000
2023-05-27 01:30,9299.78,1.000
2023-05-27 01:40,9306.29,1.000
2023-05-27 01:50,9318.63,1.000
2023-05-27 02:00,9324.34,1.000
2023-05-27 02:10,9335.75,0.600
2023-05-27 02:20,9360.83,1.000
2023-05-27 02:30,9396.78,1.000
2023-05-27 02:40,9396.78,0.850
2023-05-27 02:50,9403.84,1.000
2023-05-27 03:00,9414.24,1.000
2023-05-27 03:10,9424.31,1.000
2023-05-27 03:20,9431.91,0.650
2023-05-27 03:30,9431.91,1.000
2023-05-27 03:40,9436.27,1.000
2023-05-27 03:50,9444.40,1.000
2023-05-27 04:00,9455.75,1.000
2023-05-27 04:10,9458.88,0.817
2023-05-27 04:20,9464.34,1.000
2023-05-27 04:30,9470.39,1.000
2023-05-27 04:40,9478.47,1.000
2023-05-27 04:50,9482.91,1.000
2023-05-27 05:00,9493.26,0.867
2023-05-27 05:10,9493.26,1.000
2023-05-27 05:20,9516.57,1.000
2023-05-27 05:30,9525.23,0.650
2023-05-27 05:40,9550.42,1.000
2023-05-27 05:50,9583.73,1.000
2023-05-27 06:00,9583.73,0.850
2023-05-27 06:10,9613.94,1.000
2023-05-27 06:20,9615.53,0.567
2023-05-27 06:30,9628.96,1.000
2023-05-27 06:40,9635.62,1.000
2023-05-27 06:50,9642.36,1.000
2023-05-27 07:00,9649.63,1.000
2023-05-27 07:10,9657.68,1.000
2023-05-27 07:20,9665.91,1.000
2023-05-27 07:30,9670.81,1.000
2023-05-27 07:40,9697.97,1.000
2023-05-27 07:50,9717.68,1.000
2023-05-27 08:00,9717.68,0.583
2023-05-27 08:10,9736.58,1.000
2023-05-27 08:20,9758.29,1.000
2023-05-27 08:30,9778.00,1.000
2023-05-27 08:40,9795.42,1.000
2023-05-27 08:50,9800.04,0.800
2023-05-27 09:00,9800.04,0.800
2023-05-27 09:10,9800.04,1.000
2023-05-27 09:20,9800.04,0.683
2023-05-27 09:30,9801.80,0.000
2023-05-27 09:40,9801.80,0.000
2023-05-27 09:50,9801.80,0.000
2023-05-27 10:00,9801.80,0.000
2023-05-27 10:10,9801.80,0.000
2023-05-27 10:20,9801.80,0.000
2023-05-27 10:30,9801.80,0.000
2023-05-27 10:40,9801.80,0.000
2023-05-27 10:50,9801.80,0.000
2023-05-27 11:00,9801.80,0.000
2023-05-27 11:10,9801.80,0.000
2023-05-27 11:20,9801.80,0.000
2023-05-27 11:30,9801.80,0.000
2023-05-27 11:40,9801.80,0.000
2023-05-27 11:50,9801.80,0.000
2023-05-27 12:00,9801.80,0.000
2023-05-27 12:10,9801.80,0.000
2023-05-27 12:20,9801.80,0.000
2023-05-27 12:30,9801.80,0.000
2023-05-27 12:40,9801.80,0.350
2023-05-27 12:50,9801.80,0.350
2023-05-27 13:00,9801.80,0.083
2023-05-27 13:10,9801.80,0.433
2023-05-27 13:20,9801.80,0.000
2023-05-27 13:30,9801.80,0.000
2023-05-27 13:40,9801.80,0.000
2023-05-27 13:50,9801.80,0.000
2023-05-27 14:00,9801.80,0.000
2023-05-27 14:10,9801.80,0.000
2023-05-27 14:20,9801.80,0.000
2023-05-27 14:30,9801.80,0.000
2023-05-27 14:40,9801.80,0.000
2023-05-27 14:50,9801.80,0.000
2023-05-27 15:00,9801.80,0.000
2023-05-27 15:10,9801.80,0.000
2023-05-27 15:20,9801.80,0.000
2023-05-27 15:30,9801.80,0.000
2023-05-27 15:40,9801.80,0.000
2023-05-27 15:50,9801.80,0.000
2023-05-27 16:00,9801.80,0.000
2023-05-27 16:10,9801.80,0.000
2023-05-27 16:20,9801.80,0.000
2023-05-27 16:30,9801.80,0.000
2023-05-27 16:40,9801.80,0.000
2023-05-27 16:50,9801.80,0.000
2023-05-27 17:00,9801.80,0.000
2023-05-27 17:10,9801.80,0.000
2023-05-27 17:20,9801.80,0.000
2023-05-27 17:30,9801.80,0.000
2023-05-27 17:40,9801.80,0.000
2023-05-27 17:50,9801.80,0.000
2023-05-27 18:00,9801.80,0.000
2023-05-27 18:10,9801.80,0.000
2023-05-27 18:20,9801.80,0.000
2023-05-27 18:30,9801.80,0.000
2023-05-27 18:40,9801.80,0.000
2023-05-27 18:50,9801.80,0.000
2023-05-27 19:00,9801.80,0.000
2023-05-27 19:10,9801.80,0.000
2023-05-27 19:20,9801.80,0.000
2023-05-27 19:30,9801.80,0.500
2023-05-27 19:40,9801.80,0.517
2023-05-27 19:50,9801.80,0.000
2023-05-27 20:00,9801.80,0.000
2023-05-27 20:10,9801.80,0.000
2023-05-27 20:20,9801.80,0.000
2023-05-27 20:30,9801.80,0.000
2023-05-27 20:40,9801.80,0.000
2023-05-27 20:50,9801.80,0.750
2023-05-27 21:00,9801.80,0.083
2023-05-27 21:10,9801.80,0.000
2023-05-27 21:20,9801.80,0.000
2023-05-27 21:30,9801.80,0.000
2023-05-27 21:40,9801.80,0.000
2023-05-27 21:50,9801.80,0.750
2023-05-27 22:00,9801.80,1.000
2023-05-27 22:10,9801.80,0.000
2023-05-27 22:20,9801.80,0.000
2023-05-27 22:30,9801.80,0.000
2023-05-27 22:40,9801.80,0.000
2023-05-27 22:50,9801.80,0.367
2023-05-27 23:00,9801.80,1.000
2023-05-27 23:10,9801.80,1.000
2023-05-27 23:20,9801.80,1.000
2023-05-27 23:30,9801.80,1.000
2023-05-27 23:40,9801.80,0.217
2023-05-27 23:50,9801.80,0.000
2023-05-28 00:00,9801.80,0.000
2023-05-28 00:10,9801.80,0.000
2023-05-28 00:20,9801.80,0.000
2023-05-28 00:30,9801.80,0.000
2023-05-28 00:40,9801.80,0.000
2023-05-28 00:50,9801.80,0.000
2023-05-28 01:00,9801.80,0.000
2023-05-28 01:10,9801.80,0.000
2023-05-28 01:20,9801.80,0.000
2023-05-28 01:30,9801.80,0.000
2023-05-28 01:40,9801.80,0.000
2023-05-28 01:50,9801.80,0.000
2023-05-28 02:00,9801.80,0.000
2023-05-28 02:10,9801.80,0.000
2023-05-28 02:20,9801.80,0.000
2023-05-28 02:30,9801.80,0.000
2023-05-28 02:40,9801.80,0.000
2023-05-28 02:50,9801.80,0.767
2023-05-28 03:00,9801.80,1.000
2023-05-28 03:10,9801.80,1.000
2023-05-28 03:20,9801.80,1.000
2023-05-28 03:30,9801.80,1.000
2023-05-28 03:40,9801.80,1.000
2023-05-28 03:50,9801.80,1.000
2023-05-28 04:00,9801.80,0.000
2023-05-28 04:10,9801.80,0.000
2023-05-28 04:20,9801.80,0.000
2023-05-28 04:30,9801.80,0.000
2023-05-28 04:40,9801.80,0.000
2023-05-28 04:50,9801.80,0.000
2023-05-28 05:00,9801.80,0.000
2023-05-28 05:10,9801.80,0.000
2023-05-28 05:20,9801.80,0.000
2023-05-28 05:30,9801.80,0.000
2023-05-28 05:40,9801.80,0.000
2023-05-28 05:50,9801.80,0.000
2023-05-28 06:00,9801.80,0.417
2023-05-28 06:10,9801.80,1.000
2023-05-28 06:20,9801.80,1.000
2023-05-28 06:30,9801.80,1.000
2023-05-28 06:40,9801.80,1.000
2023-05-28 06:50,9801.80,1.000
2023-05-28 07:00,9801.80,1.000
2023-05-28 07:10,9801.80,1.000
2023-05-28 07:20,9801.80,1.000
2023-05-28 07:30,9801.80,0.533
2023-05-28 07:40,9801.80,0.000
2023-05-28 07:50,9801.80,0.000
2023-05-28 08:00,9801.80,0.000
2023-05-28 08:10,9801.80,0.000
2023-05-28 08:20,9801.80,0.000
2023-05-28 08:30,9801.80,0.000
2023-05-28 08:40,9801.80,0.000
2023-05-28 08:50,9801.80,0.000
2023-05-28 09:00,9801.80,0.000
2023-05-28 09:10,9801.80,0.000
2023-05-28 09:20,9801.80,0.000
2023-05-28 09:30,9801.80,0.000
2023-05-28 09:40,9801.80,0.700
2023-05-28 09:50,9801.80,1.000
2023-05-28 10:00,9801.80,1.000
2023-05-28 10:10,9801.80,1.000
2023-05-28 10:20,9801.80,1.000
2023-05-28 10:30,9801.80,1.000
2023-05-28 10:40,9801.80,0.800
2023-05-28 10:50,9801.80,0.000
2023-05-28 11:00,9801.80,0.000
2023-05-28 11:10,9801.80,0.000
2023-05-28 11:20,9801.80,0.000
2023-05-28 11:30,9801.80,0.000
2023-05-28 11:40,9801.80,0.000
2023-05-28 11:50,9801.80,0.000
2023-05-28 12:00,9801.80,0.000
2023-05-28 12:10,9801.80,0.000
2023-05-28 12:20,9801.80,0.000
2023-05-28 12:30,9801.80,0.017
2023-05-28 12:40,9801.80,1.000
2023-05-28 12:50,9801.80,0.617
2023-05-28 13:00,9801.80,0.000
2023-05-28 13:10,9801.80,0.000
2023-05-28 13:20,9801.80,0.000
2023-05-28 13:30,9801.80,0.000
2023-05-28 13:40,9801.80,0.000
2023-05-28 13:50,9801.80,0.000
2023-05-28 14:00,9801.80,0.000
2023-05-28 14:10,9801.80,0.000
2023-05-28 14:20,9801.80,0.000
2023-05-28 14:30,9801.80,0.000
2023-05-28 14:40,9801.80,0.000
2023-05-28 14:50,9801.80,0.000
2023-05-28 15:00,9801.80,0.000
2023-05-28 15:10,9801.80,0.000
2023-05-28 15:20,9801.80,0.000
2023-05-28 15:30,9801.80,0.667
2023-05-28 15:40,9801.80,1.000
2023-05-28 15:50,9801.80,1.000
2023-05-28 16:00,9801.80,1.000
2023-05-28 16:10,9801.80,1.000
2023-05-28 16:20,9801.80,1.000
2023-05-28 16:30,9801.80,0.767
2023-05-28 16:40,9801.80,0.000
2023-05-28 16:50,9801.80,0.000
2023-05-28 17:00,9801.80,0.000
2023-05-28 17:10,9801.80,0.000
2023-05-28 17:20,9801.80,0.000
2023-05-28 17:30,9801.80,0.000
2023-05-28 17:40,9801.80,0.000
2023-05-28 17:50,9801.80,0.000
2023-05-28 18:00,9801.80,0.000
2023-05-28 18:10,9801.80,0.000
2023-05-28 18:20,9801.80,0.000
2023-05-28 18:30,9801.80,0.000
2023-05-28 18:40,9801.80,0.000
2023-05-28 18:50,9801.80,0.000
2023-05-28 19:00,9801.80,0.000
2023-05-28 19:10,9801.80,0.000
2023-05-28 19:20,9801.80,0.000
2023-05-28 19:30,9801.80,0.000
2023-05-28 19:40,9801.80,0.000
2023-05-28 19:50,9801.80,0.000
2023-05-28 20:00,9801.80,0.000
2023-05-28 20:10,9801.80,0.000
2023-05-28 20:20,9801.80,0.000
2023-05-28 20:30,9801.80,0.000
2023-05-28 20:40,9801.80,0.000
2023-05-28 20:50,9801.80,0.000
2023-05-28 21:00,9801.80,0.000
2023-05-28 21:10,9801.80,0.000
2023-05-28 21:20,9801.80,0.000
2023-05-28 21:30,9801.80,0.000
2023-05-28 21:40,9801.80,0.000
2023-05-28 21:50,9801.80,0.000
2023-05-28 22:00,9801.80,0.000
2023-05-28 22:10,9801.80,0.000
2023-05-28 22:20,9801.80,0.000
2023-05-28 22:30,9801.80,0.000
2023-05-28 22:40,9801.80,0.000
2023-05-28 22:50,9801.80,0.000
2023-05-28 23:00,9801.80,0.000
2023-05-28 23:10,9801.80,0.000
2023-05-28 23:20,9801.80,0.000
2023-05-28 23:30,9801.80,0.000
2023-05-28 23:40,9801.80,0.000
2023-05-28 23:50,9801.80,0.000
2023-05-29 00:00,9801.80,0.000
2023-05-29 00:10,9801.80,0.000
2023-05-29 00:20,9801.80,0.000
2023-05-29 00:30,9801.80,0.000
2023-05-29 00:40,9801.80,0.000
2023-05-29 00:50,9801.80,0.000
2023-05-29 01:00,9801.80,0.000
2023-05-29 01:10,9801.80,0.000
2023-05-29 01:20,9801.80,0.000
2023-05-29 01:30,9801.80,0.000
2023-05-29 01:40,9801.80,0.050
2023-05-29 01:50,9801.80,0.350
2023-05-29 02:00,9801.80,0.000
2023-05-29 02:10,9801.80,0.000
2023-05-29 02:20,9801.80,0.000
2023-05-29 02:30,9801.80,0.000
2023-05-29 02:40,9801.80,0.000
2023-05-29 02:50,9801.80,0.000
2023-05-29 03:00,9801.80,0.583
2023-05-29 03:10,9801.80,1.000
2023-05-29 03:20,9801.80,1.000
2023-05-29 03:30,9801.80,1.000
2023-05-29 03:40,9801.80,1.000
2023-05-29 03:50,9801.80,0.917
2023-05-29 04:00,9801.80,0.000
2023-05-29 04:10,9801.80,0.667
2023-05-29 04:20,9801.80,1.000
2023-05-29 04:30,9801.80,0.283
2023-05-29 04:40,9801.80,0.383
2023-05-29 04:50,9801.80,0.433
2023-05-29 05:00,9801.80,0.000
2023-05-29 05:10,9801.80,0.667
2023-05-29 05:20,9801.80,1.000
2023-05-29 05:30,9801.80,0.300
2023-05-29 05:40,9801.80,0.550
2023-05-29 05:50,9801.80,0.383
2023-05-29 06:00,9801.80,0.217
2023-05-29 06:10,9801.80,0.000
2023-05-29 06:20,9801.80,1.000
2023-05-29 06:30,9801.80,0.683
2023-05-29 06:40,9801.80,0.000
2023-05-29 06:50,9801.80,0.383
2023-05-29 07:00,9801.80,0.383
2023-05-29 07:10,9801.80,0.383
2023-05-29 07:20,9801.80,0.533
2023-05-29 07:30,9801.80,0.717
2023-05-29 07:40,9801.80,0.200
2023-05-29 07:50,9801.80,0.933
2023-05-29 08:00,9801.80,1.000
2023-05-29 08:10,9801.80,1.000
2023-05-29 08:20,9801.80,1.000
2023-05-29 08:30,9801.80,1.000
2023-05-29 08:40,9801.80,1.000
2023-05-29 08:50,9801.80,1.000
2023-05-29 09:00,9801.80,0.567
2023-05-29 09:10,9801.80,0.867
2023-05-29 09:20,9801.80,1.000
2023-05-29 09:30,9801.80,1.000
2023-05-29 09:40,9801.80,1.000
2023-05-29 09:50,9801.80,1.000
2023-05-29 10:00,9801.80,1.000
2023-05-29 10:10,9801.80,1.000
2023-05-29 10:20,9801.80,1.000
2023-05-29 10:30,9801.80,1.000
2023-05-29 10:40,9802.44,1.000
2023-05-29 10:50,9802.95,1.000
2023-05-29 11:00,9803.39,1.000
2023-05-29 11:10,9803.70,1.000
2023-05-29 11:20,9803.99,1.000
2023-05-29 11:30,9804.10,1.000
2023-05-29 11:40,9804.16,1.000
2023-05-29 11:50,9804.25,1.000
2023-05-29 12:00,9804.36,1.000
2023-05-29 12:10,9804.41,1.000
2023-05-29 12:20,9804.54,1.000
2023-05-29 12:30,9804.63,1.000
2023-05-29 12:40,9804.76,1.000
2023-05-29 12:50,9804.80,1.000
2023-05-29 13:00,9804.96,1.000
2023-05-29 13:10,9805.05,1.000
2023-05-29 13:20,9805.16,1.000
2023-05-29 13:30,9805.27,1.000
2023-05-29 13:40,9805.42,1.000
2023-05-29 13:50,9805.54,1.000
2023-05-29 14:00,9805.69,1.000
2023-05-29 14:10,9805.87,1.000
2023-05-29 14:20,9806.13,1.000
2023-05-29 14:30,9806.40,1.000
2023-05-29 14:40,9806.64,1.000
2023-05-29 14:50,9806.91,1.000
2023-05-29 15:00,9807.08,1.000
2023-05-29 15:10,9807.22,1.000
2023-05-29 15:20,9807.35,1.000
2023-05-29 15:30,9807.51,1.000
2023-05-29 15:40,9807.62,1.000
2023-05-29 15:50,9807.75,1.000
2023-05-29 16:00,9807.90,1.000
2023-05-29 16:10,9808.10,1.000
2023-05-29 16:20,9808.35,1.000
2023-05-29 16:30,9808.68,1.000
2023-05-29 16:40,9808.90,1.000
2023-05-29 16:50,9809.25,1.000
2023-05-29 17:00,9809.59,1.000
2023-05-29 17:10,9809.90,1.000
2023-05-29 17:20,9810.25,1.000
2023-05-29 17:30,9810.58,1.000
2023-05-29 17:40,9810.92,1.000
2023-05-29 17:50,9811.25,1.000
2023-05-29 18:00,9811.60,1.000
2023-05-29 18:10,9811.96,1.000
2023-05-29 18:20,9812.29,1.000
2023-05-29 18:30,9812.58,1.000
2023-05-29 18:40,9812.88,1.000
2023-05-29 18:50,9813.17,1.000
2023-05-29 19:00,9813.39,1.000
2023-05-29 19:10,9813.68,1.000
2023-05-29 19:20,9813.99,1.000
2023-05-29 19:30,9814.21,1.000
2023-05-29 19:40,9814.52,1.000
2023-05-29 19:50,9814.81,1.000
2023-05-29 20:00,9815.14,1.000
2023-05-29 20:10,9815.37,1.000
2023-05-29 20:20,9815.59,1.000
2023-05-29 20:30,9815.79,1.000
2023-05-29 20:40,9815.99,1.000
2023-05-29 20:50,9816.14,1.000
2023-05-29 21:00,9816.32,1.000
2023-05-29 21:10,9816.47,1.000
2023-05-29 21:20,9816.65,1.000
2023-05-29 21:30,9816.83,1.000
2023-05-29 21:40,9816.96,1.000
2023-05-29 21:50,9817.11,1.000
2023-05-29 22:00,9817.25,1.000
2023-05-29 22:10,9817.31,1.000
2023-05-29 22:20,9817.31,1.000
2023-05-29 22:30,9817.31,1.000
2023-05-29 22:40,9817.31,1.000
2023-05-29 22:50,9817.42,1.000
2023-05-29 23:00,9817.58,1.000
2023-05-29 23:10,9817.62,0.900
2023-05-29 23:20,9817.62,0.000
2023-05-29 23:30,9817.62,0.000
2023-05-29 23:40,9817.62,0.000
2023-05-29 23:50,9817.62,0.000
2023-05-30 00:00,9817.62,0.000
2023-05-30 00:10,9817.62,0.000
2023-05-30 00:20,9817.62,0.000
2023-05-30 00:30,9817.62,0.000
2023-05-30 00:40,9817.62,0.000
2023-05-30 00:50,9817.62,0.000
2023-05-30 01:00,9817.62,0.000
2023-05-30 01:10,9817.62,0.000
2023-05-30 01:20,9817.62,0.000
2023-05-30 01:30,9817.62,0.000
2023-05-30 01:40,9817.62,0.000
2023-05-30 01:50,9817.62,0.000
2023-05-30 02:00,9817.62,0.000
2023-05-30 02:10,9817.62,0.000
2023-05-30 02:20,9817.62,0.000
2023-05-30 02:30,9817.62,0.000
2023-05-30 02:40,9817.62,0.000
2023-05-30 02:50,9817.62,0.000
2023-05-30 03:00,9817.62,0.000
2023-05-30 03:10,9817.62,0.000
2023-05-30 03:20,9817.62,0.000
2023-05-30 03:30,9817.62,0.000
2023-05-30 03:40,9817.62,0.000
2023-05-30 03:50,9817.62,0.000
2023-05-30 04:00,9817.62,0.000
2023-05-30 04:10,9817.62,0.000
2023-05-30 04:20,9817.62,0.000
2023-05-30 04:30,9817.62,0.000
2023-05-30 04:40,9817.62,0.000
2023-05-30 04:50,9817.62,0.000
2023-05-30 05:00,9817.62,0.000
2023-05-30 05:10,9817.62,0.000
2023-05-30 05:20,9817.62,0.000
2023-05-30 05:30,9817.62,0.000
2023-05-30 05:40,9817.62,0.000
2023-05-30 05:50,9817.62,0.000
2023-05-30 06:00,9817.62,0.000
2023-05-30 06:10,9817.62,0.000
2023-05-30 06:20,9817.62,0.000
2023-05-30 06:30,9817.62,0.000
2023-05-30 06:40,9817.62,0.000
2023-05-30 06:50,9817.62,0.000
2023-05-30 07:00,9817.62,0.000
2023-05-30 07:10,9817.62,0.000
2023-05-30 07:20,9817.62,0.000
2023-05-30 07:30,9817.62,0.000
2023-05-30 07:40,9817.62,0.000
2023-05-30 07:50,9817.62,0.000
2023-05-30 08:00,9817.62,0.000
2023-05-30 08:10,9817.62,0.000
2023-05-30 08:20,9817.62,0.000
2023-05-30 08:30,9817.62,0.000
2023-05-30 08:40,9817.62,0.000
2023-05-30 08:50,9817.62,0.000
2023-05-30 09:00,9817.62,0.000
2023-05-30 09:10,9817.62,0.000
2023-05-30 09:20,9817.62,0.000
2023-05-30 09:30,9817.62,0.000
2023-05-30 09:40,9817.62,0.000
2023-05-30 09:50,9817.62,0.000
2023-05-30 10:00,9817.62,0.000
2023-05-30 10:10,9817.62,0.000
2023-05-30 10:20,9817.62,0.000
2023-05-30 10:30,9817.62,0.000
2023-05-30 10:40,9817.62,0.000
2023-05-30 10:50,9817.62,0.000
2023-05-30 11:00,9817.62,0.000
2023-05-30 11:10,9817.62,0.000
2023-05-30 11:20,9817.62,0.000
2023-05-30 11:30,9817.62,0.000
2023-05-30 11:40,9817.62,0.000
2023-05-30 11:50,9817.62,0.000
2023-05-30 12:00,9817.62,0.000
2023-05-30 12:10,9817.62,0.000
2023-05-30 12:20,9817.62,0.000
2023-05-30 12:30,9817.62,0.000
2023-05-30 12:40,9817.62,0.000
2023-05-30 12:50,9817.62,0.000
2023-05-30 13:00,9817.62,0.000
2023-05-30 13:10,9817.62,0.000
2023-05-30 13:20,9817.62,0.000
2023-05-30 13:30,9817.62,0.000
2023-05-30 13:40,9817.62,0.000
2023-05-30 13:50,9817.62,0.000
2023-05-30 14:00,9817.62,0.467
2023-05-30 14:10,9817.62,0.417
2023-05-30 14:20,9817.62,0.000
2023-05-30 14:30,9817.62,0.000
2023-05-30 14:40,9817.62,0.000
2023-05-30 14:50,9817.62,0.000
2023-05-30 15:00,9817.62,0.000
2023-05-30 15:10,9817.62,0.000
2023-05-30 15:20,9817.62,0.417
2023-05-30 15:30,9817.62,0.383
2023-05-30 15:40,9817.62,0.000
2023-05-30 15:50,9817.62,0.000
2023-05-30 16:00,9817.62,0.000
2023-05-30 16:10,9817.62,0.000
2023-05-30 16:20,9817.62,0.000
2023-05-30 16:30,9817.62,0.000
2023-05-30 16:40,9817.62,0.067
2023-05-30 16:50,9817.62,1.000
2023-05-30 17:00,9817.62,1.000
2023-05-30 17:10,9817.62,1.000
2023-05-30 17:20,9817.62,1.000
2023-05-30 17:30,9817.62,1.000
2023-05-30 17:40,9817.62,1.000
2023-05-30 17:50,9817.62,1.000
2023-05-30 18:00,9817.62,1.000
2023-05-30 18:10,9817.62,1.000
2023-05-30 18:20,9817.62,1.000
2023-05-30 18:30,9817.62,1.000
2023-05-30 18:40,9817.62,1.000
2023-05-30 18:50,9817.62,0.633
2023-05-30 19:00,9817.62,0.000
2023-05-30 19:10,9817.62,0.000
2023-05-30 19:20,9817.62,0.000
2023-05-30 19:30,9817.62,0.000
2023-05-30 19:40,9817.62,0.000
2023-05-30 19:50,9817.62,0.000
2023-05-30 20:00,9817.62,0.000
2023-05-30 20:10,9817.62,0.000
2023-05-30 20:20,9817.62,0.000
2023-05-30 20:30,9817.62,0.000
2023-05-30 20:40,9817.62,0.000
2023-05-30 20:50,9817.62,0.000
2023-05-30 21:00,9817.62,0.000
2023-05-30 21:10,9817.62,0.000
2023-05-30 21:20,9817.62,0.000
2023-05-30 21:30,9817.62,0.000
2023-05-30 21:40,9817.62,0.917
2023-05-30 21:50,9817.62,1.000
2023-05-30 22:00,9817.62,0.300
2023-05-30 22:10,9817.62,0.000
2023-05-30 22:20,9817.62,0.000
2023-05-30 22:30,9817.62,0.000
2023-05-30 22:40,9817.62,0.000
2023-05-30 22:50,9817.62,0.000
2023-05-30 23:00,9817.62,0.000
2023-05-30 23:10,9817.62,0.000
2023-05-30 23:20,9817.62,0.000
2023-05-30 23:30,9817.62,0.000
2023-05-30 23:40,9817.62,0.000
2023-05-30 23:50,9817.62,0.000
2023-05-31 00:00,9817.62,0.000
2023-05-31 00:10,9817.62,0.000
2023-05-31 00:20,9817.62,0.000
2023-05-31 00:30,9817.62,0.000
2023-05-31 00:40,9817.62,0.000
2023-05-31 00:50,9817.62,0.000
2023-05-31 01:00,9817.62,0.000
2023-05-31 01:10,9817.62,0.000
2023-05-31 01:20,9817.62,0.000
2023-05-31 01:30,9817.62,0.000
2023-05-31 01:40,9817.62,0.000
2023-05-31 01:50,9817.62,0.683
2023-05-31 02:00,9817.62,0.400
2023-05-31 02:10,9817.62,0.000
2023-05-31 02:20,9817.62,0.000
2023-05-31 02:30,9817.62,0.000
2023-05-31 02:40,9817.62,0.000
2023-05-31 02:50,9817.62,0.000
2023-05-31 03:00,9817.62,0.000
2023-05-31 03:10,9817.62,0.000
2023-05-31 03:20,9817.62,0.000
2023-05-31 03:30,9817.62,0.150
2023-05-31 03:40,9817.62,0.000
2023-05-31 03:50,9817.62,0.000
2023-05-31 04:00,9817.62,0.000
2023-05-31 04:10,9817.62,0.000
2023-05-31 04:20,9817.62,0.000
2023-05-31 04:30,9817.62,0.000
2023-05-31 04:40,9817.62,0.000
2023-05-31 04:50,9817.62,0.000
2023-05-31 05:00,9817.62,0.000
2023-05-31 05:10,9817.62,0.000
2023-05-31 05:20,9817.62,0.000
2023-05-31 05:30,9817.62,0.000
2023-05-31 05:40,9817.62,0.000
2023-05-31 05:50,9817.62,0.000
2023-05-31 06:00,9817.62,0.000
2023-05-31 06:10,9817.62,0.000
2023-05-31 06:20,9817.62,0.000
2023-05-31 06:30,9817.62,0.000
2023-05-31 06:40,9817.62,0.000
2023-05-31 06:50,9817.62,0.000
2023-05-31 07:00,9817.62,0.000
2023-05-31 07:10,9817.62,0.000
2023-05-31 07:20,9817.62,0.000
2023-05-31 07:30,9817.62,0.000
2023-05-31 07:40,9817.62,0.000
2023-05-31 07:50,9817.62,0.000
2023-05-31 08:00,9817.62,0.000
2023-05-31 08:10,9817.62,0.000
2023-05-31 08:20,9817.62,0.000
2023-05-31 08:30,9817.62,0.000
2023-05-31 08:40,9817.62,0.000
2023-05-31 08:50,9817.62,0.000
2023-05-31 09:00,9817.62,0.000
2023-05-31 09:10,9817.62,0.000
2023-05-31 09:20,9817.62,0.483
2023-05-31 09:30,9817.62,0.000
2023-05-31 09:40,9817.62,0.000
2023-05-31 09:50,9817.62,0.000
2023-05-31 10:00,9817.62,0.000
2023-05-31 10:10,9817.62,0.000
2023-05-31 10:20,9817.62,0.000
2023-05-31 10:30,9817.62,0.000
2023-05-31 10:40,9817.62,0.000
2023-05-31 10:50,9817.62,0.000
2023-05-31 11:00,9817.62,0.000
2023-05-31 11:10,9817.62,0.000
2023-05-31 11:20,9817.62,0.000
2023-05-31 11:30,9817.62,0.000
2023-05-31 11:40,9817.62,0.000
2023-05-31 11:50,9817.62,0.000
2023-05-31 12:00,9817.62,0.500
2023-05-31 12:10,9817.62,0.000
2023-05-31 12:20,9817.62,0.467
2023-05-31 12:30,9817.62,0.000
2023-05-31 12:40,9817.62,0.417
2023-05-31 12:50,9817.62,0.000
2023-05-31 13:00,9817.62,1.000
2023-05-31 13:10,9817.62,1.000
2023-05-31 13:20,9817.62,1.000
2023-05-31 13:30,9817.62,0.000
2023-05-31 13:40,9817.62,0.767
2023-05-31 13:50,9817.62,0.200
2023-05-31 14:00,9817.62,0.417
2023-05-31 14:10,9817.62,0.000
2023-05-31 14:20,9817.62,0.400
2023-05-31 14:30,9817.62,0.267
2023-05-31 14:40,9817.62,0.200
2023-05-31 14:50,9817.62,0.000
2023-05-31 15:00,9817.62,0.400
2023-05-31 15:10,9817.62,0.000
2023-05-31 15:20,9817.62,0.000
2023-05-31 15:30,9817.62,0.367
2023-05-31 15:40,9817.62,0.900
2023-05-31 15:50,9817.62,1.000
2023-05-31 16:00,9817.62,1.000
2023-05-31 16:10,9817.62,1.000
2023-05-31 16:20,9817.62,1.000
2023-05-31 16:30,9817.62,1.000
2023-05-31 16:40,9817.62,1.000
2023-05-31 16:50,9817.62,1.000
2023-05-31 17:00,9817.62,1.000
2023-05-31 17:10,9817.62,1.000
2023-05-31 17:20,9817.62,1.000
2023-05-31 17:30,9817.62,1.000
2023-05-31 17:40,9817.62,1.000
2023-05-31 17:50,9817.62,1.000
2023-05-31 18:00,9817.62,1.000
2023-05-31 18:10,9817.62,1.000
2023-05-31 18:20,9817.62,1.000
2023-05-31 18:30,9817.62,1.000
2023-05-31 18:40,9817.62,1.000
2023-05-31 18:50,9817.62,1.000
2023-05-31 19:00,9817.62,1.000
2023-05-31 19:10,9817.62,1.000
2023-05-31 19:20,9817.62,1.000
2023-05-31 19:30,9817.62,1.000
2023-05-31 19:40,9817.62,1.000
2023-05-31 19:50,9817.62,1.000
2023-05-31 20:00,9817.62,1.000
2023-05-31 20:10,9818.02,1.000
2023-05-31 20:20,9818.88,1.000
2023-05-31 20:30,9819.68,1.000
2023-05-31 20:40,9820.36,1.000
2023-05-31 20:50,9821.25,1.000
2023-05-31 21:00,9821.96,1.000
2023-05-31 21:10,9821.96,1.000
2023-05-31 21:20,9821.96,1.000
2023-05-31 21:30,9825.26,1.000
2023-05-31 21:40,9825.26,1.000
2023-05-31 21:50,9825.26,1.000
2023-05-31 22:00,9825.26,1.000
2023-05-31 22:10,9825.26,1.000
2023-05-31 22:20,9825.26,1.000
2023-05-31 22:30,9825.26,1.000
2023-05-31 22:40,9825.26,1.000
2023-05-31 22:50,9825.26,1.000
2023-05-31 23:00,9825.26,1.000
2023-05-31 23:10,9825.26,1.000
2023-05-31 23:20,9825.26,1.000
2023-05-31 23:30,9825.26,0.817
2023-05-31 23:40,9825.26,0.000
2023-05-31 23:50,9825.26,0.000
2023-06-01 00:00,9825.26,0.000
2023-06-01 00:10,9825.26,0.000
2023-06-01 00:20,9825.26,0.000
2023-06-01 00:30,9825.26,0.000
2023-06-01 00:40,9825.26,0.000
2023-06-01 00:50,9825.26,0.000
2023-06-01 01:00,9825.26,0.000
2023-06-01 01:10,9825.26,0.000
2023-06-01 01:20,9825.26,0.000
2023-06-01 01:30,9825.26,0.000
2023-06-01 01:40,9825.26,0.000
2023-06-01 01:50,9825.26,0.000
2023-06-01 02:00,9825.26,0.000
2023-06-01 02:10,9825.26,0.000
2023-06-01 02:20,9825.26,0.000
2023-06-01 02:30,9825.26,0.000
2023-06-01 02:40,9825.26,0.000
2023-06-01 02:50,9825.26,0.000
2023-06-01 03:00,9825.26,0.000
2023-06-01 03:10,9825.26,0.000
2023-06-01 03:20,9825.26,0.000
2023-06-01 03:30,9825.26,0.000
2023-06-01 03:40,9825.26,0.000
2023-06-01 03:50,9825.26,0.000
2023-06-01 04:00,9825.26,0.000
2023-06-01 04:10,9825.26,0.000
2023-06-01 04:20,9825.26,0.000
2023-06-01 04:30,9825.26,0.000
2023-06-01 04:40,9825.26,0.000
2023-06-01 04:50,9825.26,0.000
2023-06-01 05:00,9825.26,0.000
2023-06-01 05:10,9825.26,0.000
2023-06-01 05:20,9825.26,0.000
2023-06-01 05:30,9825.26,0.000
2023-06-01 05:40,9825.26,0.000
2023-06-01 05:50,9825.26,0.000
2023-06-01 06:00,9825.26,0.000
2023-06-01 06:10,9825.26,0.000
2023-06-01 06:20,9825.26,0.000
2023-06-01 06:30,9825.26,0.000
2023-06-01 06:40,9825.26,0.000
2023-06-01 06:50,9825.26,0.000
2023-06-01 07:00,9825.26,0.000
2023-06-01 07:10,9825.26,0.000
2023-06-01 07:20,9825.26,0.000
2023-06-01 07:30,9825.26,0.000
2023-06-01 07:40,9825.26,0.000
2023-06-01 07:50,9825.26,0.000
2023-06-01 08:00,9825.26,0.000
2023-06-01 08:10,9825.26,0.000
2023-06-01 08:20,9825.26,0.000
2023-06-01 08:30,9825.26,0.000
2023-06-01 08:40,9825.26,0.000
2023-06-01 08:50,9825.26,0.000
2023-06-01 09:00,9825.26,0.000
2023-06-01 09:10,9825.26,0.000
2023-06-01 09:20,9825.26,0.000
2023-06-01 09:30,9825.26,0.000
2023-06-01 09:40,9825.26,0.000
2023-06-01 09:50,9825.26,0.000
2023-06-01 10:00,9825.26,0.000
2023-06-01 10:10,9825.26,0.000
2023-06-01 10:20,9825.26,0.000
2023-06-01 10:30,9825.26,0.000
2023-06-01 10:40,9825.26,0.000
2023-06-01 10:50,9825.26,0.000
2023-06-01 11:00,9825.26,0.000
2023-06-01 11:10,9825.26,0.000
2023-06-01 11:20,9825.26,0.000
2023-06-01 11:30,9825.26,0.000
2023-06-01 11:40,9825.26,0.217
2023-06-01 11:50,9825.26,0.400
2023-06-01 12:00,9825.26,0.000
2023-06-01 12:10,9825.26,0.000
2023-06-01 12:20,9825.26,0.000
2023-06-01 12:30,9825.26,0.000
2023-06-01 12:40,9825.26,0.000
2023-06-01 12:50,9825.26,0.000
2023-06-01 13:00,9825.26,0.633
2023-06-01 13:10,9825.26,0.267
2023-06-01 13:20,9825.26,0.133
2023-06-01 13:30,9825.26,1.000
2023-06-01 13:40,9825.26,1.000
2023-06-01 13:50,9825.26,1.000
2023-06-01 14:00,9825.26,0.367
2023-06-01 14:10,9825.26,0.133
2023-06-01 14:20,9825.26,1.000
2023-06-01 14:30,9825.26,0.600
2023-06-01 14:40,9825.26,0.467
2023-06-01 14:50,9825.26,0.617
2023-06-01 15:00,9825.26,0.033
2023-06-01 15:10,9825.26,0.033
2023-06-01 15:20,9825.26,1.000
2023-06-01 15:30,9825.26,0.700
2023-06-01 15:40,9825.26,0.350
2023-06-01 15:50,9825.26,0.500
2023-06-01 16:00,9825.26,0.200
2023-06-01 16:10,9825.26,0.067
2023-06-01 16:20,9825.26,1.000
2023-06-01 16:30,9825.26,0.650
2023-06-01 16:40,9825.26,0.400
2023-06-01 16:50,9825.26,0.500
2023-06-01 17:00,9825.26,0.000
2023-06-01 17:10,9825.26,0.450
2023-06-01 17:20,9825.26,0.633
2023-06-01 17:30,9825.26,0.583
2023-06-01 17:40,9825.26,0.467
2023-06-01 17:50,9825.26,0.350
2023-06-01 18:00,9825.26,0.983
2023-06-01 18:10,9825.26,1.000
2023-06-01 18:20,9825.26,1.000
2023-06-01 18:30,9825.26,1.000
2023-06-01 18:40,9825.26,1.000
2023-06-01 18:50,9825.26,1.000
2023-06-01 19:00,9825.26,1.000
2023-06-01 19:10,9825.26,1.000
2023-06-01 19:20,9825.26,1.000
2023-06-01 19:30,9825.26,1.000
2023-06-01 19:40,9825.26,1.000
2023-06-01 19:50,9825.26,1.000
2023-06-01 20:00,9825.26,0.967
2023-06-01 20:10,9825.26,0.450
2023-06-01 20:20,9825.26,0.700
2023-06-01 20:30,9825.26,0.617
2023-06-01 20:40,9825.26,1.000
2023-06-01 20:50,9825.26,1.000
2023-06-01 21:00,9825.26,1.000
2023-06-01 21:10,9825.26,1.000
2023-06-01 21:20,9825.26,1.000
2023-06-01 21:30,9825.26,1.000
2023-06-01 21:40,9825.26,1.000
2023-06-01 21:50,9825.26,1.000
2023-06-01 22:00,9825.26,1.000
2023-06-01 22:10,9825.26,1.000
2023-06-01 22:20,9825.59,1.000
2023-06-01 22:30,9826.12,1.000
2023-06-01 22:40,9826.41,1.000
2023-06-01 22:50,9826.81,1.000
2023-06-01 23:00,9827.52,1.000
2023-06-01 23:10,9827.98,1.000
2023-06-01 23:20,9828.43,1.000
2023-06-01 23:30,9829.07,1.000
2023-06-01 23:40,9829.56,1.000
2023-06-01 23:50,9830.02,1.000
2023-06-02 00:00,9830.13,1.000
2023-06-02 00:10,9830.62,1.000
2023-06-02 00:20,9831.06,1.000
2023-06-02 00:30,9831.42,1.000
2023-06-02 00:40,9831.90,1.000
2023-06-02 00:50,9832.30,1.000
2023-06-02 01:00,9832.68,1.000
2023-06-02 01:10,9833.16,1.000
2023-06-02 01:20,9833.81,1.000
2023-06-02 01:30,9834.32,1.000
2023-06-02 01:40,9834.80,1.000
2023-06-02 01:50,9835.20,1.000
2023-06-02 02:00,9835.53,1.000
2023-06-02 02:10,9835.98,1.000
2023-06-02 02:20,9836.31,1.000
2023-06-02 02:30,9836.71,1.000
2023-06-02 02:40,9837.06,1.000
2023-06-02 02:50,9837.44,1.000
2023-06-02 03:00,9837.83,1.000
2023-06-02 03:10,9838.17,1.000
2023-06-02 03:20,9838.61,1.000
2023-06-02 03:30,9839.14,1.000
2023-06-02 03:40,9839.58,1.000
2023-06-02 03:50,9840.05,1.000
2023-06-02 04:00,9840.63,1.000
2023-06-02 04:10,9841.16,1.000
2023-06-02 04:20,9841.69,1.000
2023-06-02 04:30,9842.11,1.000
2023-06-02 04:40,9842.51,1.000
2023-06-02 04:50,9842.88,1.000
2023-06-02 05:00,9843.26,1.000
2023-06-02 05:10,9843.64,1.000
2023-06-02 05:20,9844.01,1.000
2023-06-02 05:30,9844.34,1.000
2023-06-02 05:40,9844.68,1.000
2023-06-02 05:50,9845.10,1.000
2023-06-02 06:00,9845.54,1.000
2023-06-02 06:10,9846.03,1.000
2023-06-02 06:20,9846.40,1.000
2023-06-02 06:30,9846.76,1.000
2023-06-02 06:40,9847.11,1.000
2023-06-02 06:50,9847.49,1.000
2023-06-02 07:00,9847.80,1.000
2023-06-02 07:10,9848.06,1.000
2023-06-02 07:20,9848.40,1.000
2023-06-02 07:30,9848.71,1.000
2023-06-02 07:40,9849.15,1.000
2023-06-02 07:50,9849.70,1.000
2023-06-02 08:00,9850.37,1.000
2023-06-02 08:10,9850.94,1.000
2023-06-02 08:20,9851.80,1.000
2023-06-02 08:30,9852.91,1.000
2023-06-02 08:40,9853.00,1.000
2023-06-02 08:50,9853.00,0.200
2023-06-02 09:00,9853.00,1.000
2023-06-02 09:10,9853.00,1.000
2023-06-02 09:20,9853.00,1.000
2023-06-02 09:30,9853.00,1.000
2023-06-02 09:40,9853.00,1.000
2023-06-02 09:50,9853.00,1.000
2023-06-02 10:00,9853.00,0.283
2023-06-02 10:10,9853.00,0.000
2023-06-02 10:20,9853.00,0.000
2023-06-02 10:30,9853.00,0.000
2023-06-02 10:40,9853.00,0.000
2023-06-02 10:50,9853.00,0.000
2023-06-02 11:00,9853.00,0.267
2023-06-02 11:10,9853.00,0.017
2023-06-02 11:20,9853.00,0.033
2023-06-02 11:30,9853.00,0.000
2023-06-02 11:40,9853.00,0.000
2023-06-02 11:50,9853.00,0.000
2023-06-02 12:00,9853.00,0.117
2023-06-02 12:10,9853.00,0.000
2023-06-02 12:20,9853.00,0.133
2023-06-02 12:30,9853.00,0.217
2023-06-02 12:40,9853.00,0.000
2023-06-02 12:50,9853.00,0.000
2023-06-02 13:00,9853.00,0.000
2023-06-02 13:10,9853.00,0.000
2023-06-02 13:20,9853.00,0.150
2023-06-02 13:30,9853.00,0.133
2023-06-02 13:40,9853.00,0.000
2023-06-02 13:50,9853.00,0.000
2023-06-02 14:00,9853.00,0.300
2023-06-02 14:10,9853.00,0.000
2023-06-02 14:20,9853.00,0.000
2023-06-02 14:30,9853.00,0.133
2023-06-02 14:40,9853.00,0.000
2023-06-02 14:50,9853.00,0.083
2023-06-02 15:00,9853.00,0.050
2023-06-02 15:10,9853.00,0.150
2023-06-02 15:20,9853.00,0.000
2023-06-02 15:30,9853.00,0.000
2023-06-02 15:40,9853.00,0.000
2023-06-02 15:50,9853.00,0.000
2023-06-02 16:00,9853.00,0.000
2023-06-02 16:10,9853.00,0.000
2023-06-02 16:20,9853.00,0.000
2023-06-02 16:30,9853.00,0.000
2023-06-02 16:40,9853.00,0.000
2023-06-02 16:50,9853.00,0.000
2023-06-02 17:00,9853.00,0.033
2023-06-02 17:10,9853.00,0.000
2023-06-02 17:20,9853.00,0.000
2023-06-02 17:30,9853.00,0.000
2023-06-02 17:40,9853.00,0.000
2023-06-02 17:50,9853.00,0.000
2023-06-02 18:00,9853.00,0.000
2023-06-02 18:10,9853.00,0.000
2023-06-02 18:20,9853.00,0.000
2023-06-02 18:30,9853.00,0.000
2023-06-02 18:40,9853.00,0.000
2023-06-02 18:50,9853.00,0.000
2023-06-02 19:00,9853.00,0.000
2023-06-02 19:10,9853.00,0.000
2023-06-02 19:20,9853.00,0.000
2023-06-02 19:30,9853.00,0.000
2023-06-02 19:40,9853.00,0.000
2023-06-02 19:50,9853.00,0.000
2023-06-02 20:00,9853.00,0.000
2023-06-02 20:10,9853.00,0.000
2023-06-02 20:20,9853.00,0.000
2023-06-02 20:30,9853.00,0.000
2023-06-02 20:40,9853.00,0.000
2023-06-02 20:50,9853.00,0.000
2023-06-02 21:00,9853.00,0.000
2023-06-02 21:10,9853.00,0.000
2023-06-02 21:20,9853.00,0.000
2023-06-02 21:30,9853.00,0.000
2023-06-02 21:40,9853.00,0.000
2023-06-02 21:50,9853.00,0.000
2023-06-02 22:00,9853.00,0.000
2023-06-02 22:10,9853.00,0.000
2023-06-02 22:20,9853.00,0.000
2023-06-02 22:30,9853.00,0.000
2023-06-02 22:40,9853.00,0.000
2023-06-02 22:50,9853.00,0.000
2023-06-02 23:00,9853.00,0.000
2023-06-02 23:10,9853.00,0.000
2023-06-02 23:20,9853.00,0.467
2023-06-02 23:30,9853.00,0.483
2023-06-02 23:40,9853.00,0.000
2023-06-02 23:50,9853.00,0.000
2023-06-03 00:00,9853.00,0.000
2023-06-03 00:10,9853.00,0.000
2023-06-03 00:20,9853.00,0.000
2023-06-03 00:30,9853.00,0.000
2023-06-03 00:40,9853.00,0.267
2023-06-03 00:50,9853.00,0.900
2023-06-03 01:00,9853.00,0.000
2023-06-03 01:10,9853.00,0.583
2023-06-03 01:20,9853.00,0.033
2023-06-03 01:30,9853.00,0.167
2023-06-03 01:40,9853.00,0.483
2023-06-03 01:50,9853.00,0.000
2023-06-03 02:00,9853.00,0.583
2023-06-03 02:10,9853.00,0.000
2023-06-03 02:20,9853.00,0.350
2023-06-03 02:30,9853.00,0.300
2023-06-03 02:40,9853.00,0.267
2023-06-03 02:50,9853.00,0.400
2023-06-03 03:00,9853.00,0.000
2023-06-03 03:10,9853.00,0.317
2023-06-03 03:20,9853.00,0.433
2023-06-03 03:30,9853.00,0.000
2023-06-03 03:40,9853.00,0.000
2023-06-03 03:50,9853.00,0.000
2023-06-03 04:00,9853.00,0.000
2023-06-03 04:10,9853.00,0.850
2023-06-03 04:20,9853.00,0.650
2023-06-03 04:30,9853.00,0.000
2023-06-03 04:40,9853.00,0.750
2023-06-03 04:50,9853.00,0.083
2023-06-03 05:00,9853.00,0.417
2023-06-03 05:10,9853.00,1.000
2023-06-03 05:20,9853.00,1.000
2023-06-03 05:30,9853.00,1.000
2023-06-03 05:40,9853.00,1.000
2023-06-03 05:50,9853.00,0.950
2023-06-03 06:00,9853.00,0.600
2023-06-03 06:10,9853.00,1.000
2023-06-03 06:20,9853.00,1.000
2023-06-03 06:30,9853.30,1.000
2023-06-03 06:40,9856.09,1.000
2023-06-03 06:50,9860.43,1.000
2023-06-03 07:00,9862.98,1.000
2023-06-03 07:10,9862.98,1.000
2023-06-03 07:20,9862.98,0.217
2023-06-03 07:30,9862.98,0.000
2023-06-03 07:40,9862.98,0.000
2023-06-03 07:50,9862.98,0.333
2023-06-03 08:00,9862.98,0.050
2023-06-03 08:10,9862.98,0.000
2023-06-03 08:20,9862.98,0.017
2023-06-03 08:30,9862.98,0.000
2023-06-03 08:40,9862.98,0.000
2023-06-03 08:50,9862.98,0.000
2023-06-03 09:00,9862.98,0.350
2023-06-03 09:10,9862.98,0.333
2023-06-03 09:20,9862.98,0.367
2023-06-03 09:30,9862.98,0.317
2023-06-03 09:40,9862.98,0.017
2023-06-03 09:50,9862.98,0.250
2023-06-03 10:00,9862.98,0.433
2023-06-03 10:10,9862.98,0.000
2023-06-03 10:20,9862.98,0.167
2023-06-03 10:30,9862.98,0.067
2023-06-03 10:40,9862.98,0.950
2023-06-03 10:50,9862.98,0.583
2023-06-03 11:00,9862.98,0.000
2023-06-03 11:10,9862.98,0.000
2023-06-03 11:20,9862.98,0.000
2023-06-03 11:30,9862.98,0.000
2023-06-03 11:40,9862.98,0.000
2023-06-03 11:50,9862.98,0.000
2023-06-03 12:00,9862.98,0.650
2023-06-03 12:10,9862.98,0.000
2023-06-03 12:20,9862.98,0.000
2023-06-03 12:30,9862.98,0.000
2023-06-03 12:40,9862.98,0.000
2023-06-03 12:50,9862.98,0.000
2023-06-03 13:00,9862.98,0.000
2023-06-03 13:10,9862.98,0.033
2023-06-03 13:20,9862.98,0.067
2023-06-03 13:30,9862.98,0.000
2023-06-03 13:40,9862.98,0.000
2023-06-03 13:50,9862.98,0.000
2023-06-03 14:00,9862.98,0.483
2023-06-03 14:10,9862.98,0.000
2023-06-03 14:20,9862.98,0.000
2023-06-03 14:30,9862.98,0.000
2023-06-03 14:40,9862.98,0.000
2023-06-03 14:50,9862.98,0.017
2023-06-03 15:00,9862.98,0.000
2023-06-03 15:10,9862.98,0.000
2023-06-03 15:20,9862.98,0.000
2023-06-03 15:30,9862.98,0.000
2023-06-03 15:40,9862.98,0.000
2023-06-03 15:50,9862.98,0.000
2023-06-03 16:00,9862.98,0.000
2023-06-03 16:10,9862.98,0.000
2023-06-03 16:20,9862.98,0.000
2023-06-03 16:30,9862.98,0.000
2023-06-03 16:40,9862.98,0.000
2023-06-03 16:50,9862.98,0.000
2023-06-03 17:00,9862.98,0.000
2023-06-03 17:10,9862.98,0.000
2023-06-03 17:20,9862.98,0.000
2023-06-03 17:30,9862.98,0.000
2023-06-03 17:40,9862.98,0.000
2023-06-03 17:50,9862.98,0.000
2023-06-03 18:00,9862.98,0.000
2023-06-03 18:10,9862.98,0.000
2023-06-03 18:20,9862.98,0.000
2023-06-03 18:30,9862.98,0.000
2023-06-03 18:40,9862.98,0.450
2023-06-03 18:50,9862.98,0.200
2023-06-03 19:00,9862.98,0.000
2023-06-03 19:10,9862.98,0.000
2023-06-03 19:20,9862.98,0.000
2023-06-03 19:30,9862.98,0.000
2023-06-03 19:40,9862.98,0.000
2023-06-03 19:50,9862.98,0.000
2023-06-03 20:00,9862.98,0.000
2023-06-03 20:10,9862.98,0.000
2023-06-03 20:20,9862.98,0.000
2023-06-03 20:30,9862.98,0.000
2023-06-03 20:40,9862.98,0.000
2023-06-03 20:50,9862.98,0.450
2023-06-03 21:00,9862.98,0.367
2023-06-03 21:10,9862.98,0.000
2023-06-03 21:20,9862.98,0.000
2023-06-03 21:30,9862.98,0.000
2023-06-03 21:40,9862.98,0.000
2023-06-03 21:50,9862.98,0.000
2023-06-03 22:00,9862.98,0.000
2023-06-03 22:10,9862.98,0.933
2023-06-03 22:20,9862.98,0.200
2023-06-03 22:30,9862.98,0.000
2023-06-03 22:40,9862.98,0.833
2023-06-03 22:50,9862.98,0.033
2023-06-03 23:00,9862.98,0.267
2023-06-03 23:10,9862.98,0.800
2023-06-03 23:20,9862.98,0.000
2023-06-03 23:30,9862.98,0.783
2023-06-03 23:40,9862.98,0.233
2023-06-03 23:50,9862.98,0.383
2023-06-04 00:00,9862.98,0.967
2023-06-04 00:10,9862.98,0.000
2023-06-04 00:20,9862.98,0.533
2023-06-04 00:30,9862.98,0.500
2023-06-04 00:40,9862.98,0.000
2023-06-04 00:50,9862.98,0.983
2023-06-04 01:00,9862.98,1.000
2023-06-04 01:10,9862.98,0.833
2023-06-04 01:20,9862.98,0.000
2023-06-04 01:30,9862.98,0.633
2023-06-04 01:40,9862.98,1.000
2023-06-04 01:50,9862.98,0.717
2023-06-04 02:00,9862.98,0.000
2023-06-04 02:10,9862.98,0.917
2023-06-04 02:20,9862.98,1.000
2023-06-04 02:30,9862.98,0.067
2023-06-04 02:40,9862.98,0.483
2023-06-04 02:50,9862.98,1.000
2023-06-04 03:00,9863.97,1.000
2023-06-04 03:10,9871.92,1.000
2023-06-04 03:20,9881.77,1.000
2023-06-04 03:30,9887.26,1.000
2023-06-04 03:40,9911.99,0.683
2023-06-04 03:50,9911.99,1.000
2023-06-04 04:00,9920.09,1.000
2023-06-04 04:10,9922.95,1.000
2023-06-04 04:20,9947.17,1.000
2023-06-04 04:30,9975.62,0.717
2023-06-04 04:40,9975.91,0.933
2023-06-04 04:50,9979.67,1.000
2023-06-04 05:00,9983.92,1.000
2023-06-04 05:10,9987.99,1.000
2023-06-04 05:20,9992.27,1.000
2023-06-04 05:30,9996.32,1.000
2023-06-04 05:40,9999.97,1.000
2023-06-04 05:50,10007.05,0.983
2023-06-04 06:00,10011.93,0.700
2023-06-04 06:10,10051.44,1.000
2023-06-04 06:20,10067.12,0.850
2023-06-04 06:30,10090.45,1.000
2023-06-04 06:40,10102.03,0.650
2023-06-04 06:50,10137.74,1.000
2023-06-04 07:00,10161.98,0.867
2023-06-04 07:10,10167.17,1.000
2023-06-04 07:20,10195.70,1.000
2023-06-04 07:30,10197.34,0.650
2023-06-04 07:40,10233.63,1.000
2023-06-04 07:50,10249.99,0.950
2023-06-04 08:00,10249.99,0.900
2023-06-04 08:10,10249.99,1.000
2023-06-04 08:20,10249.99,1.000
2023-06-04 08:30,10249.99,1.000
2023-06-04 08:40,10249.99,1.000
2023-06-04 08:50,10249.99,0.000
2023-06-04 09:00,10249.99,0.000
2023-06-04 09:10,10249.99,0.233
2023-06-04 09:20,10249.99,0.233
2023-06-04 09:30,10249.99,0.000
2023-06-04 09:40,10249.99,0.333
2023-06-04 09:50,10249.99,0.000
2023-06-04 10:00,10249.99,0.333
2023-06-04 10:10,10249.99,0.017
2023-06-04 10:20,10249.99,0.317
2023-06-04 10:30,10249.99,0.000
2023-06-04 10:40,10249.99,0.383
2023-06-04 10:50,10249.99,0.000
2023-06-04 11:00,10249.99,0.317
2023-06-04 11:10,10249.99,0.000
2023-06-04 11:20,10249.99,0.350
2023-06-04 11:30,10249.99,0.000
2023-06-04 11:40,10249.99,0.483
2023-06-04 11:50,10249.99,0.067
2023-06-04 12:00,10249.99,0.233
2023-06-04 12:10,10249.99,0.267
2023-06-04 12:20,10249.99,0.000
2023-06-04 12:30,10249.99,0.000
2023-06-04 12:40,10249.99,0.017
2023-06-04 12:50,10249.99,0.000
2023-06-04 13:00,10249.99,0.267
2023-06-04 13:10,10249.99,0.350
2023-06-04 13:20,10249.99,0.100
2023-06-04 13:30,10249.99,0.317
2023-06-04 13:40,10249.99,0.633
2023-06-04 13:50,10249.99,0.000
2023-06-04 14:00,10249.99,0.000
2023-06-04 14:10,10249.99,0.000
2023-06-04 14:20,10249.99,0.000
2023-06-04 14:30,10249.99,0.300
2023-06-04 14:40,10249.99,0.217
2023-06-04 14:50,10249.99,0.000
2023-06-04 15:00,10249.99,0.000
2023-06-04 15:10,10249.99,0.000
2023-06-04 15:20,10249.99,0.000
2023-06-04 15:30,10249.99,0.000
2023-06-04 15:40,10249.99,0.000
2023-06-04 15:50,10249.99,0.000
2023-06-04 16:00,10249.99,0.000
2023-06-04 16:10,10249.99,0.000
2023-06-04 16:20,10249.99,0.000
2023-06-04 16:30,10249.99,0.000
2023-06-04 16:40,10249.99,0.000
2023-06-04 16:50,10249.99,0.000
2023-06-04 17:00,10249.99,0.000
2023-06-04 17:10,10249.99,0.000
2023-06-04 17:20,10249.99,0.000
2023-06-04 17:30,10249.99,0.000
2023-06-04 17:40,10249.99,0.000
2023-06-04 17:50,10249.99,0.000
2023-06-04 18:00,10249.99,0.000
2023-06-04 18:10,10249.99,0.000
2023-06-04 18:20,10249.99,0.000
2023-06-04 18:30,10249.99,0.000
2023-06-04 18:40,10249.99,0.000
2023-06-04 18:50,10249.99,0.000
2023-06-04 19:00,10249.99,0.000
2023-06-04 19:10,10249.99,0.000
2023-06-04 19:20,10249.99,0.367
2023-06-04 19:30,10249.99,0.000
2023-06-04 19:40,10249.99,0.000
2023-06-04 19:50,10249.99,0.000
2023-06-04 20:00,10249.99,0.000
2023-06-04 20:10,10249.99,0.000
2023-06-04 20:20,10249.99,0.000
2023-06-04 20:30,10249.99,0.000
2023-06-04 20:40,10249.99,0.000
2023-06-04 20:50,10249.99,0.000
2023-06-04 21:00,10249.99,0.000
2023-06-04 21:10,10249.99,0.000
2023-06-04 21:20,10249.99,0.000
2023-06-04 21:30,10249.99,0.000
2023-06-04 21:40,10249.99,0.000
2023-06-04 21:50,10249.99,0.000
2023-06-04 22:00,10249.99,0.000
2023-06-04 22:10,10249.99,0.000
2023-06-04 22:20,10249.99,0.000
2023-06-04 22:30,10249.99,0.000
2023-06-04 22:40,10249.99,0.000
2023-06-04 22:50,10249.99,0.000
2023-06-04 23:00,10249.99,0.000
2023-06-04 23:10,10249.99,0.000
2023-06-04 23:20,10249.99,0.000
2023-06-04 23:30,10249.99,0.000
2023-06-04 23:40,10249.99,0.000
2023-06-04 23:50,10249.99,0.650
2023-06-05 00:00,10249.99,1.000
2023-06-05 00:10,10249.99,0.667
2023-06-05 00:20,10249.99,0.000
2023-06-05 00:30,10249.99,0.667
2023-06-05 00:40,10249.99,1.000
2023-06-05 00:50,10249.99,0.067
2023-06-05 01:00,10249.99,0.000
2023-06-05 01:10,10249.99,0.950
2023-06-05 01:20,10249.99,0.383
2023-06-05 01:30,10249.99,0.067
2023-06-05 01:40,10249.99,1.000
2023-06-05 01:50,10249.99,0.067
2023-06-05 02:00,10249.99,0.367
2023-06-05 02:10,10249.99,0.900
2023-06-05 02:20,10249.99,0.000
2023-06-05 02:30,10249.99,0.567
2023-06-05 02:40,10249.99,0.733
2023-06-05 02:50,10249.99,0.000
2023-06-05 03:00,10249.99,0.417
2023-06-05 03:10,10249.99,1.000
2023-06-05 03:20,10249.99,0.350
2023-06-05 03:30,10249.99,0.000
2023-06-05 03:40,10249.99,0.483
2023-06-05 03:50,10249.99,0.467
2023-06-05 04:00,10249.99,0.700
2023-06-05 04:10,10249.99,0.500
2023-06-05 04:20,10249.99,0.817
2023-06-05 04:30,10249.99,0.567
2023-06-05 04:40,10249.99,0.967
2023-06-05 04:50,10249.99,1.000
2023-06-05 05:00,10249.99,1.000
2023-06-05 05:10,10249.99,1.000
2023-06-05 05:20,10249.99,1.000
2023-06-05 05:30,10249.99,1.000
2023-06-05 05:40,10249.99,1.000
2023-06-05 05:50,10249.99,1.000
2023-06-05 06:00,10249.99,1.000
2023-06-05 06:10,10249.99,1.000
2023-06-05 06:20,10249.99,1.000
2023-06-05 06:30,10249.99,1.000
2023-06-05 06:40,10249.99,0.750
2023-06-05 06:50,10249.99,1.000
2023-06-05 07:00,10249.99,0.767
2023-06-05 07:10,10250.16,1.000
2023-06-05 07:20,10250.29,1.000
2023-06-05 07:30,10250.31,1.000
2023-06-05 07:40,10250.36,1.000
2023-06-05 07:50,10250.49,1.000
2023-06-05 08:00,10250.56,1.000
2023-06-05 08:10,10250.65,1.000
2023-06-05 08:20,10250.71,1.000
2023-06-05 08:30,10250.82,1.000
2023-06-05 08:40,10250.91,1.000
2023-06-05 08:50,10250.98,1.000
2023-06-05 09:00,10251.07,1.000
2023-06-05 09:10,10251.18,1.000
2023-06-05 09:20,10251.42,1.000
2023-06-05 09:30,10251.58,1.000
2023-06-05 09:40,10251.77,1.000
2023-06-05 09:50,10251.86,1.000
2023-06-05 10:00,10252.08,1.000
2023-06-05 10:10,10252.37,1.000
2023-06-05 10:20,10252.59,1.000
2023-06-05 10:30,10252.88,1.000
2023-06-05 10:40,10253.10,1.000
2023-06-05 10:50,10253.28,1.000
2023-06-05 11:00,10253.54,1.000
2023-06-05 11:10,10253.75,1.000
2023-06-05 11:20,10253.92,1.000
2023-06-05 11:30,10254.05,1.000
2023-06-05 11:40,10254.25,1.000
2023-06-05 11:50,10254.36,1.000
2023-06-05 12:00,10254.43,1.000
2023-06-05 12:10,10254.59,1.000
2023-06-05 12:20,10254.70,1.000
2023-06-05 12:30,10254.79,1.000
2023-06-05 12:40,10254.83,1.000
2023-06-05 12:50,10255.10,1.000
2023-06-05 13:00,10255.18,1.000
2023-06-05 13:10,10255.34,1.000
2023-06-05 13:20,10255.45,1.000
2023-06-05 13:30,10255.56,1.000
2023-06-05 13:40,10255.74,1.000
2023-06-05 13:50,10255.85,1.000
2023-06-05 14:00,10256.07,1.000
2023-06-05 14:10,10256.16,1.000
2023-06-05 14:20,10256.22,1.000
2023-06-05 14:30,10256.38,1.000
2023-06-05 14:40,10256.45,1.000
2023-06-05 14:50,10256.56,1.000
2023-06-05 15:00,10256.65,1.000
2023-06-05 15:10,10256.65,1.000
2023-06-05 15:20,10256.65,0.517
2023-06-05 15:30,10256.65,0.000
2023-06-05 15:40,10256.65,0.000
2023-06-05 15:50,10256.65,0.000
2023-06-05 16:00,10256.65,0.000
2023-06-05 16:10,10256.65,0.000
2023-06-05 16:20,10256.65,0.000
2023-06-05 16:30,10256.65,0.000
2023-06-05 16:40,10256.65,0.000
2023-06-05 16:50,10256.65,0.083
2023-06-05 17:00,10256.65,0.000
2023-06-05 17:10,10256.65,0.000
2023-06-05 17:20,10256.65,0.000
2023-06-05 17:30,10256.65,0.000
2023-06-05 17:40,10256.65,0.000
2023-06-05 17:50,10256.65,0.000
2023-06-05 18:00,10256.65,0.000
2023-06-05 18:10,10256.65,0.000
2023-06-05 18:20,10256.65,0.000
2023-06-05 18:30,10256.65,0.000
2023-06-05 18:40,10256.65,0.000
2023-06-05 18:50,10256.65,0.000
2023-06-05 19:00,10256.65,0.000
2023-06-05 19:10,10256.65,0.000
2023-06-05 19:20,10256.65,0.000
2023-06-05 19:30,10256.65,0.000
2023-06-05 19:40,10256.65,0.000
2023-06-05 19:50,10256.65,0.000
2023-06-05 20:00,10256.65,0.000
2023-06-05 20:10,10256.65,0.000
2023-06-05 20:20,10256.65,0.000
2023-06-05 20:30,10256.65,0.000
2023-06-05 20:40,10256.65,0.000
2023-06-05 20:50,10256.65,0.000
2023-06-05 21:00,10256.65,0.000
2023-06-05 21:10,10256.65,0.000
2023-06-05 21:20,10256.65,0.000
2023-06-05 21:30,10256.65,0.000
2023-06-05 21:40,10256.65,0.000
2023-06-05 21:50,10256.65,0.000
2023-06-05 22:00,10256.65,0.000
2023-06-05 22:10,10256.65,0.000
2023-06-05 22:20,10256.65,0.000
2023-06-05 22:30,10256.65,0.000
2023-06-05 22:40,10256.65,0.000
2023-06-05 22:50,10256.65,0.000
2023-06-05 23:00,10256.65,0.000
2023-06-05 23:10,10256.65,0.000
2023-06-05 23:20,10256.65,0.000
2023-06-05 23:30,10256.65,0.000
2023-06-05 23:40,10256.65,0.000
2023-06-05 23:50,10256.65,0.000
2023-06-06 00:00,10256.65,0.000
2023-06-06 00:10,10256.65,0.000
2023-06-06 00:20,10256.65,0.000
2023-06-06 00:30,10256.65,0.000
2023-06-06 00:40,10256.65,0.000
2023-06-06 00:50,10256.65,0.000
2023-06-06 01:00,10256.65,0.000
2023-06-06 01:10,10256.65,0.000
2023-06-06 01:20,10256.65,0.000
2023-06-06 01:30,10256.65,0.000
2023-06-06 01:40,10256.65,0.000
2023-06-06 01:50,10256.65,0.000
2023-06-06 02:00,10256.65,0.000
2023-06-06 02:10,10256.65,0.200
2023-06-06 02:20,10256.65,0.650
2023-06-06 02:30,10256.65,0.000
2023-06-06 02:40,10256.65,0.000
2023-06-06 02:50,10256.65,0.000
2023-06-06 03:00,10256.65,0.000
2023-06-06 03:10,10256.65,0.000
2023-06-06 03:20,10256.65,0.200
2023-06-06 03:30,10256.65,1.000
2023-06-06 03:40,10256.65,0.000
2023-06-06 03:50,10256.65,0.533
2023-06-06 04:00,10256.65,0.000
2023-06-06 04:10,10256.65,0.600
2023-06-06 04:20,10256.65,0.000
2023-06-06 04:30,10256.65,0.517
2023-06-06 04:40,10256.65,0.000
2023-06-06 04:50,10256.65,0.583
2023-06-06 05:00,10256.65,0.000
2023-06-06 05:10,10256.65,0.567
2023-06-06 05:20,10256.65,0.000
2023-06-06 05:30,10256.65,0.000
2023-06-06 05:40,10256.65,0.100
2023-06-06 05:50,10256.65,0.450
2023-06-06 06:00,10256.65,0.000
2023-06-06 06:10,10256.65,0.400
2023-06-06 06:20,10256.65,0.133
2023-06-06 06:30,10256.65,0.367
2023-06-06 06:40,10256.65,0.150
2023-06-06 06:50,10256.65,0.367
2023-06-06 07:00,10256.65,0.000
2023-06-06 07:10,10256.65,0.767
2023-06-06 07:20,10257.09,1.000
2023-06-06 07:30,10259.76,1.000
2023-06-06 07:40,10262.31,1.000
2023-06-06 07:50,10264.06,1.000
2023-06-06 08:00,10264.06,1.000
2023-06-06 08:10,10264.06,1.000
2023-06-06 08:20,10264.06,1.000
2023-06-06 08:30,10264.06,1.000
2023-06-06 08:40,10264.06,1.000
2023-06-06 08:50,10264.06,1.000
2023-06-06 09:00,10264.06,1.000
2023-06-06 09:10,10264.06,0.267
2023-06-06 09:20,10264.06,0.000
2023-06-06 09:30,10264.06,0.000
2023-06-06 09:40,10264.06,0.000
2023-06-06 09:50,10264.06,0.083
2023-06-06 10:00,10264.06,0.000
2023-06-06 10:10,10264.06,0.050
2023-06-06 10:20,10264.06,0.250
2023-06-06 10:30,10264.06,0.117
2023-06-06 10:40,10264.06,0.000
2023-06-06 10:50,10264.06,0.000
2023-06-06 11:00,10264.06,0.117
2023-06-06 11:10,10264.06,0.000
2023-06-06 11:20,10264.06,0.133
2023-06-06 11:30,10264.06,0.000
2023-06-06 11:40,10264.06,0.000
2023-06-06 11:50,10264.06,0.000
2023-06-06 12:00,10264.06,0.033
2023-06-06 12:10,10264.06,0.000
2023-06-06 12:20,10264.06,0.000
2023-06-06 12:30,10264.06,0.133
2023-06-06 12:40,10264.06,0.000
2023-06-06 12:50,10264.06,0.133
2023-06-06 13:00,10264.06,0.000
2023-06-06 13:10,10264.06,0.000
2023-06-06 13:20,10264.06,0.000
2023-06-06 13:30,10264.06,0.000
2023-06-06 13:40,10264.06,0.000
2023-06-06 13:50,10264.06,0.333
2023-06-06 14:00,10264.06,0.000
2023-06-06 14:10,10264.06,0.017
2023-06-06 14:20,10264.06,0.000
2023-06-06 14:30,10264.06,0.000
2023-06-06 14:40,10264.06,0.000
2023-06-06 14:50,10264.06,0.000
2023-06-06 15:00,10264.06,0.000
2023-06-06 15:10,10264.06,0.000
2023-06-06 15:20,10264.06,0.000
2023-06-06 15:30,10264.06,0.000
2023-06-06 15:40,10264.06,0.000
2023-06-06 15:50,10264.06,0.000
2023-06-06 16:00,10264.06,0.000
2023-06-06 16:10,10264.06,0.000
2023-06-06 16:20,10264.06,0.000
2023-06-06 16:30,10264.06,0.000
2023-06-06 16:40,10264.06,0.000
2023-06-06 16:50,10264.06,0.000
2023-06-06 17:00,10264.06,0.000
2023-06-06 17:10,10264.06,0.000
2023-06-06 17:20,10264.06,0.000
2023-06-06 17:30,10264.06,0.000
2023-06-06 17:40,10264.06,0.000
2023-06-06 17:50,10264.06,0.000
2023-06-06 18:00,10264.06,0.000
2023-06-06 18:10,10264.06,0.000
2023-06-06 18:20,10264.06,0.333
2023-06-06 18:30,10264.06,0.000
2023-06-06 18:40,10264.06,0.000
2023-06-06 18:50,10264.06,0.000
2023-06-06 19:00,10264.06,0.000
2023-06-06 19:10,10264.06,0.000
2023-06-06 19:20,10264.06,0.000
2023-06-06 19:30,10264.06,0.667
2023-06-06 19:40,10264.06,1.000
2023-06-06 19:50,10264.06,0.483
2023-06-06 20:00,10264.06,0.517
2023-06-06 20:10,10264.06,0.617
2023-06-06 20:20,10264.06,0.283
2023-06-06 20:30,10264.06,0.000
2023-06-06 20:40,10264.06,0.017
2023-06-06 20:50,10264.06,1.000
2023-06-06 21:00,10264.06,0.717
2023-06-06 21:10,10264.06,0.517
2023-06-06 21:20,10264.06,0.667
2023-06-06 21:30,10264.06,0.217
2023-06-06 21:40,10264.06,0.000
2023-06-06 21:50,10264.06,0.317
2023-06-06 22:00,10264.06,1.000
2023-06-06 22:10,10264.06,0.717
2023-06-06 22:20,10264.06,0.567
2023-06-06 22:30,10264.06,0.617
2023-06-06 22:40,10264.06,0.617
2023-06-06 22:50,10264.06,0.617
2023-06-06 23:00,10264.06,0.517
2023-06-06 23:10,10264.06,0.550
2023-06-06 23:20,10264.06,0.633
2023-06-06 23:30,10264.06,1.000
2023-06-06 23:40,10264.06,1.000
2023-06-06 23:50,10264.06,1.000
2023-06-07 00:00,10264.06,1.000
2023-06-07 00:10,10264.06,1.000
2023-06-07 00:20,10264.06,1.000
2023-06-07 00:30,10264.06,1.000
2023-06-07 00:40,10264.06,1.000
2023-06-07 00:50,10264.06,1.000
2023-06-07 01:00,10264.06,1.000
2023-06-07 01:10,10264.06,0.867
2023-06-07 01:20,10264.06,0.767
2023-06-07 01:30,10264.06,1.000
2023-06-07 01:40,10264.06,1.000
2023-06-07 01:50,10264.06,1.000
2023-06-07 02:00,10264.06,1.000
2023-06-07 02:10,10264.06,1.000
2023-06-07 02:20,10264.06,1.000
2023-06-07 02:30,10264.06,1.000
2023-06-07 02:40,10264.06,1.000
2023-06-07 02:50,10264.06,1.000
2023-06-07 03:00,10264.06,1.000
2023-06-07 03:10,10264.40,1.000
2023-06-07 03:20,10264.97,1.000
2023-06-07 03:30,10265.66,1.000
2023-06-07 03:40,10266.24,1.000
2023-06-07 03:50,10266.50,1.000
2023-06-07 04:00,10266.72,1.000
2023-06-07 04:10,10266.90,1.000
2023-06-07 04:20,10267.06,1.000
2023-06-07 04:30,10267.14,1.000
2023-06-07 04:40,10267.25,1.000
2023-06-07 04:50,10267.34,1.000
2023-06-07 05:00,10267.45,1.000
2023-06-07 05:10,10267.54,1.000
2023-06-07 05:20,10267.65,1.000
2023-06-07 05:30,10267.79,1.000
2023-06-07 05:40,10267.96,1.000
2023-06-07 05:50,10268.14,1.000
2023-06-07 06:00,10268.41,1.000
2023-06-07 06:10,10268.61,1.000
2023-06-07 06:20,10268.67,1.000
2023-06-07 06:30,10268.76,1.000
2023-06-07 06:40,10268.83,1.000
2023-06-07 06:50,10268.92,1.000
2023-06-07 07:00,10268.94,1.000
2023-06-07 07:10,10269.00,1.000
2023-06-07 07:20,10269.09,1.000
2023-06-07 07:30,10269.18,1.000
2023-06-07 07:40,10269.20,1.000
2023-06-07 07:50,10269.27,1.000
2023-06-07 08:00,10269.36,1.000
2023-06-07 08:10,10269.45,1.000
2023-06-07 08:20,10269.49,1.000
2023-06-07 08:30,10269.60,1.000
2023-06-07 08:40,10269.76,1.000
2023-06-07 08:50,10270.00,1.000
2023-06-07 09:00,10270.27,1.000
2023-06-07 09:10,10270.53,1.000
2023-06-07 09:20,10270.82,1.000
2023-06-07 09:30,10271.06,1.000
2023-06-07 09:40,10271.22,1.000
2023-06-07 09:50,10271.42,1.000
2023-06-07 10:00,10271.44,1.000
2023-06-07 10:10,10271.57,1.000
2023-06-07 10:20,10271.59,1.000
2023-06-07 10:30,10271.64,1.000
2023-06-07 10:40,10271.71,1.000
2023-06-07 10:50,10271.77,1.000
2023-06-07 11:00,10271.79,1.000
2023-06-07 11:10,10271.79,1.000
2023-06-07 11:20,10271.79,1.000
2023-06-07 11:30,10271.79,0.400
2023-06-07 11:40,10271.79,0.117
2023-06-07 11:50,10271.79,0.000
2023-06-07 12:00,10271.79,0.150
2023-06-07 12:10,10271.79,0.183
2023-06-07 12:20,10271.79,0.200
2023-06-07 12:30,10271.79,0.100
2023-06-07 12:40,10271.79,0.250
2023-06-07 12:50,10271.79,0.000
2023-06-07 13:00,10271.79,0.000
2023-06-07 13:10,10271.79,0.000
2023-06-07 13:20,10271.79,0.133
2023-06-07 13:30,10271.79,0.050
2023-06-07 13:40,10271.79,0.117
2023-06-07 13:50,10271.79,0.000
2023-06-07 14:00,10271.79,0.167
2023-06-07 14:10,10271.79,0.000
2023-06-07 14:20,10271.79,0.000
2023-06-07 14:30,10271.79,0.200
2023-06-07 14:40,10271.79,0.183
2023-06-07 14:50,10271.79,0.267
2023-06-07 15:00,10271.79,0.150
2023-06-07 15:10,10271.79,0.000
2023-06-07 15:20,10271.79,0.300
2023-06-07 15:30,10271.79,0.000
2023-06-07 15:40,10271.79,0.250
2023-06-07 15:50,10271.79,0.000
2023-06-07 16:00,10271.79,0.167
2023-06-07 16:10,10271.79,0.150
2023-06-07 16:20,10271.79,0.000
2023-06-07 16:30,10271.79,0.383
2023-06-07 16:40,10271.79,0.200
2023-06-07 16:50,10271.79,0.000
2023-06-07 17:00,10271.79,0.000
2023-06-07 17:10,10271.79,0.000
2023-06-07 17:20,10271.79,0.000
2023-06-07 17:30,10271.79,0.000
2023-06-07 17:40,10271.79,0.000
2023-06-07 17:50,10271.79,0.000
2023-06-07 18:00,10271.79,0.000
2023-06-07 18:10,10271.79,0.000
2023-06-07 18:20,10271.79,0.000
2023-06-07 18:30,10271.79,0.000
2023-06-07 18:40,10271.79,0.000
2023-06-07 18:50,10271.79,0.000
2023-06-07 19:00,10271.79,0.000
2023-06-07 19:10,10271.79,0.000
2023-06-07 19:20,10271.79,0.000
2023-06-07 19:30,10271.79,0.000
2023-06-07 19:40,10271.79,0.000
2023-06-07 19:50,10271.79,0.017
2023-06-07 20:00,10271.79,0.733
2023-06-07 20:10,10271.79,0.000
2023-06-07 20:20,10271.79,0.000
2023-06-07 20:30,10271.79,0.000
2023-06-07 20:40,10271.79,0.000
2023-06-07 20:50,10271.79,0.000
2023-06-07 21:00,10271.79,0.000
2023-06-07 21:10,10271.79,0.000
2023-06-07 21:20,10271.79,0.000
2023-06-07 21:30,10271.79,0.000
2023-06-07 21:40,10271.79,0.000
2023-06-07 21:50,10271.79,0.000
2023-06-07 22:00,10271.79,0.000
2023-06-07 22:10,10271.79,0.000
2023-06-07 22:20,10271.79,0.000
2023-06-07 22:30,10271.79,0.000
2023-06-07 22:40,10271.79,0.000
2023-06-07 22:50,10271.79,0.000
2023-06-07 23:00,10271.79,0.000
2023-06-07 23:10,10271.79,0.717
2023-06-07 23:20,10271.79,0.000
2023-06-07 23:30,10271.79,0.000
2023-06-07 23:40,10271.79,0.000
2023-06-07 23:50,10271.79,0.000
2023-06-08 00:00,10271.79,0.000
2023-06-08 00:10,10271.79,0.000
2023-06-08 00:20,10271.79,0.650
2023-06-08 00:30,10271.79,0.317
2023-06-08 00:40,10271.79,0.000
2023-06-08 00:50,10271.79,0.000
2023-06-08 01:00,10271.79,0.000
2023-06-08 01:10,10271.79,0.800
2023-06-08 01:20,10271.79,1.000
2023-06-08 01:30,10271.79,1.000
2023-06-08 01:40,10273.33,1.000
2023-06-08 01:50,10273.97,1.000
2023-06-08 02:00,10273.97,1.000
2023-06-08 02:10,10273.97,1.000
2023-06-08 02:20,10273.97,1.000
2023-06-08 02:30,10273.97,1.000
2023-06-08 02:40,10273.97,1.000
2023-06-08 02:50,10273.97,1.000
2023-06-08 03:00,10273.97,1.000
2023-06-08 03:10,10273.97,0.383
2023-06-08 03:20,10273.97,0.033
2023-06-08 03:30,10273.97,0.000
2023-06-08 03:40,10273.97,0.000
2023-06-08 03:50,10273.97,0.000
2023-06-08 04:00,10273.97,0.000
2023-06-08 04:10,10273.97,0.000
2023-06-08 04:20,10273.97,0.000
2023-06-08 04:30,10273.97,0.000
2023-06-08 04:40,10273.97,0.000
2023-06-08 04:50,10273.97,0.000
2023-06-08 05:00,10273.97,0.000
2023-06-08 05:10,10273.97,0.000
2023-06-08 05:20,10273.97,0.000
2023-06-08 05:30,10273.97,0.000
2023-06-08 05:40,10273.97,0.000
2023-06-08 05:50,10273.97,0.000
2023-06-08 06:00,10273.97,0.000
2023-06-08 06:10,10273.97,0.000
2023-06-08 06:20,10273.97,0.000
2023-06-08 06:30,10273.97,0.000
2023-06-08 06:40,10273.97,0.000
2023-06-08 06:50,10273.97,0.000
2023-06-08 07:00,10273.97,0.000
2023-06-08 07:10,10273.97,0.000
2023-06-08 07:20,10273.97,0.000
2023-06-08 07:30,10273.97,0.033
2023-06-08 07:40,10273.97,0.000
2023-06-08 07:50,10273.97,0.000
2023-06-08 08:00,10273.97,0.000
2023-06-08 08:10,10273.97,0.000
2023-06-08 08:20,10273.97,0.233
2023-06-08 08:30,10273.97,0.000
2023-06-08 08:40,10273.97,0.000
2023-06-08 08:50,10273.97,0.000
2023-06-08 09:00,10273.97,0.000
2023-06-08 09:10,10273.97,0.000
2023-06-08 09:20,10273.97,0.000
2023-06-08 09:30,10273.97,0.000
2023-06-08 09:40,10273.97,0.000
2023-06-08 09:50,10273.97,0.000
2023-06-08 10:00,10273.97,0.000
2023-06-08 10:10,10273.97,0.000
2023-06-08 10:20,10273.97,0.000
2023-06-08 10:30,10273.97,0.000
2023-06-08 10:40,10273.97,0.000
2023-06-08 10:50,10273.97,0.000
2023-06-08 11:00,10273.97,0.000
2023-06-08 11:10,10273.97,0.000
2023-06-08 11:20,10273.97,0.000
2023-06-08 11:30,10273.97,0.000
2023-06-08 11:40,10273.97,0.000
2023-06-08 11:50,10273.97,0.350
2023-06-08 12:00,10273.97,0.000
2023-06-08 12:10,10273.97,0.000
2023-06-08 12:20,10273.97,0.000
2023-06-08 12:30,10273.97,0.000
2023-06-08 12:40,10273.97,0.000
2023-06-08 12:50,10273.97,0.000
2023-06-08 13:00,10273.97,0.000
2023-06-08 13:10,10273.97,0.000
2023-06-08 13:20,10273.97,0.783
2023-06-08 13:30,10273.97,1.000
2023-06-08 13:40,10273.97,0.750
2023-06-08 13:50,10273.97,0.917
2023-06-08 14:00,10273.97,0.150
2023-06-08 14:10,10273.97,0.000
2023-06-08 14:20,10273.97,0.000
2023-06-08 14:30,10273.97,0.000
2023-06-08 14:40,10273.97,0.950
2023-06-08 14:50,10273.97,1.000
2023-06-08 15:00,10273.97,1.000
2023-06-08 15:10,10273.97,1.000
2023-06-08 15:20,10273.97,1.000
2023-06-08 15:30,10273.97,1.000
2023-06-08 15:40,10273.97,1.000
2023-06-08 15:50,10273.97,1.000
2023-06-08 16:00,10273.97,0.867
2023-06-08 16:10,10273.97,0.000
2023-06-08 16:20,10273.97,0.000
2023-06-08 16:30,10273.97,0.567
2023-06-08 16:40,10273.97,0.450
2023-06-08 16:50,10273.97,1.000
2023-06-08 17:00,10273.97,1.000
2023-06-08 17:10,10273.97,1.000
2023-06-08 17:20,10273.97,1.000
2023-06-08 17:30,10273.97,1.000
2023-06-08 17:40,10273.97,1.000
2023-06-08 17:50,10273.97,1.000
2023-06-08 18:00,10273.97,1.000
2023-06-08 18:10,10273.97,1.000
2023-06-08 18:20,10273.97,1.000
2023-06-08 18:30,10273.97,1.000
2023-06-08 18:40,10273.97,1.000
2023-06-08 18:50,10273.97,1.000
2023-06-08 19:00,10273.97,1.000
2023-06-08 19:10,10273.97,1.000
2023-06-08 19:20,10273.97,1.000
2023-06-08 19:30,10273.97,1.000
2023-06-08 19:40,10273.97,1.000
2023-06-08 19:50,10273.97,1.000
2023-06-08 20:00,10273.97,1.000
2023-06-08 20:10,10273.97,1.000
2023-06-08 20:20,10273.97,1.000
2023-06-08 20:30,10273.97,1.000
2023-06-08 20:40,10273.97,1.000
2023-06-08 20:50,10273.97,1.000
2023-06-08 21:00,10273.97,1.000
2023-06-08 21:10,10273.97,1.000
2023-06-08 21:20,10273.97,1.000
2023-06-08 21:30,10273.97,1.000
2023-06-08 21:40,10273.97,1.000
2023-06-08 21:50,10273.97,1.000
2023-06-08 22:00,10273.97,1.000
2023-06-08 22:10,10273.97,1.000
2023-06-08 22:20,10273.97,1.000
2023-06-08 22:30,10273.97,1.000
2023-06-08 22:40,10273.97,1.000
2023-06-08 22:50,10273.97,1.000
2023-06-08 23:00,10273.97,1.000
2023-06-08 23:10,10273.97,1.000
2023-06-08 23:20,10273.97,1.000
2023-06-08 23:30,10273.97,1.000
2023-06-08 23:40,10273.97,1.000
2023-06-08 23:50,10273.97,1.000
2023-06-09 00:00,10273.97,1.000
2023-06-09 00:10,10273.97,1.000
2023-06-09 00:20,10273.97,1.000
2023-06-09 00:30,10273.97,1.000
2023-06-09 00:40,10273.97,1.000
2023-06-09 00:50,10273.97,1.000
2023-06-09 01:00,10273.97,1.000
2023-06-09 01:10,10273.97,1.000
2023-06-09 01:20,10273.97,1.000
2023-06-09 01:30,10273.97,1.000
2023-06-09 01:40,10273.97,1.000
2023-06-09 01:50,10273.97,1.000
2023-06-09 02:00,10273.97,1.000
2023-06-09 02:10,10273.97,1.000
2023-06-09 02:20,10273.97,1.000
2023-06-09 02:30,10273.97,1.000
2023-06-09 02:40,10273.97,1.000
2023-06-09 02:50,10273.97,1.000
2023-06-09 03:00,10273.97,1.000
2023-06-09 03:10,10273.97,1.000
2023-06-09 03:20,10273.97,1.000
2023-06-09 03:30,10273.97,1.000
2023-06-09 03:40,10273.97,1.000
2023-06-09 03:50,10273.97,1.000
2023-06-09 04:00,10273.97,1.000
2023-06-09 04:10,10273.97,1.000
2023-06-09 04:20,10273.97,1.000
2023-06-09 04:30,10273.97,1.000
2023-06-09 04:40,10273.97,1.000
2023-06-09 04:50,10273.97,1.000
2023-06-09 05:00,10273.97,1.000
2023-06-09 05:10,10273.97,1.000
2023-06-09 05:20,10273.97,1.000
2023-06-09 05:30,10273.97,1.000
2023-06-09 05:40,10273.97,1.000
2023-06-09 05:50,10273.97,1.000
2023-06-09 06:00,10273.97,1.000
2023-06-09 06:10,10273.97,1.000
2023-06-09 06:20,10273.97,1.000
2023-06-09 06:30,10273.97,1.000
2023-06-09 06:40,10273.97,1.000
2023-06-09 06:50,10273.97,1.000
2023-06-09 07:00,10273.97,1.000
2023-06-09 07:10,10273.97,1.000
2023-06-09 07:20,10273.97,1.000
2023-06-09 07:30,10273.97,1.000
2023-06-09 07:40,10273.97,1.000
2023-06-09 07:50,10273.97,1.000
2023-06-09 08:00,10273.97,1.000
2023-06-09 08:10,10273.97,1.000
2023-06-09 08:20,10273.97,1.000
2023-06-09 08:30,10273.97,0.750
2023-06-09 08:40,10273.97,1.000
2023-06-09 08:50,10273.97,1.000
2023-06-09 09:00,10273.97,1.000
2023-06-09 09:10,10273.97,1.000
2023-06-09 09:20,10273.97,1.000
2023-06-09 09:30,10273.97,1.000
2023-06-09 09:40,10273.97,1.000
2023-06-09 09:50,10273.97,1.000
2023-06-09 10:00,10273.97,1.000
2023-06-09 10:10,10273.97,1.000
2023-06-09 10:20,10273.97,1.000
2023-06-09 10:30,10273.97,1.000
2023-06-09 10:40,10273.97,1.000
2023-06-09 10:50,10273.97,1.000
2023-06-09 11:00,10273.97,1.000
2023-06-09 11:10,10273.97,1.000
2023-06-09 11:20,10273.97,1.000
2023-06-09 11:30,10273.97,1.000
2023-06-09 11:40,10273.97,1.000
2023-06-09 11:50,10273.97,1.000
2023-06-09 12:00,10273.97,1.000
2023-06-09 12:10,10273.97,1.000
2023-06-09 12:20,10273.97,1.000
2023-06-09 12:30,10273.97,1.000
2023-06-09 12:40,10273.97,1.000
2023-06-09 12:50,10273.97,1.000
2023-06-09 13:00,10273.97,1.000
2023-06-09 13:10,10273.97,1.000
2023-06-09 13:20,10273.97,1.000
2023-06-09 13:30,10273.97,1.000
2023-06-09 13:40,10273.97,1.000
2023-06-09 13:50,10273.97,1.000
2023-06-09 14:00,10273.97,1.000
2023-06-09 14:10,10273.97,1.000
2023-06-09 14:20,10273.97,1.000
2023-06-09 14:30,10273.97,1.000
2023-06-09 14:40,10273.97,1.000
2023-06-09 14:50,10273.97,1.000
2023-06-09 15:00,10273.97,1.000
2023-06-09 15:10,10273.97,1.000
2023-06-09 15:20,10273.97,1.000
2023-06-09 15:30,10273.97,1.000
2023-06-09 15:40,10273.97,1.000
2023-06-09 15:50,10273.97,1.000
2023-06-09 16:00,10273.97,1.000
2023-06-09 16:10,10273.97,1.000
2023-06-09 16:20,10273.97,1.000
2023-06-09 16:30,10273.97,1.000
2023-06-09 16:40,10273.97,1.000
2023-06-09 16:50,10273.97,1.000
2023-06-09 17:00,10273.97,1.000
2023-06-09 17:10,10273.97,1.000
2023-06-09 17:20,10273.97,1.000
2023-06-09 17:30,10273.97,1.000
2023-06-09 17:40,10273.97,1.000
2023-06-09 17:50,10273.97,1.000
2023-06-09 18:00,10273.97,1.000
2023-06-09 18:10,10273.97,1.000
2023-06-09 18:20,10273.97,1.000
2023-06-09 18:30,10273.97,1.000
2023-06-09 18:40,10273.97,1.000
2023-06-09 18:50,10273.97,1.000
2023-06-09 19:00,10273.97,1.000
2023-06-09 19:10,10273.97,1.000
2023-06-09 19:20,10273.97,1.000
2023-06-09 19:30,10273.97,1.000
2023-06-09 19:40,10273.97,1.000
2023-06-09 19:50,10273.97,1.000
2023-06-09 20:00,10273.97,0.483
2023-06-09 20:10,10273.97,0.817
2023-06-09 20:20,10273.97,0.983
2023-06-09 20:30,10273.97,0.983
2023-06-09 20:40,10273.97,1.000
2023-06-09 20:50,10273.97,1.000
2023-06-09 21:00,10273.97,1.000
2023-06-09 21:10,10273.97,1.000
2023-06-09 21:20,10273.97,1.000
2023-06-09 21:30,10273.97,0.100
2023-06-09 21:40,10273.97,0.000
2023-06-09 21:50,10273.97,0.000
2023-06-09 22:00,10273.97,0.000
2023-06-09 22:10,10273.97,0.400
2023-06-09 22:20,10273.97,1.000
2023-06-09 22:30,10273.97,1.000
2023-06-09 22:40,10273.97,0.517
2023-06-09 22:50,10273.97,0.400
2023-06-09 23:00,10273.97,0.650
2023-06-09 23:10,10273.97,0.350
2023-06-09 23:20,10273.97,0.000
2023-06-09 23:30,10273.97,0.733
2023-06-09 23:40,10273.97,1.000
2023-06-09 23:50,10273.97,0.783
2023-06-10 00:00,10273.97,0.650
2023-06-10 00:10,10273.97,0.567
2023-06-10 00:20,10273.97,0.167
2023-06-10 00:30,10273.97,0.000
2023-06-10 00:40,10273.97,0.867
2023-06-10 00:50,10273.97,1.000
2023-06-10 01:00,10273.97,0.583
2023-06-10 01:10,10273.97,0.150
2023-06-10 01:20,10273.97,1.000
2023-06-10 01:30,10273.97,1.000
2023-06-10 01:40,10273.97,0.350
2023-06-10 01:50,10273.97,0.333
2023-06-10 02:00,10273.97,1.000
2023-06-10 02:10,10273.97,0.633
2023-06-10 02:20,10273.97,0.617
2023-06-10 02:30,10273.97,0.550
2023-06-10 02:40,10273.97,0.550
2023-06-10 02:50,10273.97,0.533
2023-06-10 03:00,10273.97,0.750
2023-06-10 03:10,10274.96,1.000
2023-06-10 03:20,10274.96,1.000
2023-06-10 03:30,10275.16,1.000
2023-06-10 03:40,10275.16,1.000
2023-06-10 03:50,10275.16,1.000
2023-06-10 04:00,10275.16,1.000
2023-06-10 04:10,10275.16,1.000
2023-06-10 04:20,10275.16,0.600
2023-06-10 04:30,10275.16,1.000
2023-06-10 04:40,10275.16,1.000
2023-06-10 04:50,10275.16,1.000
2023-06-10 05:00,10275.16,1.000
2023-06-10 05:10,10275.16,1.000
2023-06-10 05:20,10275.16,1.000
2023-06-10 05:30,10275.16,1.000
2023-06-10 05:40,10275.16,1.000
2023-06-10 05:50,10275.16,1.000
2023-06-10 06:00,10275.35,1.000
2023-06-10 06:10,10275.57,1.000
2023-06-10 06:20,10275.88,1.000
2023-06-10 06:30,10275.95,1.000
2023-06-10 06:40,10276.08,1.000
2023-06-10 06:50,10276.15,1.000
2023-06-10 07:00,10276.39,1.000
2023-06-10 07:10,10276.52,1.000
2023-06-10 07:20,10276.66,1.000
2023-06-10 07:30,10276.83,1.000
2023-06-10 07:40,10276.88,1.000
2023-06-10 07:50,10276.88,1.000
2023-06-10 08:00,10277.08,1.000
2023-06-10 08:10,10277.12,1.000
2023-06-10 08:20,10277.14,1.000
2023-06-10 08:30,10277.28,1.000
2023-06-10 08:40,10277.34,1.000
2023-06-10 08:50,10277.41,1.000
2023-06-10 09:00,10277.45,1.000
2023-06-10 09:10,10277.52,1.000
2023-06-10 09:20,10277.56,1.000
2023-06-10 09:30,10277.59,1.000
2023-06-10 09:40,10277.63,1.000
2023-06-10 09:50,10277.74,1.000
2023-06-10 10:00,10277.76,1.000
2023-06-10 10:10,10277.96,1.000
2023-06-10 10:20,10278.27,1.000
2023-06-10 10:30,10278.72,1.000
2023-06-10 10:40,10279.14,1.000
2023-06-10 10:50,10279.60,1.000
2023-06-10 11:00,10279.98,1.000
2023-06-10 11:10,10280.40,1.000
2023-06-10 11:20,10280.84,1.000
2023-06-10 11:30,10281.20,1.000
2023-06-10 11:40,10281.64,1.000
2023-06-10 11:50,10281.95,1.000
2023-06-10 12:00,10282.30,1.000
2023-06-10 12:10,10282.61,1.000
2023-06-10 12:20,10282.88,1.000
2023-06-10 12:30,10283.14,1.000
2023-06-10 12:40,10283.34,1.000
2023-06-10 12:50,10283.59,1.000
2023-06-10 13:00,10283.76,1.000
2023-06-10 13:10,10283.92,1.000
2023-06-10 13:20,10284.10,1.000
2023-06-10 13:30,10284.21,1.000
2023-06-10 13:40,10284.45,1.000
2023-06-10 13:50,10284.49,1.000
2023-06-10 14:00,10284.67,1.000
2023-06-10 14:10,10284.85,1.000
2023-06-10 14:20,10285.09,1.000
2023-06-10 14:30,10285.22,1.000
2023-06-10 14:40,10285.45,1.000
2023-06-10 14:50,10285.65,1.000
2023-06-10 15:00,10285.82,1.000
2023-06-10 15:10,10286.02,1.000
2023-06-10 15:20,10286.22,1.000
2023-06-10 15:30,10286.42,1.000
2023-06-10 15:40,10286.69,1.000
2023-06-10 15:50,10286.93,1.000
2023-06-10 16:00,10287.08,1.000
2023-06-10 16:10,10287.28,1.000
2023-06-10 16:20,10287.50,1.000
2023-06-10 16:30,10287.75,1.000
2023-06-10 16:40,10287.88,1.000
2023-06-10 16:50,10288.01,1.000
2023-06-10 17:00,10288.13,1.000
2023-06-10 17:10,10288.24,1.000
2023-06-10 17:20,10288.39,1.000
2023-06-10 17:30,10288.46,1.000
2023-06-10 17:40,10288.57,1.000
2023-06-10 17:50,10288.61,1.000
2023-06-10 18:00,10288.68,1.000
2023-06-10 18:10,10288.81,1.000
2023-06-10 18:20,10288.90,1.000
2023-06-10 18:30,10288.97,1.000
2023-06-10 18:40,10289.08,1.000
2023-06-10 18:50,10289.17,1.000
2023-06-10 19:00,10289.23,1.000
2023-06-10 19:10,10289.30,1.000
2023-06-10 19:20,10289.36,1.000
2023-06-10 19:30,10289.41,1.000
2023-06-10 19:40,10289.54,1.000
2023-06-10 19:50,10289.63,1.000
2023-06-10 20:00,10289.70,1.000
2023-06-10 20:10,10289.72,1.000
2023-06-10 20:20,10289.85,1.000
2023-06-10 20:30,10289.92,1.000
2023-06-10 20:40,10289.96,1.000
2023-06-10 20:50,10290.05,1.000
2023-06-10 21:00,10290.12,1.000
2023-06-10 21:10,10290.14,1.000
2023-06-10 21:20,10290.14,1.000
2023-06-10 21:30,10290.16,1.000
2023-06-10 21:40,10290.29,1.000
2023-06-10 21:50,10290.32,1.000
2023-06-10 22:00,10290.43,1.000
2023-06-10 22:10,10290.49,1.000
2023-06-10 22:20,10290.67,1.000
2023-06-10 22:30,10290.85,1.000
2023-06-10 22:40,10290.94,1.000
2023-06-10 22:50,10291.27,1.000
2023-06-10 23:00,10291.47,1.000
2023-06-10 23:10,10291.80,1.000
2023-06-10 23:20,10292.26,1.000
2023-06-10 23:30,10292.82,1.000
2023-06-10 23:40,10293.50,1.000
2023-06-10 23:50,10294.28,1.000
2023-06-11 00:00,10294.99,1.000
2023-06-11 00:10,10295.76,1.000
2023-06-11 00:20,10296.54,1.000
2023-06-11 00:30,10297.16,1.000
2023-06-11 00:40,10297.64,1.000
2023-06-11 00:50,10298.04,1.000
2023-06-11 01:00,10298.35,1.000
2023-06-11 01:10,10298.66,1.000
2023-06-11 01:20,10298.91,1.000
2023-06-11 01:30,10299.28,1.000
2023-06-11 01:40,10299.55,1.000
2023-06-11 01:50,10299.75,1.000
2023-06-11 02:00,10299.97,1.000
2023-06-11 02:10,10300.26,1.000
2023-06-11 02:20,10300.50,1.000
2023-06-11 02:30,10300.68,1.000
2023-06-11 02:40,10300.92,1.000
2023-06-11 02:50,10301.21,1.000
2023-06-11 03:00,10301.45,1.000
2023-06-11 03:10,10301.74,1.000
2023-06-11 03:20,10302.03,1.000
2023-06-11 03:30,10302.36,1.000
2023-06-11 03:40,10302.67,1.000
2023-06-11 03:50,10302.89,1.000
2023-06-11 04:00,10303.25,1.000
2023-06-11 04:10,10303.58,1.000
2023-06-11 04:20,10303.87,1.000
2023-06-11 04:30,10303.96,1.000
2023-06-11 04:40,10303.96,1.000
2023-06-11 04:50,10303.96,1.000
2023-06-11 05:00,10303.96,0.167
2023-06-11 05:10,10303.96,0.000
2023-06-11 05:20,10303.96,0.000
2023-06-11 05:30,10303.96,0.000
2023-06-11 05:40,10303.96,0.000
2023-06-11 05:50,10303.96,0.000
2023-06-11 06:00,10303.96,0.000
2023-06-11 06:10,10303.96,0.000
2023-06-11 06:20,10303.96,0.000
2023-06-11 06:30,10303.96,0.000
2023-06-11 06:40,10303.96,0.000
2023-06-11 06:50,10303.96,0.000
2023-06-11 07:00,10303.96,0.000
2023-06-11 07:10,10303.96,0.000
2023-06-11 07:20,10303.96,0.000
2023-06-11 07:30,10303.96,0.000
2023-06-11 07:40,10303.96,0.000
2023-06-11 07:50,10303.96,0.033
2023-06-11 08:00,10303.96,0.000
2023-06-11 08:10,10303.96,0.267
2023-06-11 08:20,10303.96,0.000
2023-06-11 08:30,10303.96,0.000
2023-06-11 08:40,10303.96,0.000
2023-06-11 08:50,10303.96,0.000
2023-06-11 09:00,10303.96,0.000
2023-06-11 09:10,10303.96,0.000
2023-06-11 09:20,10303.96,0.000
2023-06-11 09:30,10303.96,0.000
2023-06-11 09:40,10303.96,0.000
2023-06-11 09:50,10303.96,0.033
2023-06-11 10:00,10303.96,0.000
2023-06-11 10:10,10303.96,0.017
2023-06-11 10:20,10303.96,0.000
2023-06-11 10:30,10303.96,0.000
2023-06-11 10:40,10303.96,0.000
2023-06-11 10:50,10303.96,0.000
2023-06-11 11:00,10303.96,0.000
2023-06-11 11:10,10303.96,0.000
2023-06-11 11:20,10303.96,0.000
2023-06-11 11:30,10303.96,0.000
2023-06-11 11:40,10303.96,0.000
2023-06-11 11:50,10303.96,0.000
2023-06-11 12:00,10303.96,0.000
2023-06-11 12:10,10303.96,0.000
2023-06-11 12:20,10303.96,0.000
2023-06-11 12:30,10303.96,0.000
2023-06-11 12:40,10303.96,0.000
2023-06-11 12:50,10303.96,0.000
2023-06-11 13:00,10303.96,0.000
2023-06-11 13:10,10303.96,0.000
2023-06-11 13:20,10303.96,0.000
2023-06-11 13:30,10303.96,0.000
2023-06-11 13:40,10303.96,0.000
2023-06-11 13:50,10303.96,0.000
2023-06-11 14:00,10303.96,0.000
2023-06-11 14:10,10303.96,0.000
2023-06-11 14:20,10303.96,0.000
2023-06-11 14:30,10303.96,0.000
2023-06-11 14:40,10303.96,0.000
2023-06-11 14:50,10303.96,0.000
2023-06-11 15:00,10303.96,0.817
2023-06-11 15:10,10303.96,0.867
2023-06-11 15:20,10303.96,0.750
2023-06-11 15:30,10303.96,0.000
2023-06-11 15:40,10303.96,0.000
2023-06-11 15:50,10303.96,0.467
2023-06-11 16:00,10303.96,1.000
2023-06-11 16:10,10303.96,0.467
2023-06-11 16:20,10303.96,0.000
2023-06-11 16:30,10303.96,0.017
2023-06-11 16:40,10303.96,1.000
2023-06-11 16:50,10303.96,1.000
2023-06-11 17:00,10303.96,0.017
2023-06-11 17:10,10303.96,0.000
2023-06-11 17:20,10303.96,0.517
2023-06-11 17:30,10303.96,1.000
2023-06-11 17:40,10303.96,0.067
2023-06-11 17:50,10303.96,0.783
2023-06-11 18:00,10303.96,0.717
2023-06-11 18:10,10303.96,0.000
2023-06-11 18:20,10303.96,0.917
2023-06-11 18:30,10303.96,1.000
2023-06-11 18:40,10303.96,0.033
2023-06-11 18:50,10303.96,0.500
2023-06-11 19:00,10303.96,1.000
2023-06-11 19:10,10303.96,0.717
2023-06-11 19:20,10303.96,0.383
2023-06-11 19:30,10303.96,1.000
2023-06-11 19:40,10303.96,0.733
2023-06-11 19:50,10303.96,0.283
2023-06-11 20:00,10303.96,0.600
2023-06-11 20:10,10303.96,0.500
2023-06-11 20:20,10303.96,0.617
2023-06-11 20:30,10303.96,1.000
2023-06-11 20:40,10308.71,0.783
2023-06-11 20:50,10346.28,1.000
2023-06-11 21:00,10401.90,1.000
2023-06-11 21:10,10417.97,0.817
2023-06-11 21:20,10430.06,1.000
2023-06-11 21:30,10430.06,1.000
2023-06-11 21:40,10430.06,1.000
2023-06-11 21:50,10430.06,1.000
2023-06-11 22:00,10430.06,1.000
2023-06-11 22:10,10430.06,1.000
2023-06-11 22:20,10430.06,1.000
2023-06-11 22:30,10430.06,1.000
2023-06-11 22:40,10430.06,0.717
2023-06-11 22:50,10430.06,0.000
2023-06-11 23:00,10430.06,0.100
2023-06-11 23:10,10430.06,0.333
2023-06-11 23:20,10430.06,0.000
2023-06-11 23:30,10430.06,0.400
2023-06-11 23:40,10430.06,0.000
2023-06-11 23:50,10430.06,0.433
2023-06-12 00:00,10430.06,0.000
2023-06-12 00:10,10430.06,0.417
2023-06-12 00:20,10430.06,0.000
2023-06-12 00:30,10430.06,0.383
2023-06-12 00:40,10430.06,0.000
2023-06-12 00:50,10430.06,0.367
2023-06-12 01:00,10430.06,0.283
2023-06-12 01:10,10430.06,0.000
2023-06-12 01:20,10430.06,0.250
2023-06-12 01:30,10430.06,0.000
2023-06-12 01:40,10430.06,0.033
2023-06-12 01:50,10430.06,0.350
2023-06-12 02:00,10430.06,0.000
2023-06-12 02:10,10430.06,0.000
2023-06-12 02:20,10430.06,0.000
2023-06-12 02:30,10430.06,0.000
2023-06-12 02:40,10430.06,0.000
2023-06-12 02:50,10430.06,0.000
2023-06-12 03:00,10430.06,0.000
2023-06-12 03:10,10430.06,0.000
2023-06-12 03:20,10430.06,0.000
2023-06-12 03:30,10430.06,0.000
2023-06-12 03:40,10430.06,0.000
2023-06-12 03:50,10430.06,0.000
2023-06-12 04:00,10430.06,0.000
2023-06-12 04:10,10430.06,0.000
2023-06-12 04:20,10430.06,0.000
2023-06-12 04:30,10430.06,0.000
2023-06-12 04:40,10430.06,0.000
2023-06-12 04:50,10430.06,0.000
2023-06-12 05:00,10430.06,0.000
2023-06-12 05:10,10430.06,0.000
2023-06-12 05:20,10430.06,0.000
2023-06-12 05:30,10430.06,0.000
2023-06-12 05:40,10430.06,0.000
2023-06-12 05:50,10430.06,0.000
2023-06-12 06:00,10430.06,0.000
2023-06-12 06:10,10430.06,0.000
2023-06-12 06:20,10430.06,0.000
2023-06-12 06:30,10430.06,0.000
2023-06-12 06:40,10430.06,0.000
2023-06-12 06:50,10430.06,0.000
2023-06-12 07:00,10430.06,0.000
2023-06-12 07:10,10430.06,0.000
2023-06-12 07:20,10430.06,0.000
2023-06-12 07:30,10430.06,0.000
2023-06-12 07:40,10430.06,0.000
2023-06-12 07:50,10430.06,0.000
2023-06-12 08:00,10430.06,0.000
2023-06-12 08:10,10430.06,0.000
2023-06-12 08:20,10430.06,0.000
2023-06-12 08:30,10430.06,0.000
2023-06-12 08:40,10430.06,0.000
2023-06-12 08:50,10430.06,0.000
2023-06-12 09:00,10430.06,0.467
2023-06-12 09:10,10430.06,0.850
2023-06-12 09:20,10430.06,1.000
2023-06-12 09:30,10430.06,0.583
2023-06-12 09:40,10430.06,0.000
2023-06-12 09:50,10430.06,0.000
2023-06-12 10:00,10430.06,0.000
2023-06-12 10:10,10430.06,0.950
2023-06-12 10:20,10430.06,0.950
2023-06-12 10:30,10430.06,0.000
2023-06-12 10:40,10430.06,0.000
2023-06-12 10:50,10430.06,0.367
2023-06-12 11:00,10430.06,1.000
2023-06-12 11:10,10430.06,0.333
2023-06-12 11:20,10430.06,0.417
2023-06-12 11:30,10430.06,0.200
2023-06-12 11:40,10430.06,0.350
2023-06-12 11:50,10430.06,0.000
2023-06-12 12:00,10430.06,0.000
2023-06-12 12:10,10430.06,0.167
2023-06-12 12:20,10430.06,1.000
2023-06-12 12:30,10430.06,0.983
2023-06-12 12:40,10430.06,0.267
2023-06-12 12:50,10430.06,0.567
2023-06-12 13:00,10430.06,0.217
2023-06-12 13:10,10430.06,0.000
2023-06-12 13:20,10430.06,0.883
2023-06-12 13:30,10430.06,0.600
2023-06-12 13:40,10430.06,0.533
2023-06-12 13:50,10430.06,0.383
2023-06-12 14:00,10430.06,0.483
2023-06-12 14:10,10430.06,0.733
2023-06-12 14:20,10430.06,1.000
2023-06-12 14:30,10430.06,1.000
2023-06-12 14:40,10430.06,1.000
2023-06-12 14:50,10430.06,0.567
2023-06-12 15:00,10430.09,1.000
2023-06-12 15:10,10430.09,1.000
2023-06-12 15:20,10430.09,1.000
2023-06-12 15:30,10430.09,1.000
2023-06-12 15:40,10430.09,1.000
2023-06-12 15:50,10430.09,1.000
2023-06-12 16:00,10430.09,1.000
2023-06-12 16:10,10430.09,1.000
2023-06-12 16:20,10430.09,0.717
2023-06-12 16:30,10430.09,1.000
2023-06-12 16:40,10430.09,1.000
2023-06-12 16:50,10430.32,1.000
2023-06-12 17:00,10430.63,1.000
2023-06-12 17:10,10430.87,1.000
2023-06-12 17:20,10431.33,1.000
2023-06-12 17:30,10431.60,1.000
2023-06-12 17:40,10431.80,1.000
2023-06-12 17:50,10431.93,1.000
2023-06-12 18:00,10431.96,1.000
2023-06-12 18:10,10432.07,1.000
2023-06-12 18:20,10432.18,1.000
2023-06-12 18:30,10432.29,1.000
2023-06-12 18:40,10432.33,1.000
2023-06-12 18:50,10432.33,1.000
2023-06-12 19:00,10432.57,1.000
2023-06-12 19:10,10432.73,1.000
2023-06-12 19:20,10432.86,1.000
2023-06-12 19:30,10433.04,1.000
2023-06-12 19:40,10433.13,1.000
2023-06-12 19:50,10433.28,1.000
2023-06-12 20:00,10433.39,1.000
2023-06-12 20:10,10433.53,1.000
2023-06-12 20:20,10433.62,1.000
2023-06-12 20:30,10433.77,1.000
2023-06-12 20:40,10433.81,1.000
2023-06-12 20:50,10434.04,1.000
2023-06-12 21:00,10434.12,1.000
2023-06-12 21:10,10434.41,1.000
2023-06-12 21:20,10434.54,1.000
2023-06-12 21:30,10434.72,1.000
2023-06-12 21:40,10434.79,1.000
2023-06-12 21:50,10435.05,1.000
2023-06-12 22:00,10435.14,1.000
2023-06-12 22:10,10435.25,1.000
2023-06-12 22:20,10435.30,1.000
2023-06-12 22:30,10435.39,1.000
2023-06-12 22:40,10435.52,1.000
2023-06-12 22:50,10435.61,1.000
2023-06-12 23:00,10435.70,1.000
2023-06-12 23:10,10435.81,1.000
2023-06-12 23:20,10435.92,1.000
2023-06-12 23:30,10436.01,1.000
2023-06-12 23:40,10436.21,1.000
2023-06-12 23:50,10436.38,1.000
2023-06-13 00:00,10436.60,1.000
2023-06-13 00:10,10436.83,1.000
2023-06-13 00:20,10437.16,1.000
2023-06-13 00:30,10437.60,1.000
2023-06-13 00:40,10438.04,1.000
2023-06-13 00:50,10438.53,1.000
2023-06-13 01:00,10438.82,1.000
2023-06-13 01:10,10439.02,1.000
2023-06-13 01:20,10439.22,1.000
2023-06-13 01:30,10439.48,1.000
2023-06-13 01:40,10439.75,1.000
2023-06-13 01:50,10439.99,1.000
2023-06-13 02:00,10440.35,1.000
2023-06-13 02:10,10440.83,1.000
2023-06-13 02:20,10441.34,1.000
2023-06-13 02:30,10441.70,1.000
2023-06-13 02:40,10442.03,1.000
2023-06-13 02:50,10442.25,1.000
2023-06-13 03:00,10442.56,1.000
2023-06-13 03:10,10442.83,1.000
2023-06-13 03:20,10442.96,1.000
2023-06-13 03:30,10443.31,1.000
2023-06-13 03:40,10443.53,1.000
2023-06-13 03:50,10443.82,1.000
2023-06-13 04:00,10444.06,1.000
2023-06-13 04:10,10444.33,1.000
2023-06-13 04:20,10444.51,1.000
2023-06-13 04:30,10444.68,1.000
2023-06-13 04:40,10445.06,1.000
2023-06-13 04:50,10445.28,1.000
2023-06-13 05:00,10445.61,1.000
2023-06-13 05:10,10445.79,1.000
2023-06-13 05:20,10445.92,1.000
2023-06-13 05:30,10446.46,1.000
2023-06-13 05:40,10446.77,1.000
2023-06-13 05:50,10447.08,1.000
2023-06-13 06:00,10447.28,1.000
2023-06-13 06:10,10447.54,1.000
2023-06-13 06:20,10447.70,1.000
2023-06-13 06:30,10447.90,1.000
2023-06-13 06:40,10448.14,1.000
2023-06-13 06:50,10448.60,1.000
2023-06-13 07:00,10448.65,1.000
2023-06-13 07:10,10448.87,1.000
2023-06-13 07:20,10449.02,1.000
2023-06-13 07:30,10449.13,1.000
2023-06-13 07:40,10449.40,1.000
2023-06-13 07:50,10449.60,1.000
2023-06-13 08:00,10449.84,1.000
2023-06-13 08:10,10450.11,1.000
2023-06-13 08:20,10450.29,1.000
2023-06-13 08:30,10450.49,1.000
2023-06-13 08:40,10450.64,1.000
2023-06-13 08:50,10450.91,1.000
2023-06-13 09:00,10451.08,1.000
2023-06-13 09:10,10451.28,1.000
2023-06-13 09:20,10451.53,1.000
2023-06-13 09:30,10451.64,1.000
2023-06-13 09:40,10451.88,1.000
2023-06-13 09:50,10452.23,1.000
2023-06-13 10:00,10452.39,1.000
2023-06-13 10:10,10452.63,1.000
2023-06-13 10:20,10452.99,1.000
2023-06-13 10:30,10453.12,1.000
2023-06-13 10:40,10453.30,1.000
2023-06-13 10:50,10453.45,1.000
2023-06-13 11:00,10453.63,1.000
2023-06-13 11:10,10453.81,1.000
2023-06-13 11:20,10453.92,1.000
2023-06-13 11:30,10454.16,1.000
2023-06-13 11:40,10454.27,1.000
2023-06-13 11:50,10454.45,1.000
2023-06-13 12:00,10454.63,1.000
2023-06-13 12:10,10454.80,1.000
2023-06-13 12:20,10454.98,1.000
2023-06-13 12:30,10455.16,1.000
2023-06-13 12:40,10455.47,1.000
2023-06-13 12:50,10455.60,1.000
2023-06-13 13:00,10455.87,1.000
2023-06-13 13:10,10455.98,1.000
2023-06-13 13:20,10456.17,1.000
2023-06-13 13:30,10456.46,1.000
2023-06-13 13:40,10456.75,1.000
2023-06-13 13:50,10457.02,1.000
2023-06-13 14:00,10457.28,1.000
2023-06-13 14:10,10457.64,1.000
2023-06-13 14:20,10457.88,1.000
2023-06-13 14:30,10458.12,1.000
2023-06-13 14:40,10458.39,1.000
2023-06-13 14:50,10458.77,1.000
2023-06-13 15:00,10458.94,1.000
2023-06-13 15:10,10459.21,1.000
2023-06-13 15:20,10459.41,1.000
2023-06-13 15:30,10459.65,1.000
2023-06-13 15:40,10459.98,1.000
2023-06-13 15:50,10459.98,1.000
2023-06-13 16:00,10459.98,1.000
2023-06-13 16:10,10459.98,1.000
2023-06-13 16:20,10459.98,0.667
2023-06-13 16:30,10459.98,0.000
2023-06-13 16:40,10459.98,0.000
2023-06-13 16:50,10459.98,0.000
2023-06-13 17:00,10459.98,0.317
2023-06-13 17:10,10459.98,0.333
2023-06-13 17:20,10459.98,0.000
2023-06-13 17:30,10459.98,0.200
2023-06-13 17:40,10459.98,0.000
2023-06-13 17:50,10459.98,0.200
2023-06-13 18:00,10459.98,0.000
2023-06-13 18:10,10459.98,0.000
2023-06-13 18:20,10459.98,0.000
2023-06-13 18:30,10459.98,0.000
2023-06-13 18:40,10459.98,0.000
2023-06-13 18:50,10459.98,0.000
2023-06-13 19:00,10459.98,0.000
2023-06-13 19:10,10459.98,0.000
2023-06-13 19:20,10459.98,0.000
2023-06-13 19:30,10459.98,0.000
2023-06-13 19:40,10459.98,0.033
2023-06-13 19:50,10459.98,0.000
2023-06-13 20:00,10459.98,0.000
2023-06-13 20:10,10459.98,0.000
2023-06-13 20:20,10459.98,0.000
2023-06-13 20:30,10459.98,0.000
2023-06-13 20:40,10459.98,0.000
2023-06-13 20:50,10459.98,0.000
2023-06-13 21:00,10459.98,0.000
2023-06-13 21:10,10459.98,0.000
2023-06-13 21:20,10459.98,0.000
2023-06-13 21:30,10459.98,0.000
2023-06-13 21:40,10459.98,0.000
2023-06-13 21:50,10459.98,0.000
2023-06-13 22:00,10459.98,0.000
2023-06-13 22:10,10459.98,0.000
2023-06-13 22:20,10459.98,0.000
2023-06-13 22:30,10459.98,0.000
2023-06-13 22:40,10459.98,0.000
2023-06-13 22:50,10459.98,0.000
2023-06-13 23:00,10459.98,0.000
2023-06-13 23:10,10459.98,0.000
2023-06-13 23:20,10459.98,0.000
2023-06-13 23:30,10459.98,0.000
2023-06-13 23:40,10459.98,0.000
2023-06-13 23:50,10459.98,0.000
2023-06-14 00:00,10459.98,0.000
2023-06-14 00:10,10459.98,0.000
2023-06-14 00:20,10459.98,0.000
2023-06-14 00:30,10459.98,0.000
2023-06-14 00:40,10459.98,0.000
2023-06-14 00:50,10459.98,0.000
2023-06-14 01:00,10459.98,0.000
2023-06-14 01:10,10459.98,0.000
2023-06-14 01:20,10459.98,0.000
2023-06-14 01:30,10459.98,0.000
2023-06-14 01:40,10459.98,0.567
2023-06-14 01:50,10459.98,1.000
2023-06-14 02:00,10459.98,1.000
2023-06-14 02:10,10459.98,1.000
2023-06-14 02:20,10459.98,1.000
2023-06-14 02:30,10459.98,0.833
2023-06-14 02:40,10459.98,0.000
2023-06-14 02:50,10459.98,0.000
2023-06-14 03:00,10459.98,0.233
2023-06-14 03:10,10459.98,0.150
2023-06-14 03:20,10459.98,0.367
2023-06-14 03:30,10459.98,0.317
2023-06-14 03:40,10459.98,0.033
2023-06-14 03:50,10459.98,0.283
2023-06-14 04:00,10459.98,0.317
2023-06-14 04:10,10459.98,0.250
2023-06-14 04:20,10459.98,0.100
2023-06-14 04:30,10459.98,0.383
2023-06-14 04:40,10459.98,0.367
2023-06-14 04:50,10459.98,0.000
2023-06-14 05:00,10459.98,0.433
2023-06-14 05:10,10459.98,0.400
2023-06-14 05:20,10459.98,0.167
2023-06-14 05:30,10459.98,0.617
2023-06-14 05:40,10459.98,0.333
2023-06-14 05:50,10459.98,0.917
2023-06-14 06:00,10459.98,1.000
2023-06-14 06:10,10459.98,0.767
2023-06-14 06:20,10459.98,1.000
2023-06-14 06:30,10460.39,1.000
2023-06-14 06:40,10461.96,1.000
2023-06-14 06:50,10461.96,1.000
2023-06-14 07:00,10461.96,1.000
2023-06-14 07:10,10461.96,1.000
2023-06-14 07:20,10461.96,1.000
2023-06-14 07:30,10461.96,1.000
2023-06-14 07:40,10461.96,1.000
2023-06-14 07:50,10461.96,1.000
2023-06-14 08:00,10461.96,1.000
2023-06-14 08:10,10461.96,1.000
2023-06-14 08:20,10461.96,1.000
2023-06-14 08:30,10461.96,1.000
2023-06-14 08:40,10461.96,0.567
2023-06-14 08:50,10461.96,0.000
2023-06-14 09:00,10461.96,0.400
2023-06-14 09:10,10461.96,0.000
2023-06-14 09:20,10461.96,0.367
2023-06-14 09:30,10461.96,0.000
2023-06-14 09:40,10461.96,0.383
2023-06-14 09:50,10461.96,0.000
2023-06-14 10:00,10461.96,0.333
2023-06-14 10:10,10461.96,0.083
2023-06-14 10:20,10461.96,0.267
2023-06-14 10:30,10461.96,0.417
2023-06-14 10:40,10461.96,0.000
2023-06-14 10:50,10461.96,0.500
2023-06-14 11:00,10461.96,0.017
2023-06-14 11:10,10461.96,0.450
2023-06-14 11:20,10461.96,0.433
2023-06-14 11:30,10461.96,0.117
2023-06-14 11:40,10461.96,0.283
2023-06-14 11:50,10461.96,0.050
2023-06-14 12:00,10461.96,0.000
2023-06-14 12:10,10461.96,0.000
2023-06-14 12:20,10461.96,0.000
2023-06-14 12:30,10461.96,0.650
2023-06-14 12:40,10461.96,0.167
2023-06-14 12:50,10461.96,0.217
2023-06-14 13:00,10461.96,0.000
2023-06-14 13:10,10461.96,0.150
2023-06-14 13:20,10461.96,0.033
2023-06-14 13:30,10461.96,0.000
2023-06-14 13:40,10461.96,0.167
2023-06-14 13:50,10461.96,0.017
2023-06-14 14:00,10461.96,0.000
2023-06-14 14:10,10461.96,0.000
2023-06-14 14:20,10461.96,0.000
2023-06-14 14:30,10461.96,0.000
2023-06-14 14:40,10461.96,0.000
2023-06-14 14:50,10461.96,0.000
2023-06-14 15:00,10461.96,0.000
2023-06-14 15:10,10461.96,0.000
2023-06-14 15:20,10461.96,0.000
2023-06-14 15:30,10461.96,0.000
2023-06-14 15:40,10461.96,0.000
2023-06-14 15:50,10461.96,0.000
2023-06-14 16:00,10461.96,0.000
2023-06-14 16:10,10461.96,0.000
2023-06-14 16:20,10461.96,0.000
2023-06-14 16:30,10461.96,0.000
2023-06-14 16:40,10461.96,0.000
2023-06-14 16:50,10461.96,0.000
2023-06-14 17:00,10461.96,0.000
2023-06-14 17:10,10461.96,0.000
2023-06-14 17:20,10461.96,0.000
2023-06-14 17:30,10461.96,0.150
2023-06-14 17:40,10461.96,0.967
2023-06-14 17:50,10461.96,0.867
2023-06-14 18:00,10461.96,0.300
2023-06-14 18:10,10461.96,0.000
2023-06-14 18:20,10461.96,0.217
2023-06-14 18:30,10461.96,0.417
2023-06-14 18:40,10461.96,0.833
2023-06-14 18:50,10461.96,0.000
2023-06-14 19:00,10461.96,0.000
2023-06-14 19:10,10461.96,0.100
2023-06-14 19:20,10461.96,1.000
2023-06-14 19:30,10461.96,0.450
2023-06-14 19:40,10461.96,0.200
2023-06-14 19:50,10461.96,1.000
2023-06-14 20:00,10461.96,0.617
2023-06-14 20:10,10461.96,0.467
2023-06-14 20:20,10461.96,0.400
2023-06-14 20:30,10461.96,0.150
2023-06-14 20:40,10461.96,1.000
2023-06-14 20:50,10461.96,0.800
2023-06-14 21:00,10461.96,0.267
2023-06-14 21:10,10461.96,0.333
2023-06-14 21:20,10461.96,0.000
2023-06-14 21:30,10461.96,0.717
2023-06-14 21:40,10461.96,1.000
2023-06-14 21:50,10461.96,0.567
2023-06-14 22:00,10461.96,0.517
2023-06-14 22:10,10461.96,0.583
2023-06-14 22:20,10461.96,0.550
2023-06-14 22:30,10461.96,1.000
2023-06-14 22:40,10462.72,1.000
2023-06-14 22:50,10462.72,1.000
2023-06-14 23:00,10462.72,1.000
2023-06-14 23:10,10462.72,1.000
2023-06-14 23:20,10462.72,1.000
2023-06-14 23:30,10462.72,0.783
2023-06-14 23:40,10462.72,1.000
2023-06-14 23:50,10462.72,1.000
2023-06-15 00:00,10462.72,1.000
2023-06-15 00:10,10462.72,1.000
2023-06-15 00:20,10462.72,1.000
2023-06-15 00:30,10462.76,1.000
2023-06-15 00:40,10463.35,1.000
2023-06-15 00:50,10463.84,1.000
2023-06-15 01:00,10464.15,1.000
2023-06-15 01:10,10464.48,1.000
2023-06-15 01:20,10464.79,1.000
2023-06-15 01:30,10465.10,1.000
2023-06-15 01:40,10465.39,1.000
2023-06-15 01:50,10465.68,1.000
2023-06-15 02:00,10465.99,1.000
2023-06-15 02:10,10466.27,1.000
2023-06-15 02:20,10466.58,1.000
2023-06-15 02:30,10466.85,1.000
2023-06-15 02:40,10467.11,1.000
2023-06-15 02:50,10467.34,1.000
2023-06-15 03:00,10467.60,1.000
2023-06-15 03:10,10467.87,1.000
2023-06-15 03:20,10468.13,1.000
2023-06-15 03:30,10468.38,1.000
2023-06-15 03:40,10468.58,1.000
2023-06-15 03:50,10468.71,1.000
2023-06-15 04:00,10468.80,1.000
2023-06-15 04:10,10468.95,1.000
2023-06-15 04:20,10469.06,1.000
2023-06-15 04:30,10469.15,1.000
2023-06-15 04:40,10469.28,1.000
2023-06-15 04:50,10469.42,1.000
2023-06-15 05:00,10469.48,1.000
2023-06-15 05:10,10469.59,1.000
2023-06-15 05:20,10469.71,1.000
2023-06-15 05:30,10469.77,1.000
2023-06-15 05:40,10469.82,1.000
2023-06-15 05:50,10469.86,1.000
2023-06-15 06:00,10469.93,1.000
2023-06-15 06:10,10469.97,1.000
2023-06-15 06:20,10470.04,1.000
2023-06-15 06:30,10470.08,1.000
2023-06-15 06:40,10470.15,1.000
2023-06-15 06:50,10470.19,1.000
2023-06-15 07:00,10470.24,1.000
2023-06-15 07:10,10470.33,1.000
2023-06-15 07:20,10470.41,1.000
2023-06-15 07:30,10470.50,1.000
2023-06-15 07:40,10470.57,1.000
2023-06-15 07:50,10470.66,1.000
2023-06-15 08:00,10470.79,1.000
2023-06-15 08:10,10470.92,1.000
2023-06-15 08:20,10471.12,1.000
2023-06-15 08:30,10471.32,1.000
2023-06-15 08:40,10471.56,1.000
2023-06-15 08:50,10471.83,1.000
2023-06-15 09:00,10472.14,1.000
2023-06-15 09:10,10472.43,1.000
2023-06-15 09:20,10472.74,1.000
2023-06-15 09:30,10473.00,1.000
2023-06-15 09:40,10473.29,1.000
2023-06-15 09:50,10473.60,1.000
2023-06-15 10:00,10473.91,1.000
2023-06-15 10:10,10474.26,1.000
2023-06-15 10:20,10474.53,1.000
2023-06-15 10:30,10474.80,1.000
2023-06-15 10:40,10475.13,1.000
2023-06-15 10:50,10475.42,1.000
2023-06-15 11:00,10475.73,1.000
2023-06-15 11:10,10475.99,1.000
2023-06-15 11:20,10476.24,1.000
2023-06-15 11:30,10476.61,1.000
2023-06-15 11:40,10476.94,1.000
2023-06-15 11:50,10477.25,1.000
2023-06-15 12:00,10477.56,1.000
2023-06-15 12:10,10477.85,1.000
2023-06-15 12:20,10478.12,1.000
2023-06-15 12:30,10478.41,1.000
2023-06-15 12:40,10478.69,1.000
2023-06-15 12:50,10479.00,1.000
2023-06-15 13:00,10479.27,1.000
2023-06-15 13:10,10479.60,1.000
2023-06-15 13:20,10479.76,1.000
2023-06-15 13:30,10479.87,1.000
2023-06-15 13:40,10479.91,1.000
2023-06-15 13:50,10480.00,1.000
2023-06-15 14:00,10480.24,1.000
2023-06-15 14:10,10480.49,1.000
2023-06-15 14:20,10480.71,1.000
2023-06-15 14:30,10480.97,1.000
2023-06-15 14:40,10481.15,1.000
2023-06-15 14:50,10481.37,1.000
2023-06-15 15:00,10481.53,1.000
2023-06-15 15:10,10481.77,1.000
2023-06-15 15:20,10481.97,1.000
2023-06-15 15:30,10482.15,1.000
2023-06-15 15:40,10482.28,1.000
2023-06-15 15:50,10482.48,1.000
2023-06-15 16:00,10482.63,1.000
2023-06-15 16:10,10482.79,1.000
2023-06-15 16:20,10482.92,1.000
2023-06-15 16:30,10483.08,1.000
2023-06-15 16:40,10483.23,1.000
2023-06-15 16:50,10483.41,1.000
2023-06-15 17:00,10483.54,1.000
2023-06-15 17:10,10483.67,1.000
2023-06-15 17:20,10483.79,1.000
2023-06-15 17:30,10483.96,1.000
2023-06-15 17:40,10484.12,1.000
2023-06-15 17:50,10484.23,1.000
2023-06-15 18:00,10484.41,1.000
2023-06-15 18:10,10484.49,1.000
2023-06-15 18:20,10484.78,1.000
2023-06-15 18:30,10485.00,1.000
2023-06-15 18:40,10485.16,1.000
2023-06-15 18:50,10485.40,1.000
2023-06-15 19:00,10485.58,1.000
2023-06-15 19:10,10485.80,1.000
2023-06-15 19:20,10486.00,1.000
2023-06-15 19:30,10486.33,1.000
2023-06-15 19:40,10486.53,1.000
2023-06-15 19:50,10486.80,1.000
2023-06-15 20:00,10487.11,1.000
2023-06-15 20:10,10487.37,1.000
2023-06-15 20:20,10487.68,1.000
2023-06-15 20:30,10487.95,1.000
2023-06-15 20:40,10488.24,1.000
2023-06-15 20:50,10488.59,1.000
2023-06-15 21:00,10488.86,1.000
2023-06-15 21:10,10489.17,1.000
2023-06-15 21:20,10489.39,1.000
2023-06-15 21:30,10489.81,1.000
2023-06-15 21:40,10490.09,1.000
2023-06-15 21:50,10490.41,1.000
2023-06-15 22:00,10490.74,1.000
2023-06-15 22:10,10491.22,1.000
2023-06-15 22:20,10491.58,1.000
2023-06-15 22:30,10491.91,1.000
2023-06-15 22:40,10492.33,1.000
2023-06-15 22:50,10492.64,1.000
2023-06-15 23:00,10493.00,1.000
2023-06-15 23:10,10493.00,1.000
2023-06-15 23:20,10493.00,1.000
2023-06-15 23:30,10493.00,1.000
2023-06-15 23:40,10493.00,0.283
2023-06-15 23:50,10493.00,0.000
2023-06-16 00:00,10493.00,0.000
2023-06-16 00:10,10493.00,0.000
2023-06-16 00:20,10493.00,0.000
2023-06-16 00:30,10493.00,0.000
2023-06-16 00:40,10493.00,0.000
2023-06-16 00:50,10493.00,0.000
2023-06-16 01:00,10493.00,0.000
2023-06-16 01:10,10493.00,0.000
2023-06-16 01:20,10493.00,0.000
2023-06-16 01:30,10493.00,0.000
2023-06-16 01:40,10493.00,0.000
2023-06-16 01:50,10493.00,0.000
2023-06-16 02:00,10493.00,0.000
2023-06-16 02:10,10493.00,0.000
2023-06-16 02:20,10493.00,0.000
2023-06-16 02:30,10493.00,0.000
2023-06-16 02:40,10493.00,0.000
2023-06-16 02:50,10493.00,0.000
2023-06-16 03:00,10493.00,0.000
2023-06-16 03:10,10493.00,0.000
2023-06-16 03:20,10493.00,0.000
2023-06-16 03:30,10493.00,0.000
2023-06-16 03:40,10493.00,0.000
2023-06-16 03:50,10493.00,0.000
2023-06-16 04:00,10493.00,0.000
2023-06-16 04:10,10493.00,0.000
2023-06-16 04:20,10493.00,0.000
2023-06-16 04:30,10493.00,0.000
2023-06-16 04:40,10493.00,0.000
2023-06-16 04:50,10493.00,0.000
2023-06-16 05:00,10493.00,0.000
2023-06-16 05:10,10493.00,0.000
2023-06-16 05:20,10493.00,0.000
2023-06-16 05:30,10493.00,0.000
2023-06-16 05:40,10493.00,0.000
2023-06-16 05:50,10493.00,0.000
2023-06-16 06:00,10493.00,0.000
2023-06-16 06:10,10493.00,0.000
2023-06-16 06:20,10493.00,0.000
2023-06-16 06:30,10493.00,0.000
2023-06-16 06:40,10493.00,0.000
2023-06-16 06:50,10493.00,0.000
2023-06-16 07:00,10493.00,0.000
2023-06-16 07:10,10493.00,0.000
2023-06-16 07:20,10493.00,0.000
2023-06-16 07:30,10493.00,0.000
2023-06-16 07:40,10493.00,0.000
2023-06-16 07:50,10493.00,0.000
2023-06-16 08:00,10493.00,0.000
2023-06-16 08:10,10493.00,0.000
2023-06-16 08:20,10493.00,0.000
2023-06-16 08:30,10493.00,0.133
2023-06-16 08:40,10493.00,1.000
2023-06-16 08:50,10493.00,0.867
2023-06-16 09:00,10493.00,0.000
2023-06-16 09:10,10493.00,0.000
2023-06-16 09:20,10493.00,0.000
2023-06-16 09:30,10493.00,0.933
2023-06-16 09:40,10493.00,1.000
2023-06-16 09:50,10493.00,0.067
2023-06-16 10:00,10493.00,0.000
2023-06-16 10:10,10493.00,0.783
2023-06-16 10:20,10493.00,1.000
2023-06-16 10:30,10493.00,0.467
2023-06-16 10:40,10493.00,0.233
2023-06-16 10:50,10493.00,1.000
2023-06-16 11:00,10493.00,0.867
2023-06-16 11:10,10493.00,0.000
2023-06-16 11:20,10493.00,0.767
2023-06-16 11:30,10493.00,0.950
2023-06-16 11:40,10493.00,0.000
2023-06-16 11:50,10493.00,0.767
2023-06-16 12:00,10493.00,1.000
2023-06-16 12:10,10493.00,0.300
2023-06-16 12:20,10493.00,0.000
2023-06-16 12:30,10493.00,0.267
2023-06-16 12:40,10493.00,1.000
2023-06-16 12:50,10493.00,0.750
2023-06-16 13:00,10493.00,0.000
2023-06-16 13:10,10493.00,0.000
2023-06-16 13:20,10493.00,0.467
2023-06-16 13:30,10493.00,1.000
2023-06-16 13:40,10493.00,0.633
2023-06-16 13:50,10493.00,0.400
2023-06-16 14:00,10493.00,0.467
2023-06-16 14:10,10493.00,0.450
2023-06-16 14:20,10493.00,0.867
2023-06-16 14:30,10493.00,1.000
2023-06-16 14:40,10493.00,1.000
2023-06-16 14:50,10493.00,1.000
2023-06-16 15:00,10493.00,0.767
2023-06-16 15:10,10493.00,1.000
2023-06-16 15:20,10493.00,1.000
2023-06-16 15:30,10493.00,1.000
2023-06-16 15:40,10493.00,1.000
2023-06-16 15:50,10493.00,0.767
2023-06-16 16:00,10493.00,1.000
2023-06-16 16:10,10493.00,1.000
2023-06-16 16:20,10493.00,1.000
2023-06-16 16:30,10494.67,1.000
2023-06-16 16:40,10494.73,0.567
2023-06-16 16:50,10497.90,0.900
2023-06-16 17:00,10502.06,1.000
2023-06-16 17:10,10502.97,1.000
2023-06-16 17:20,10502.97,1.000
2023-06-16 17:30,10502.97,0.100
2023-06-16 17:40,10502.97,0.000
2023-06-16 17:50,10502.97,0.533
2023-06-16 18:00,10502.97,0.000
2023-06-16 18:10,10502.97,0.000
2023-06-16 18:20,10502.97,0.000
2023-06-16 18:30,10502.97,0.000
2023-06-16 18:40,10502.97,0.000
2023-06-16 18:50,10502.97,0.000
2023-06-16 19:00,10502.97,0.000
2023-06-16 19:10,10502.97,0.000
2023-06-16 19:20,10502.97,0.000
2023-06-16 19:30,10502.97,0.000
2023-06-16 19:40,10502.97,0.000
2023-06-16 19:50,10502.97,0.117
2023-06-16 20:00,10502.97,1.000
2023-06-16 20:10,10502.97,1.000
2023-06-16 20:20,10502.97,1.000
2023-06-16 20:30,10502.97,0.167
2023-06-16 20:40,10502.97,0.000
2023-06-16 20:50,10502.97,0.617
2023-06-16 21:00,10502.97,0.000
2023-06-16 21:10,10502.97,0.000
2023-06-16 21:20,10502.97,0.000
2023-06-16 21:30,10502.97,0.000
2023-06-16 21:40,10502.97,0.000
2023-06-16 21:50,10502.97,0.000
2023-06-16 22:00,10502.97,0.000
2023-06-16 22:10,10502.97,0.000
2023-06-16 22:20,10502.97,0.000
2023-06-16 22:30,10502.97,0.000
2023-06-16 22:40,10502.97,0.000
2023-06-16 22:50,10502.97,0.000
2023-06-16 23:00,10502.97,0.000
2023-06-16 23:10,10502.97,0.000
2023-06-16 23:20,10502.97,0.000
2023-06-16 23:30,10502.97,0.000
2023-06-16 23:40,10502.97,0.000
2023-06-16 23:50,10502.97,0.000
2023-06-17 00:00,10502.97,0.000
2023-06-17 00:10,10502.97,0.000
2023-06-17 00:20,10502.97,0.000
2023-06-17 00:30,10502.97,0.767
2023-06-17 00:40,10502.97,0.300
2023-06-17 00:50,10502.97,0.000
2023-06-17 01:00,10502.97,0.000
2023-06-17 01:10,10502.97,0.000
2023-06-17 01:20,10502.97,0.000
2023-06-17 01:30,10502.97,0.000
2023-06-17 01:40,10502.97,0.000
2023-06-17 01:50,10502.97,0.000
2023-06-17 02:00,10502.97,0.000
2023-06-17 02:10,10502.97,0.450
2023-06-17 02:20,10502.97,1.000
2023-06-17 02:30,10502.97,0.700
2023-06-17 02:40,10502.97,0.000
2023-06-17 02:50,10502.97,0.000
2023-06-17 03:00,10502.97,0.483
2023-06-17 03:10,10502.97,0.733
2023-06-17 03:20,10502.97,0.800
2023-06-17 03:30,10502.97,0.000
2023-06-17 03:40,10502.97,0.300
2023-06-17 03:50,10502.97,0.800
2023-06-17 04:00,10502.97,0.850
2023-06-17 04:10,10502.97,0.000
2023-06-17 04:20,10502.97,0.750
2023-06-17 04:30,10502.97,0.900
2023-06-17 04:40,10502.97,0.083
2023-06-17 04:50,10502.97,0.867
2023-06-17 05:00,10502.97,0.500
2023-06-17 05:10,10502.97,0.450
2023-06-17 05:20,10502.97,0.850
2023-06-17 05:30,10502.97,0.000
2023-06-17 05:40,10502.97,0.867
2023-06-17 05:50,10502.97,1.000
2023-06-17 06:00,10502.97,0.133
2023-06-17 06:10,10502.97,0.117
2023-06-17 06:20,10502.97,1.000
2023-06-17 06:30,10502.97,0.800
2023-06-17 06:40,10502.97,0.267
2023-06-17 06:50,10502.97,0.967
2023-06-17 07:00,10502.97,0.033
2023-06-17 07:10,10502.97,0.817
2023-06-17 07:20,10502.97,1.000
2023-06-17 07:30,10502.97,0.517
2023-06-17 07:40,10502.97,0.350
2023-06-17 07:50,10502.97,0.350
2023-06-17 08:00,10502.97,0.650
2023-06-17 08:10,10502.97,0.533
2023-06-17 08:20,10502.97,0.483
2023-06-17 08:30,10502.97,0.600
2023-06-17 08:40,10502.97,1.000
2023-06-17 08:50,10502.97,0.600
2023-06-17 09:00,10515.13,1.000
2023-06-17 09:10,10520.31,1.000
2023-06-17 09:20,10533.19,1.000
2023-06-17 09:30,10543.86,1.000
2023-06-17 09:40,10552.92,1.000
2023-06-17 09:50,10561.09,1.000
2023-06-17 10:00,10565.03,1.000
2023-06-17 10:10,10596.60,1.000
2023-06-17 10:20,10596.60,0.733
2023-06-17 10:30,10620.78,1.000
2023-06-17 10:40,10666.34,1.000
2023-06-17 10:50,10684.29,1.000
2023-06-17 11:00,10684.29,0.000
2023-06-17 11:10,10684.29,0.000
2023-06-17 11:20,10684.29,0.333
2023-06-17 11:30,10691.78,0.500
2023-06-17 11:40,10691.78,0.000
2023-06-17 11:50,10691.78,0.000
2023-06-17 12:00,10691.78,0.000
2023-06-17 12:10,10707.26,0.867
2023-06-17 12:20,10741.29,1.000
2023-06-17 12:30,10774.74,1.000
2023-06-17 12:40,10787.07,0.467
2023-06-17 12:50,10814.39,0.933
2023-06-17 13:00,10856.92,1.000
2023-06-17 13:10,10882.56,1.000
2023-06-17 13:20,10894.27,0.667
2023-06-17 13:30,10929.93,1.000
2023-06-17 13:40,10947.00,1.000
2023-06-17 13:50,10947.00,0.617
2023-06-17 14:00,10947.00,1.000
2023-06-17 14:10,10947.00,1.000
2023-06-17 14:20,10947.00,1.000
2023-06-17 14:30,10947.00,1.000
2023-06-17 14:40,10947.00,1.000
2023-06-17 14:50,10947.00,1.000
2023-06-17 15:00,10947.00,1.000
2023-06-17 15:10,10947.00,1.000
2023-06-17 15:20,10947.00,1.000
2023-06-17 15:30,10947.00,1.000
2023-06-17 15:40,10947.00,1.000
2023-06-17 15:50,10947.00,1.000
2023-06-17 16:00,10947.00,1.000
2023-06-17 16:10,10947.00,1.000
2023-06-17 16:20,10947.00,1.000
2023-06-17 16:30,10947.00,1.000
2023-06-17 16:40,10947.00,1.000
2023-06-17 16:50,10947.00,1.000
2023-06-17 17:00,10947.00,1.000
2023-06-17 17:10,10947.00,1.000
2023-06-17 17:20,10947.00,1.000
2023-06-17 17:30,10947.00,1.000
2023-06-17 17:40,10947.00,1.000
2023-06-17 17:50,10947.00,1.000
2023-06-17 18:00,10947.00,0.817
2023-06-17 18:10,10947.00,0.550
2023-06-17 18:20,10947.00,1.000
2023-06-17 18:30,10947.00,0.467
2023-06-17 18:40,10947.00,0.517
2023-06-17 18:50,10947.00,0.367
2023-06-17 19:00,10947.00,0.533
2023-06-17 19:10,10947.00,0.183
2023-06-17 19:20,10947.00,0.000
2023-06-17 19:30,10947.00,0.000
2023-06-17 19:40,10947.00,0.000
2023-06-17 19:50,10947.00,0.000
2023-06-17 20:00,10947.00,0.000
2023-06-17 20:10,10947.00,0.000
2023-06-17 20:20,10947.00,0.000
2023-06-17 20:30,10947.00,0.000
2023-06-17 20:40,10947.00,0.000
2023-06-17 20:50,10947.00,0.000
2023-06-17 21:00,10947.00,0.000
2023-06-17 21:10,10947.00,0.000
2023-06-17 21:20,10947.00,0.000
2023-06-17 21:30,10947.00,0.000
2023-06-17 21:40,10947.00,0.000
2023-06-17 21:50,10947.00,0.000
2023-06-17 22:00,10947.00,0.000
2023-06-17 22:10,10947.00,0.000
2023-06-17 22:20,10947.00,0.000
2023-06-17 22:30,10947.00,0.000
2023-06-17 22:40,10947.00,0.000
2023-06-17 22:50,10947.00,0.000
2023-06-17 23:00,10947.00,0.000
2023-06-17 23:10,10947.00,0.000
2023-06-17 23:20,10947.00,0.000
2023-06-17 23:30,10947.00,0.000
2023-06-17 23:40,10947.00,0.000
2023-06-17 23:50,10947.00,0.000
2023-06-18 00:00,10947.00,0.000
2023-06-18 00:10,10947.00,0.000
2023-06-18 00:20,10947.00,0.000
2023-06-18 00:30,10947.00,0.000
2023-06-18 00:40,10947.00,0.000
2023-06-18 00:50,10947.00,0.000
2023-06-18 01:00,10947.00,0.000
2023-06-18 01:10,10947.00,0.000
2023-06-18 01:20,10947.00,0.000
2023-06-18 01:30,10947.00,0.000
2023-06-18 01:40,10947.00,0.000
2023-06-18 01:50,10947.00,0.000
2023-06-18 02:00,10947.00,0.000
2023-06-18 02:10,10947.00,0.000
2023-06-18 02:20,10947.00,0.000
2023-06-18 02:30,10947.00,0.000
2023-06-18 02:40,10947.00,0.000
2023-06-18 02:50,10947.00,0.000
2023-06-18 03:00,10947.00,0.000
2023-06-18 03:10,10947.00,0.000
2023-06-18 03:20,10947.00,0.000
2023-06-18 03:30,10947.00,0.000
2023-06-18 03:40,10947.00,0.000
2023-06-18 03:50,10947.00,0.000
2023-06-18 04:00,10947.00,0.000
2023-06-18 04:10,10947.00,0.000
2023-06-18 04:20,10947.00,0.000
2023-06-18 04:30,10947.00,0.000
2023-06-18 04:40,10947.00,0.000
2023-06-18 04:50,10947.00,0.000
2023-06-18 05:00,10947.00,0.000
2023-06-18 05:10,10947.00,0.000
2023-06-18 05:20,10947.00,0.000
2023-06-18 05:30,10947.00,0.000
2023-06-18 05:40,10947.00,0.000
2023-06-18 05:50,10947.00,0.000
2023-06-18 06:00,10947.00,0.000
2023-06-18 06:10,10947.00,0.000
2023-06-18 06:20,10947.00,0.000
2023-06-18 06:30,10947.00,0.000
2023-06-18 06:40,10947.00,0.000
2023-06-18 06:50,10947.00,0.000
2023-06-18 07:00,10947.00,0.000
2023-06-18 07:10,10947.00,0.000
2023-06-18 07:20,10947.00,0.000
2023-06-18 07:30,10947.00,0.000
2023-06-18 07:40,10947.00,0.000
2023-06-18 07:50,10947.00,0.000
2023-06-18 08:00,10947.00,0.000
2023-06-18 08:10,10947.00,0.000
2023-06-18 08:20,10947.00,0.033
2023-06-18 08:30,10947.00,0.000
2023-06-18 08:40,10947.00,0.000
2023-06-18 08:50,10947.00,0.000
2023-06-18 09:00,10947.00,0.000
2023-06-18 09:10,10947.00,0.000
2023-06-18 09:20,10947.00,0.000
2023-06-18 09:30,10947.00,0.000
2023-06-18 09:40,10947.00,0.000
2023-06-18 09:50,10947.00,0.000
2023-06-18 10:00,10947.00,0.000
2023-06-18 10:10,10947.00,0.000
2023-06-18 10:20,10947.00,0.000
2023-06-18 10:30,10947.00,0.000
2023-06-18 10:40,10947.00,0.000
2023-06-18 10:50,10947.00,0.000
2023-06-18 11:00,10947.00,0.000
2023-06-18 11:10,10947.00,0.000
2023-06-18 11:20,10947.00,0.000
2023-06-18 11:30,10947.00,0.000
2023-06-18 11:40,10947.00,0.000
2023-06-18 11:50,10947.00,0.150
2023-06-18 12:00,10947.00,1.000
2023-06-18 12:10,10947.00,0.117
2023-06-18 12:20,10947.00,0.000
2023-06-18 12:30,10947.00,0.000
2023-06-18 12:40,10947.00,0.000
2023-06-18 12:50,10947.00,0.000
2023-06-18 13:00,10947.00,0.000
2023-06-18 13:10,10947.00,0.000
2023-06-18 13:20,10947.00,0.000
2023-06-18 13:30,10947.00,0.350
2023-06-18 13:40,10947.00,0.483
2023-06-18 13:50,10947.00,0.000
2023-06-18 14:00,10947.00,0.000
2023-06-18 14:10,10947.00,0.000
2023-06-18 14:20,10947.00,0.000
2023-06-18 14:30,10947.00,0.000
2023-06-18 14:40,10947.00,0.000
2023-06-18 14:50,10947.00,0.000
2023-06-18 15:00,10947.00,0.000
2023-06-18 15:10,10947.00,0.933
2023-06-18 15:20,10947.00,0.000
2023-06-18 15:30,10947.00,0.000
2023-06-18 15:40,10947.00,0.000
2023-06-18 15:50,10947.00,0.000
2023-06-18 16:00,10947.00,0.000
2023-06-18 16:10,10947.00,0.000
2023-06-18 16:20,10955.35,0.433
2023-06-18 16:30,10955.35,0.383
2023-06-18 16:40,10955.35,1.000
2023-06-18 16:50,10955.35,1.000
2023-06-18 17:00,10955.35,1.000
2023-06-18 17:10,10955.35,1.000
2023-06-18 17:20,10955.35,1.000
2023-06-18 17:30,10955.35,1.000
2023-06-18 17:40,10955.35,1.000
2023-06-18 17:50,10955.35,1.000
2023-06-18 18:00,10955.35,1.000
2023-06-18 18:10,10955.35,1.000
2023-06-18 18:20,10955.35,1.000
2023-06-18 18:30,10955.35,1.000
2023-06-18 18:40,10955.35,1.000
2023-06-18 18:50,10955.35,1.000
2023-06-18 19:00,10955.35,1.000
2023-06-18 19:10,10955.35,1.000
2023-06-18 19:20,10955.35,1.000
2023-06-18 19:30,10955.35,1.000
2023-06-18 19:40,10955.35,1.000
2023-06-18 19:50,10955.35,1.000
2023-06-18 20:00,10955.35,1.000
2023-06-18 20:10,10955.35,1.000
2023-06-18 20:20,10955.35,1.000
2023-06-18 20:30,10955.35,1.000
2023-06-18 20:40,10955.35,1.000
2023-06-18 20:50,10955.35,1.000
2023-06-18 21:00,10955.35,1.000
2023-06-18 21:10,10955.35,1.000
2023-06-18 21:20,10955.35,1.000
2023-06-18 21:30,10955.35,1.000
2023-06-18 21:40,10955.35,1.000
2023-06-18 21:50,10955.35,1.000
2023-06-18 22:00,10955.35,1.000
2023-06-18 22:10,10955.35,0.733
2023-06-18 22:20,10955.35,0.433
2023-06-18 22:30,10955.35,0.000
2023-06-18 22:40,10955.35,0.000
2023-06-18 22:50,10955.35,0.000
2023-06-18 23:00,10955.35,0.000
2023-06-18 23:10,10955.35,0.000
2023-06-18 23:20,10955.35,0.000
2023-06-18 23:30,10955.35,0.000
2023-06-18 23:40,10955.35,0.000
2023-06-18 23:50,10955.35,0.000
2023-06-19 00:00,10955.35,0.000
2023-06-19 00:10,10955.35,0.000
2023-06-19 00:20,10955.35,0.000
2023-06-19 00:30,10955.35,0.267
2023-06-19 00:40,10955.35,0.583
2023-06-19 00:50,10955.35,0.133
2023-06-19 01:00,10955.35,1.000
2023-06-19 01:10,10955.35,0.733
2023-06-19 01:20,10955.35,0.250
2023-06-19 01:30,10955.35,1.000
2023-06-19 01:40,10955.35,0.183
2023-06-19 01:50,10955.35,0.000
2023-06-19 02:00,10955.35,0.000
2023-06-19 02:10,10955.35,0.000
2023-06-19 02:20,10955.35,0.000
2023-06-19 02:30,10955.35,0.000
2023-06-19 02:40,10955.35,0.000
2023-06-19 02:50,10955.35,0.017
2023-06-19 03:00,10955.35,0.667
2023-06-19 03:10,10955.35,0.633
2023-06-19 03:20,10955.35,0.700
2023-06-19 03:30,10955.35,0.450
2023-06-19 03:40,10955.35,0.500
2023-06-19 03:50,10955.35,0.633
2023-06-19 04:00,10955.35,0.633
2023-06-19 04:10,10955.35,0.533
2023-06-19 04:20,10955.35,0.700
2023-06-19 04:30,10955.35,0.417
2023-06-19 04:40,10955.35,0.000
2023-06-19 04:50,10955.35,0.000
2023-06-19 05:00,10955.35,0.417
2023-06-19 05:10,10955.35,0.550
2023-06-19 05:20,10955.35,0.300
2023-06-19 05:30,10955.35,0.000
2023-06-19 05:40,10955.35,0.000
2023-06-19 05:50,10955.35,0.000
2023-06-19 06:00,10955.35,0.417
2023-06-19 06:10,10955.35,0.600
2023-06-19 06:20,10955.35,0.217
2023-06-19 06:30,10955.35,0.000
2023-06-19 06:40,10955.35,0.000
2023-06-19 06:50,10955.35,0.450
2023-06-19 07:00,10955.35,0.717
2023-06-19 07:10,10955.35,0.117
2023-06-19 07:20,10955.35,0.000
2023-06-19 07:30,10955.35,0.000
2023-06-19 07:40,10955.35,0.000
2023-06-19 07:50,10955.35,0.000
2023-06-19 08:00,10955.35,0.000
2023-06-19 08:10,10955.35,0.000
2023-06-19 08:20,10955.35,0.000
2023-06-19 08:30,10955.35,0.000
2023-06-19 08:40,10955.35,0.000
2023-06-19 08:50,10955.35,0.000
2023-06-19 09:00,10955.35,0.000
2023-06-19 09:10,10955.35,0.000
2023-06-19 09:20,10955.35,0.000
2023-06-19 09:30,10955.35,0.000
2023-06-19 09:40,10955.35,0.000
2023-06-19 09:50,10955.35,0.000
2023-06-19 10:00,10955.35,0.000
2023-06-19 10:10,10955.35,0.000
2023-06-19 10:20,10955.35,0.000
2023-06-19 10:30,10955.35,0.000
2023-06-19 10:40,10955.35,0.000
2023-06-19 10:50,10955.35,0.000
2023-06-19 11:00,10955.35,0.000
2023-06-19 11:10,10955.35,0.000
2023-06-19 11:20,10955.35,0.000
2023-06-19 11:30,10955.35,0.000
2023-06-19 11:40,10955.35,0.000
2023-06-19 11:50,10955.35,0.000
2023-06-19 12:00,10955.35,0.000
2023-06-19 12:10,10955.35,0.000
2023-06-19 12:20,10955.35,0.000
2023-06-19 12:30,10955.35,0.000
2023-06-19 12:40,10955.35,0.000
2023-06-19 12:50,10955.35,0.000
2023-06-19 13:00,10955.35,0.000
2023-06-19 13:10,10955.35,0.000
2023-06-19 13:20,10955.35,0.000
2023-06-19 13:30,10955.35,0.000
2023-06-19 13:40,10955.35,0.000
2023-06-19 13:50,10955.35,0.000
2023-06-19 14:00,10955.35,0.000
2023-06-19 14:10,10955.35,0.000
2023-06-19 14:20,10955.35,0.000
2023-06-19 14:30,10955.35,0.000
2023-06-19 14:40,10955.35,0.000
2023-06-19 14:50,10955.35,0.000
2023-06-19 15:00,10955.35,0.000
2023-06-19 15:10,10955.35,0.000
2023-06-19 15:20,10955.35,0.000
2023-06-19 15:30,10955.35,0.000
2023-06-19 15:40,10955.35,0.000
2023-06-19 15:50,10955.35,0.000
2023-06-19 16:00,10955.35,0.000
2023-06-19 16:10,10955.35,0.000
2023-06-19 16:20,10955.35,0.000
2023-06-19 16:30,10955.35,0.000
2023-06-19 16:40,10955.35,0.000
2023-06-19 16:50,10955.35,0.000
2023-06-19 17:00,10955.35,0.000
2023-06-19 17:10,10955.35,0.000
2023-06-19 17:20,10955.35,0.000
2023-06-19 17:30,10955.35,0.000
2023-06-19 17:40,10955.35,0.000
2023-06-19 17:50,10955.35,0.000
2023-06-19 18:00,10955.35,0.000
2023-06-19 18:10,10955.35,0.000
2023-06-19 18:20,10955.35,0.000
2023-06-19 18:30,10955.35,0.000
2023-06-19 18:40,10955.35,0.000
2023-06-19 18:50,10955.35,0.000
2023-06-19 19:00,10955.35,0.000
2023-06-19 19:10,10955.35,0.000
2023-06-19 19:20,10955.35,0.000
2023-06-19 19:30,10955.35,0.000
2023-06-19 19:40,10955.35,0.000
2023-06-19 19:50,10955.35,0.000
2023-06-19 20:00,10955.35,0.000
2023-06-19 20:10,10955.35,0.000
2023-06-19 20:20,10955.35,0.000
2023-06-19 20:30,10955.35,0.000
2023-06-19 20:40,10955.35,0.000
2023-06-19 20:50,10955.35,0.000
2023-06-19 21:00,10955.35,0.000
2023-06-19 21:10,10955.35,0.000
2023-06-19 21:20,10955.35,0.000
2023-06-19 21:30,10955.35,0.000
2023-06-19 21:40,10955.35,0.000
2023-06-19 21:50,10955.35,0.000
2023-06-19 22:00,10955.35,0.000
2023-06-19 22:10,10955.35,0.000
2023-06-19 22:20,10955.35,0.000
2023-06-19 22:30,10955.35,0.000
2023-06-19 22:40,10955.35,0.000
2023-06-19 22:50,10955.35,0.000
2023-06-19 23:00,10955.35,0.000
2023-06-19 23:10,10955.35,0.000
2023-06-19 23:20,10955.35,0.000
2023-06-19 23:30,10955.35,0.000
2023-06-19 23:40,10955.35,0.000
2023-06-19 23:50,10955.35,0.000
2023-06-20 00:00,10955.35,0.000
2023-06-20 00:10,10955.35,0.000
2023-06-20 00:20,10955.35,0.000
2023-06-20 00:30,10955.35,0.000
2023-06-20 00:40,10955.35,0.000
2023-06-20 00:50,10955.35,0.000
2023-06-20 01:00,10955.35,0.000
2023-06-20 01:10,10955.35,0.000
2023-06-20 01:20,10955.35,0.000
2023-06-20 01:30,10955.35,0.000
2023-06-20 01:40,10955.35,0.000
2023-06-20 01:50,10955.35,0.000
2023-06-20 02:00,10955.35,0.000
2023-06-20 02:10,10955.35,0.000
2023-06-20 02:20,10955.35,0.000
2023-06-20 02:30,10955.35,0.000
2023-06-20 02:40,10955.35,0.000
2023-06-20 02:50,10955.35,0.000
2023-06-20 03:00,10955.35,0.000
2023-06-20 03:10,10955.35,0.000
2023-06-20 03:20,10955.35,0.000
2023-06-20 03:30,10955.35,0.000
2023-06-20 03:40,10955.35,0.000
2023-06-20 03:50,10955.35,0.000
2023-06-20 04:00,10955.35,0.000
2023-06-20 04:10,10955.35,0.000
2023-06-20 04:20,10955.35,0.000
2023-06-20 04:30,10955.35,0.000
2023-06-20 04:40,10955.35,0.000
2023-06-20 04:50,10955.35,0.000
2023-06-20 05:00,10955.35,0.000
2023-06-20 05:10,10955.35,0.000
2023-06-20 05:20,10955.35,0.000
2023-06-20 05:30,10955.35,0.000
2023-06-20 05:40,10955.35,0.000
2023-06-20 05:50,10955.35,0.000
2023-06-20 06:00,10955.35,0.000
2023-06-20 06:10,10955.35,0.000
2023-06-20 06:20,10955.35,0.000
2023-06-20 06:30,10955.35,0.000
2023-06-20 06:40,10955.35,0.000
2023-06-20 06:50,10955.35,0.000
2023-06-20 07:00,10955.35,0.000
2023-06-20 07:10,10955.35,0.000
2023-06-20 07:20,10955.35,0.000
2023-06-20 07:30,10955.35,0.000
2023-06-20 07:40,10955.35,0.000
2023-06-20 07:50,10955.35,0.000
2023-06-20 08:00,10955.35,0.000
2023-06-20 08:10,10955.35,0.000
2023-06-20 08:20,10955.35,0.000
2023-06-20 08:30,10955.35,0.000
2023-06-20 08:40,10955.35,0.000
2023-06-20 08:50,10955.35,0.000
2023-06-20 09:00,10955.35,0.000
2023-06-20 09:10,10955.35,0.000
2023-06-20 09:20,10955.35,0.000
2023-06-20 09:30,10955.35,0.000
2023-06-20 09:40,10955.35,0.000
2023-06-20 09:50,10955.35,0.317
2023-06-20 10:00,10955.35,0.950
2023-06-20 10:10,10955.35,0.950
2023-06-20 10:20,10955.35,0.400
2023-06-20 10:30,10955.35,0.333
2023-06-20 10:40,10955.35,0.900
2023-06-20 10:50,10955.35,0.500
2023-06-20 11:00,10955.35,1.000
2023-06-20 11:10,10955.35,1.000
2023-06-20 11:20,10955.35,0.717
2023-06-20 11:30,10955.35,1.000
2023-06-20 11:40,10955.35,0.767
2023-06-20 11:50,10955.35,1.000
2023-06-20 12:00,10955.35,0.800
2023-06-20 12:10,10955.35,1.000
2023-06-20 12:20,10955.35,1.000
2023-06-20 12:30,10955.35,0.800
2023-06-20 12:40,10955.35,1.000
2023-06-20 12:50,10955.35,0.750
2023-06-20 13:00,10955.35,1.000
2023-06-20 13:10,10955.35,0.767
2023-06-20 13:20,10955.35,1.000
2023-06-20 13:30,10955.35,1.000
2023-06-20 13:40,10955.35,0.783
2023-06-20 13:50,10955.35,1.000
2023-06-20 14:00,10955.35,0.800
2023-06-20 14:10,10955.35,1.000
2023-06-20 14:20,10955.35,0.767
2023-06-20 14:30,10955.35,1.000
2023-06-20 14:40,10955.35,0.833
2023-06-20 14:50,10955.35,0.983
2023-06-20 15:00,10955.35,1.000
2023-06-20 15:10,10955.35,1.000
2023-06-20 15:20,10955.35,0.800
2023-06-20 15:30,10955.35,1.000
2023-06-20 15:40,10955.35,0.767
2023-06-20 15:50,10955.35,1.000
2023-06-20 16:00,10955.35,0.800
2023-06-20 16:10,10955.35,1.000
2023-06-20 16:20,10955.35,0.867
2023-06-20 16:30,10955.35,0.950
2023-06-20 16:40,10955.35,1.000
2023-06-20 16:50,10955.35,1.000
2023-06-20 17:00,10955.35,0.867
2023-06-20 17:10,10955.35,0.583
2023-06-20 17:20,10955.35,1.000
2023-06-20 17:30,10955.35,1.000
2023-06-20 17:40,10955.35,1.000
2023-06-20 17:50,10955.35,1.000
2023-06-20 18:00,10955.35,0.733
2023-06-20 18:10,10955.35,0.767
2023-06-20 18:20,10955.35,1.000
2023-06-20 18:30,10955.35,1.000
2023-06-20 18:40,10955.35,1.000
2023-06-20 18:50,10955.35,0.767
2023-06-20 19:00,10955.35,0.967
2023-06-20 19:10,10955.35,1.000
2023-06-20 19:20,10955.35,0.733
2023-06-20 19:30,10955.35,1.000
2023-06-20 19:40,10955.35,0.783
2023-06-20 19:50,10955.35,1.000
2023-06-20 20:00,10955.35,0.933
2023-06-20 20:10,10955.35,0.900
2023-06-20 20:20,10955.35,1.000
2023-06-20 20:30,10955.35,0.700
2023-06-20 20:40,10955.35,1.000
2023-06-20 20:50,10955.35,0.783
2023-06-20 21:00,10955.35,1.000
2023-06-20 21:10,10955.35,1.000
2023-06-20 21:20,10955.35,0.717
2023-06-20 21:30,10955.35,1.000
2023-06-20 21:40,10955.35,0.783
2023-06-20 21:50,10955.35,1.000
2023-06-20 22:00,10955.35,0.933
2023-06-20 22:10,10955.35,0.767
2023-06-20 22:20,10955.35,1.000
2023-06-20 22:30,10955.35,0.733
2023-06-20 22:40,10955.35,1.000
2023-06-20 22:50,10955.35,0.800
2023-06-20 23:00,10955.35,0.900
2023-06-20 23:10,10955.35,1.000
2023-06-20 23:20,10955.35,0.767
2023-06-20 23:30,10955.35,1.000
2023-06-20 23:40,10955.35,0.683
2023-06-20 23:50,10955.35,1.000
2023-06-21 00:00,10955.35,1.000
2023-06-21 00:10,10955.35,0.483
2023-06-21 00:20,10955.35,1.000
2023-06-21 00:30,10955.35,0.883
2023-06-21 00:40,10955.35,0.833
2023-06-21 00:50,10955.35,1.000
2023-06-21 01:00,10955.35,0.833
2023-06-21 01:10,10955.35,1.000
2023-06-21 01:20,10955.35,0.750
2023-06-21 01:30,10955.35,0.517
2023-06-21 01:40,10955.35,1.000
2023-06-21 01:50,10955.35,0.800
2023-06-21 02:00,10955.35,0.567
2023-06-21 02:10,10955.35,1.000
2023-06-21 02:20,10955.35,0.683
2023-06-21 02:30,10955.35,0.850
2023-06-21 02:40,10955.35,1.000
2023-06-21 02:50,10955.35,0.583
2023-06-21 03:00,10955.35,1.000
2023-06-21 03:10,10955.35,0.967
2023-06-21 03:20,10955.35,0.583
2023-06-21 03:30,10955.35,1.000
2023-06-21 03:40,10955.35,0.767
2023-06-21 03:50,10955.35,1.000
2023-06-21 04:00,10955.35,0.883
2023-06-21 04:10,10955.35,0.383
2023-06-21 04:20,10955.35,1.000
2023-06-21 04:30,10955.35,0.767
2023-06-21 04:40,10955.35,1.000
2023-06-21 04:50,10955.35,1.000
2023-06-21 05:00,10955.35,0.350
2023-06-21 05:10,10955.35,1.000
2023-06-21 05:20,10955.35,0.867
2023-06-21 05:30,10955.35,0.817
2023-06-21 05:40,10955.35,1.000
2023-06-21 05:50,10955.35,1.000
2023-06-21 06:00,10955.35,1.000
2023-06-21 06:10,10955.35,1.000
2023-06-21 06:20,10955.35,0.800
2023-06-21 06:30,10955.35,1.000
2023-06-21 06:40,10955.35,1.000
2023-06-21 06:50,10955.35,1.000
2023-06-21 07:00,10955.35,1.000
2023-06-21 07:10,10955.35,1.000
2023-06-21 07:20,10955.35,1.000
2023-06-21 07:30,10955.35,1.000
2023-06-21 07:40,10955.35,1.000
2023-06-21 07:50,10955.35,1.000
2023-06-21 08:00,10955.35,1.000
2023-06-21 08:10,10955.35,1.000
2023-06-21 08:20,10955.35,1.000
2023-06-21 08:30,10955.35,1.000
2023-06-21 08:40,10955.35,0.817
2023-06-21 08:50,10955.35,0.917
2023-06-21 09:00,10955.35,1.000
2023-06-21 09:10,10955.35,1.000
2023-06-21 09:20,10955.35,0.467
2023-06-21 09:30,10955.35,0.617
2023-06-21 09:40,10955.35,1.000
2023-06-21 09:50,10955.35,1.000
2023-06-21 10:00,10955.35,0.783
2023-06-21 10:10,10955.35,1.000
2023-06-21 10:20,10955.35,1.000
2023-06-21 10:30,10955.35,0.883
2023-06-21 10:40,10955.35,0.883
2023-06-21 10:50,10955.35,1.000
2023-06-21 11:00,10955.35,1.000
2023-06-21 11:10,10955.35,0.750
2023-06-21 11:20,10955.35,1.000
2023-06-21 11:30,10955.35,1.000
2023-06-21 11:40,10955.35,0.800
2023-06-21 11:50,10955.35,1.000
2023-06-21 12:00,10955.35,1.000
2023-06-21 12:10,10955.35,1.000
2023-06-21 12:20,10955.35,0.767
2023-06-21 12:30,10955.35,0.250
2023-06-21 12:40,10955.35,1.000
2023-06-21 12:50,10955.35,1.000
2023-06-21 13:00,10955.35,0.817
2023-06-21 13:10,10955.35,0.900
2023-06-21 13:20,10955.35,1.000
2023-06-21 13:30,10955.35,1.000
2023-06-21 13:40,10955.35,1.000
2023-06-21 13:50,10955.35,0.767
2023-06-21 14:00,10955.35,1.000
2023-06-21 14:10,10955.35,1.000
2023-06-21 14:20,10955.35,0.767
2023-06-21 14:30,10955.35,1.000
2023-06-21 14:40,10955.35,1.000
2023-06-21 14:50,10955.35,0.800
2023-06-21 15:00,10955.35,1.000
2023-06-21 15:10,10955.35,0.850
2023-06-21 15:20,10955.35,0.917
2023-06-21 15:30,10955.35,1.000
2023-06-21 15:40,10955.35,0.667
2023-06-21 15:50,10955.35,1.000
2023-06-21 16:00,10955.35,1.000
2023-06-21 16:10,10955.35,1.000
2023-06-21 16:20,10955.35,1.000
2023-06-21 16:30,10955.35,1.000
2023-06-21 16:40,10955.35,0.800
2023-06-21 16:50,10955.35,1.000
2023-06-21 17:00,10955.35,1.000
2023-06-21 17:10,10955.35,0.783
2023-06-21 17:20,10955.35,1.000
2023-06-21 17:30,10955.35,1.000
2023-06-21 17:40,10955.35,1.000
2023-06-21 17:50,10955.35,1.000
2023-06-21 18:00,10955.35,0.800
2023-06-21 18:10,10955.35,0.917
2023-06-21 18:20,10955.35,1.000
2023-06-21 18:30,10955.35,1.000
2023-06-21 18:40,10955.35,0.883
2023-06-21 18:50,10955.35,0.517
2023-06-21 19:00,10955.35,1.000
2023-06-21 19:10,10955.35,0.783
2023-06-21 19:20,10955.35,0.767
2023-06-21 19:30,10955.35,0.617
2023-06-21 19:40,10955.35,0.883
2023-06-21 19:50,10955.35,0.650
2023-06-21 20:00,10955.35,1.000
2023-06-21 20:10,10955.35,0.833
2023-06-21 20:20,10955.35,0.817
2023-06-21 20:30,10955.35,1.000
2023-06-21 20:40,10955.35,1.000
2023-06-21 20:50,10955.35,1.000
2023-06-21 21:00,10955.35,1.000
2023-06-21 21:10,10955.35,1.000
2023-06-21 21:20,10955.35,1.000
2023-06-21 21:30,10955.35,1.000
2023-06-21 21:40,10955.35,1.000
2023-06-21 21:50,10955.35,1.000
2023-06-21 22:00,10955.35,1.000
2023-06-21 22:10,10955.35,1.000
2023-06-21 22:20,10955.35,1.000
2023-06-21 22:30,10955.35,1.000
2023-06-21 22:40,10955.35,1.000
2023-06-21 22:50,10955.35,1.000
2023-06-21 23:00,10955.35,1.000
2023-06-21 23:10,10955.35,1.000
2023-06-21 23:20,10955.35,1.000
2023-06-21 23:30,10955.35,1.000
2023-06-21 23:40,10955.35,1.000
2023-06-21 23:50,10955.35,1.000
2023-06-22 00:00,10955.35,1.000
2023-06-22 00:10,10955.35,0.650
2023-06-22 00:20,10955.35,1.000
2023-06-22 00:30,10955.35,1.000
2023-06-22 00:40,10955.35,1.000
2023-06-22 00:50,10955.35,1.000
2023-06-22 01:00,10955.35,1.000
2023-06-22 01:10,10955.35,1.000
2023-06-22 01:20,10955.35,1.000
2023-06-22 01:30,10955.35,1.000
2023-06-22 01:40,10955.35,1.000
2023-06-22 01:50,10955.35,1.000
2023-06-22 02:00,10955.35,1.000
2023-06-22 02:10,10955.35,1.000
2023-06-22 02:20,10955.35,1.000
2023-06-22 02:30,10955.35,1.000
2023-06-22 02:40,10955.35,1.000
2023-06-22 02:50,10955.35,1.000
2023-06-22 03:00,10955.35,1.000
2023-06-22 03:10,10955.35,1.000
2023-06-22 03:20,10955.35,1.000
2023-06-22 03:30,10955.35,1.000
2023-06-22 03:40,10955.35,1.000
2023-06-22 03:50,10955.35,1.000
2023-06-22 04:00,10955.35,1.000
2023-06-22 04:10,10955.35,1.000
2023-06-22 04:20,10955.35,1.000
2023-06-22 04:30,10955.35,1.000
2023-06-22 04:40,10955.35,1.000
2023-06-22 04:50,10955.35,1.000
2023-06-22 05:00,10955.35,1.000
2023-06-22 05:10,10955.35,1.000
2023-06-22 05:20,10955.35,1.000
2023-06-22 05:30,10955.35,1.000
2023-06-22 05:40,10955.35,1.000
2023-06-22 05:50,10955.35,1.000
2023-06-22 06:00,10955.35,1.000
2023-06-22 06:10,10955.35,1.000
2023-06-22 06:20,10955.35,1.000
2023-06-22 06:30,10955.35,1.000
2023-06-22 06:40,10955.35,1.000
2023-06-22 06:50,10955.35,1.000
2023-06-22 07:00,10955.35,1.000
2023-06-22 07:10,10955.35,1.000
2023-06-22 07:20,10955.35,1.000
2023-06-22 07:30,10955.35,1.000
2023-06-22 07:40,10955.35,1.000
2023-06-22 07:50,10955.35,1.000
2023-06-22 08:00,10955.35,1.000
2023-06-22 08:10,10955.35,1.000
2023-06-22 08:20,10955.35,1.000
2023-06-22 08:30,10955.35,1.000
2023-06-22 08:40,10955.35,1.000
2023-06-22 08:50,10955.35,1.000
2023-06-22 09:00,10955.35,1.000
2023-06-22 09:10,10955.35,1.000
2023-06-22 09:20,10955.35,1.000
2023-06-22 09:30,10955.35,1.000
2023-06-22 09:40,10955.35,1.000
2023-06-22 09:50,10955.35,1.000
2023-06-22 10:00,10955.35,1.000
2023-06-22 10:10,10955.35,1.000
2023-06-22 10:20,10955.35,1.000
2023-06-22 10:30,10955.35,1.000
2023-06-22 10:40,10955.35,1.000
2023-06-22 10:50,10955.35,1.000
2023-06-22 11:00,10955.35,1.000
2023-06-22 11:10,10955.35,1.000
2023-06-22 11:20,10955.35,1.000
2023-06-22 11:30,10955.35,1.000
2023-06-22 11:40,10955.35,1.000
2023-06-22 11:50,10955.35,1.000
2023-06-22 12:00,10955.35,1.000
2023-06-22 12:10,10955.35,1.000
2023-06-22 12:20,10955.35,1.000
2023-06-22 12:30,10955.35,1.000
2023-06-22 12:40,10955.35,0.283
2023-06-22 12:50,10955.35,0.000
2023-06-22 13:00,10955.35,0.000
2023-06-22 13:10,10955.35,0.000
2023-06-22 13:20,10955.35,0.000
2023-06-22 13:30,10955.35,0.000
2023-06-22 13:40,10955.35,0.183
2023-06-22 13:50,10955.35,0.333
2023-06-22 14:00,10955.35,0.817
2023-06-22 14:10,10955.35,1.000
2023-06-22 14:20,10955.35,1.000
2023-06-22 14:30,10955.35,1.000
2023-06-22 14:40,10955.35,1.000
2023-06-22 14:50,10955.35,0.783
2023-06-22 15:00,10955.35,0.000
2023-06-22 15:10,10955.35,0.000
2023-06-22 15:20,10955.35,0.000
2023-06-22 15:30,10955.35,0.000
2023-06-22 15:40,10955.35,0.000
2023-06-22 15:50,10955.35,0.000
2023-06-22 16:00,10955.35,0.000
2023-06-22 16:10,10955.35,0.000
2023-06-22 16:20,10955.35,0.000
2023-06-22 16:30,10955.35,0.000
2023-06-22 16:40,10955.35,0.000
2023-06-22 16:50,10955.35,0.000
2023-06-22 17:00,10955.35,0.000
2023-06-22 17:10,10955.35,0.000
2023-06-22 17:20,10955.35,0.000
2023-06-22 17:30,10955.35,0.000
2023-06-22 17:40,10955.35,0.000
2023-06-22 17:50,10955.35,0.000
2023-06-22 18:00,10955.35,0.000
2023-06-22 18:10,10955.35,0.000
2023-06-22 18:20,10955.35,0.000
2023-06-22 18:30,10955.35,0.000
2023-06-22 18:40,10955.35,0.000
2023-06-22 18:50,10955.35,0.000
2023-06-22 19:00,10955.35,0.183
2023-06-22 19:10,10955.35,1.000
2023-06-22 19:20,10955.35,0.567
2023-06-22 19:30,10955.35,0.000
2023-06-22 19:40,10955.35,0.000
2023-06-22 19:50,10955.35,0.000
2023-06-22 20:00,10955.35,0.000
2023-06-22 20:10,10955.35,0.000
2023-06-22 20:20,10955.35,0.000
2023-06-22 20:30,10955.35,0.217
2023-06-22 20:40,10955.35,1.000
2023-06-22 20:50,10955.35,1.000
2023-06-22 21:00,10955.35,1.000
2023-06-22 21:10,10955.35,1.000
2023-06-22 21:20,10955.35,1.000
2023-06-22 21:30,10955.35,1.000
2023-06-22 21:40,10955.35,1.000
2023-06-22 21:50,10955.35,1.000
2023-06-22 22:00,10955.35,1.000
2023-06-22 22:10,10955.35,1.000
2023-06-22 22:20,10955.35,1.000
2023-06-22 22:30,10955.35,1.000
2023-06-22 22:40,10955.35,1.000
2023-06-22 22:50,10955.35,1.000
2023-06-22 23:00,10955.35,1.000
2023-06-22 23:10,10955.35,1.000
2023-06-22 23:20,10955.35,1.000
2023-06-22 23:30,10955.35,1.000
2023-06-22 23:40,10955.35,1.000
2023-06-22 23:50,10955.35,1.000
2023-06-23 00:00,10955.35,1.000
2023-06-23 00:10,10955.35,1.000
2023-06-23 00:20,10955.35,1.000
2023-06-23 00:30,10955.35,1.000
2023-06-23 00:40,10955.35,1.000
2023-06-23 00:50,10955.35,1.000
2023-06-23 01:00,10955.35,1.000
2023-06-23 01:10,10955.35,1.000
2023-06-23 01:20,10955.35,1.000
2023-06-23 01:30,10955.35,1.000
2023-06-23 01:40,10955.35,1.000
2023-06-23 01:50,10955.35,1.000
2023-06-23 02:00,10955.35,1.000
2023-06-23 02:10,10955.35,1.000
2023-06-23 02:20,10955.35,1.000
2023-06-23 02:30,10955.35,1.000
2023-06-23 02:40,10955.35,1.000
2023-06-23 02:50,10955.35,1.000
2023-06-23 03:00,10955.35,1.000
2023-06-23 03:10,10955.35,1.000
2023-06-23 03:20,10955.35,1.000
2023-06-23 03:30,10955.35,1.000
2023-06-23 03:40,10955.35,1.000
2023-06-23 03:50,10955.35,1.000
2023-06-23 04:00,10955.35,1.000
2023-06-23 04:10,10955.35,1.000
2023-06-23 04:20,10955.35,1.000
2023-06-23 04:30,10955.35,1.000
2023-06-23 04:40,10955.35,1.000
2023-06-23 04:50,10955.35,1.000
2023-06-23 05:00,10955.35,1.000
2023-06-23 05:10,10955.35,1.000
2023-06-23 05:20,10955.35,1.000
2023-06-23 05:30,10955.35,1.000
2023-06-23 05:40,10955.35,1.000
2023-06-23 05:50,10955.35,1.000
2023-06-23 06:00,10955.35,1.000
2023-06-23 06:10,10955.35,1.000
2023-06-23 06:20,10955.35,1.000
2023-06-23 06:30,10955.35,1.000
2023-06-23 06:40,10955.35,1.000
2023-06-23 06:50,10955.35,1.000
2023-06-23 07:00,10955.35,1.000
2023-06-23 07:10,10955.35,1.000
2023-06-23 07:20,10955.35,1.000
2023-06-23 07:30,10955.35,1.000
2023-06-23 07:40,10955.35,1.000
2023-06-23 07:50,10955.35,1.000
2023-06-23 08:00,10955.35,1.000
2023-06-23 08:10,10955.35,1.000
2023-06-23 08:20,10955.35,1.000
2023-06-23 08:30,10955.35,1.000
2023-06-23 08:40,10955.35,1.000
2023-06-23 08:50,10955.35,1.000
2023-06-23 09:00,10955.35,1.000
2023-06-23 09:10,10955.35,1.000
2023-06-23 09:20,10955.35,1.000
2023-06-23 09:30,10955.35,1.000
2023-06-23 09:40,10955.35,1.000
2023-06-23 09:50,10955.35,1.000
2023-06-23 10:00,10955.35,1.000
2023-06-23 10:10,10955.35,1.000
2023-06-23 10:20,10955.35,1.000
2023-06-23 10:30,10955.35,1.000
2023-06-23 10:40,10955.35,1.000
2023-06-23 10:50,10955.35,1.000
2023-06-23 11:00,10955.35,1.000
2023-06-23 11:10,10955.35,1.000
2023-06-23 11:20,10955.35,1.000
2023-06-23 11:30,10955.35,1.000
2023-06-23 11:40,10955.35,1.000
2023-06-23 11:50,10955.35,1.000
2023-06-23 12:00,10955.35,1.000
2023-06-23 12:10,10955.35,1.000
2023-06-23 12:20,10955.35,1.000
2023-06-23 12:30,10955.35,1.000
2023-06-23 12:40,10955.35,0.200
2023-06-23 12:50,10955.35,0.000
2023-06-23 13:00,10955.35,0.000
2023-06-23 13:10,10955.35,0.000
2023-06-23 13:20,10955.35,0.000
2023-06-23 13:30,10955.35,0.000
2023-06-23 13:40,10955.35,0.000
2023-06-23 13:50,10955.35,0.000
2023-06-23 14:00,10955.35,0.000
2023-06-23 14:10,10955.35,0.000
2023-06-23 14:20,10955.35,0.000
2023-06-23 14:30,10955.35,0.000
2023-06-23 14:40,10955.35,0.000
2023-06-23 14:50,10955.35,0.000
2023-06-23 15:00,10955.35,0.000
2023-06-23 15:10,10955.35,0.000
2023-06-23 15:20,10955.35,0.000
2023-06-23 15:30,10955.35,0.000
2023-06-23 15:40,10955.35,0.000
2023-06-23 15:50,10955.35,0.000
2023-06-23 16:00,10955.35,0.000
2023-06-23 16:10,10955.35,0.000
2023-06-23 16:20,10955.35,0.000
2023-06-23 16:30,10955.35,0.000
2023-06-23 16:40,10955.35,0.000
2023-06-23 16:50,10955.35,0.000
2023-06-23 17:00,10955.35,0.000
2023-06-23 17:10,10955.35,0.000
2023-06-23 17:20,10955.35,0.000
2023-06-23 17:30,10955.35,0.000
2023-06-23 17:40,10955.35,0.000
2023-06-23 17:50,10955.35,0.000
2023-06-23 18:00,10955.35,0.000
2023-06-23 18:10,10955.35,0.000
2023-06-23 18:20,10955.35,0.000
2023-06-23 18:30,10955.35,0.000
2023-06-23 18:40,10955.35,0.000
2023-06-23 18:50,10955.35,0.000
2023-06-23 19:00,10955.35,0.000
2023-06-23 19:10,10955.35,0.000
2023-06-23 19:20,10955.35,0.000
2023-06-23 19:30,10955.35,0.000
2023-06-23 19:40,10955.35,0.000
2023-06-23 19:50,10955.35,0.000
2023-06-23 20:00,10955.35,0.000
2023-06-23 20:10,10955.35,0.000
2023-06-23 20:20,10955.35,0.000
2023-06-23 20:30,10955.35,0.000
2023-06-23 20:40,10955.35,0.000
2023-06-23 20:50,10955.35,0.000
2023-06-23 21:00,10955.35,0.000
2023-06-23 21:10,10955.35,0.000
2023-06-23 21:20,10955.35,0.000
2023-06-23 21:30,10955.35,0.000
2023-06-23 21:40,10955.35,0.000
2023-06-23 21:50,10955.35,0.000
2023-06-23 22:00,10955.35,0.000
2023-06-23 22:10,10955.35,0.000
2023-06-23 22:20,10955.35,0.000
2023-06-23 22:30,10955.35,0.000
2023-06-23 22:40,10955.35,0.000
2023-06-23 22:50,10955.35,0.000
2023-06-23 23:00,10955.35,0.000
2023-06-23 23:10,10955.35,0.000
2023-06-23 23:20,10955.35,0.000
2023-06-23 23:30,10955.35,0.000
2023-06-23 23:40,10955.35,0.000
2023-06-23 23:50,10955.35,0.000
2023-06-24 00:00,10955.35,0.000
2023-06-24 00:10,10955.35,0.000
2023-06-24 00:20,10955.35,0.000
2023-06-24 00:30,10955.35,0.000
2023-06-24 00:40,10955.35,0.000
2023-06-24 00:50,10955.35,0.000
2023-06-24 01:00,10955.35,0.133
2023-06-24 01:10,10955.35,0.000
2023-06-24 01:20,10955.35,0.000
2023-06-24 01:30,10955.35,0.000
2023-06-24 01:40,10955.35,0.000
2023-06-24 01:50,10955.35,0.000
2023-06-24 02:00,10955.35,0.000
2023-06-24 02:10,10955.35,0.000
2023-06-24 02:20,10955.35,0.000
2023-06-24 02:30,10955.35,0.000
2023-06-24 02:40,10955.35,0.933
2023-06-24 02:50,10955.35,1.000
2023-06-24 03:00,10955.35,1.000
2023-06-24 03:10,10955.35,1.000
2023-06-24 03:20,10955.35,0.650
2023-06-24 03:30,10955.35,0.000
2023-06-24 03:40,10955.35,0.000
2023-06-24 03:50,10955.35,0.000
2023-06-24 04:00,10955.35,0.000
2023-06-24 04:10,10955.35,0.000
2023-06-24 04:20,10955.35,0.000
2023-06-24 04:30,10955.35,0.000
2023-06-24 04:40,10955.35,0.000
2023-06-24 04:50,10955.35,0.000
2023-06-24 05:00,10955.35,0.000
2023-06-24 05:10,10955.35,0.000
2023-06-24 05:20,10955.35,0.000
2023-06-24 05:30,10955.35,0.000
2023-06-24 05:40,10955.35,0.000
2023-06-24 05:50,10955.35,0.217
2023-06-24 06:00,10955.35,0.000
2023-06-24 06:10,10955.35,0.000
2023-06-24 06:20,10955.35,0.000
2023-06-24 06:30,10955.35,0.000
2023-06-24 06:40,10955.35,0.000
2023-06-24 06:50,10955.35,0.000
2023-06-24 07:00,10955.35,0.000
2023-06-24 07:10,10955.35,0.000
2023-06-24 07:20,10955.35,0.000
2023-06-24 07:30,10955.35,0.000
2023-06-24 07:40,10955.35,0.000
2023-06-24 07:50,10955.35,0.000
2023-06-24 08:00,10955.35,0.000
2023-06-24 08:10,10955.35,0.000
2023-06-24 08:20,10955.35,0.000
2023-06-24 08:30,10955.35,0.000
2023-06-24 08:40,10955.35,0.000
2023-06-24 08:50,10955.35,0.000
2023-06-24 09:00,10955.35,0.000
2023-06-24 09:10,10955.35,0.000
2023-06-24 09:20,10955.35,0.000
2023-06-24 09:30,10955.35,0.000
2023-06-24 09:40,10955.35,0.000
2023-06-24 09:50,10955.35,0.000
2023-06-24 10:00,10955.35,0.000
2023-06-24 10:10,10955.35,0.000
2023-06-24 10:20,10955.35,0.000
2023-06-24 10:30,10955.35,0.000
2023-06-24 10:40,10955.35,0.000
2023-06-24 10:50,10955.35,0.000
2023-06-24 11:00,10955.35,0.000
2023-06-24 11:10,10955.35,0.000
2023-06-24 11:20,10955.35,0.000
2023-06-24 11:30,10955.35,0.000
2023-06-24 11:40,10955.35,0.000
2023-06-24 11:50,10955.35,0.000
2023-06-24 12:00,10955.35,0.000
2023-06-24 12:10,10955.35,0.000
2023-06-24 12:20,10955.35,0.000
2023-06-24 12:30,10955.35,0.000
2023-06-24 12:40,10955.35,0.000
2023-06-24 12:50,10955.35,0.000
2023-06-24 13:00,10955.35,0.000
2023-06-24 13:10,10955.35,0.000
2023-06-24 13:20,10955.35,0.000
2023-06-24 13:30,10955.35,0.000
2023-06-24 13:40,10955.35,0.000
2023-06-24 13:50,10955.35,0.000
2023-06-24 14:00,10955.35,0.000
2023-06-24 14:10,10955.35,0.000
2023-06-24 14:20,10955.35,0.000
2023-06-24 14:30,10955.35,0.000
2023-06-24 14:40,10955.35,0.000
2023-06-24 14:50,10955.35,0.000
2023-06-24 15:00,10955.35,0.000
2023-06-24 15:10,10955.35,0.000
2023-06-24 15:20,10955.35,0.000
2023-06-24 15:30,10955.35,0.000
2023-06-24 15:40,10955.35,0.000
2023-06-24 15:50,10955.35,0.000
2023-06-24 16:00,10955.35,0.000
2023-06-24 16:10,10955.35,0.000
2023-06-24 16:20,10955.35,0.000
2023-06-24 16:30,10955.35,0.000
2023-06-24 16:40,10955.35,0.000
2023-06-24 16:50,10955.35,0.000
2023-06-24 17:00,10955.35,0.000
2023-06-24 17:10,10955.35,0.000
2023-06-24 17:20,10955.35,0.000
2023-06-24 17:30,10955.35,0.000
2023-06-24 17:40,10955.35,0.000
2023-06-24 17:50,10955.35,0.000
2023-06-24 18:00,10955.35,0.000
2023-06-24 18:10,10955.35,0.000
2023-06-24 18:20,10955.35,0.000
2023-06-24 18:30,10955.35,0.000
2023-06-24 18:40,10955.35,0.000
2023-06-24 18:50,10955.35,0.000
2023-06-24 19:00,10955.35,0.000
2023-06-24 19:10,10955.35,0.000
2023-06-24 19:20,10955.35,0.000
2023-06-24 19:30,10955.35,0.000
2023-06-24 19:40,10955.35,0.000
2023-06-24 19:50,10955.35,0.000
2023-06-24 20:00,10955.35,0.000
2023-06-24 20:10,10955.35,0.000
2023-06-24 20:20,10955.35,0.000
2023-06-24 20:30,10955.35,0.000
2023-06-24 20:40,10955.35,0.000
2023-06-24 20:50,10955.35,0.000
2023-06-24 21:00,10955.35,0.000
2023-06-24 21:10,10955.35,0.000
2023-06-24 21:20,10955.35,0.000
2023-06-24 21:30,10955.35,0.000
2023-06-24 21:40,10955.35,0.000
2023-06-24 21:50,10955.35,0.000
2023-06-24 22:00,10955.35,0.000
2023-06-24 22:10,10955.35,0.000
2023-06-24 22:20,10955.35,0.000
2023-06-24 22:30,10955.35,0.000
2023-06-24 22:40,10955.35,0.000
2023-06-24 22:50,10955.35,0.000
2023-06-24 23:00,10955.35,0.000
2023-06-24 23:10,10955.35,0.000
2023-06-24 23:20,10955.35,0.000
2023-06-24 23:30,10955.35,0.000
2023-06-24 23:40,10955.35,0.000
2023-06-24 23:50,10955.35,0.000
2023-06-25 00:00,10955.35,0.000
2023-06-25 00:10,10955.35,0.000
2023-06-25 00:20,10955.35,0.000
2023-06-25 00:30,10955.35,0.000
2023-06-25 00:40,10955.35,0.000
2023-06-25 00:50,10955.35,0.000
2023-06-25 01:00,10955.35,0.000
2023-06-25 01:10,10955.35,0.000
2023-06-25 01:20,10955.35,0.000
2023-06-25 01:30,10955.35,0.000
2023-06-25 01:40,10955.35,0.000
2023-06-25 01:50,10955.35,0.000
2023-06-25 02:00,10955.35,0.000
2023-06-25 02:10,10955.35,0.000
2023-06-25 02:20,10955.35,0.000
2023-06-25 02:30,10955.35,0.000
2023-06-25 02:40,10955.35,0.000
2023-06-25 02:50,10955.35,0.000
2023-06-25 03:00,10955.35,0.000
2023-06-25 03:10,10955.35,0.000
2023-06-25 03:20,10955.35,0.000
2023-06-25 03:30,10955.35,0.000
2023-06-25 03:40,10955.35,0.000
2023-06-25 03:50,10955.35,0.000
2023-06-25 04:00,10955.35,0.000
2023-06-25 04:10,10955.35,0.000
2023-06-25 04:20,10955.35,0.000
2023-06-25 04:30,10955.35,0.000
2023-06-25 04:40,10955.35,0.000
2023-06-25 04:50,10955.35,0.000
2023-06-25 05:00,10955.35,0.000
2023-06-25 05:10,10955.35,0.000
2023-06-25 05:20,10955.35,0.000
2023-06-25 05:30,10955.35,0.000
2023-06-25 05:40,10955.35,0.000
2023-06-25 05:50,10955.35,0.000
2023-06-25 06:00,10955.35,0.000
2023-06-25 06:10,10955.35,0.000
2023-06-25 06:20,10955.35,0.000
2023-06-25 06:30,10955.35,0.000
2023-06-25 06:40,10955.35,0.000
2023-06-25 06:50,10955.35,0.000
2023-06-25 07:00,10955.35,0.000
2023-06-25 07:10,10955.35,0.000
2023-06-25 07:20,10955.35,0.000
2023-06-25 07:30,10955.35,0.000
2023-06-25 07:40,10955.35,0.000
2023-06-25 07:50,10955.35,0.000
2023-06-25 08:00,10955.35,0.000
2023-06-25 08:10,10955.35,0.000
2023-06-25 08:20,10955.35,0.000
2023-06-25 08:30,10955.35,0.000
2023-06-25 08:40,10955.35,0.000
2023-06-25 08:50,10955.35,0.000
2023-06-25 09:00,10955.35,0.000
2023-06-25 09:10,10955.35,0.000
2023-06-25 09:20,10955.35,0.000
2023-06-25 09:30,10955.35,0.000
2023-06-25 09:40,10955.35,0.000
2023-06-25 09:50,10955.35,0.000
2023-06-25 10:00,10955.35,0.000
2023-06-25 10:10,10955.35,0.000
2023-06-25 10:20,10955.35,0.000
2023-06-25 10:30,10955.35,0.000
2023-06-25 10:40,10955.35,0.000
2023-06-25 10:50,10955.35,0.000
2023-06-25 11:00,10955.35,0.000
2023-06-25 11:10,10955.35,0.000
2023-06-25 11:20,10955.35,0.000
2023-06-25 11:30,10955.35,0.000
2023-06-25 11:40,10955.35,0.000
2023-06-25 11:50,10955.35,0.000
2023-06-25 12:00,10955.35,0.000
2023-06-25 12:10,10955.35,0.000
2023-06-25 12:20,10955.35,0.000
2023-06-25 12:30,10955.35,0.000
2023-06-25 12:40,10955.35,0.000
2023-06-25 12:50,10955.35,0.000
2023-06-25 13:00,10955.35,0.000
2023-06-25 13:10,10955.35,0.000
2023-06-25 13:20,10955.35,0.000
2023-06-25 13:30,10955.35,0.000
2023-06-25 13:40,10955.35,0.000
2023-06-25 13:50,10955.35,0.000
2023-06-25 14:00,10955.35,0.000
2023-06-25 14:10,10955.35,0.000
2023-06-25 14:20,10955.35,0.000
2023-06-25 14:30,10955.35,0.000
2023-06-25 14:40,10955.35,0.000
2023-06-25 14:50,10955.35,0.000
2023-06-25 15:00,10955.35,0.000
2023-06-25 15:10,10955.35,0.000
2023-06-25 15:20,10955.35,0.000
2023-06-25 15:30,10955.35,0.000
2023-06-25 15:40,10955.35,0.000
2023-06-25 15:50,10955.35,0.000
2023-06-25 16:00,10955.35,0.000
2023-06-25 16:10,10955.35,0.000
2023-06-25 16:20,10955.35,0.000
2023-06-25 16:30,10955.35,0.000
2023-06-25 16:40,10955.35,0.550
2023-06-25 16:50,10955.35,0.000
2023-06-25 17:00,10955.35,0.000
2023-06-25 17:10,10955.35,0.000
2023-06-25 17:20,10955.35,0.000
2023-06-25 17:30,10955.35,0.000
2023-06-25 17:40,10955.35,0.000
2023-06-25 17:50,10955.35,0.167
2023-06-25 18:00,10955.35,0.900
2023-06-25 18:10,10955.35,1.000
2023-06-25 18:20,10955.35,1.000
2023-06-25 18:30,10955.35,1.000
2023-06-25 18:40,10955.35,1.000
2023-06-25 18:50,10955.35,1.000
2023-06-25 19:00,10955.35,1.000
2023-06-25 19:10,10955.35,1.000
2023-06-25 19:20,10955.35,1.000
2023-06-25 19:30,10955.35,1.000
2023-06-25 19:40,10955.35,1.000
2023-06-25 19:50,10955.35,1.000
2023-06-25 20:00,10955.35,1.000
2023-06-25 20:10,10955.35,1.000
2023-06-25 20:20,10955.35,1.000
2023-06-25 20:30,10955.35,1.000
2023-06-25 20:40,10955.35,1.000
2023-06-25 20:50,10955.35,1.000
2023-06-25 21:00,10955.35,1.000
2023-06-25 21:10,10955.35,1.000
2023-06-25 21:20,10955.35,1.000
2023-06-25 21:30,10955.35,1.000
2023-06-25 21:40,10955.35,1.000
2023-06-25 21:50,10955.35,1.000
2023-06-25 22:00,10955.35,1.000
2023-06-25 22:10,10955.35,1.000
2023-06-25 22:20,10955.35,1.000
2023-06-25 22:30,10955.35,1.000
2023-06-25 22:40,10955.35,1.000
2023-06-25 22:50,10955.35,1.000
2023-06-25 23:00,10955.35,1.000
2023-06-25 23:10,10955.35,1.000
2023-06-25 23:20,10955.35,1.000
2023-06-25 23:30,10955.35,1.000
2023-06-25 23:40,10955.35,1.000
2023-06-25 23:50,10955.35,1.000
2023-06-26 00:00,10955.35,1.000
2023-06-26 00:40,10955.35,0.000
2023-06-26 00:50,10955.35,0.000
2023-06-26 01:00,10955.35,0.800
2023-06-26 01:10,10955.35,1.000
2023-06-26 01:20,10955.35,1.000
2023-06-26 01:30,10955.35,1.000
2023-06-26 01:40,10955.35,1.000
2023-06-26 01:50,10955.35,1.000
2023-06-26 02:00,10955.35,1.000
2023-06-26 02:10,10955.35,1.000
2023-06-26 02:20,10955.35,1.000
2023-06-26 02:30,10955.35,1.000
2023-06-26 02:40,10955.35,1.000
2023-06-26 02:50,10955.35,1.000
2023-06-26 03:00,10955.35,1.000
2023-06-26 03:10,10955.35,1.000
2023-06-26 03:20,10955.35,1.000
2023-06-26 03:30,10955.35,1.000
2023-06-26 03:40,10955.35,1.000
2023-06-26 03:50,10955.35,1.000
2023-06-26 04:00,10955.35,1.000
2023-06-26 04:10,10955.35,1.000
2023-06-26 04:20,10955.35,1.000
2023-06-26 04:30,10955.35,1.000
2023-06-26 04:40,10955.35,1.000
2023-06-26 04:50,10955.35,1.000
2023-06-26 05:00,10955.35,1.000
2023-06-26 05:10,10955.35,1.000
2023-06-26 05:20,10955.35,1.000
2023-06-26 05:30,10955.35,1.000
2023-06-26 05:40,10955.35,1.000
2023-06-26 05:50,10955.35,1.000
2023-06-26 06:00,10955.35,1.000
2023-06-26 06:10,10955.35,0.233
2023-06-26 06:20,10955.35,0.417
2023-06-26 06:30,10955.35,0.400
2023-06-26 06:40,10955.35,1.000
2023-06-26 06:50,10955.35,1.000
2023-06-26 07:00,10955.35,1.000
2023-06-26 07:10,10955.35,1.000
2023-06-26 07:20,10955.35,1.000
2023-06-26 07:30,10955.35,1.000
2023-06-26 07:40,10955.35,1.000
2023-06-26 07:50,10955.35,1.000
2023-06-26 08:00,10955.35,1.000
2023-06-26 08:10,10955.35,1.000
2023-06-26 08:20,10955.35,0.583
2023-06-26 08:30,10955.35,0.000
2023-06-26 08:40,10955.35,0.000
2023-06-26 08:50,10955.35,0.000
2023-06-26 09:00,10955.35,0.000
2023-06-26 09:10,10955.35,0.000
2023-06-26 09:20,10955.35,0.000
2023-06-26 09:30,10955.35,0.850
2023-06-26 09:40,10955.35,1.000
2023-06-26 09:50,10955.35,1.000
2023-06-26 10:00,10955.35,1.000
2023-06-26 10:10,10955.35,1.000
2023-06-26 10:20,10955.35,0.950
2023-06-26 10:30,10955.35,0.000
2023-06-26 10:40,10955.35,0.000
2023-06-26 10:50,10955.35,0.000
2023-06-26 11:00,10955.35,0.000
2023-06-26 11:10,10955.35,0.000
2023-06-26 11:20,10955.35,0.000
2023-06-26 11:30,10955.35,0.000
2023-06-26 11:40,10955.35,0.000
2023-06-26 11:50,10955.35,0.000
2023-06-26 12:00,10955.35,0.950
2023-06-26 12:10,10955.35,1.000
2023-06-26 12:20,10955.35,1.000
2023-06-26 12:30,10955.35,1.000
2023-06-26 12:40,10955.35,1.000
2023-06-26 12:50,10955.35,1.000
2023-06-26 13:00,10955.35,1.000
2023-06-26 13:10,10955.35,1.000
2023-06-26 13:20,10955.35,1.000
2023-06-26 13:30,10955.35,1.000
2023-06-26 13:40,10955.35,1.000
2023-06-26 13:50,10955.35,1.000
2023-06-26 14:00,10955.35,1.000
2023-06-26 14:10,10955.35,1.000
2023-06-26 14:20,10955.35,1.000
2023-06-26 14:30,10955.35,1.000
2023-06-26 14:40,10955.35,1.000
2023-06-26 14:50,10955.35,1.000
2023-06-26 15:00,10955.35,1.000
2023-06-26 15:10,10955.35,1.000
2023-06-26 15:20,10955.35,1.000
2023-06-26 15:30,10955.35,1.000
2023-06-26 15:40,10955.35,1.000
2023-06-26 15:50,10955.35,1.000
2023-06-26 16:00,10955.35,1.000
2023-06-26 16:10,10955.35,1.000
2023-06-26 16:20,10955.35,1.000
2023-06-26 16:30,10955.35,1.000
2023-06-26 16:40,10955.35,1.000
2023-06-26 16:50,10955.35,1.000
2023-06-26 17:00,10955.35,1.000
2023-06-26 17:10,10955.35,1.000
2023-06-26 17:20,10955.35,1.000
2023-06-26 17:30,10955.35,1.000
2023-06-26 17:40,10955.35,1.000
2023-06-26 17:50,10955.35,1.000
2023-06-26 18:00,10955.35,1.000
2023-06-26 18:10,10955.35,1.000
2023-06-26 18:20,10955.35,1.000
2023-06-26 18:30,10955.35,1.000
2023-06-26 18:40,10955.35,1.000
2023-06-26 18:50,10955.35,1.000
2023-06-26 19:00,10955.35,1.000
2023-06-26 19:10,10955.35,1.000
2023-06-26 19:20,10955.35,1.000
2023-06-26 19:30,10955.35,1.000
2023-06-26 19:40,10955.35,1.000
2023-06-26 19:50,10955.35,1.000
2023-06-26 20:00,10955.35,1.000
2023-06-26 20:10,10955.35,1.000
2023-06-26 20:20,10955.35,1.000
2023-06-26 20:30,10955.35,1.000
2023-06-26 20:40,10955.35,1.000
2023-06-26 20:50,10955.35,1.000
2023-06-26 21:00,10955.35,1.000
2023-06-26 21:10,10955.35,1.000
2023-06-26 21:20,10955.35,1.000
2023-06-26 21:30,10955.35,1.000
2023-06-26 21:40,10955.35,1.000
2023-06-26 21:50,10955.35,1.000
2023-06-26 22:00,10955.35,1.000
2023-06-26 22:10,10955.35,1.000
2023-06-26 22:20,10955.35,1.000
2023-06-26 22:30,10955.35,1.000
2023-06-26 22:40,10955.35,1.000
2023-06-26 22:50,10955.35,1.000
2023-06-26 23:00,10955.35,1.000
2023-06-26 23:10,10955.35,1.000
2023-06-26 23:20,10955.35,1.000
2023-06-26 23:30,10955.35,1.000
2023-06-26 23:40,10955.35,1.000
2023-06-26 23:50,10955.35,1.000
2023-06-27 00:00,10955.35,1.000
2023-06-27 00:10,10955.35,1.000
2023-06-27 00:20,10955.35,1.000
2023-06-27 00:30,10955.35,1.000
2023-06-27 00:40,10955.35,1.000
2023-06-27 00:50,10955.35,1.000
2023-06-27 01:00,10955.35,1.000
2023-06-27 01:10,10955.35,1.000
2023-06-27 01:20,10955.35,1.000
2023-06-27 01:30,10955.35,1.000
2023-06-27 01:40,10955.35,1.000
2023-06-27 01:50,10955.35,1.000
2023-06-27 02:00,10955.35,1.000
2023-06-27 02:10,10955.35,1.000
2023-06-27 02:20,10955.35,1.000
2023-06-27 02:30,10955.35,1.000
2023-06-27 02:40,10955.35,1.000
2023-06-27 02:50,10955.35,1.000
2023-06-27 03:00,10955.35,1.000
2023-06-27 03:10,10955.35,1.000
2023-06-27 03:20,10955.35,1.000
2023-06-27 03:30,10955.35,1.000
2023-06-27 03:40,10955.35,1.000
2023-06-27 03:50,10955.35,1.000
2023-06-27 04:00,10955.35,1.000
2023-06-27 04:10,10955.35,1.000
2023-06-27 04:20,10955.35,1.000
2023-06-27 04:30,10955.35,1.000
2023-06-27 04:40,10955.35,1.000
2023-06-27 04:50,10955.35,1.000
2023-06-27 05:00,10955.35,1.000
2023-06-27 05:10,10955.35,1.000
2023-06-27 05:20,10955.35,1.000
2023-06-27 05:30,10955.35,1.000
2023-06-27 05:40,10955.35,1.000
2023-06-27 05:50,10955.35,0.917
2023-06-27 06:00,10955.35,0.000
2023-06-27 06:10,10955.35,0.000
2023-06-27 06:20,10955.35,0.000
2023-06-27 06:30,10955.35,0.000
2023-06-27 06:40,10955.35,0.000
2023-06-27 06:50,10955.35,0.000
2023-06-27 07:00,10955.35,0.350
2023-06-27 07:10,10955.35,1.000
2023-06-27 07:20,10955.35,1.000
2023-06-27 07:30,10955.35,1.000
2023-06-27 07:40,10955.35,1.000
2023-06-27 07:50,10955.35,1.000
2023-06-27 08:00,10955.35,1.000
2023-06-27 08:10,10955.35,1.000
2023-06-27 08:20,10955.35,1.000
2023-06-27 08:30,10955.35,1.000
2023-06-27 08:40,10955.35,1.000
2023-06-27 08:50,10955.35,1.000
2023-06-27 09:00,10955.35,1.000
2023-06-27 09:10,10955.35,1.000
2023-06-27 09:20,10955.35,1.000
2023-06-27 09:30,10955.35,1.000
2023-06-27 09:40,10955.35,0.400
2023-06-27 09:50,10955.35,0.000
2023-06-27 10:00,10955.35,0.000
2023-06-27 10:10,10955.35,0.000
2023-06-27 10:20,10955.35,0.000
2023-06-27 10:30,10955.35,0.000
2023-06-27 10:40,10955.35,0.000
2023-06-27 10:50,10955.35,0.000
2023-06-27 11:00,10955.35,0.000
2023-06-27 11:10,10955.35,0.000
2023-06-27 11:20,10955.35,0.000
2023-06-27 11:30,10955.35,0.000
2023-06-27 11:40,10955.35,0.000
2023-06-27 11:50,10955.35,0.000
2023-06-27 12:00,10955.35,0.000
2023-06-27 12:10,10955.35,0.000
2023-06-27 12:20,10955.35,0.000
2023-06-27 12:30,10955.35,0.000
2023-06-27 12:40,10955.35,0.000
2023-06-27 12:50,10955.35,0.000
2023-06-27 13:00,10955.35,0.000
2023-06-27 13:10,10955.35,0.000
2023-06-27 13:20,10955.35,0.000
2023-06-27 13:30,10955.35,0.000
2023-06-27 13:40,10955.35,0.000
2023-06-27 13:50,10955.35,0.000
2023-06-27 14:00,10955.35,0.000
2023-06-27 14:10,10955.35,0.000
2023-06-27 14:20,10955.35,0.000
2023-06-27 14:30,10955.35,0.000
2023-06-27 14:40,10955.35,0.000
2023-06-27 14:50,10955.35,0.000
2023-06-27 15:00,10955.35,0.000
2023-06-27 15:10,10955.35,0.000
2023-06-27 15:20,10955.35,0.000
2023-06-27 15:30,10955.35,0.000
2023-06-27 15:40,10955.35,0.000
2023-06-27 15:50,10955.35,0.000
2023-06-27 16:00,10955.35,0.000
2023-06-27 16:10,10955.35,0.000
2023-06-27 16:20,10955.35,0.000
2023-06-27 16:30,10955.35,0.000
2023-06-27 16:40,10955.35,0.000
2023-06-27 16:50,10955.35,0.000
2023-06-27 17:00,10955.35,0.000
2023-06-27 17:10,10955.35,0.000
2023-06-27 17:20,10955.35,0.000
2023-06-27 17:30,10955.35,0.000
2023-06-27 17:40,10955.35,0.000
2023-06-27 17:50,10955.35,0.000
2023-06-27 18:00,10955.35,0.000
2023-06-27 18:10,10955.35,0.000
2023-06-27 18:20,10955.35,0.000
2023-06-27 18:30,10955.35,0.000
2023-06-27 18:40,10955.35,0.000
2023-06-27 18:50,10955.35,0.000
2023-06-27 19:00,10955.35,0.000
2023-06-27 19:10,10955.35,0.500
2023-06-27 19:20,10955.35,0.500
2023-06-27 19:30,10955.35,0.000
2023-06-27 19:40,10955.35,0.000
2023-06-27 19:50,10955.35,0.000
2023-06-27 20:00,10955.35,0.000
2023-06-27 20:10,10955.35,0.000
2023-06-27 20:20,10955.35,0.000
2023-06-27 20:30,10955.35,0.000
2023-06-27 20:40,10955.35,0.000
2023-06-27 20:50,10955.35,0.700
2023-06-27 21:00,10955.35,1.000
2023-06-27 21:10,10955.35,1.000
2023-06-27 21:20,10955.35,0.633
2023-06-27 21:30,10955.35,0.000
2023-06-27 21:40,10955.35,0.000
2023-06-27 21:50,10955.35,0.000
2023-06-27 22:00,10955.35,0.000
2023-06-27 22:10,10955.35,0.000
2023-06-27 22:20,10955.35,0.000
2023-06-27 22:30,10955.35,0.000
2023-06-27 22:40,10955.35,0.000
2023-06-27 22:50,10955.35,0.350
2023-06-27 23:00,10955.35,0.000
2023-06-27 23:10,10955.35,0.000
2023-06-27 23:20,10955.35,0.000
2023-06-27 23:30,10955.35,0.000
2023-06-27 23:40,10955.35,0.000
2023-06-27 23:50,10955.35,0.000
2023-06-28 00:00,10955.35,0.000
2023-06-28 00:10,10955.35,0.000
2023-06-28 00:20,10955.35,0.000
2023-06-28 00:30,10955.35,0.000
2023-06-28 00:40,10955.35,0.000
2023-06-28 00:50,10955.35,0.000
2023-06-28 01:00,10955.35,0.000
2023-06-28 01:10,10955.35,0.000
2023-06-28 01:20,10955.35,0.000
2023-06-28 01:30,10955.35,0.000
2023-06-28 01:40,10955.35,0.000
2023-06-28 01:50,10955.35,0.000
2023-06-28 02:00,10955.35,0.000
2023-06-28 02:10,10955.35,0.000
2023-06-28 02:20,10955.35,0.000
2023-06-28 02:30,10955.35,0.000
2023-06-28 02:40,10955.35,0.000
2023-06-28 02:50,10955.35,0.000
2023-06-28 03:00,10955.35,0.000
2023-06-28 03:10,10955.35,0.267
2023-06-28 03:20,10955.35,0.000
2023-06-28 03:30,10955.35,0.000
2023-06-28 03:40,10955.35,0.000
2023-06-28 03:50,10955.35,0.000
2023-06-28 04:00,10955.35,0.000
2023-06-28 04:10,10955.35,0.000
2023-06-28 04:20,10955.35,0.000
2023-06-28 04:30,10955.35,0.000
2023-06-28 04:40,10955.35,0.000
2023-06-28 04:50,10955.35,0.000
2023-06-28 05:00,10955.35,0.000
2023-06-28 05:10,10955.35,0.000
2023-06-28 05:20,10955.35,0.000
2023-06-28 05:30,10955.35,0.000
2023-06-28 05:40,10955.35,0.000
2023-06-28 05:50,10955.35,0.000
2023-06-28 06:00,10955.35,0.000
2023-06-28 06:10,10955.35,0.000
2023-06-28 06:20,10955.35,0.000
2023-06-28 06:30,10955.35,0.000
2023-06-28 06:40,10955.35,0.000
2023-06-28 06:50,10955.35,0.000
2023-06-28 07:00,10955.35,0.000
2023-06-28 07:10,10955.35,0.000
2023-06-28 07:20,10955.35,0.000
2023-06-28 07:30,10955.35,0.000
2023-06-28 07:40,10955.35,0.000
2023-06-28 07:50,10955.35,0.000
2023-06-28 08:00,10955.35,0.000
2023-06-28 08:10,10955.35,0.000
2023-06-28 08:20,10955.35,0.000
2023-06-28 08:30,10955.35,0.000
2023-06-28 08:40,10955.35,0.000
2023-06-28 08:50,10955.35,0.000
2023-06-28 09:00,10955.35,0.000
2023-06-28 09:10,10955.35,0.000
2023-06-28 09:20,10955.35,0.000
2023-06-28 09:30,10955.35,0.000
2023-06-28 09:40,10955.35,0.000
2023-06-28 09:50,10955.35,0.000
2023-06-28 10:00,10955.35,0.000
2023-06-28 10:10,10955.35,0.000
2023-06-28 10:20,10955.35,0.000
2023-06-28 10:30,10955.35,0.000
2023-06-28 10:40,10955.35,0.000
2023-06-28 10:50,10955.35,0.000
2023-06-28 11:00,10955.35,0.000
2023-06-28 11:10,10955.35,0.000
2023-06-28 11:20,10955.35,0.000
2023-06-28 11:30,10955.35,0.000
2023-06-28 11:40,10955.35,0.000
2023-06-28 11:50,10955.35,0.000
2023-06-28 12:00,10955.35,0.000
2023-06-28 12:10,10955.35,0.000
2023-06-28 12:20,10955.35,0.000
2023-06-28 12:30,10955.35,0.000
2023-06-28 12:40,10955.35,0.000
2023-06-28 12:50,10955.35,0.000
2023-06-28 13:00,10955.35,0.000
2023-06-28 13:10,10955.35,0.000
2023-06-28 13:20,10955.35,0.000
2023-06-28 13:30,10955.35,0.000
2023-06-28 13:40,10955.35,0.000
2023-06-28 13:50,10955.35,0.000
2023-06-28 14:00,10955.35,0.000
2023-06-28 14:10,10955.35,0.000
2023-06-28 14:20,10955.35,0.000
2023-06-28 14:30,10955.35,0.000
2023-06-28 14:40,10955.35,0.000
2023-06-28 14:50,10955.35,0.000
2023-06-28 15:00,10955.35,0.000
2023-06-28 15:10,10955.35,0.000
2023-06-28 15:20,10955.35,0.000
2023-06-28 15:30,10955.35,0.000
2023-06-28 15:40,10955.35,0.000
2023-06-28 15:50,10955.35,0.000
2023-06-28 16:00,10955.35,0.000
2023-06-28 16:10,10955.35,0.000
2023-06-28 16:20,10955.35,0.000
2023-06-28 16:30,10955.35,0.000
2023-06-28 16:40,10955.35,0.000
2023-06-28 16:50,10955.35,0.000
2023-06-28 17:00,10955.35,0.000
2023-06-28 17:10,10955.35,0.000
2023-06-28 17:20,10955.35,0.000
2023-06-28 17:30,10955.35,0.000
2023-06-28 17:40,10955.35,0.000
2023-06-28 17:50,10955.35,0.000
2023-06-28 18:00,10955.35,0.000
2023-06-28 18:10,10955.35,0.067
2023-06-28 18:20,10955.35,0.000
2023-06-28 18:30,10955.35,0.000
2023-06-28 18:40,10955.35,0.000
2023-06-28 18:50,10955.35,0.000
2023-06-28 19:00,10955.35,0.000
2023-06-28 19:10,10955.35,0.000
2023-06-28 19:20,10955.35,0.000
2023-06-28 19:30,10955.35,0.000
2023-06-28 19:40,10955.35,0.000
2023-06-28 19:50,10955.35,0.000
2023-06-28 20:00,10955.35,0.000
2023-06-28 20:10,10955.35,0.000
2023-06-28 20:20,10955.35,0.000
2023-06-28 20:30,10955.35,0.000
2023-06-28 20:40,10955.35,0.000
2023-06-28 20:50,10955.35,0.000
2023-06-28 21:00,10955.35,0.000
2023-06-28 21:10,10955.35,0.000
2023-06-28 21:20,10955.35,0.000
2023-06-28 21:30,10955.35,0.000
2023-06-28 21:40,10955.35,0.000
2023-06-28 21:50,10955.35,0.000
2023-06-28 22:00,10955.35,0.000
2023-06-28 22:10,10955.35,0.000
2023-06-28 22:20,10955.35,0.000
2023-06-28 22:30,10955.35,0.000
2023-06-28 22:40,10955.35,0.000
2023-06-28 22:50,10955.35,0.000
2023-06-28 23:00,10955.35,0.000
2023-06-28 23:10,10955.35,0.000
2023-06-28 23:20,10955.35,0.000
2023-06-28 23:30,10955.35,0.000
2023-06-28 23:40,10955.35,0.000
2023-06-28 23:50,10955.35,0.000
2023-06-29 00:00,10955.35,0.000
2023-06-29 00:10,10955.35,0.000
2023-06-29 00:20,10955.35,0.000
2023-06-29 00:30,10955.35,0.000
2023-06-29 00:40,10955.35,0.000
2023-06-29 00:50,10955.35,0.483
2023-06-29 01:00,10955.35,0.317
2023-06-29 01:10,10955.35,0.000
2023-06-29 01:20,10955.35,0.000
2023-06-29 01:30,10955.35,0.000
2023-06-29 01:40,10955.35,0.000
2023-06-29 01:50,10955.35,0.000
2023-06-29 02:00,10955.35,0.050
2023-06-29 02:10,10955.35,0.783
2023-06-29 02:20,10955.35,0.000
2023-06-29 02:30,10955.35,0.000
2023-06-29 02:40,10955.35,0.000
2023-06-29 02:50,10955.35,0.000
2023-06-29 03:00,10955.35,0.000
2023-06-29 03:10,10955.35,0.000
2023-06-29 03:20,10955.35,0.000
2023-06-29 03:30,10955.35,0.383
2023-06-29 03:40,10955.35,1.000
2023-06-29 03:50,10955.35,1.000
2023-06-29 04:00,10955.35,1.000
2023-06-29 04:10,10955.35,1.000
2023-06-29 04:20,10955.35,1.000
2023-06-29 04:30,10955.35,1.000
2023-06-29 04:40,10955.35,1.000
2023-06-29 04:50,10955.35,1.000
2023-06-29 05:00,10955.35,1.000
2023-06-29 05:10,10955.35,1.000
2023-06-29 05:20,10955.35,1.000
2023-06-29 05:30,10955.35,1.000
2023-06-29 05:40,10955.35,1.000
2023-06-29 05:50,10955.35,1.000
2023-06-29 06:00,10955.35,1.000
2023-06-29 06:10,10955.35,1.000
2023-06-29 06:20,10955.35,1.000
2023-06-29 06:30,10955.35,1.000
2023-06-29 06:40,10955.35,1.000
2023-06-29 06:50,10955.35,1.000
2023-06-29 07:00,10955.35,1.000
2023-06-29 07:10,10955.35,1.000
2023-06-29 07:20,10955.35,1.000
2023-06-29 07:30,10955.35,0.383
2023-06-29 07:40,10955.35,0.000
2023-06-29 07:50,10955.35,0.700
2023-06-29 08:00,10955.35,1.000
2023-06-29 08:10,10955.35,1.000
2023-06-29 08:20,10955.35,1.000
2023-06-29 08:30,10955.35,1.000
2023-06-29 08:40,10955.35,1.000
2023-06-29 08:50,10955.35,1.000
2023-06-29 09:00,10955.35,1.000
2023-06-29 09:10,10955.35,1.000
2023-06-29 09:20,10955.35,1.000
2023-06-29 09:30,10955.35,1.000
2023-06-29 09:40,10955.35,1.000
2023-06-29 09:50,10955.35,1.000
2023-06-29 10:00,10955.35,1.000
2023-06-29 10:10,10955.35,1.000
2023-06-29 10:20,10955.35,1.000
2023-06-29 10:30,10955.35,1.000
2023-06-29 10:40,10955.35,1.000
2023-06-29 10:50,10955.35,1.000
2023-06-29 11:00,10955.35,1.000
2023-06-29 11:10,10955.35,1.000
2023-06-29 11:20,10955.35,1.000
2023-06-29 11:30,10955.35,1.000
2023-06-29 11:40,10955.35,1.000
2023-06-29 11:50,10955.35,1.000
2023-06-29 12:00,10955.35,1.000
2023-06-29 12:10,10955.35,1.000
2023-06-29 12:20,10955.35,1.000
2023-06-29 12:30,10955.35,1.000
2023-06-29 12:40,10955.35,1.000
2023-06-29 12:50,10955.35,1.000
2023-06-29 13:00,10955.35,1.000
2023-06-29 13:10,10955.35,1.000
2023-06-29 13:20,10955.35,1.000
2023-06-29 13:30,10955.35,1.000
2023-06-29 13:40,10955.35,1.000
2023-06-29 13:50,10955.35,1.000
2023-06-29 14:00,10955.35,1.000
2023-06-29 14:10,10955.35,1.000
2023-06-29 14:20,10955.35,1.000
2023-06-29 14:30,10955.35,1.000
2023-06-29 14:40,10955.35,1.000
2023-06-29 14:50,10955.35,1.000
2023-06-29 15:00,10955.35,1.000
2023-06-29 15:10,10955.35,1.000
2023-06-29 15:20,10955.35,1.000
2023-06-29 15:30,10955.35,1.000
2023-06-29 15:40,10955.35,1.000
2023-06-29 15:50,10955.35,1.000
2023-06-29 16:00,10955.35,1.000
2023-06-29 16:10,10955.35,1.000
2023-06-29 16:20,10955.35,1.000
2023-06-29 16:30,10955.35,1.000
2023-06-29 16:40,10955.35,1.000
2023-06-29 16:50,10955.35,1.000
2023-06-29 17:00,10955.35,1.000
2023-06-29 17:10,10955.35,1.000
2023-06-29 17:20,10955.35,1.000
2023-06-29 17:30,10955.35,1.000
2023-06-29 17:40,10955.35,1.000
2023-06-29 17:50,10955.35,1.000
2023-06-29 18:00,10955.35,1.000
2023-06-29 18:10,10955.35,1.000
2023-06-29 18:20,10955.35,1.000
2023-06-29 18:30,10955.35,1.000
2023-06-29 18:40,10955.35,1.000
2023-06-29 18:50,10955.35,1.000
2023-06-29 19:00,10955.35,1.000
2023-06-29 19:10,10955.35,1.000
2023-06-29 19:20,10955.35,1.000
2023-06-29 19:30,10955.35,1.000
2023-06-29 19:40,10955.35,0.467
2023-06-29 19:50,10955.35,0.000
2023-06-29 20:00,10955.35,0.000
2023-06-29 20:10,10955.35,0.033
2023-06-29 20:20,10955.35,0.000
2023-06-29 20:30,10955.35,0.000
2023-06-29 20:40,10955.35,0.000
2023-06-29 20:50,10955.35,0.000
2023-06-29 21:00,10955.35,0.000
2023-06-29 21:10,10955.35,0.150
2023-06-29 21:20,10955.35,0.000
2023-06-29 21:30,10955.35,0.017
2023-06-29 21:40,10955.35,0.000
2023-06-29 21:50,10955.35,0.067
2023-06-29 22:00,10955.35,0.000
2023-06-29 22:10,10955.35,0.000
2023-06-29 22:20,10955.35,0.000
2023-06-29 22:30,10955.35,0.133
2023-06-29 22:40,10955.35,0.000
2023-06-29 22:50,10955.35,0.000
2023-06-29 23:00,10955.35,0.000
2023-06-29 23:10,10955.35,0.000
2023-06-29 23:20,10955.35,0.000
2023-06-29 23:30,10955.35,0.000
2023-06-29 23:40,10955.35,0.183
2023-06-29 23:50,10955.35,0.000
2023-06-30 00:00,10955.35,0.000
2023-06-30 00:10,10955.35,0.000
2023-06-30 00:20,10955.35,0.000
2023-06-30 00:30,10955.35,0.000
2023-06-30 00:40,10955.35,0.000
2023-06-30 00:50,10955.35,0.000
2023-06-30 01:00,10955.35,0.000
2023-06-30 01:10,10955.35,0.000
2023-06-30 01:20,10955.35,0.000
2023-06-30 01:30,10955.35,0.000
2023-06-30 01:40,10955.35,0.000
2023-06-30 01:50,10955.35,0.000
2023-06-30 02:00,10955.35,0.000
2023-06-30 02:10,10955.35,0.000
2023-06-30 02:20,10955.35,0.000
2023-06-30 02:30,10955.35,0.000
2023-06-30 02:40,10955.35,0.000
2023-06-30 02:50,10955.35,0.000
2023-06-30 03:00,10955.35,0.000
2023-06-30 03:10,10955.35,0.000
2023-06-30 03:20,10955.35,0.000
2023-06-30 03:30,10955.35,0.000
2023-06-30 03:40,10955.35,0.000
2023-06-30 03:50,10955.35,0.000
2023-06-30 04:00,10955.35,0.000
2023-06-30 04:10,10955.35,0.000
2023-06-30 04:20,10955.35,0.000
2023-06-30 04:30,10955.35,0.000
2023-06-30 04:40,10955.35,0.000
2023-06-30 04:50,10955.35,0.133
2023-06-30 05:00,10955.35,0.817
2023-06-30 05:10,10955.35,0.000
2023-06-30 05:20,10955.35,0.000
2023-06-30 05:30,10955.35,0.000
2023-06-30 05:40,10955.35,0.000
2023-06-30 05:50,10955.35,0.000
2023-06-30 06:00,10955.35,0.000
2023-06-30 06:10,10955.35,0.000
2023-06-30 06:20,10955.35,0.000
2023-06-30 06:30,10955.35,0.350
2023-06-30 06:40,10955.35,1.000
2023-06-30 06:50,10955.35,1.000
2023-06-30 07:00,10955.35,1.000
2023-06-30 07:10,10955.35,0.133
2023-06-30 07:20,10955.35,0.000
2023-06-30 07:30,10955.35,0.000
2023-06-30 07:40,10955.35,0.000
2023-06-30 07:50,10955.35,0.000
2023-06-30 08:00,10955.35,0.000
2023-06-30 08:10,10955.35,0.000
2023-06-30 08:20,10955.35,0.000
2023-06-30 08:30,10955.35,0.283
2023-06-30 08:40,10955.35,0.000
2023-06-30 08:50,10955.35,0.000
2023-06-30 09:00,10955.35,0.000
2023-06-30 09:10,10955.35,0.000
2023-06-30 09:20,10955.35,0.000
2023-06-30 09:30,10955.35,0.000
2023-06-30 09:40,10955.35,0.000
2023-06-30 09:50,10955.35,0.000
2023-06-30 10:00,10955.35,0.000
2023-06-30 10:10,10955.35,0.000
2023-06-30 10:20,10955.35,0.000
2023-06-30 10:30,10955.35,0.000
2023-06-30 10:40,10955.35,0.000
2023-06-30 10:50,10955.35,0.000
2023-06-30 11:00,10955.35,0.000
2023-06-30 11:10,10955.35,0.000
2023-06-30 11:20,10955.35,0.000
2023-06-30 11:30,10955.35,0.000
2023-06-30 11:40,10955.35,0.000
2023-06-30 11:50,10955.35,0.000
2023-06-30 12:00,10955.35,0.000
2023-06-30 12:10,10955.35,0.000
2023-06-30 12:20,10955.35,0.000
2023-06-30 12:30,10955.35,0.000
2023-06-30 12:40,10955.35,0.000
2023-06-30 12:50,10955.35,0.000
2023-06-30 13:00,10955.35,0.000
2023-06-30 13:10,10955.35,0.000
2023-06-30 13:20,10955.35,0.000
2023-06-30 13:30,10955.35,0.000
2023-06-30 13:40,10955.35,0.000
2023-06-30 13:50,10955.35,0.000
2023-06-30 14:00,10955.35,0.000
2023-06-30 14:10,10955.35,0.000
2023-06-30 14:20,10955.35,0.000
2023-06-30 14:30,10955.35,0.000
2023-06-30 14:40,10955.35,0.000
2023-06-30 14:50,10955.35,0.000
2023-06-30 15:00,10955.35,0.533
2023-06-30 15:10,10955.35,0.483
2023-06-30 15:20,10955.35,0.317
2023-06-30 15:30,10955.35,0.383
2023-06-30 15:40,10955.35,0.417
2023-06-30 15:50,10955.35,0.500
2023-06-30 16:00,10955.35,0.583
2023-06-30 16:10,10955.35,1.000
2023-06-30 16:20,10955.35,0.150
2023-06-30 16:30,10955.35,0.000
2023-06-30 16:40,10955.35,0.000
2023-06-30 16:50,10955.35,0.000
2023-06-30 17:00,10955.35,0.000
2023-06-30 17:10,10955.35,0.000
2023-06-30 17:20,10955.35,0.000
2023-06-30 17:30,10955.35,0.000
2023-06-30 17:40,10955.35,0.000
2023-06-30 17:50,10955.35,0.483
2023-06-30 18:00,10955.35,1.000
2023-06-30 18:10,10955.35,1.000
2023-06-30 18:20,10955.35,0.083
2023-06-30 18:30,10955.35,0.000
2023-06-30 18:40,10955.35,0.000
2023-06-30 18:50,10955.35,0.000
2023-06-30 19:00,10955.35,0.000
2023-06-30 19:10,10955.35,0.033
2023-06-30 19:20,10955.35,0.000
2023-06-30 19:30,10955.35,0.000
2023-06-30 19:40,10955.35,0.000
2023-06-30 19:50,10955.35,0.000
2023-06-30 20:00,10955.35,0.000
2023-06-30 20:10,10955.35,0.000
2023-06-30 20:20,10955.35,0.000
2023-06-30 20:30,10955.35,0.000
2023-06-30 20:40,10955.35,0.000
2023-06-30 20:50,10955.35,0.000
2023-06-30 21:00,10955.35,0.000
2023-06-30 21:10,10955.35,0.000
2023-06-30 21:20,10955.35,0.000
2023-06-30 21:30,10955.35,0.000
2023-06-30 21:40,10955.35,0.000
2023-06-30 21:50,10955.35,0.000
2023-06-30 22:00,10955.35,0.000
2023-06-30 22:10,10955.35,0.000
2023-06-30 22:20,10955.35,0.000
2023-06-30 22:30,10955.35,0.000
2023-06-30 22:40,10955.35,0.000
2023-06-30 22:50,10955.35,0.000
2023-06-30 23:00,10955.35,0.000
2023-06-30 23:10,10955.35,0.000
2023-06-30 23:20,10955.35,0.000
2023-06-30 23:30,10955.35,0.000
2023-06-30 23:40,10955.35,0.000
2023-06-30 23:50,10955.35,0.000
2023-07-01 00:00,10955.35,0.000
2023-07-01 00:10,10955.35,0.000
2023-07-01 00:20,10955.35,0.000
2023-07-01 00:30,10955.35,0.000
2023-07-01 00:40,10955.35,0.000
2023-07-01 00:50,10955.35,0.000
2023-07-01 01:00,10955.35,0.000
2023-07-01 01:10,10955.35,0.000
2023-07-01 01:20,10955.35,0.000
2023-07-01 01:30,10955.35,0.000
2023-07-01 01:40,10955.35,0.000
2023-07-01 01:50,10955.35,0.000
2023-07-01 02:00,10955.35,0.000
2023-07-01 02:10,10955.35,0.000
2023-07-01 02:20,10955.35,0.000
2023-07-01 02:30,10955.35,0.000
2023-07-01 02:40,10955.35,0.000
2023-07-01 02:50,10955.35,0.000
2023-07-01 03:00,10955.35,0.000
2023-07-01 03:10,10955.35,0.000
2023-07-01 03:20,10955.35,0.000
2023-07-01 03:30,10955.35,0.000
2023-07-01 03:40,10955.35,0.000
2023-07-01 03:50,10955.35,0.000
2023-07-01 04:00,10955.35,0.000
2023-07-01 04:10,10955.35,0.000
2023-07-01 04:20,10955.35,0.000
2023-07-01 04:30,10955.35,0.000
2023-07-01 04:40,10955.35,0.000
2023-07-01 04:50,10955.35,0.000
2023-07-01 05:00,10955.35,0.000
2023-07-01 05:10,10955.35,0.000
2023-07-01 05:20,10955.35,0.000
2023-07-01 05:30,10955.35,0.000
2023-07-01 05:40,10955.35,0.000
2023-07-01 05:50,10955.35,0.000
2023-07-01 06:00,10955.35,0.000
2023-07-01 06:10,10955.35,0.000
2023-07-01 06:20,10955.35,0.000
2023-07-01 06:30,10955.35,0.000
2023-07-01 06:40,10955.35,0.000
2023-07-01 06:50,10955.35,0.000
2023-07-01 07:00,10955.35,0.000
2023-07-01 07:10,10955.35,0.000
2023-07-01 07:20,10955.35,0.000
2023-07-01 07:30,10955.35,0.000
2023-07-01 07:40,10955.35,0.000
2023-07-01 07:50,10955.35,0.000
2023-07-01 08:00,10955.35,0.000
2023-07-01 08:10,10955.35,0.000
2023-07-01 08:20,10955.35,0.000
2023-07-01 08:30,10955.35,0.000
2023-07-01 08:40,10955.35,0.000
2023-07-01 08:50,10955.35,0.000
2023-07-01 09:00,10955.35,0.000
2023-07-01 09:10,10955.35,0.000
2023-07-01 09:20,10955.35,0.000
2023-07-01 09:30,10955.35,0.000
2023-07-01 09:40,10955.35,0.000
2023-07-01 09:50,10955.35,0.000
2023-07-01 10:00,10955.35,0.000
2023-07-01 10:10,10955.35,0.000
2023-07-01 10:20,10955.35,0.000
2023-07-01 10:30,10955.35,0.000
2023-07-01 10:40,10955.35,0.000
2023-07-01 10:50,10955.35,0.000
2023-07-01 11:00,10955.35,0.000
2023-07-01 11:10,10955.35,0.000
2023-07-01 11:20,10955.35,0.000
2023-07-01 11:30,10955.35,0.000
2023-07-01 11:40,10955.35,0.000
2023-07-01 11:50,10955.35,0.000
2023-07-01 12:00,10955.35,0.000
2023-07-01 12:10,10955.35,0.000
2023-07-01 12:20,10955.35,0.000
2023-07-01 12:30,10955.35,0.000
2023-07-01 12:40,10955.35,0.000
2023-07-01 12:50,10955.35,0.000
2023-07-01 13:00,10955.35,0.000
2023-07-01 13:10,10955.35,0.000
2023-07-01 13:20,10955.35,0.000
2023-07-01 13:30,10955.35,0.000
2023-07-01 13:40,10955.35,0.000
2023-07-01 13:50,10955.35,0.000
2023-07-01 14:00,10955.35,0.000
2023-07-01 14:10,10955.35,0.000
2023-07-01 14:20,10955.35,0.000
2023-07-01 14:30,10955.35,0.000
2023-07-01 14:40,10955.35,0.000
2023-07-01 14:50,10955.35,0.000
2023-07-01 15:00,10955.35,0.000
2023-07-01 15:10,10955.35,0.000
2023-07-01 15:20,10955.35,0.000
2023-07-01 15:30,10955.35,0.000
2023-07-01 15:40,10955.35,0.000
2023-07-01 15:50,10955.35,0.000
2023-07-01 16:00,10955.35,0.000
2023-07-01 16:10,10955.35,0.000
2023-07-01 16:20,10955.35,0.000
2023-07-01 16:30,10955.35,0.000
2023-07-01 16:40,10955.35,0.000
2023-07-01 16:50,10955.35,0.000
2023-07-01 17:00,10955.35,0.000
2023-07-01 17:10,10955.35,0.000
2023-07-01 17:20,10955.35,0.000
2023-07-01 17:30,10955.35,0.000
2023-07-01 17:40,10955.35,0.000
2023-07-01 17:50,10955.35,0.000
2023-07-01 18:00,10955.35,0.000
2023-07-01 18:10,10955.35,0.000
2023-07-01 18:20,10955.35,0.000
2023-07-01 18:30,10955.35,0.000
2023-07-01 18:40,10955.35,0.000
2023-07-01 18:50,10955.35,0.000
2023-07-01 19:00,10955.35,0.000
2023-07-01 19:10,10955.35,0.000
2023-07-01 19:20,10955.35,0.000
2023-07-01 19:30,10955.35,0.000
2023-07-01 19:40,10955.35,0.000
2023-07-01 19:50,10955.35,0.000
2023-07-01 20:00,10955.35,0.000
2023-07-01 20:10,10955.35,0.000
2023-07-01 20:20,10955.35,0.000
2023-07-01 20:30,10955.35,0.000
2023-07-01 20:40,10955.35,0.000
2023-07-01 20:50,10955.35,0.000
2023-07-01 21:00,10955.35,0.000
2023-07-01 21:10,10955.35,0.000
2023-07-01 21:20,10955.35,0.000
2023-07-01 21:30,10955.35,0.000
2023-07-01 21:40,10955.35,0.000
2023-07-01 21:50,10955.35,0.000
2023-07-01 22:00,10955.35,0.000
2023-07-01 22:10,10955.35,0.000
2023-07-01 22:20,10955.35,0.000
2023-07-01 22:30,10955.35,0.000
2023-07-01 22:40,10955.35,0.000
2023-07-01 22:50,10955.35,0.000
2023-07-01 23:00,10955.35,0.000
2023-07-01 23:10,10955.35,0.000
2023-07-01 23:20,10955.35,0.000
2023-07-01 23:30,10955.35,0.000
2023-07-01 23:40,10955.35,0.000
2023-07-01 23:50,10955.35,0.000
2023-07-02 00:00,10955.35,0.000
2023-07-02 00:10,10955.35,0.000
2023-07-02 00:20,10955.35,0.000
2023-07-02 00:30,10955.35,0.000
2023-07-02 00:40,10955.35,0.000
2023-07-02 00:50,10955.35,0.000
2023-07-02 01:00,10955.35,0.000
2023-07-02 01:10,10955.35,0.000
2023-07-02 01:20,10955.35,0.000
2023-07-02 01:30,10955.35,0.000
2023-07-02 01:40,10955.35,0.000
2023-07-02 01:50,10955.35,0.000
2023-07-02 02:00,10955.35,0.000
2023-07-02 02:10,10955.35,0.000
2023-07-02 02:20,10955.35,0.000
2023-07-02 02:30,10955.35,0.000
2023-07-02 02:40,10955.35,0.000
2023-07-02 02:50,10955.35,0.000
2023-07-02 03:00,10955.35,0.000
2023-07-02 03:10,10955.35,0.000
2023-07-02 03:20,10955.35,0.000
2023-07-02 03:30,10955.35,0.000
2023-07-02 03:40,10955.35,0.000
2023-07-02 03:50,10955.35,0.000
2023-07-02 04:00,10955.35,0.000
2023-07-02 04:10,10955.35,0.000
2023-07-02 04:20,10955.35,0.000
2023-07-02 04:30,10955.35,0.000
2023-07-02 04:40,10955.35,0.000
2023-07-02 04:50,10955.35,0.000
2023-07-02 05:00,10955.35,0.000
2023-07-02 05:10,10955.35,0.000
2023-07-02 05:20,10955.35,0.000
2023-07-02 05:30,10955.35,0.000
2023-07-02 05:40,10955.35,0.000
2023-07-02 05:50,10955.35,0.000
2023-07-02 06:00,10955.35,0.000
2023-07-02 06:10,10955.35,0.000
2023-07-02 06:20,10955.35,0.000
2023-07-02 06:30,10955.35,0.000
2023-07-02 06:40,10955.35,0.000
2023-07-02 06:50,10955.35,0.000
2023-07-02 07:00,10955.35,0.000
2023-07-02 07:10,10955.35,0.000
2023-07-02 07:20,10955.35,0.000
2023-07-02 07:30,10955.35,0.000
2023-07-02 07:40,10955.35,0.000
2023-07-02 07:50,10955.35,0.000
2023-07-02 08:00,10955.35,0.000
2023-07-02 08:10,10955.35,0.000
2023-07-02 08:20,10955.35,0.000
2023-07-02 08:30,10955.35,0.000
2023-07-02 08:40,10955.35,0.000
2023-07-02 08:50,10955.35,0.000
2023-07-02 09:00,10955.35,0.000
2023-07-02 09:10,10955.35,0.000
2023-07-02 09:20,10955.35,0.000
2023-07-02 09:30,10955.35,0.000
2023-07-02 09:40,10955.35,0.000
2023-07-02 09:50,10955.35,0.000
2023-07-02 10:00,10955.35,0.000
2023-07-02 10:10,10955.35,0.000
2023-07-02 10:20,10955.35,0.000
2023-07-02 10:30,10955.35,0.000
2023-07-02 10:40,10955.35,0.000
2023-07-02 10:50,10955.35,0.000
2023-07-02 11:00,10955.35,0.000
2023-07-02 11:10,10955.35,0.000
2023-07-02 11:20,10955.35,0.000
2023-07-02 11:30,10955.35,0.000
2023-07-02 11:40,10955.35,0.000
2023-07-02 11:50,10955.35,0.000
2023-07-02 12:00,10955.35,0.000
2023-07-02 12:10,10955.35,0.000
2023-07-02 12:20,10955.35,0.000
2023-07-02 12:30,10955.35,0.000
2023-07-02 12:40,10955.35,0.000
2023-07-02 12:50,10955.35,0.000
2023-07-02 13:00,10955.35,0.000
2023-07-02 13:10,10955.35,0.000
2023-07-02 13:20,10955.35,0.000
2023-07-02 13:30,10955.35,0.000
2023-07-02 13:40,10955.35,0.000
2023-07-02 13:50,10955.35,0.000
2023-07-02 14:00,10955.35,0.000
2023-07-02 14:10,10955.35,0.000
2023-07-02 14:20,10955.35,0.000
2023-07-02 14:30,10955.35,0.000
2023-07-02 14:40,10955.35,0.000
2023-07-02 14:50,10955.35,0.000
2023-07-02 15:00,10955.35,0.000
2023-07-02 15:10,10955.35,0.000
2023-07-02 15:20,10955.35,0.000
2023-07-02 15:30,10955.35,0.000
2023-07-02 15:40,10955.35,0.000
2023-07-02 15:50,10955.35,0.000
2023-07-02 16:00,10955.35,0.000
2023-07-02 16:10,10955.35,0.000
2023-07-02 16:20,10955.35,0.000
2023-07-02 16:30,10955.35,0.000
2023-07-02 16:40,10955.35,0.000
2023-07-02 16:50,10955.35,0.000
2023-07-02 17:00,10955.35,0.000
2023-07-02 17:10,10955.35,0.000
2023-07-02 17:20,10955.35,0.000
2023-07-02 17:30,10955.35,0.000
2023-07-02 17:40,10955.35,0.000
2023-07-02 17:50,10955.35,0.000
2023-07-02 18:00,10955.35,0.000
2023-07-02 18:10,10955.35,0.000
2023-07-02 18:20,10955.35,0.000
2023-07-02 18:30,10955.35,0.000
2023-07-02 18:40,10955.35,0.000
2023-07-02 18:50,10955.35,0.000
2023-07-02 19:00,10955.35,0.000
2023-07-02 19:10,10955.35,0.000
2023-07-02 19:20,10955.35,0.000
2023-07-02 19:30,10955.35,0.000
2023-07-02 19:40,10955.35,0.000
2023-07-02 19:50,10955.35,0.000
2023-07-02 20:00,10955.35,0.000
2023-07-02 20:10,10955.35,0.000
2023-07-02 20:20,10955.35,0.000
2023-07-02 20:30,10955.35,0.000
2023-07-02 20:40,10955.35,0.000
2023-07-02 20:50,10955.35,0.000
2023-07-02 21:00,10955.35,0.000
2023-07-02 21:10,10955.35,0.000
2023-07-02 21:20,10955.35,0.000
2023-07-02 21:30,10955.35,0.000
2023-07-02 21:40,10955.35,0.000
2023-07-02 21:50,10955.35,0.000
2023-07-02 22:00,10955.35,0.000
2023-07-02 22:10,10955.35,0.000
2023-07-02 22:20,10955.35,0.000
2023-07-02 22:30,10955.35,0.000
2023-07-02 22:40,10955.35,0.000
2023-07-02 22:50,10955.35,0.000
2023-07-02 23:00,10955.35,0.000
2023-07-02 23:10,10955.35,0.000
2023-07-02 23:20,10955.35,0.000
2023-07-02 23:30,10955.35,0.000
2023-07-02 23:40,10955.35,0.000
2023-07-02 23:50,10955.35,0.000
2023-07-03 00:00,10955.35,0.000
2023-07-03 00:10,10955.35,0.000
2023-07-03 00:20,10955.35,0.000
2023-07-03 00:30,10955.35,0.000
2023-07-03 00:40,10955.35,0.000
2023-07-03 00:50,10955.35,0.000
2023-07-03 01:00,10955.35,0.000
2023-07-03 01:10,10955.35,0.000
2023-07-03 01:20,10955.35,0.000
2023-07-03 01:30,10955.35,0.000
2023-07-03 01:40,10955.35,0.000
2023-07-03 01:50,10955.35,0.000
2023-07-03 02:00,10955.35,0.000
2023-07-03 02:10,10955.35,0.000
2023-07-03 02:20,10955.35,0.000
2023-07-03 02:30,10955.35,0.000
2023-07-03 02:40,10955.35,0.000
2023-07-03 02:50,10955.35,0.000
2023-07-03 03:00,10955.35,0.000
2023-07-03 03:10,10955.35,0.000
2023-07-03 03:20,10955.35,0.000
2023-07-03 03:30,10955.35,0.000
2023-07-03 03:40,10955.35,0.000
2023-07-03 03:50,10955.35,0.600
2023-07-03 04:00,10955.35,0.000
2023-07-03 04:10,10955.35,0.000
2023-07-03 04:20,10955.35,0.000
2023-07-03 04:30,10955.35,0.000
2023-07-03 04:40,10955.35,0.000
2023-07-03 04:50,10955.35,0.833
2023-07-03 05:00,10955.35,0.833
2023-07-03 05:10,10955.35,1.000
2023-07-03 05:20,10955.35,1.000
2023-07-03 05:30,10955.35,1.000
2023-07-03 05:40,10955.35,1.000
2023-07-03 05:50,10955.35,1.000
2023-07-03 06:00,10955.35,0.917
2023-07-03 06:10,10955.35,0.000
2023-07-03 06:20,10955.35,0.000
2023-07-03 06:30,10955.35,0.000
2023-07-03 06:40,10955.35,0.000
2023-07-03 06:50,10955.35,0.000
2023-07-03 07:00,10955.35,0.000
2023-07-03 07:10,10955.35,0.000
2023-07-03 07:20,10955.35,0.000
2023-07-03 07:30,10955.35,0.700
2023-07-03 07:40,10955.35,0.933
2023-07-03 07:50,10955.35,1.000
2023-07-03 08:00,10955.35,0.717
2023-07-03 08:10,10955.35,0.833
2023-07-03 08:20,10955.35,0.883
2023-07-03 08:30,10955.35,0.750
2023-07-03 08:40,10955.35,0.450
2023-07-03 08:50,10955.35,0.983
2023-07-03 09:00,10955.35,1.000
2023-07-03 09:10,10955.35,0.650
2023-07-03 09:20,10955.35,1.000
2023-07-03 09:30,10955.35,1.000
2023-07-03 09:40,10955.35,0.633
2023-07-03 09:50,10955.35,1.000
2023-07-03 10:00,10955.35,0.817
2023-07-03 10:10,10955.35,0.600
2023-07-03 10:20,10955.35,1.000
2023-07-03 10:30,10955.35,0.683
2023-07-03 10:40,10955.35,0.933
2023-07-03 10:50,10955.35,1.000
2023-07-03 11:00,10955.35,0.617
2023-07-03 11:10,10955.35,1.000
2023-07-03 11:20,10955.35,0.950
2023-07-03 11:30,10955.35,0.733
2023-07-03 11:40,10955.35,1.000
2023-07-03 11:50,10955.35,1.000
2023-07-03 12:00,10955.35,0.650
2023-07-03 12:10,10955.35,1.000
2023-07-03 12:20,10955.35,1.000
2023-07-03 12:30,10955.35,1.000
2023-07-03 12:40,10955.35,1.000
2023-07-03 12:50,10955.35,1.000
2023-07-03 13:00,10955.35,0.900
2023-07-03 13:10,10955.35,0.750
2023-07-03 13:20,10955.35,1.000
2023-07-03 13:30,10955.35,1.000
2023-07-03 13:40,10955.35,1.000
2023-07-03 13:50,10955.35,1.000
2023-07-03 14:00,10955.35,0.833
2023-07-03 14:10,10955.35,0.750
2023-07-03 14:20,10955.35,1.000
2023-07-03 14:30,10955.35,1.000
2023-07-03 14:40,10955.35,1.000
2023-07-03 14:50,10955.35,0.633
2023-07-03 15:00,10955.35,1.000
2023-07-03 15:10,10955.35,1.000
2023-07-03 15:20,10955.35,1.000
2023-07-03 15:30,10955.35,1.000
2023-07-03 15:40,10955.35,1.000
2023-07-03 15:50,10955.35,1.000
2023-07-03 16:00,10955.35,1.000
2023-07-03 16:10,10955.35,1.000
2023-07-03 16:20,10955.35,0.850
2023-07-03 16:30,10955.35,0.700
2023-07-03 16:40,10955.35,1.000
2023-07-03 16:50,10955.35,1.000
2023-07-03 17:00,10955.35,0.733
2023-07-03 17:10,10955.35,1.000
2023-07-03 17:20,10955.35,1.000
2023-07-03 17:30,10955.35,0.700
2023-07-03 17:40,10955.35,1.000
2023-07-03 17:50,10955.35,1.000
2023-07-03 18:00,10955.35,1.000
2023-07-03 18:10,10955.35,1.000
2023-07-03 18:20,10955.35,0.650
2023-07-03 18:30,10955.35,1.000
2023-07-03 18:40,10955.35,1.000
2023-07-03 18:50,10955.35,1.000
2023-07-03 19:00,10955.35,0.700
2023-07-03 19:10,10955.35,0.983
2023-07-03 19:20,10955.35,1.000
2023-07-03 19:30,10955.35,1.000
2023-07-03 19:40,10955.35,0.667
2023-07-03 19:50,10955.35,1.000
2023-07-03 20:00,10955.35,1.000
2023-07-03 20:10,10955.35,1.000
2023-07-03 20:20,10955.35,0.650
2023-07-03 20:30,10955.35,1.000
2023-07-03 20:40,10955.35,1.000
2023-07-03 20:50,10955.35,0.717
2023-07-03 21:00,10955.35,1.000
2023-07-03 21:10,10955.35,1.000
2023-07-03 21:20,10955.35,0.700
2023-07-03 21:30,10955.35,1.000
2023-07-03 21:40,10955.35,1.000
2023-07-03 21:50,10955.35,1.000
2023-07-03 22:00,10955.35,1.000
2023-07-03 22:10,10955.35,1.000
2023-07-03 22:20,10955.35,1.000
2023-07-03 22:30,10955.35,1.000
2023-07-03 22:40,10955.35,1.000
2023-07-03 22:50,10955.35,1.000
2023-07-03 23:00,10955.35,0.233
2023-07-03 23:10,10955.35,0.000
2023-07-03 23:20,10955.35,0.000
2023-07-03 23:30,10955.35,0.000
2023-07-03 23:40,10955.35,0.000
2023-07-03 23:50,10955.35,0.000
2023-07-04 00:00,10955.35,0.000
2023-07-04 00:10,10955.35,0.000
2023-07-04 00:20,10955.35,0.000
2023-07-04 00:30,10955.35,0.000
2023-07-04 00:40,10955.35,0.000
2023-07-04 00:50,10955.35,0.000
2023-07-04 01:00,10955.35,0.000
2023-07-04 01:10,10955.35,0.000
2023-07-04 01:20,10955.35,0.000
2023-07-04 01:30,10955.35,0.000
2023-07-04 01:40,10955.35,0.000
2023-07-04 01:50,10955.35,0.000
2023-07-04 02:00,10955.35,0.000
2023-07-04 02:10,10955.35,0.000
2023-07-04 02:20,10955.35,0.000
2023-07-04 02:30,10955.35,0.000
2023-07-04 02:40,10955.35,0.000
2023-07-04 02:50,10955.35,0.000
2023-07-04 03:00,10955.35,0.000
2023-07-04 03:10,10955.35,0.000
2023-07-04 03:20,10955.35,0.000
2023-07-04 03:30,10955.35,0.000
2023-07-04 03:40,10955.35,0.050
2023-07-04 03:50,10955.35,0.050
2023-07-04 04:00,10955.35,0.000
2023-07-04 04:10,10955.35,0.000
2023-07-04 04:20,10955.35,0.000
2023-07-04 04:30,10955.35,0.000
2023-07-04 04:40,10955.35,0.000
2023-07-04 04:50,10955.35,0.000
2023-07-04 05:00,10955.35,0.000
2023-07-04 05:10,10955.35,0.000
2023-07-04 05:20,10955.35,0.000
2023-07-04 05:30,10955.35,0.000
2023-07-04 05:40,10955.35,0.000
2023-07-04 05:50,10955.35,0.000
2023-07-04 06:00,10955.35,0.000
2023-07-04 06:10,10955.35,0.000
2023-07-04 06:20,10955.35,0.000
2023-07-04 06:30,10955.35,0.000
2023-07-04 06:40,10955.35,0.000
2023-07-04 06:50,10955.35,0.000
2023-07-04 07:00,10955.35,0.000
2023-07-04 07:10,10955.35,0.000
2023-07-04 07:20,10955.35,0.000
2023-07-04 07:30,10955.35,0.000
2023-07-04 07:40,10955.35,0.000
2023-07-04 07:50,10955.35,0.000
2023-07-04 08:00,10955.35,0.000
2023-07-04 08:10,10955.35,0.000
2023-07-04 08:20,10955.35,0.000
2023-07-04 08:30,10955.35,0.000
2023-07-04 08:40,10955.35,0.000
2023-07-04 08:50,10955.35,0.000
2023-07-04 09:00,10955.35,0.000
2023-07-04 09:10,10955.35,0.000
2023-07-04 09:20,10955.35,0.000
2023-07-04 09:30,10955.35,0.000
2023-07-04 09:40,10955.35,0.000
2023-07-04 09:50,10955.35,0.000
2023-07-04 10:00,10955.35,0.000
2023-07-04 10:10,10955.35,0.000
2023-07-04 10:20,10955.35,0.000
2023-07-04 10:30,10955.35,0.000
2023-07-04 10:40,10955.35,0.000
2023-07-04 10:50,10955.35,0.000
2023-07-04 11:00,10955.35,0.000
2023-07-04 11:10,10955.35,0.000
2023-07-04 11:20,10955.35,0.000
2023-07-04 11:30,10955.35,0.000
2023-07-04 11:40,10955.35,0.000
2023-07-04 11:50,10955.35,0.000
2023-07-04 12:00,10955.35,0.000
2023-07-04 12:10,10955.35,0.000
2023-07-04 12:20,10955.35,0.000
2023-07-04 12:30,10955.35,0.000
2023-07-04 12:40,10955.35,0.000
2023-07-04 12:50,10955.35,0.000
2023-07-04 13:00,10955.35,0.000
2023-07-04 13:10,10955.35,0.000
2023-07-04 13:20,10955.35,0.000
2023-07-04 13:30,10955.35,0.000
2023-07-04 13:40,10955.35,0.000
2023-07-04 13:50,10955.35,0.000
2023-07-04 14:00,10955.35,0.000
2023-07-04 14:10,10955.35,0.000
2023-07-04 14:20,10955.35,0.000
2023-07-04 14:30,10955.35,0.000
2023-07-04 14:40,10955.35,0.000
2023-07-04 14:50,10955.35,0.000
2023-07-04 15:00,10955.35,0.000
2023-07-04 15:10,10955.35,0.000
2023-07-04 15:20,10955.35,0.000
2023-07-04 15:30,10955.35,0.000
2023-07-04 15:40,10955.35,0.000
2023-07-04 15:50,10955.35,0.000
2023-07-04 16:00,10955.35,0.000
2023-07-04 16:10,10955.35,0.000
2023-07-04 16:20,10955.35,0.000
2023-07-04 16:30,10955.35,0.000
2023-07-04 16:40,10955.35,0.000
2023-07-04 16:50,10955.35,0.000
2023-07-04 17:00,10955.35,0.000
2023-07-04 17:10,10955.35,0.000
2023-07-04 17:20,10955.35,0.000
2023-07-04 17:30,10955.35,0.000
2023-07-04 17:40,10955.35,0.000
2023-07-04 17:50,10955.35,0.000
2023-07-04 18:00,10955.35,0.000
2023-07-04 18:10,10955.35,0.000
2023-07-04 18:20,10955.35,0.000
2023-07-04 18:30,10955.35,0.000
2023-07-04 18:40,10955.35,0.000
2023-07-04 18:50,10955.35,0.000
2023-07-04 19:00,10955.35,0.000
2023-07-04 19:10,10955.35,0.000
2023-07-04 19:20,10955.35,0.000
2023-07-04 19:30,10955.35,0.000
2023-07-04 19:40,10955.35,0.000
2023-07-04 19:50,10955.35,0.000
2023-07-04 20:00,10955.35,0.000
2023-07-04 20:10,10955.35,0.000
2023-07-04 20:20,10955.35,0.000
2023-07-04 20:30,10955.35,0.000
2023-07-04 20:40,10955.35,0.000
2023-07-04 20:50,10955.35,0.000
2023-07-04 21:00,10955.35,0.000
2023-07-04 21:10,10955.35,0.000
2023-07-04 21:20,10955.35,0.000
2023-07-04 21:30,10955.35,0.000
2023-07-04 21:40,10955.35,0.000
2023-07-04 21:50,10955.35,0.000
2023-07-04 22:00,10955.35,0.000
2023-07-04 22:10,10955.35,0.000
2023-07-04 22:20,10955.35,0.000
2023-07-04 22:30,10955.35,0.000
2023-07-04 22:40,10955.35,0.000
2023-07-04 22:50,10955.35,0.000
2023-07-04 23:00,10955.35,0.000
2023-07-04 23:10,10955.35,0.000
2023-07-04 23:20,10955.35,0.000
2023-07-04 23:30,10955.35,0.000
2023-07-04 23:40,10955.35,0.000
2023-07-04 23:50,10955.35,0.000
2023-07-05 00:00,10955.35,0.000
2023-07-05 00:10,10955.35,0.000
2023-07-05 00:20,10955.35,0.000
2023-07-05 00:30,10955.35,0.000
2023-07-05 00:40,10955.35,0.000
2023-07-05 00:50,10955.35,0.000
2023-07-05 01:00,10955.35,0.000
2023-07-05 01:10,10955.35,0.000
2023-07-05 01:20,10955.35,0.000
2023-07-05 01:30,10955.35,0.000
2023-07-05 01:40,10955.35,0.000
2023-07-05 01:50,10955.35,0.000
2023-07-05 02:00,10955.35,0.000
2023-07-05 02:10,10955.35,0.000
2023-07-05 02:20,10955.35,0.000
2023-07-05 02:30,10955.35,0.000
2023-07-05 02:40,10955.35,0.000
2023-07-05 02:50,10955.35,0.000
2023-07-05 03:00,10955.35,0.000
2023-07-05 03:10,10955.35,0.000
2023-07-05 03:20,10955.35,0.000
2023-07-05 03:30,10955.35,0.000
2023-07-05 03:40,10955.35,0.000
2023-07-05 03:50,10955.35,0.000
2023-07-05 04:00,10955.35,0.000
2023-07-05 04:10,10955.35,0.000
2023-07-05 04:20,10955.35,0.000
2023-07-05 04:30,10955.35,0.000
2023-07-05 04:40,10955.35,0.000
2023-07-05 04:50,10955.35,0.000
2023-07-05 05:00,10955.35,0.000
2023-07-05 05:10,10955.35,0.000
2023-07-05 05:20,10955.35,0.000
2023-07-05 05:30,10955.35,0.000
2023-07-05 05:40,10955.35,0.000
2023-07-05 05:50,10955.35,0.000
2023-07-05 06:00,10955.35,0.000
2023-07-05 06:10,10955.35,0.000
2023-07-05 06:20,10955.35,0.000
2023-07-05 06:30,10955.35,0.000
2023-07-05 06:40,10955.35,0.000
2023-07-05 06:50,10955.35,0.000
2023-07-05 07:00,10955.35,0.000
2023-07-05 07:10,10955.35,0.000
2023-07-05 07:20,10955.35,0.000
2023-07-05 07:30,10955.35,0.000
2023-07-05 07:40,10955.35,0.000
2023-07-05 07:50,10955.35,0.000
2023-07-05 08:00,10955.35,0.000
2023-07-05 08:10,10955.35,0.000
2023-07-05 08:20,10955.35,0.000
2023-07-05 08:30,10955.35,0.000
2023-07-05 08:40,10955.35,0.000
2023-07-05 08:50,10955.35,0.000
2023-07-05 09:00,10955.35,0.000
2023-07-05 09:10,10955.35,0.000
2023-07-05 09:20,10955.35,0.000
2023-07-05 09:30,10955.35,0.000
2023-07-05 09:40,10955.35,0.000
2023-07-05 09:50,10955.35,0.000
2023-07-05 10:00,10955.35,0.000
2023-07-05 10:10,10955.35,0.000
2023-07-05 10:20,10955.35,0.000
2023-07-05 10:30,10955.35,0.000
2023-07-05 10:40,10955.35,0.000
2023-07-05 10:50,10955.35,0.000
2023-07-05 11:00,10955.35,0.000
2023-07-05 11:10,10955.35,0.000
2023-07-05 11:20,10955.35,0.000
2023-07-05 11:30,10955.35,0.000
2023-07-05 11:40,10955.35,0.000
2023-07-05 11:50,10955.35,0.000
2023-07-05 12:00,10955.35,0.000
2023-07-05 12:10,10955.35,0.000
2023-07-05 12:20,10955.35,0.000
2023-07-05 12:30,10955.35,0.000
2023-07-05 12:40,10955.35,0.000
2023-07-05 12:50,10955.35,0.000
2023-07-05 13:00,10955.35,0.000
2023-07-05 13:10,10955.35,0.000
2023-07-05 13:20,10955.35,0.000
2023-07-05 13:30,10955.35,0.000
2023-07-05 13:40,10955.35,0.000
2023-07-05 13:50,10955.35,0.000
2023-07-05 14:00,10955.35,0.000
2023-07-05 14:10,10955.35,0.000
2023-07-05 14:20,10955.35,0.000
2023-07-05 14:30,10955.35,0.000
2023-07-05 14:40,10955.35,0.000
2023-07-05 14:50,10955.35,0.000
2023-07-05 15:00,10955.35,0.000
2023-07-05 15:10,10955.35,0.000
2023-07-05 15:20,10955.35,0.000
2023-07-05 15:30,10955.35,0.000
2023-07-05 15:40,10955.35,0.000
2023-07-05 15:50,10955.35,0.000
2023-07-05 16:00,10955.35,0.000
2023-07-05 16:10,10955.35,0.000
2023-07-05 16:20,10955.35,0.000
2023-07-05 16:30,10955.35,0.000
2023-07-05 16:40,10955.35,0.000
2023-07-05 16:50,10955.35,0.000
2023-07-05 17:00,10955.35,0.000
2023-07-05 17:10,10955.35,0.000
2023-07-05 17:20,10955.35,0.000
2023-07-05 17:30,10955.35,0.000
2023-07-05 17:40,10955.35,0.000
2023-07-05 17:50,10955.35,0.000
2023-07-05 18:00,10955.35,0.000
2023-07-05 18:10,10955.35,0.000
2023-07-05 18:20,10955.35,0.000
2023-07-05 18:30,10955.35,0.000
2023-07-05 18:40,10955.35,0.000
2023-07-05 18:50,10955.35,0.000
2023-07-05 19:00,10955.35,0.000
2023-07-05 19:10,10955.35,0.000
2023-07-05 19:20,10955.35,0.000
2023-07-05 19:30,10955.35,0.000
2023-07-05 19:40,10955.35,0.000
2023-07-05 19:50,10955.35,0.000
2023-07-05 20:00,10955.35,0.000
2023-07-05 20:10,10955.35,0.000
2023-07-05 20:20,10955.35,0.000
2023-07-05 20:30,10955.35,0.000
2023-07-05 20:40,10955.35,0.000
2023-07-05 20:50,10955.35,0.000
2023-07-05 21:00,10955.35,0.000
2023-07-05 21:10,10955.35,0.000
2023-07-05 21:20,10955.35,0.000
2023-07-05 21:30,10955.35,0.000
2023-07-05 21:40,10955.35,0.000
2023-07-05 21:50,10955.35,0.000
2023-07-05 22:00,10955.35,0.000
2023-07-05 22:10,10955.35,0.000
2023-07-05 22:20,10955.35,0.000
2023-07-05 22:30,10955.35,0.000
2023-07-05 22:40,10955.35,0.000
2023-07-05 22:50,10955.35,0.000
2023-07-05 23:00,10955.35,0.000
2023-07-05 23:10,10955.35,0.000
2023-07-05 23:20,10955.35,0.000
2023-07-05 23:30,10955.35,0.000
2023-07-05 23:40,10955.35,0.000
2023-07-05 23:50,10955.35,0.000
2023-07-06 00:00,10955.35,0.000
2023-07-06 00:10,10955.35,0.000
2023-07-06 00:20,10955.35,0.000
2023-07-06 00:30,10955.35,0.000
2023-07-06 00:40,10955.35,0.000
2023-07-06 00:50,10955.35,0.000
2023-07-06 01:00,10955.35,0.000
2023-07-06 01:10,10955.35,0.000
2023-07-06 01:20,10955.35,0.000
2023-07-06 01:30,10955.35,0.000
2023-07-06 01:40,10955.35,0.000
2023-07-06 01:50,10955.35,0.000
2023-07-06 02:00,10955.35,0.000
2023-07-06 02:10,10955.35,0.000
2023-07-06 02:20,10955.35,0.000
2023-07-06 02:30,10955.35,0.000
2023-07-06 02:40,10955.35,0.000
2023-07-06 02:50,10955.35,0.000
2023-07-06 03:00,10955.35,0.000
2023-07-06 03:10,10955.35,0.000
2023-07-06 03:20,10955.35,0.000
2023-07-06 03:30,10955.35,0.000
2023-07-06 03:40,10955.35,0.000
2023-07-06 03:50,10955.35,0.000
2023-07-06 04:00,10955.35,0.000
2023-07-06 04:10,10955.35,0.000
2023-07-06 04:20,10955.35,0.000
2023-07-06 04:30,10955.35,0.000
2023-07-06 04:40,10955.35,0.000
2023-07-06 04:50,10955.35,0.000
2023-07-06 05:00,10955.35,0.000
2023-07-06 05:10,10955.35,0.000
2023-07-06 05:20,10955.35,0.000
2023-07-06 05:30,10955.35,0.000
2023-07-06 05:40,10955.35,0.000
2023-07-06 05:50,10955.35,0.000
2023-07-06 06:00,10955.35,0.000
2023-07-06 06:10,10955.35,0.000
2023-07-06 06:20,10955.35,0.000
2023-07-06 06:30,10955.35,0.000
2023-07-06 06:40,10955.35,0.000
2023-07-06 06:50,10955.35,0.000
2023-07-06 07:00,10955.35,0.000
2023-07-06 07:10,10955.35,0.000
2023-07-06 07:20,10955.35,0.000
2023-07-06 07:30,10955.35,0.000
2023-07-06 07:40,10955.35,0.000
2023-07-06 07:50,10955.35,0.000
2023-07-06 08:00,10955.35,0.000
2023-07-06 08:10,10955.35,0.000
2023-07-06 08:20,10955.35,0.000
2023-07-06 08:30,10955.35,0.317
2023-07-06 08:40,10955.35,0.000
2023-07-06 08:50,10955.35,0.000
2023-07-06 09:00,10955.35,0.000
2023-07-06 09:10,10955.35,0.000
2023-07-06 09:20,10955.35,0.000
2023-07-06 09:30,10955.35,0.000
2023-07-06 09:40,10955.35,0.000
2023-07-06 09:50,10955.35,0.000
2023-07-06 10:00,10955.35,0.000
2023-07-06 10:10,10955.35,0.000
2023-07-06 10:20,10955.35,0.000
2023-07-06 10:30,10955.35,0.000
2023-07-06 10:40,10955.35,0.700
2023-07-06 10:50,10955.35,0.000
2023-07-06 11:00,10955.35,0.000
2023-07-06 11:10,10955.35,0.000
2023-07-06 11:20,10955.35,0.467
2023-07-06 11:30,10955.35,0.000
2023-07-06 11:40,10955.35,0.000
2023-07-06 11:50,10955.35,0.000
2023-07-06 12:00,10955.35,0.000
2023-07-06 12:10,10955.35,0.000
2023-07-06 12:20,10955.35,0.067
2023-07-06 12:30,10955.35,0.567
2023-07-06 12:40,10955.35,0.000
2023-07-06 12:50,10955.35,0.000
2023-07-06 13:00,10955.35,0.000
2023-07-06 13:10,10955.35,0.000
2023-07-06 13:20,10955.35,0.000
2023-07-06 13:30,10955.35,0.500
2023-07-06 13:40,10955.35,0.000
2023-07-06 13:50,10955.35,0.000
2023-07-06 14:00,10955.35,0.000
2023-07-06 14:10,10955.35,0.550
2023-07-06 14:20,10955.35,1.000
2023-07-06 14:30,10955.35,1.000
2023-07-06 14:40,10955.35,1.000
2023-07-06 14:50,10955.35,1.000
2023-07-06 15:00,10955.35,1.000
2023-07-06 15:10,10955.35,1.000
2023-07-06 15:20,10955.35,1.000
2023-07-06 15:30,10955.35,1.000
2023-07-06 15:40,10955.35,1.000
2023-07-06 15:50,10955.35,1.000
2023-07-06 16:00,10955.35,1.000
2023-07-06 16:10,10955.35,1.000
2023-07-06 16:20,10955.35,1.000
2023-07-06 16:30,10955.35,1.000
2023-07-06 16:40,10955.35,1.000
2023-07-06 16:50,10955.35,1.000
2023-07-06 17:00,10955.35,1.000
2023-07-06 17:10,10955.35,1.000
2023-07-06 17:20,10955.35,1.000
2023-07-06 17:30,10955.35,1.000
2023-07-06 17:40,10955.35,1.000
2023-07-06 17:50,10955.35,1.000
2023-07-06 18:00,10955.35,1.000
2023-07-06 18:10,10955.35,1.000
2023-07-06 18:20,10955.35,0.317
2023-07-06 18:30,10955.35,0.000
2023-07-06 18:40,10955.35,0.000
2023-07-06 18:50,10955.35,0.000
2023-07-06 19:00,10955.35,0.000
2023-07-06 19:10,10955.35,0.000
2023-07-06 19:20,10955.35,0.000
2023-07-06 19:30,10955.35,0.000
2023-07-06 19:40,10955.35,0.000
2023-07-06 19:50,10955.35,0.000
2023-07-06 20:00,10955.35,0.000
2023-07-06 20:10,10955.35,0.000
2023-07-06 20:20,10955.35,0.000
2023-07-06 20:30,10955.35,0.000
2023-07-06 20:40,10955.35,0.000
2023-07-06 20:50,10955.35,0.000
2023-07-06 21:00,10955.35,0.000
2023-07-06 21:10,10955.35,0.000
2023-07-06 21:20,10955.35,0.000
2023-07-06 21:30,10955.35,0.000
2023-07-06 21:40,10955.35,0.000
2023-07-06 21:50,10955.35,0.000
2023-07-06 22:00,10955.35,0.000
2023-07-06 22:10,10955.35,0.083
2023-07-06 22:20,10955.35,0.000
2023-07-06 22:30,10955.35,0.017
2023-07-06 22:40,10955.35,0.000
2023-07-06 22:50,10955.35,0.000
2023-07-06 23:00,10955.35,0.000
2023-07-06 23:10,10955.35,0.000
2023-07-06 23:20,10955.35,0.000
2023-07-06 23:30,10955.35,0.000
2023-07-06 23:40,10955.35,0.000
2023-07-06 23:50,10955.35,0.000
2023-07-07 00:00,10955.35,0.000
2023-07-07 00:10,10955.35,0.000
2023-07-07 00:20,10955.35,0.000
2023-07-07 00:30,10955.35,0.000
2023-07-07 00:40,10955.35,0.000
2023-07-07 00:50,10955.35,0.000
2023-07-07 01:00,10955.35,0.000
2023-07-07 01:10,10955.35,0.000
2023-07-07 01:20,10955.35,0.000
2023-07-07 01:30,10955.35,0.000
2023-07-07 01:40,10955.35,0.000
2023-07-07 01:50,10955.35,0.000
2023-07-07 02:00,10955.35,0.000
2023-07-07 02:10,10955.35,0.000
2023-07-07 02:20,10955.35,0.000
2023-07-07 02:30,10955.35,0.000
2023-07-07 02:40,10955.35,0.000
2023-07-07 02:50,10955.35,0.000
2023-07-07 03:00,10955.35,0.000
2023-07-07 03:10,10955.35,0.000
2023-07-07 03:20,10955.35,0.000
2023-07-07 03:30,10955.35,0.000
2023-07-07 03:40,10955.35,0.000
2023-07-07 03:50,10955.35,0.000
2023-07-07 04:00,10955.35,0.000
2023-07-07 04:10,10955.35,0.000
2023-07-07 04:20,10955.35,0.000
2023-07-07 04:30,10955.35,0.000
2023-07-07 04:40,10955.35,0.000
2023-07-07 04:50,10955.35,0.000
2023-07-07 05:00,10955.35,0.000
2023-07-07 05:10,10955.35,0.000
2023-07-07 05:20,10955.35,0.000
2023-07-07 05:30,10955.35,0.000
2023-07-07 05:40,10955.35,0.000
2023-07-07 05:50,10955.35,0.000
2023-07-07 06:00,10955.35,0.000
2023-07-07 06:10,10955.35,0.000
2023-07-07 06:20,10955.35,0.000
2023-07-07 06:30,10955.35,0.000
2023-07-07 06:40,10955.35,0.000
2023-07-07 06:50,10955.35,0.000
2023-07-07 07:00,10955.35,0.000
2023-07-07 07:10,10955.35,0.433
2023-07-07 07:20,10955.35,0.500
2023-07-07 07:30,10955.35,0.000
2023-07-07 07:40,10955.35,0.000
2023-07-07 07:50,10955.35,0.000
2023-07-07 08:00,10955.35,0.617
2023-07-07 08:10,10955.35,0.983
2023-07-07 08:20,10955.35,1.000
2023-07-07 08:30,10955.35,0.783
2023-07-07 08:40,10955.35,1.000
2023-07-07 08:50,10955.35,0.833
2023-07-07 09:00,10955.35,1.000
2023-07-07 09:10,10955.35,0.800
2023-07-07 09:20,10955.35,1.000
2023-07-07 09:30,10955.35,0.817
2023-07-07 09:40,10955.35,1.000
2023-07-07 09:50,10955.35,0.833
2023-07-07 10:00,10955.35,1.000
2023-07-07 10:10,10955.35,0.800
2023-07-07 10:20,10955.35,1.000
2023-07-07 10:30,10955.35,0.933
2023-07-07 10:40,10955.35,0.883
2023-07-07 10:50,10955.35,1.000
2023-07-07 11:00,10955.35,0.783
2023-07-07 11:10,10955.35,1.000
2023-07-07 11:20,10955.35,1.000
2023-07-07 11:30,10955.35,1.000
2023-07-07 11:40,10955.35,0.817
2023-07-07 11:50,10955.35,1.000
2023-07-07 12:00,10955.35,0.433
2023-07-07 12:10,10955.35,0.000
2023-07-07 12:20,10955.35,0.000
2023-07-07 12:30,10955.35,0.000
2023-07-07 12:40,10955.35,0.000
2023-07-07 12:50,10955.35,0.000
2023-07-07 13:00,10955.35,0.700
2023-07-07 13:10,10955.35,0.933
2023-07-07 13:20,10955.35,1.000
2023-07-07 13:30,10955.35,0.733
2023-07-07 13:40,10955.35,1.000
2023-07-07 13:50,10955.35,0.767
2023-07-07 14:00,10955.35,0.950
2023-07-07 14:10,10955.35,1.000
2023-07-07 14:20,10955.35,1.000
2023-07-07 14:30,10955.35,1.000
2023-07-07 14:40,10955.35,1.000
2023-07-07 14:50,10955.35,1.000
2023-07-07 15:00,10955.35,1.000
2023-07-07 15:10,10955.35,1.000
2023-07-07 15:20,10955.35,1.000
2023-07-07 15:30,10955.35,1.000
2023-07-07 15:40,10955.35,1.000
2023-07-07 15:50,10955.35,1.000
2023-07-07 16:00,10955.35,0.883
2023-07-07 16:10,10955.35,1.000
2023-07-07 16:20,10955.35,1.000
2023-07-07 16:30,10955.35,1.000
2023-07-07 16:40,10955.35,1.000
2023-07-07 16:50,10955.35,1.000
2023-07-07 17:00,10955.35,1.000
2023-07-07 17:10,10955.35,1.000
2023-07-07 17:20,10955.35,1.000
2023-07-07 17:30,10955.35,1.000
2023-07-07 17:40,10955.35,1.000
2023-07-07 17:50,10955.35,1.000
2023-07-07 18:00,10955.35,1.000
2023-07-07 18:10,10955.35,1.000
2023-07-07 18:20,10955.35,0.550
2023-07-07 18:30,10955.35,0.000
2023-07-07 18:40,10955.35,0.000
2023-07-07 18:50,10955.35,0.000
2023-07-07 19:00,10955.35,0.000
2023-07-07 19:10,10955.35,0.050
2023-07-07 19:20,10955.35,0.083
2023-07-07 19:30,10955.35,0.000
2023-07-07 19:40,10955.35,0.000
2023-07-07 19:50,10955.35,0.000
2023-07-07 20:00,10955.35,0.000
2023-07-07 20:10,10955.35,0.000
2023-07-07 20:20,10955.35,0.000
2023-07-07 20:30,10955.35,0.000
2023-07-07 20:40,10955.35,0.000
2023-07-07 20:50,10955.35,0.550
2023-07-07 21:00,10955.35,1.000
2023-07-07 21:10,10955.35,1.000
2023-07-07 21:20,10955.35,0.733
2023-07-07 21:30,10955.35,1.000
2023-07-07 21:40,10955.35,0.700
2023-07-07 21:50,10955.35,1.000
2023-07-07 22:00,10955.35,1.000
2023-07-07 22:10,10955.35,0.767
2023-07-07 22:20,10955.35,1.000
2023-07-07 22:30,10955.35,0.833
2023-07-07 22:40,10955.35,0.967
2023-07-07 22:50,10955.35,1.000
2023-07-07 23:00,10955.35,0.833
2023-07-07 23:10,10955.35,1.000
2023-07-07 23:20,10955.35,0.800
2023-07-07 23:30,10955.35,1.000
2023-07-07 23:40,10955.35,1.000
2023-07-07 23:50,10955.35,0.717
2023-07-08 00:00,10955.35,1.000
2023-07-08 00:10,10955.35,0.783
2023-07-08 00:20,10955.35,1.000
2023-07-08 00:30,10955.35,0.800
2023-07-08 00:40,10955.35,0.883
2023-07-08 00:50,10955.35,1.000
2023-07-08 01:00,10955.35,0.800
2023-07-08 01:10,10955.35,1.000
2023-07-08 01:20,10955.35,0.783
2023-07-08 01:30,10955.35,1.000
2023-07-08 01:40,10955.35,0.800
2023-07-08 01:50,10955.35,1.000
2023-07-08 02:00,10955.35,1.000
2023-07-08 02:10,10955.35,0.783
2023-07-08 02:20,10955.35,1.000
2023-07-08 02:30,10955.35,0.750
2023-07-08 02:40,10955.35,1.000
2023-07-08 02:50,10955.35,0.783
2023-07-08 03:00,10955.35,1.000
2023-07-08 03:10,10955.35,0.900
2023-07-08 03:20,10955.35,0.883
2023-07-08 03:30,10955.35,1.000
2023-07-08 03:40,10955.35,0.600
2023-07-08 03:50,10955.35,1.000
2023-07-08 04:00,10955.35,0.733
2023-07-08 04:10,10955.35,0.217
2023-07-08 04:20,10955.35,1.000
2023-07-08 04:30,10955.35,0.867
2023-07-08 04:40,10955.35,0.767
2023-07-08 04:50,10955.35,1.000
2023-07-08 05:00,10955.35,0.283
2023-07-08 05:10,10955.35,0.000
2023-07-08 05:20,10955.35,0.000
2023-07-08 05:30,10955.35,0.000
2023-07-08 05:40,10955.35,0.000
2023-07-08 05:50,10955.35,0.000
2023-07-08 06:00,10955.35,0.000
2023-07-08 06:10,10955.35,0.000
2023-07-08 06:20,10955.35,0.000
2023-07-08 06:30,10955.35,0.000
2023-07-08 06:40,10955.35,0.000
2023-07-08 06:50,10955.35,0.000
2023-07-08 07:00,10955.35,0.000
2023-07-08 07:10,10955.35,0.000
2023-07-08 07:20,10955.35,0.000
2023-07-08 07:30,10955.35,0.000
2023-07-08 07:40,10955.35,0.000
2023-07-08 07:50,10955.35,0.000
2023-07-08 08:00,10955.35,0.000
2023-07-08 08:10,10955.35,0.000
2023-07-08 08:20,10955.35,0.000
2023-07-08 08:30,10955.35,0.000
2023-07-08 08:40,10955.35,0.000
2023-07-08 08:50,10955.35,0.000
2023-07-08 09:00,10955.35,0.000
2023-07-08 09:10,10955.35,0.000
2023-07-08 09:20,10955.35,0.000
2023-07-08 09:30,10955.35,0.000
2023-07-08 09:40,10955.35,0.000
2023-07-08 09:50,10955.35,0.000
2023-07-08 10:00,10955.35,0.000
2023-07-08 10:10,10955.35,0.000
2023-07-08 10:20,10955.35,0.000
2023-07-08 10:30,10955.35,0.000
2023-07-08 10:40,10955.35,0.000
2023-07-08 10:50,10955.35,0.000
2023-07-08 11:00,10955.35,0.000
2023-07-08 11:10,10955.35,0.000
2023-07-08 11:20,10955.35,0.000
2023-07-08 11:30,10955.35,0.000
2023-07-08 11:40,10955.35,0.000
2023-07-08 11:50,10955.35,0.000
2023-07-08 12:00,10955.35,0.000
2023-07-08 12:10,10955.35,0.000
2023-07-08 12:20,10955.35,0.000
2023-07-08 12:30,10955.35,0.000
2023-07-08 12:40,10955.35,0.000
2023-07-08 12:50,10955.35,0.283
2023-07-08 13:00,10955.35,1.000
2023-07-08 13:10,10955.35,1.000
2023-07-08 13:20,10955.35,1.000
2023-07-08 13:30,10955.35,1.000
2023-07-08 13:40,10955.35,0.983
2023-07-08 13:50,10955.35,0.633
2023-07-08 14:00,10955.35,1.000
2023-07-08 14:10,10955.35,0.983
2023-07-08 14:20,10955.35,0.650
2023-07-08 14:30,10955.35,0.217
2023-07-08 14:40,10955.35,0.000
2023-07-08 14:50,10955.35,0.000
2023-07-08 15:00,10955.35,0.000
2023-07-08 15:10,10955.35,0.000
2023-07-08 15:20,10955.35,0.000
2023-07-08 15:30,10955.35,0.333
2023-07-08 15:40,10955.35,0.000
2023-07-08 15:50,10955.35,0.000
2023-07-08 16:00,10955.35,0.000
2023-07-08 16:10,10955.35,0.000
2023-07-08 16:20,10955.35,0.250
2023-07-08 16:30,10955.35,0.533
2023-07-08 16:40,10955.35,0.617
2023-07-08 16:50,10955.35,0.683
2023-07-08 17:00,10955.35,0.583
2023-07-08 17:10,10955.35,0.633
2023-07-08 17:20,10955.35,0.900
2023-07-08 17:30,10955.35,0.167
2023-07-08 17:40,10955.35,1.000
2023-07-08 17:50,10955.35,1.000
2023-07-08 18:00,10955.35,1.000
2023-07-08 18:10,10955.35,1.000
2023-07-08 18:20,10955.35,1.000
2023-07-08 18:30,10955.35,1.000
2023-07-08 18:40,10955.35,1.000
2023-07-08 18:50,10955.35,1.000
2023-07-08 19:00,10955.35,1.000
2023-07-08 19:10,10955.35,1.000
2023-07-08 19:20,10955.35,1.000
2023-07-08 19:30,10955.35,1.000
2023-07-08 19:40,10955.35,0.967
2023-07-08 19:50,10955.35,0.000
2023-07-08 20:00,10955.35,0.000
2023-07-08 20:10,10955.35,0.000
2023-07-08 20:20,10955.35,0.000
2023-07-08 20:30,10955.35,0.317
2023-07-08 20:40,10955.35,1.000
2023-07-08 20:50,10955.35,1.000
2023-07-08 21:00,10955.35,1.000
2023-07-08 21:10,10955.35,0.950
2023-07-08 21:20,10955.35,0.000
2023-07-08 21:30,10955.35,0.000
2023-07-08 21:40,10955.35,0.000
2023-07-08 21:50,10955.35,0.000
2023-07-08 22:00,10955.35,0.000
2023-07-08 22:10,10955.35,0.000
2023-07-08 22:20,10955.35,0.000
2023-07-08 22:30,10955.35,0.000
2023-07-08 22:40,10955.35,0.000
2023-07-08 22:50,10955.35,0.000
2023-07-08 23:00,10955.35,0.000
2023-07-08 23:10,10955.35,0.000
2023-07-08 23:20,10955.35,0.000
2023-07-08 23:30,10955.35,0.000
2023-07-08 23:40,10955.35,0.000
2023-07-08 23:50,10955.35,0.000
2023-07-09 00:00,10955.35,0.000
2023-07-09 00:10,10955.35,0.000
2023-07-09 00:20,10955.35,0.000
2023-07-09 00:30,10955.35,0.000
2023-07-09 00:40,10955.35,0.000
2023-07-09 00:50,10955.35,0.000
2023-07-09 01:00,10955.35,0.000
2023-07-09 01:10,10955.35,0.000
2023-07-09 01:20,10955.35,0.000
2023-07-09 01:30,10955.35,0.000
2023-07-09 01:40,10955.35,0.000
2023-07-09 01:50,10955.35,0.000
2023-07-09 02:00,10955.35,0.000
2023-07-09 02:10,10955.35,0.000
2023-07-09 02:20,10955.35,0.000
2023-07-09 02:30,10955.35,0.000
2023-07-09 02:40,10955.35,0.000
2023-07-09 02:50,10955.35,0.000
2023-07-09 03:00,10955.35,0.000
2023-07-09 03:10,10955.35,0.000
2023-07-09 03:20,10955.35,0.000
2023-07-09 03:30,10955.35,0.000
2023-07-09 03:40,10955.35,0.000
2023-07-09 03:50,10955.35,0.000
2023-07-09 04:00,10955.35,0.000
2023-07-09 04:10,10955.35,0.000
2023-07-09 04:20,10955.35,0.000
2023-07-09 04:30,10955.35,0.000
2023-07-09 04:40,10955.35,0.000
2023-07-09 04:50,10955.35,0.000
2023-07-09 05:00,10955.35,0.000
2023-07-09 05:10,10955.35,0.000
2023-07-09 05:20,10955.35,0.000
2023-07-09 05:30,10955.35,0.033
2023-07-09 05:40,10955.35,0.000
2023-07-09 05:50,10955.35,0.000
2023-07-09 06:00,10955.35,0.000
2023-07-09 06:10,10955.35,0.000
2023-07-09 06:20,10955.35,0.000
2023-07-09 06:30,10955.35,0.000
2023-07-09 06:40,10955.35,0.000
2023-07-09 06:50,10955.35,0.000
2023-07-09 07:00,10955.35,0.000
2023-07-09 07:10,10955.35,0.000
2023-07-09 07:20,10955.35,0.000
2023-07-09 07:30,10955.35,0.000
2023-07-09 07:40,10955.35,0.000
2023-07-09 07:50,10955.35,0.000
2023-07-09 08:00,10955.35,0.000
2023-07-09 08:10,10955.35,0.000
2023-07-09 08:20,10955.35,0.000
2023-07-09 08:30,10955.35,0.000
2023-07-09 08:40,10955.35,0.000
2023-07-09 08:50,10955.35,0.000
2023-07-09 09:00,10955.35,0.000
2023-07-09 09:10,10955.35,0.000
2023-07-09 09:20,10955.35,0.000
2023-07-09 09:30,10955.35,0.000
2023-07-09 09:40,10955.35,0.000
2023-07-09 09:50,10955.35,0.000
2023-07-09 10:00,10955.35,0.000
2023-07-09 10:10,10955.35,0.000
2023-07-09 10:20,10955.35,0.000
2023-07-09 10:30,10955.35,0.000
2023-07-09 10:40,10955.35,0.000
2023-07-09 10:50,10955.35,0.000
2023-07-09 11:00,10955.35,0.000
2023-07-09 11:10,10955.35,0.000
2023-07-09 11:20,10955.35,0.000
2023-07-09 11:30,10955.35,0.000
2023-07-09 11:40,10955.35,0.000
2023-07-09 11:50,10955.35,0.000
2023-07-09 12:00,10955.35,0.000
2023-07-09 12:10,10955.35,0.000
2023-07-09 12:20,10955.35,0.000
2023-07-09 12:30,10955.35,0.000
2023-07-09 12:40,10955.35,0.000
2023-07-09 12:50,10955.35,0.000
2023-07-09 13:00,10955.35,0.000
2023-07-09 13:10,10955.35,0.000
2023-07-09 13:20,10955.35,0.000
2023-07-09 13:30,10955.35,0.000
2023-07-09 13:40,10955.35,0.000
2023-07-09 13:50,10955.35,0.000
2023-07-09 14:00,10955.35,0.000
2023-07-09 14:10,10955.35,0.000
2023-07-09 14:20,10955.35,0.000
2023-07-09 14:30,10955.35,0.000
2023-07-09 14:40,10955.35,0.000
2023-07-09 14:50,10955.35,0.000
2023-07-09 15:00,10955.35,0.000
2023-07-09 15:10,10955.35,0.000
2023-07-09 15:20,10955.35,0.000
2023-07-09 15:30,10955.35,0.000
2023-07-09 15:40,10955.35,0.000
2023-07-09 15:50,10955.35,0.000
2023-07-09 16:00,10955.35,0.000
2023-07-09 16:10,10955.35,0.000
2023-07-09 16:20,10955.35,0.000
2023-07-09 16:30,10955.35,0.000
2023-07-09 16:40,10955.35,0.000
2023-07-09 16:50,10955.35,0.000
2023-07-09 17:00,10955.35,0.000
2023-07-09 17:10,10955.35,0.000
2023-07-09 17:20,10955.35,0.000
2023-07-09 17:30,10955.35,0.000
2023-07-09 17:40,10955.35,0.000
2023-07-09 17:50,10955.35,0.000
2023-07-09 18:00,10955.35,0.000
2023-07-09 18:10,10955.35,0.000
2023-07-09 18:20,10955.35,0.000
2023-07-09 18:30,10955.35,0.000
2023-07-09 18:40,10955.35,0.000
2023-07-09 18:50,10955.35,0.000
2023-07-09 19:00,10955.35,0.000
2023-07-09 19:10,10955.35,0.000
2023-07-09 19:20,10955.35,0.000
2023-07-09 19:30,10955.35,0.000
2023-07-09 19:40,10955.35,0.000
2023-07-09 19:50,10955.35,0.000
2023-07-09 20:00,10955.35,0.000
2023-07-09 20:10,10955.35,0.000
2023-07-09 20:20,10955.35,0.000
2023-07-09 20:30,10955.35,0.000
2023-07-09 20:40,10955.35,0.000
2023-07-09 20:50,10955.35,0.000
2023-07-09 21:00,10955.35,0.000
2023-07-09 21:10,10955.35,0.000
2023-07-09 21:20,10955.35,0.000
2023-07-09 21:30,10955.35,0.000
2023-07-09 21:40,10955.35,0.000
2023-07-09 21:50,10955.35,0.000
2023-07-09 22:00,10955.35,0.000
2023-07-09 22:10,10955.35,0.000
2023-07-09 22:20,10955.35,0.000
2023-07-09 22:30,10955.35,0.000
2023-07-09 22:40,10955.35,0.000
2023-07-09 22:50,10955.35,0.000
2023-07-09 23:00,10955.35,0.000
2023-07-09 23:10,10955.35,0.000
2023-07-09 23:20,10955.35,0.000
2023-07-09 23:30,10955.35,0.000
2023-07-09 23:40,10955.35,0.000
2023-07-09 23:50,10955.35,0.000
2023-07-10 00:00,10955.35,0.000
2023-07-10 00:10,10955.35,0.000
2023-07-10 00:20,10955.35,0.000
2023-07-10 00:30,10955.35,0.000
2023-07-10 00:40,10955.35,0.000
2023-07-10 00:50,10955.35,0.000
2023-07-10 01:00,10955.35,0.000
2023-07-10 01:10,10955.35,0.000
2023-07-10 01:20,10955.35,0.000
2023-07-10 01:30,10955.35,0.000
2023-07-10 01:40,10955.35,0.000
2023-07-10 01:50,10955.35,0.000
2023-07-10 02:00,10955.35,0.000
2023-07-10 02:10,10955.35,0.000
2023-07-10 02:20,10955.35,0.000
2023-07-10 02:30,10955.35,0.000
2023-07-10 02:40,10955.35,0.000
2023-07-10 02:50,10955.35,0.000
2023-07-10 03:00,10955.35,0.000
2023-07-10 03:10,10955.35,0.000
2023-07-10 03:20,10955.35,0.000
2023-07-10 03:30,10955.35,0.000
2023-07-10 03:40,10955.35,0.000
2023-07-10 03:50,10955.35,0.000
2023-07-10 04:00,10955.35,0.000
2023-07-10 04:10,10955.35,0.000
2023-07-10 04:20,10955.35,0.000
2023-07-10 04:30,10955.35,0.000
2023-07-10 04:40,10955.35,0.000
2023-07-10 04:50,10955.35,0.000
2023-07-10 05:00,10955.35,0.000
2023-07-10 05:10,10955.35,0.000
2023-07-10 05:20,10955.35,0.000
2023-07-10 05:30,10955.35,0.000
2023-07-10 05:40,10955.35,0.000
2023-07-10 05:50,10955.35,0.000
2023-07-10 06:00,10955.35,0.000
2023-07-10 06:10,10955.35,0.000
2023-07-10 06:20,10955.35,0.000
2023-07-10 06:30,10955.35,0.000
2023-07-10 06:40,10955.35,0.000
2023-07-10 06:50,10955.35,0.000
2023-07-10 07:00,10955.35,0.000
2023-07-10 07:10,10955.35,0.000
2023-07-10 07:20,10955.35,0.000
2023-07-10 07:30,10955.35,0.000
2023-07-10 07:40,10955.35,0.000
2023-07-10 07:50,10955.35,0.000
2023-07-10 08:00,10955.35,0.000
2023-07-10 08:10,10955.35,0.000
2023-07-10 08:20,10955.35,0.000
2023-07-10 08:30,10955.35,0.000
2023-07-10 08:40,10955.35,0.000
2023-07-10 08:50,10955.35,0.000
2023-07-10 09:00,10955.35,0.000
2023-07-10 09:10,10955.35,0.000
2023-07-10 09:20,10955.35,0.000
2023-07-10 09:30,10955.35,0.000
2023-07-10 09:40,10955.35,0.000
2023-07-10 09:50,10955.35,0.000
2023-07-10 10:00,10955.35,0.000
2023-07-10 10:10,10955.35,0.000
2023-07-10 10:20,10955.35,0.000
2023-07-10 10:30,10955.35,0.000
2023-07-10 10:40,10955.35,0.117
2023-07-10 10:50,10955.35,0.000
2023-07-10 11:00,10955.35,0.000
2023-07-10 11:10,10955.35,0.000
2023-07-10 11:20,10955.35,0.000
2023-07-10 11:30,10955.35,0.000
2023-07-10 11:40,10955.35,0.000
2023-07-10 11:50,10955.35,0.000
2023-07-10 12:00,10955.35,0.000
2023-07-10 12:10,10955.35,0.000
2023-07-10 12:20,10955.35,0.000
2023-07-10 12:30,10955.35,0.000
2023-07-10 12:40,10955.35,0.000
2023-07-10 12:50,10955.35,0.000
2023-07-10 13:00,10955.35,0.000
2023-07-10 13:10,10955.35,0.000
2023-07-10 13:20,10955.35,0.000
2023-07-10 13:30,10955.35,0.000
2023-07-10 13:40,10955.35,0.000
2023-07-10 13:50,10955.35,0.000
2023-07-10 14:00,10955.35,0.000
2023-07-10 14:10,10955.35,0.000
2023-07-10 14:20,10955.35,0.000
2023-07-10 14:30,10955.35,0.000
2023-07-10 14:40,10955.35,0.000
2023-07-10 14:50,10955.35,0.267
2023-07-10 15:00,10955.35,0.100
2023-07-10 15:10,10955.35,0.000
2023-07-10 15:20,10955.35,0.000
2023-07-10 15:30,10955.35,0.000
2023-07-10 15:40,10955.35,0.000
2023-07-10 15:50,10955.35,0.000
2023-07-10 16:00,10955.35,0.000
2023-07-10 16:10,10955.35,0.000
2023-07-10 16:20,10955.35,0.000
2023-07-10 16:30,10955.35,0.000
2023-07-10 16:40,10955.35,0.000
2023-07-10 16:50,10955.35,0.000
2023-07-10 17:00,10955.35,0.000
2023-07-10 17:10,10955.35,0.000
2023-07-10 17:20,10955.35,0.000
2023-07-10 17:30,10955.35,0.000
2023-07-10 17:40,10955.35,0.000
2023-07-10 17:50,10955.35,0.000
2023-07-10 18:00,10955.35,0.000
2023-07-10 18:10,10955.35,0.000
2023-07-10 18:20,10955.35,0.000
2023-07-10 18:30,10955.35,0.000
2023-07-10 18:40,10955.35,0.000
2023-07-10 18:50,10955.35,0.000
2023-07-10 19:00,10955.35,0.000
2023-07-10 19:10,10955.35,0.000
2023-07-10 19:20,10955.35,0.000
2023-07-10 19:30,10955.35,0.000
2023-07-10 19:40,10955.35,0.533
2023-07-10 19:50,10955.35,0.583
2023-07-10 20:00,10955.35,0.000
2023-07-10 20:10,10955.35,0.000
2023-07-10 20:20,10955.35,0.000
2023-07-10 20:30,10955.35,0.000
2023-07-10 20:40,10955.35,0.000
2023-07-10 20:50,10955.35,0.000
2023-07-10 21:00,10955.35,0.000
2023-07-10 21:10,10955.35,0.000
2023-07-10 21:20,10955.35,0.000
2023-07-10 21:30,10955.35,0.000
2023-07-10 21:40,10955.35,0.000
2023-07-10 21:50,10955.35,0.000
2023-07-10 22:00,10955.35,0.000
2023-07-10 22:10,10955.35,0.000
2023-07-10 22:20,10955.35,0.000
2023-07-10 22:30,10955.35,0.000
2023-07-10 22:40,10955.35,0.000
2023-07-10 22:50,10955.35,0.000
2023-07-10 23:00,10955.35,0.000
2023-07-10 23:10,10955.35,0.000
2023-07-10 23:20,10955.35,0.000
2023-07-10 23:30,10955.35,0.000
2023-07-10 23:40,10955.35,0.000
2023-07-10 23:50,10955.35,0.000
2023-07-11 00:00,10955.35,0.000
2023-07-11 00:10,10955.35,0.000
2023-07-11 00:20,10955.35,0.133
2023-07-11 00:30,10955.35,1.000
2023-07-11 00:40,10955.35,1.000
2023-07-11 00:50,10955.35,1.000
2023-07-11 01:00,10955.35,0.150
2023-07-11 01:10,10955.35,0.000
2023-07-11 01:20,10955.35,0.000
2023-07-11 01:30,10955.35,0.000
2023-07-11 01:40,10955.35,0.000
2023-07-11 01:50,10955.35,0.000
2023-07-11 02:00,10955.35,0.000
2023-07-11 02:10,10955.35,0.000
2023-07-11 02:20,10955.35,0.000
2023-07-11 02:30,10955.35,0.000
2023-07-11 02:40,10955.35,0.000
2023-07-11 02:50,10955.35,0.000
2023-07-11 03:00,10955.35,0.000
2023-07-11 03:10,10955.35,0.000
2023-07-11 03:20,10955.35,0.000
2023-07-11 03:30,10955.35,0.000
2023-07-11 03:40,10955.35,0.000
2023-07-11 03:50,10955.35,0.000
2023-07-11 04:00,10955.35,0.550
2023-07-11 04:10,10955.35,1.000
2023-07-11 04:20,10955.35,1.000
2023-07-11 04:30,10955.35,0.000
2023-07-11 04:40,10955.35,0.000
2023-07-11 04:50,10955.35,0.000
2023-07-11 05:00,10955.35,0.000
2023-07-11 05:10,10955.35,0.000
2023-07-11 05:20,10955.35,0.000
2023-07-11 05:30,10955.35,0.000
2023-07-11 05:40,10955.35,0.000
2023-07-11 05:50,10955.35,0.000
2023-07-11 06:00,10955.35,0.000
2023-07-11 06:10,10955.35,0.000
2023-07-11 06:20,10955.35,0.000
2023-07-11 06:30,10955.35,0.000
2023-07-11 06:40,10955.35,0.000
2023-07-11 06:50,10955.35,0.950
2023-07-11 07:00,10955.35,1.000
2023-07-11 07:10,10955.35,1.000
2023-07-11 07:20,10955.35,0.183
2023-07-11 07:30,10955.35,0.000
2023-07-11 07:40,10955.35,0.000
2023-07-11 07:50,10955.35,0.000
2023-07-11 08:00,10955.35,0.000
2023-07-11 08:10,10955.35,0.000
2023-07-11 08:20,10955.35,0.000
2023-07-11 08:30,10955.35,0.000
2023-07-11 08:40,10955.35,0.000
2023-07-11 08:50,10955.35,0.000
2023-07-11 09:00,10955.35,0.000
2023-07-11 09:10,10955.35,0.000
2023-07-11 09:20,10955.35,0.000
2023-07-11 09:30,10955.35,0.000
2023-07-11 09:40,10955.35,0.000
2023-07-11 09:50,10955.35,0.950
2023-07-11 10:00,10955.35,1.000
2023-07-11 10:10,10955.35,0.550
2023-07-11 10:20,10955.35,0.000
2023-07-11 10:30,10955.35,0.000
2023-07-11 10:40,10955.35,0.000
2023-07-11 10:50,10955.35,0.000
2023-07-11 11:00,10955.35,0.000
2023-07-11 11:10,10955.35,0.000
2023-07-11 11:20,10955.35,0.000
2023-07-11 11:30,10955.35,0.000
2023-07-11 11:40,10955.35,0.000
2023-07-11 11:50,10955.35,0.000
2023-07-11 12:00,10955.35,0.000
2023-07-11 12:10,10955.35,0.000
2023-07-11 12:20,10955.35,0.000
2023-07-11 12:30,10955.35,0.000
2023-07-11 12:40,10955.35,0.000
2023-07-11 12:50,10955.35,0.000
2023-07-11 13:00,10955.35,0.000
2023-07-11 13:10,10955.35,0.000
2023-07-11 13:20,10955.35,0.000
2023-07-11 13:30,10955.35,0.000
2023-07-11 13:40,10955.35,0.000
2023-07-11 13:50,10955.35,0.000
2023-07-11 14:00,10955.35,0.000
2023-07-11 14:10,10955.35,0.000
2023-07-11 14:20,10955.35,0.000
2023-07-11 14:30,10955.35,0.000
2023-07-11 14:40,10955.35,0.000
2023-07-11 14:50,10955.35,0.000
2023-07-11 15:00,10955.35,0.000
2023-07-11 15:10,10955.35,0.000
2023-07-11 15:20,10955.35,0.000
2023-07-11 15:30,10955.35,0.000
2023-07-11 15:40,10955.35,0.000
2023-07-11 15:50,10955.35,0.383
2023-07-11 16:00,10955.35,0.967
2023-07-11 16:10,10955.35,0.000
2023-07-11 16:20,10955.35,0.000
2023-07-11 16:30,10955.35,0.000
2023-07-11 16:40,10955.35,0.000
2023-07-11 16:50,10955.35,0.000
2023-07-11 17:00,10955.35,0.000
2023-07-11 17:10,10955.35,0.000
2023-07-11 17:20,10955.35,0.000
2023-07-11 17:30,10955.35,0.000
2023-07-11 17:40,10955.35,0.050
2023-07-11 17:50,10955.35,1.000
2023-07-11 18:00,10955.35,0.950
2023-07-11 18:10,10955.35,0.000
2023-07-11 18:20,10955.35,0.000
2023-07-11 18:30,10955.35,0.000
2023-07-11 18:40,10955.35,0.000
2023-07-11 18:50,10955.35,0.000
2023-07-11 19:00,10955.35,0.000
2023-07-11 19:10,10955.35,0.000
2023-07-11 19:20,10955.35,0.967
2023-07-11 19:30,10955.35,1.000
2023-07-11 19:40,10955.35,0.067
2023-07-11 19:50,10955.35,0.000
2023-07-11 20:00,10955.35,0.000
2023-07-11 20:10,10955.35,0.000
2023-07-11 20:20,10955.35,0.000
2023-07-11 20:30,10955.35,0.000
2023-07-11 20:40,10955.35,0.217
2023-07-11 20:50,10955.35,1.000
2023-07-11 21:00,10955.35,0.567
2023-07-11 21:10,10955.35,0.000
2023-07-11 21:20,10955.35,0.000
2023-07-11 21:30,10955.35,0.000
2023-07-11 21:40,10955.35,0.000
2023-07-11 21:50,10955.35,0.000
2023-07-11 22:00,10955.35,0.533
2023-07-11 22:10,10955.35,1.000
2023-07-11 22:20,10955.35,0.200
2023-07-11 22:30,10955.35,0.000
2023-07-11 22:40,10955.35,0.000
2023-07-11 22:50,10955.35,0.000
2023-07-11 23:00,10955.35,0.000
2023-07-11 23:10,10955.35,0.000
2023-07-11 23:20,10955.35,0.000
2023-07-11 23:30,10955.35,0.017
2023-07-11 23:40,10955.35,1.000
2023-07-11 23:50,10955.35,0.917
2023-07-12 00:00,10955.35,0.000
2023-07-12 00:10,10955.35,0.000
2023-07-12 00:20,10955.35,0.000
2023-07-12 00:30,10955.35,0.000
2023-07-12 00:40,10955.35,0.000
2023-07-12 00:50,10955.35,0.000
2023-07-12 01:00,10955.35,0.867
2023-07-12 01:10,10955.35,1.000
2023-07-12 01:20,10955.35,1.000
2023-07-12 01:30,10955.35,1.000
2023-07-12 01:40,10955.35,1.000
2023-07-12 01:50,10955.35,1.000
2023-07-12 02:00,10955.35,1.000
2023-07-12 02:10,10955.35,0.667
2023-07-12 02:20,10955.35,0.000
2023-07-12 02:30,10955.35,0.000
2023-07-12 02:40,10955.35,0.000
2023-07-12 02:50,10955.35,0.000
2023-07-12 03:00,10955.35,0.000
2023-07-12 03:10,10955.35,0.717
2023-07-12 03:20,10955.35,1.000
2023-07-12 03:30,10955.35,0.617
2023-07-12 03:40,10955.35,0.000
2023-07-12 03:50,10955.35,0.000
2023-07-12 04:00,10955.35,0.000
2023-07-12 04:10,10955.35,0.000
2023-07-12 04:20,10955.35,0.000
2023-07-12 04:30,10955.35,0.850
2023-07-12 04:40,10955.35,1.000
2023-07-12 04:50,10955.35,1.000
2023-07-12 05:00,10955.35,0.133
2023-07-12 05:10,10955.35,0.000
2023-07-12 05:20,10955.35,0.000
2023-07-12 05:30,10955.35,0.000
2023-07-12 05:40,10955.35,0.000
2023-07-12 05:50,10955.35,0.000
2023-07-12 06:00,10955.35,0.000
2023-07-12 06:10,10955.35,0.000
2023-07-12 06:20,10955.35,0.000
2023-07-12 06:30,10955.35,0.000
2023-07-12 06:40,10955.35,0.000
2023-07-12 06:50,10955.35,0.000
2023-07-12 07:00,10955.35,0.000
2023-07-12 07:10,10955.35,0.000
2023-07-12 07:20,10955.35,0.183
2023-07-12 07:30,10955.35,0.800
2023-07-12 07:40,10955.35,0.000
2023-07-12 07:50,10955.35,0.000
2023-07-12 08:00,10955.35,0.000
2023-07-12 08:10,10955.35,0.000
2023-07-12 08:20,10955.35,0.000
2023-07-12 08:30,10955.35,0.000
2023-07-12 08:40,10955.35,0.000
2023-07-12 08:50,10955.35,0.000
2023-07-12 09:00,10955.35,0.000
2023-07-12 09:10,10955.35,0.000
2023-07-12 09:20,10955.35,0.000
2023-07-12 09:30,10955.35,0.000
2023-07-12 09:40,10955.35,0.000
2023-07-12 09:50,10955.35,0.000
2023-07-12 10:00,10955.35,0.000
2023-07-12 10:10,10955.35,0.000
2023-07-12 10:20,10955.35,0.417
2023-07-12 10:30,10955.35,1.000
2023-07-12 10:40,10955.35,0.150
2023-07-12 10:50,10955.35,0.000
2023-07-12 11:00,10955.35,0.000
2023-07-12 11:10,10955.35,0.000
2023-07-12 11:20,10955.35,0.000
2023-07-12 11:30,10955.35,0.000
2023-07-12 11:40,10955.35,0.000
2023-07-12 11:50,10955.35,0.000
2023-07-12 12:00,10955.35,0.000
2023-07-12 12:10,10955.35,0.000
2023-07-12 12:20,10955.35,0.000
2023-07-12 12:30,10955.35,0.000
2023-07-12 12:40,10955.35,0.000
2023-07-12 12:50,10955.35,0.000
2023-07-12 13:00,10955.35,0.000
2023-07-12 13:10,10955.35,0.000
2023-07-12 13:20,10955.35,0.000
2023-07-12 13:30,10955.35,0.000
2023-07-12 13:40,10955.35,0.000
2023-07-12 13:50,10955.35,0.000
2023-07-12 14:00,10955.35,0.000
2023-07-12 14:10,10955.35,0.000
2023-07-12 14:20,10955.35,0.000
2023-07-12 14:30,10955.35,0.000
2023-07-12 14:40,10955.35,0.000
2023-07-12 14:50,10955.35,0.000
2023-07-12 15:00,10955.35,0.000
2023-07-12 15:10,10955.35,0.000
2023-07-12 15:20,10955.35,0.000
2023-07-12 15:30,10955.35,0.000
2023-07-12 15:40,10955.35,0.000
2023-07-12 15:50,10955.35,0.000
2023-07-12 16:00,10955.35,0.000
2023-07-12 16:10,10955.35,0.000
2023-07-12 16:20,10955.35,0.000
2023-07-12 16:30,10955.35,0.000
2023-07-12 16:40,10955.35,0.000
2023-07-12 16:50,10955.35,0.000
2023-07-12 17:00,10955.35,0.000
2023-07-12 17:10,10955.35,0.000
2023-07-12 17:20,10955.35,0.000
2023-07-12 17:30,10955.35,0.000
2023-07-12 17:40,10955.35,0.000
2023-07-12 17:50,10955.35,0.000
2023-07-12 18:00,10955.35,0.000
2023-07-12 18:10,10955.35,0.000
2023-07-12 18:20,10955.35,0.000
2023-07-12 18:30,10955.35,0.000
2023-07-12 18:40,10955.35,0.000
2023-07-12 18:50,10955.35,0.000
2023-07-12 19:00,10955.35,0.000
2023-07-12 19:10,10955.35,0.000
2023-07-12 19:20,10955.35,0.000
2023-07-12 19:30,10955.35,0.000
2023-07-12 19:40,10955.35,0.000
2023-07-12 19:50,10955.35,0.000
2023-07-12 20:00,10955.35,0.000
2023-07-12 20:10,10955.35,0.000
2023-07-12 20:20,10955.35,0.000
2023-07-12 20:30,10955.35,0.000
2023-07-12 20:40,10955.35,0.000
2023-07-12 20:50,10955.35,0.000
2023-07-12 21:00,10955.35,0.000
2023-07-12 21:10,10955.35,0.000
2023-07-12 21:20,10955.35,0.000
2023-07-12 21:30,10955.35,0.167
2023-07-12 21:40,10955.35,0.533
2023-07-12 21:50,10955.35,0.867
2023-07-12 22:00,10955.35,0.717
2023-07-12 22:10,10955.35,1.000
2023-07-12 22:20,10955.35,1.000
2023-07-12 22:30,10955.35,1.000
2023-07-12 22:40,10955.35,1.000
2023-07-12 22:50,10955.35,1.000
2023-07-12 23:00,10955.35,1.000
2023-07-12 23:10,10955.35,1.000
2023-07-12 23:20,10955.35,1.000
2023-07-12 23:30,10955.35,1.000
2023-07-12 23:40,10955.35,1.000
2023-07-12 23:50,10955.35,1.000
2023-07-13 00:00,10955.35,1.000
2023-07-13 00:10,10955.35,1.000
2023-07-13 00:20,10955.35,1.000
2023-07-13 00:30,10955.35,1.000
2023-07-13 00:40,10955.35,1.000
2023-07-13 00:50,10955.35,1.000
2023-07-13 01:00,10955.35,1.000
2023-07-13 01:10,10955.35,1.000
2023-07-13 01:20,10955.35,1.000
2023-07-13 01:30,10955.35,1.000
2023-07-13 01:40,10955.35,1.000
2023-07-13 01:50,10955.35,1.000
2023-07-13 02:00,10955.35,1.000
2023-07-13 02:10,10955.35,1.000
2023-07-13 02:20,10955.35,1.000
2023-07-13 02:30,10955.35,1.000
2023-07-13 02:40,10955.35,1.000
2023-07-13 02:50,10955.35,1.000
2023-07-13 03:00,10955.35,1.000
2023-07-13 03:10,10955.35,1.000
2023-07-13 03:20,10955.35,1.000
2023-07-13 03:30,10955.35,1.000
2023-07-13 03:40,10955.35,1.000
2023-07-13 03:50,10955.35,1.000
2023-07-13 04:00,10955.35,1.000
2023-07-13 04:10,10955.35,1.000
2023-07-13 04:20,10955.35,1.000
2023-07-13 04:30,10955.35,1.000
2023-07-13 04:40,10955.35,1.000
2023-07-13 04:50,10955.35,1.000
2023-07-13 05:00,10955.35,0.433
2023-07-13 05:10,10955.35,0.000
2023-07-13 05:20,10955.35,0.000
2023-07-13 05:30,10955.35,0.000
2023-07-13 05:40,10955.35,0.000
2023-07-13 05:50,10955.35,0.000
2023-07-13 06:00,10955.35,0.000
2023-07-13 06:10,10955.35,0.000
2023-07-13 06:20,10955.35,0.000
2023-07-13 06:30,10955.35,0.000
2023-07-13 06:40,10955.35,0.000
2023-07-13 06:50,10955.35,0.000
2023-07-13 07:00,10955.35,0.000
2023-07-13 07:10,10955.35,0.000
2023-07-13 07:20,10955.35,0.000
2023-07-13 07:30,10955.35,0.000
2023-07-13 07:40,10955.35,0.000
2023-07-13 07:50,10955.35,0.000
2023-07-13 08:00,10955.35,0.000
2023-07-13 08:10,10955.35,0.000
2023-07-13 08:20,10955.35,0.000
2023-07-13 08:30,10955.35,0.000
2023-07-13 08:40,10955.35,0.000
2023-07-13 08:50,10955.35,0.000
2023-07-13 09:00,10955.35,0.000
2023-07-13 09:10,10955.35,0.000
2023-07-13 09:20,10955.35,0.000
2023-07-13 09:30,10955.35,0.000
2023-07-13 09:40,10955.35,0.000
2023-07-13 09:50,10955.35,0.000
2023-07-13 10:00,10955.35,0.000
2023-07-13 10:10,10955.35,0.000
2023-07-13 10:20,10955.35,0.000
2023-07-13 10:30,10955.35,0.000
2023-07-13 10:40,10955.35,0.000
2023-07-13 10:50,10955.35,0.000
2023-07-13 11:00,10955.35,0.000
2023-07-13 11:10,10955.35,0.000
2023-07-13 11:20,10955.35,0.000
2023-07-13 11:30,10955.35,0.000
2023-07-13 11:40,10955.35,0.000
2023-07-13 11:50,10955.35,0.000
2023-07-13 12:00,10955.35,0.000
2023-07-13 12:10,10955.35,0.000
2023-07-13 12:20,10955.35,0.000
2023-07-13 12:30,10955.35,0.000
2023-07-13 12:40,10955.35,0.000
2023-07-13 12:50,10955.35,0.000
2023-07-13 13:00,10955.35,0.000
2023-07-13 13:10,10955.35,0.000
2023-07-13 13:20,10955.35,0.000
2023-07-13 13:30,10955.35,0.000
2023-07-13 13:40,10955.35,0.000
2023-07-13 13:50,10955.35,0.000
2023-07-13 14:00,10955.35,0.000
2023-07-13 14:10,10955.35,0.000
2023-07-13 14:20,10955.35,0.000
2023-07-13 14:30,10955.35,0.000
2023-07-13 14:40,10955.35,0.000
2023-07-13 14:50,10955.35,0.000
2023-07-13 15:00,10955.35,0.000
2023-07-13 15:10,10955.35,0.000
2023-07-13 15:20,10955.35,0.000
2023-07-13 15:30,10955.35,0.000
2023-07-13 15:40,10955.35,0.000
2023-07-13 15:50,10955.35,0.000
2023-07-13 16:00,10955.35,0.000
2023-07-13 16:10,10955.35,0.000
2023-07-13 16:20,10955.35,0.000
2023-07-13 16:30,10955.35,0.000
2023-07-13 16:40,10955.35,0.000
2023-07-13 16:50,10955.35,0.000
2023-07-13 17:00,10955.35,0.000
2023-07-13 17:10,10955.35,0.000
2023-07-13 17:20,10955.35,0.000
2023-07-13 17:30,10955.35,0.000
2023-07-13 17:40,10955.35,0.000
2023-07-13 17:50,10955.35,0.000
2023-07-13 18:00,10955.35,0.000
2023-07-13 18:10,10955.35,0.000
2023-07-13 18:20,10955.35,0.000
2023-07-13 18:30,10955.35,0.000
2023-07-13 18:40,10955.35,0.000
2023-07-13 18:50,10955.35,0.000
2023-07-13 19:00,10955.35,0.000
2023-07-13 19:10,10955.35,0.000
2023-07-13 19:20,10955.35,0.000
2023-07-13 19:30,10955.35,0.000
2023-07-13 19:40,10955.35,0.000
2023-07-13 19:50,10955.35,0.000
2023-07-13 20:00,10955.35,0.000
2023-07-13 20:10,10955.35,0.000
2023-07-13 20:20,10955.35,0.000
2023-07-13 20:30,10955.35,0.000
2023-07-13 20:40,10955.35,0.000
2023-07-13 20:50,10955.35,0.000
2023-07-13 21:00,10955.35,0.000
2023-07-13 21:10,10955.35,0.000
2023-07-13 21:20,10955.35,0.000
2023-07-13 21:30,10955.35,0.000
2023-07-13 21:40,10955.35,0.000
2023-07-13 21:50,10955.35,0.000
2023-07-13 22:00,10955.35,0.000
2023-07-13 22:10,10955.35,0.000
2023-07-13 22:20,10955.35,0.000
2023-07-13 22:30,10955.35,0.000
2023-07-13 22:40,10955.35,0.000
2023-07-13 22:50,10955.35,0.000
2023-07-13 23:00,10955.35,0.000
2023-07-13 23:10,10955.35,0.000
2023-07-13 23:20,10955.35,0.000
2023-07-13 23:30,10955.35,0.000
2023-07-13 23:40,10955.35,0.000
2023-07-13 23:50,10955.35,0.000
2023-07-14 00:00,10955.35,0.000
2023-07-14 00:10,10955.35,0.000
2023-07-14 00:20,10955.35,0.000
2023-07-14 00:30,10955.35,0.000
2023-07-14 00:40,10955.35,0.000
2023-07-14 00:50,10955.35,0.000
2023-07-14 01:00,10955.35,0.000
2023-07-14 01:10,10955.35,0.000
2023-07-14 01:20,10955.35,0.000
2023-07-14 01:30,10955.35,0.000
2023-07-14 01:40,10955.35,0.000
2023-07-14 01:50,10955.35,0.000
2023-07-14 02:00,10955.35,0.000
2023-07-14 02:10,10955.35,0.000
2023-07-14 02:20,10955.35,0.000
2023-07-14 02:30,10955.35,0.000
2023-07-14 02:40,10955.35,0.000
2023-07-14 02:50,10955.35,0.000
2023-07-14 03:00,10955.35,0.000
2023-07-14 03:10,10955.35,0.000
2023-07-14 03:20,10955.35,0.000
2023-07-14 03:30,10955.35,0.000
2023-07-14 03:40,10955.35,0.000
2023-07-14 03:50,10955.35,0.000
2023-07-14 04:00,10955.35,0.000
2023-07-14 04:10,10955.35,0.000
2023-07-14 04:20,10955.35,0.000
2023-07-14 04:30,10955.35,0.000
2023-07-14 04:40,10955.35,0.000
2023-07-14 04:50,10955.35,0.000
2023-07-14 05:00,10955.35,0.000
2023-07-14 05:10,10955.35,0.000
2023-07-14 05:20,10955.35,0.000
2023-07-14 05:30,10955.35,0.000
2023-07-14 05:40,10955.35,0.000
2023-07-14 05:50,10955.35,0.000
2023-07-14 06:00,10955.35,0.000
2023-07-14 06:10,10955.35,0.000
2023-07-14 06:20,10955.35,0.000
2023-07-14 06:30,10955.35,0.000
2023-07-14 06:40,10955.35,0.000
2023-07-14 06:50,10955.35,0.000
2023-07-14 07:00,10955.35,0.000
2023-07-14 07:10,10955.35,0.000
2023-07-14 07:20,10955.35,0.000
2023-07-14 07:30,10955.35,0.000
2023-07-14 07:40,10955.35,0.000
2023-07-14 07:50,10955.35,0.000
2023-07-14 08:00,10955.35,0.000
2023-07-14 08:10,10955.35,0.000
2023-07-14 08:20,10955.35,0.000
2023-07-14 08:30,10955.35,0.000
2023-07-14 08:40,10955.35,0.000
2023-07-14 08:50,10955.35,0.000
2023-07-14 09:00,10955.35,0.000
2023-07-14 09:10,10955.35,0.000
2023-07-14 09:20,10955.35,0.000
2023-07-14 09:30,10955.35,0.000
2023-07-14 09:40,10955.35,0.000
2023-07-14 09:50,10955.35,0.000
2023-07-14 10:00,10955.35,0.000
2023-07-14 10:10,10955.35,0.000
2023-07-14 10:20,10955.35,0.000
2023-07-14 10:30,10955.35,0.000
2023-07-14 10:40,10955.35,0.000
2023-07-14 10:50,10955.35,0.000
2023-07-14 11:00,10955.35,0.000
2023-07-14 11:10,10955.35,0.000
2023-07-14 11:20,10955.35,0.000
2023-07-14 11:30,10955.35,0.000
2023-07-14 11:40,10955.35,0.000
2023-07-14 11:50,10955.35,0.000
2023-07-14 12:00,10955.35,0.000
2023-07-14 12:10,10955.35,0.000
2023-07-14 12:20,10955.35,0.000
2023-07-14 12:30,10955.35,0.000
2023-07-14 12:40,10955.35,0.000
2023-07-14 12:50,10955.35,0.000
2023-07-14 13:00,10955.35,0.000
2023-07-14 13:10,10955.35,0.000
2023-07-14 13:20,10955.35,0.000
2023-07-14 13:30,10955.35,0.000
2023-07-14 13:40,10955.35,0.000
2023-07-14 13:50,10955.35,0.000
2023-07-14 14:00,10955.35,0.000
2023-07-14 14:10,10955.35,0.000
2023-07-14 14:20,10955.35,0.000
2023-07-14 14:30,10955.35,0.000
2023-07-14 14:40,10955.35,0.000
2023-07-14 14:50,10955.35,0.000
2023-07-14 15:00,10955.35,0.000
2023-07-14 15:10,10955.35,0.000
2023-07-14 15:20,10955.35,0.000
2023-07-14 15:30,10955.35,0.000
2023-07-14 15:40,10955.35,0.000
2023-07-14 15:50,10955.35,0.000
2023-07-14 16:00,10955.35,0.000
2023-07-14 16:10,10955.35,0.000
2023-07-14 16:20,10955.35,0.000
2023-07-14 16:30,10955.35,0.000
2023-07-14 16:40,10955.35,0.000
2023-07-14 16:50,10955.35,0.000
2023-07-14 17:00,10955.35,0.000
2023-07-14 17:10,10955.35,0.000
2023-07-14 17:20,10955.35,0.000
2023-07-14 17:30,10955.35,0.000
2023-07-14 17:40,10955.35,0.000
2023-07-14 17:50,10955.35,0.000
2023-07-14 18:00,10955.35,0.000
2023-07-14 18:10,10955.35,0.000
2023-07-14 18:20,10955.35,0.000
2023-07-14 18:30,10955.35,0.000
2023-07-14 18:40,10955.35,0.000
2023-07-14 18:50,10955.35,0.000
2023-07-14 19:00,10955.35,0.000
2023-07-14 19:10,10955.35,0.000
2023-07-14 19:20,10955.35,0.000
2023-07-14 19:30,10955.35,0.000
2023-07-14 19:40,10955.35,0.000
2023-07-14 19:50,10955.35,0.000
2023-07-14 20:00,10955.35,0.000
2023-07-14 20:10,10955.35,0.000
2023-07-14 20:20,10955.35,0.000
2023-07-14 20:30,10955.35,0.000
2023-07-14 20:40,10955.35,0.000
2023-07-14 20:50,10955.35,0.000
2023-07-14 21:00,10955.35,0.000
2023-07-14 21:10,10955.35,0.000
2023-07-14 21:20,10955.35,0.000
2023-07-14 21:30,10955.35,0.000
2023-07-14 21:40,10955.35,0.000
2023-07-14 21:50,10955.35,0.000
2023-07-14 22:00,10955.35,0.000
2023-07-14 22:10,10955.35,0.000
2023-07-14 22:20,10955.35,0.000
2023-07-14 22:30,10955.35,0.000
2023-07-14 22:40,10955.35,0.000
2023-07-14 22:50,10955.35,0.000
2023-07-14 23:00,10955.35,0.000
2023-07-14 23:10,10955.35,0.000
2023-07-14 23:20,10955.35,0.000
2023-07-14 23:30,10955.35,0.000
2023-07-14 23:40,10955.35,0.000
2023-07-14 23:50,10955.35,0.000
2023-07-15 00:00,10955.35,0.000
2023-07-15 00:10,10955.35,0.000
2023-07-15 00:20,10955.35,0.000
2023-07-15 00:30,10955.35,0.000
2023-07-15 00:40,10955.35,0.000
2023-07-15 00:50,10955.35,0.000
2023-07-15 01:00,10955.35,0.000
2023-07-15 01:10,10955.35,0.000
2023-07-15 01:20,10955.35,0.000
2023-07-15 01:30,10955.35,0.000
2023-07-15 01:40,10955.35,0.000
2023-07-15 01:50,10955.35,0.000
2023-07-15 02:00,10955.35,0.000
2023-07-15 02:10,10955.35,0.000
2023-07-15 02:20,10955.35,0.000
2023-07-15 02:30,10955.35,0.000
2023-07-15 02:40,10955.35,0.000
2023-07-15 02:50,10955.35,0.000
2023-07-15 03:00,10955.35,0.000
2023-07-15 03:10,10955.35,0.000
2023-07-15 03:20,10955.35,0.000
2023-07-15 03:30,10955.35,0.000
2023-07-15 03:40,10955.35,0.000
2023-07-15 03:50,10955.35,0.000
2023-07-15 04:00,10955.35,0.000
2023-07-15 04:10,10955.35,0.000
2023-07-15 04:20,10955.35,0.000
2023-07-15 04:30,10955.35,0.000
2023-07-15 04:40,10955.35,0.000
2023-07-15 04:50,10955.35,0.000
2023-07-15 05:00,10955.35,0.000
2023-07-15 05:10,10955.35,0.000
2023-07-15 05:20,10955.35,0.000
2023-07-15 05:30,10955.35,0.000
2023-07-15 05:40,10955.35,0.000
2023-07-15 05:50,10955.35,0.000
2023-07-15 06:00,10955.35,0.000
2023-07-15 06:10,10955.35,0.000
2023-07-15 06:20,10955.35,0.000
2023-07-15 06:30,10955.35,0.000
2023-07-15 06:40,10955.35,0.000
2023-07-15 06:50,10955.35,0.000
2023-07-15 07:00,10955.35,0.000
2023-07-15 07:10,10955.35,0.000
2023-07-15 07:20,10955.35,0.000
2023-07-15 07:30,10955.35,0.000
2023-07-15 07:40,10955.35,0.000
2023-07-15 07:50,10955.35,0.000
2023-07-15 08:00,10955.35,0.000
2023-07-15 08:10,10955.35,0.000
2023-07-15 08:20,10955.35,0.000
2023-07-15 08:30,10955.35,0.000
2023-07-15 08:40,10955.35,0.000
2023-07-15 08:50,10955.35,0.000
2023-07-15 09:00,10955.35,0.000
2023-07-15 09:10,10955.35,0.000
2023-07-15 09:20,10955.35,0.000
2023-07-15 09:30,10955.35,0.000
2023-07-15 09:40,10955.35,0.000
2023-07-15 09:50,10955.35,0.000
2023-07-15 10:00,10955.35,0.000
2023-07-15 10:10,10955.35,0.000
2023-07-15 10:20,10955.35,0.000
2023-07-15 10:30,10955.35,0.000
2023-07-15 10:40,10955.35,0.000
2023-07-15 10:50,10955.35,0.000
2023-07-15 11:00,10955.35,0.000
2023-07-15 11:10,10955.35,0.000
2023-07-15 11:20,10955.35,0.000
2023-07-15 11:30,10955.35,0.000
2023-07-15 11:40,10955.35,0.000
2023-07-15 11:50,10955.35,0.000
2023-07-15 12:00,10955.35,0.000
2023-07-15 12:10,10955.35,0.000
2023-07-15 12:20,10955.35,0.000
2023-07-15 12:30,10955.35,0.000
2023-07-15 12:40,10955.35,0.000
2023-07-15 12:50,10955.35,0.000
2023-07-15 13:00,10955.35,0.000
2023-07-15 13:10,10955.35,0.000
2023-07-15 13:20,10955.35,0.000
2023-07-15 13:30,10955.35,0.000
2023-07-15 13:40,10955.35,0.000
2023-07-15 13:50,10955.35,0.000
2023-07-15 14:00,10955.35,0.000
2023-07-15 14:10,10955.35,0.000
2023-07-15 14:20,10955.35,0.000
2023-07-15 14:30,10955.35,0.000
2023-07-15 14:40,10955.35,0.000
2023-07-15 14:50,10955.35,0.000
2023-07-15 15:00,10955.35,0.000
2023-07-15 15:10,10955.35,0.000
2023-07-15 15:20,10955.35,0.000
2023-07-15 15:30,10955.35,0.000
2023-07-15 15:40,10955.35,0.000
2023-07-15 15:50,10955.35,0.000
2023-07-15 16:00,10955.35,0.000
2023-07-15 16:10,10955.35,0.000
2023-07-15 16:20,10955.35,0.000
2023-07-15 16:30,10955.35,0.000
2023-07-15 16:40,10955.35,0.000
2023-07-15 16:50,10955.35,0.000
2023-07-15 17:00,10955.35,0.000
2023-07-15 17:10,10955.35,0.450
2023-07-15 17:20,10955.35,0.000
2023-07-15 17:30,10955.35,0.000
2023-07-15 17:40,10955.35,0.000
2023-07-15 17:50,10955.35,0.517
2023-07-15 18:00,10955.35,1.000
2023-07-15 18:10,10955.35,1.000
2023-07-15 18:20,10955.35,1.000
2023-07-15 18:30,10955.35,1.000
2023-07-15 18:40,10955.35,0.233
2023-07-15 18:50,10955.35,0.000
2023-07-15 19:00,10955.35,0.000
2023-07-15 19:10,10955.35,0.000
2023-07-15 19:20,10955.35,0.000
2023-07-15 19:30,10955.35,0.000
2023-07-15 19:40,10955.35,0.000
2023-07-15 19:50,10955.35,0.000
2023-07-15 20:00,10955.35,0.000
2023-07-15 20:10,10955.35,0.000
2023-07-15 20:20,10955.35,0.000
2023-07-15 20:30,10955.35,0.100
2023-07-15 20:40,10955.35,1.000
2023-07-15 20:50,10955.35,1.000
2023-07-15 21:00,10955.35,1.000
2023-07-15 21:10,10955.35,1.000
2023-07-15 21:20,10955.35,1.000
2023-07-15 21:30,10955.35,1.000
2023-07-15 21:40,10955.35,0.750
2023-07-15 21:50,10955.35,0.000
2023-07-15 22:00,10955.35,0.000
2023-07-15 22:10,10955.35,0.000
2023-07-15 22:20,10955.35,0.000
2023-07-15 22:30,10955.35,0.000
2023-07-15 22:40,10955.35,0.000
2023-07-15 22:50,10955.35,0.000
2023-07-15 23:00,10955.35,0.000
2023-07-15 23:10,10955.35,0.000
2023-07-15 23:20,10955.35,0.567
2023-07-15 23:30,10955.35,1.000
2023-07-15 23:40,10955.35,1.000
2023-07-15 23:50,10955.35,0.833
2023-07-16 00:00,10955.35,0.000
2023-07-16 00:10,10955.35,0.000
2023-07-16 00:20,10955.35,0.000
2023-07-16 00:30,10955.35,0.000
2023-07-16 00:40,10955.35,0.000
2023-07-16 00:50,10955.35,0.000
2023-07-16 01:00,10955.35,0.000
2023-07-16 01:10,10955.35,0.000
2023-07-16 01:20,10955.35,0.717
2023-07-16 01:30,10955.35,1.000
2023-07-16 01:40,10955.35,1.000
2023-07-16 01:50,10955.35,1.000
2023-07-16 02:00,10955.35,1.000
2023-07-16 02:10,10955.35,1.000
2023-07-16 02:20,10955.35,1.000
2023-07-16 02:30,10955.35,1.000
2023-07-16 02:40,10955.35,1.000
2023-07-16 02:50,10955.35,1.000
2023-07-16 03:00,10955.35,1.000
2023-07-16 03:10,10955.35,1.000
2023-07-16 03:20,10955.35,1.000
2023-07-16 03:30,10955.35,1.000
2023-07-16 03:40,10955.35,1.000
2023-07-16 03:50,10955.35,1.000
2023-07-16 04:00,10955.35,1.000
2023-07-16 04:10,10955.35,1.000
2023-07-16 04:20,10955.35,1.000
2023-07-16 04:30,10955.35,0.650
2023-07-16 04:40,10955.35,1.000
2023-07-16 04:50,10955.35,1.000
2023-07-16 05:00,10955.35,1.000
2023-07-16 05:10,10955.35,0.317
2023-07-16 05:20,10955.35,1.000
2023-07-16 05:30,10955.35,1.000
2023-07-16 05:40,10955.35,1.000
2023-07-16 05:50,10955.35,0.633
2023-07-16 06:00,10955.35,1.000
2023-07-16 06:10,10955.35,1.000
2023-07-16 06:20,10955.35,1.000
2023-07-16 06:30,10955.35,1.000
2023-07-16 06:40,10955.35,1.000
2023-07-16 06:50,10955.35,1.000
2023-07-16 07:00,10955.35,1.000
2023-07-16 07:10,10955.35,1.000
2023-07-16 07:20,10955.35,1.000
2023-07-16 07:30,10955.35,1.000
2023-07-16 07:40,10955.35,1.000
2023-07-16 07:50,10955.35,1.000
2023-07-16 08:00,10955.35,0.867
2023-07-16 08:10,10955.35,1.000
2023-07-16 08:20,10955.35,1.000
2023-07-16 08:30,10955.35,1.000
2023-07-16 08:40,10955.35,1.000
2023-07-16 08:50,10955.35,1.000
2023-07-16 09:00,10955.35,1.000
2023-07-16 09:10,10955.35,1.000
2023-07-16 09:20,10955.35,1.000
2023-07-16 09:30,10955.35,1.000
2023-07-16 09:40,10955.35,1.000
2023-07-16 09:50,10955.35,0.750
2023-07-16 10:00,10955.35,1.000
2023-07-16 10:10,10955.35,1.000
2023-07-16 10:20,10955.35,1.000
2023-07-16 10:30,10955.35,1.000
2023-07-16 10:40,10955.35,0.717
2023-07-16 10:50,10955.35,1.000
2023-07-16 11:00,10955.35,1.000
2023-07-16 11:10,10955.35,0.833
2023-07-16 11:20,10955.35,0.900
2023-07-16 11:30,10955.35,1.000
2023-07-16 11:40,10955.35,1.000
2023-07-16 11:50,10955.35,0.783
2023-07-16 12:00,10955.35,1.000
2023-07-16 12:10,10955.35,1.000
2023-07-16 12:20,10955.35,0.917
2023-07-16 12:30,10955.35,0.850
2023-07-16 12:40,10955.35,1.000
2023-07-16 12:50,10955.35,0.900
2023-07-16 13:00,10955.35,0.767
2023-07-16 13:10,10955.35,1.000
2023-07-16 13:20,10955.35,1.000
2023-07-16 13:30,10955.35,0.733
2023-07-16 13:40,10955.35,1.000
2023-07-16 13:50,10955.35,1.000
2023-07-16 14:00,10955.35,1.000
2023-07-16 14:10,10955.35,1.000
2023-07-16 14:20,10955.35,1.000
2023-07-16 14:30,10955.35,1.000
2023-07-16 14:40,10955.35,1.000
2023-07-16 14:50,10955.35,1.000
2023-07-16 15:00,10955.35,1.000
2023-07-16 15:10,10955.35,1.000
2023-07-16 15:20,10955.35,1.000
2023-07-16 15:30,10955.35,1.000
2023-07-16 15:40,10955.35,1.000
2023-07-16 15:50,10955.35,0.367
2023-07-16 16:00,10955.35,0.417
2023-07-16 16:10,10955.35,0.483
2023-07-16 16:20,10955.35,0.333
2023-07-16 16:30,10955.35,0.567
2023-07-16 16:40,10955.35,1.000
2023-07-16 16:50,10955.35,1.000
2023-07-16 17:00,10955.35,1.000
2023-07-16 17:10,10955.35,1.000
2023-07-16 17:20,10955.35,1.000
2023-07-16 17:30,10955.35,1.000
2023-07-16 17:40,10955.35,0.150
2023-07-16 17:50,10955.35,0.000
2023-07-16 18:00,10955.35,0.000
2023-07-16 18:10,10955.35,0.000
2023-07-16 18:20,10955.35,0.000
2023-07-16 18:30,10955.35,0.000
2023-07-16 18:40,10955.35,0.000
2023-07-16 18:50,10955.35,0.000
2023-07-16 19:00,10955.35,0.000
2023-07-16 19:10,10955.35,0.000
2023-07-16 19:20,10955.35,0.000
2023-07-16 19:30,10955.35,0.000
2023-07-16 19:40,10955.35,0.000
2023-07-16 19:50,10955.35,0.000
2023-07-16 20:00,10955.35,0.000
2023-07-16 20:10,10955.35,0.000
2023-07-16 20:20,10955.35,0.000
2023-07-16 20:30,10955.35,0.000
2023-07-16 20:40,10955.35,0.000
2023-07-16 20:50,10955.35,0.000
2023-07-16 21:00,10955.35,0.000
2023-07-16 21:10,10955.35,0.000
2023-07-16 21:20,10955.35,0.000
2023-07-16 21:30,10955.35,0.000
2023-07-16 21:40,10955.35,0.000
2023-07-16 21:50,10955.35,0.000
2023-07-16 22:00,10955.35,0.000
2023-07-16 22:10,10955.35,0.000
2023-07-16 22:20,10955.35,0.000
2023-07-16 22:30,10955.35,0.000
2023-07-16 22:40,10955.35,0.000
2023-07-16 22:50,10955.35,0.000
2023-07-16 23:00,10955.35,0.000
2023-07-16 23:10,10955.35,0.000
2023-07-16 23:20,10955.35,0.000
2023-07-16 23:30,10955.35,0.000
2023-07-16 23:40,10955.35,0.000
2023-07-16 23:50,10955.35,0.000
2023-07-17 00:00,10955.35,0.000
2023-07-17 00:10,10955.35,0.000
2023-07-17 00:20,10955.35,0.000
2023-07-17 00:30,10955.35,0.000
2023-07-17 00:40,10955.35,0.000
2023-07-17 00:50,10955.35,0.000
2023-07-17 01:00,10955.35,0.000
2023-07-17 01:10,10955.35,0.000
2023-07-17 01:20,10955.35,0.000
2023-07-17 01:30,10955.35,0.000
2023-07-17 01:40,10955.35,0.000
2023-07-17 01:50,10955.35,0.000
2023-07-17 02:00,10955.35,0.000
2023-07-17 02:10,10955.35,0.000
2023-07-17 02:20,10955.35,0.000
2023-07-17 02:30,10955.35,0.000
2023-07-17 02:40,10955.35,0.000
2023-07-17 02:50,10955.35,0.000
2023-07-17 03:00,10955.35,0.000
2023-07-17 03:10,10955.35,0.000
2023-07-17 03:20,10955.35,0.000
2023-07-17 03:30,10955.35,0.000
2023-07-17 03:40,10955.35,0.000
2023-07-17 03:50,10955.35,0.000
2023-07-17 04:00,10955.35,0.000
2023-07-17 04:10,10955.35,0.000
2023-07-17 04:20,10955.35,0.000
2023-07-17 04:30,10955.35,0.000
2023-07-17 04:40,10955.35,0.000
2023-07-17 04:50,10955.35,0.000
2023-07-17 05:00,10955.35,0.000
2023-07-17 05:10,10955.35,0.000
2023-07-17 05:20,10955.35,0.000
2023-07-17 05:30,10955.35,0.000
2023-07-17 05:40,10955.35,0.000
2023-07-17 05:50,10955.35,0.000
2023-07-17 06:00,10955.35,0.000
2023-07-17 06:10,10955.35,0.000
2023-07-17 06:20,10955.35,0.000
2023-07-17 06:30,10955.35,0.000
2023-07-17 06:40,10955.35,0.000
2023-07-17 06:50,10955.35,0.000
2023-07-17 07:00,10955.35,0.000
2023-07-17 07:10,10955.35,0.000
2023-07-17 07:20,10955.35,0.000
2023-07-17 07:30,10955.35,0.000
2023-07-17 07:40,10955.35,0.000
2023-07-17 07:50,10955.35,0.000
2023-07-17 08:00,10955.35,0.000
2023-07-17 08:10,10955.35,0.000
2023-07-17 08:20,10955.35,0.000
2023-07-17 08:30,10955.35,0.000
2023-07-17 08:40,10955.35,0.000
2023-07-17 08:50,10955.35,0.000
2023-07-17 09:00,10955.35,0.000
2023-07-17 09:10,10955.35,0.000
2023-07-17 09:20,10955.35,0.000
2023-07-17 09:30,10955.35,0.000
2023-07-17 09:40,10955.35,0.000
2023-07-17 09:50,10955.35,0.000
2023-07-17 10:00,10955.35,0.000
2023-07-17 10:10,10955.35,0.000
2023-07-17 10:20,10955.35,0.000
2023-07-17 10:30,10955.35,0.000
2023-07-17 10:40,10955.35,0.000
2023-07-17 10:50,10955.35,0.000
2023-07-17 11:00,10955.35,0.000
2023-07-17 11:10,10955.35,0.000
2023-07-17 11:20,10955.35,0.000
2023-07-17 11:30,10955.35,0.000
2023-07-17 11:40,10955.35,0.000
2023-07-17 11:50,10955.35,0.000
2023-07-17 12:00,10955.35,0.000
2023-07-17 12:10,10955.35,0.000
2023-07-17 12:20,10955.35,0.000
2023-07-17 12:30,10955.35,0.000
2023-07-17 12:40,10955.35,0.000
2023-07-17 12:50,10955.35,0.000
2023-07-17 13:00,10955.35,0.000
2023-07-17 13:10,10955.35,0.000
2023-07-17 13:20,10955.35,0.000
2023-07-17 13:30,10955.35,0.000
2023-07-17 13:40,10955.35,0.000
2023-07-17 13:50,10955.35,0.000
2023-07-17 14:00,10955.35,0.000
2023-07-17 14:10,10955.35,0.000
2023-07-17 14:20,10955.35,0.000
2023-07-17 14:30,10955.35,0.000
2023-07-17 14:40,10955.35,0.000
2023-07-17 14:50,10955.35,0.000
2023-07-17 15:00,10955.35,0.000
2023-07-17 15:10,10955.35,0.000
2023-07-17 15:20,10955.35,0.000
2023-07-17 15:30,10955.35,0.000
2023-07-17 15:40,10955.35,0.000
2023-07-17 15:50,10955.35,0.000
2023-07-17 16:00,10955.35,0.000
2023-07-17 16:10,10955.35,0.000
2023-07-17 16:20,10955.35,0.000
2023-07-17 16:30,10955.35,0.000
2023-07-17 16:40,10955.35,0.000
2023-07-17 16:50,10955.35,0.000
2023-07-17 17:00,10955.35,0.000
2023-07-17 17:10,10955.35,0.000
2023-07-17 17:20,10955.35,0.000
2023-07-17 17:30,10955.35,0.000
2023-07-17 17:40,10955.35,0.000
2023-07-17 17:50,10955.35,0.000
2023-07-17 18:00,10955.35,0.000
2023-07-17 18:10,10955.35,0.000
2023-07-17 18:20,10955.35,0.000
2023-07-17 18:30,10955.35,0.000
2023-07-17 18:40,10955.35,0.000
2023-07-17 18:50,10955.35,0.000
2023-07-17 19:00,10955.35,0.000
2023-07-17 19:10,10955.35,0.000
2023-07-17 19:20,10955.35,0.000
2023-07-17 19:30,10955.35,0.000
2023-07-17 19:40,10955.35,0.000
2023-07-17 19:50,10955.35,0.000
2023-07-17 20:00,10955.35,0.000
2023-07-17 20:10,10955.35,0.000
2023-07-17 20:20,10955.35,0.000
2023-07-17 20:30,10955.35,0.000
2023-07-17 20:40,10955.35,0.000
2023-07-17 20:50,10955.35,0.000
2023-07-17 21:00,10955.35,0.000
2023-07-17 21:10,10955.35,0.000
2023-07-17 21:20,10955.35,0.000
2023-07-17 21:30,10955.35,0.000
2023-07-17 21:40,10955.35,0.000
2023-07-17 21:50,10955.35,0.000
2023-07-17 22:00,10955.35,0.000
2023-07-17 22:10,10955.35,0.000
2023-07-17 22:20,10955.35,0.000
2023-07-17 22:30,10955.35,0.000
2023-07-17 22:40,10955.35,0.000
2023-07-17 22:50,10955.35,0.000
2023-07-17 23:00,10955.35,0.000
2023-07-17 23:10,10955.35,0.000
2023-07-17 23:20,10955.35,0.000
2023-07-17 23:30,10955.35,0.000
2023-07-17 23:40,10955.35,0.000
2023-07-17 23:50,10955.35,0.000
2023-07-18 00:00,10955.35,0.000
2023-07-18 00:10,10955.35,0.000
2023-07-18 00:20,10955.35,0.000
2023-07-18 00:30,10955.35,0.000
2023-07-18 00:40,10955.35,0.000
2023-07-18 00:50,10955.35,0.000
2023-07-18 01:00,10955.35,0.000
2023-07-18 01:10,10955.35,0.000
2023-07-18 01:20,10955.35,0.000
2023-07-18 01:30,10955.35,0.000
2023-07-18 01:40,10955.35,0.000
2023-07-18 01:50,10955.35,0.000
2023-07-18 02:00,10955.35,0.000
2023-07-18 02:10,10955.35,0.000
2023-07-18 02:20,10955.35,0.000
2023-07-18 02:30,10955.35,0.000
2023-07-18 02:40,10955.35,0.000
2023-07-18 02:50,10955.35,0.000
2023-07-18 03:00,10955.35,0.000
2023-07-18 03:10,10955.35,0.000
2023-07-18 03:20,10955.35,0.000
2023-07-18 03:30,10955.35,0.000
2023-07-18 03:40,10955.35,0.000
2023-07-18 03:50,10955.35,0.000
2023-07-18 04:00,10955.35,0.000
2023-07-18 04:10,10955.35,0.000
2023-07-18 04:20,10955.35,0.000
2023-07-18 04:30,10955.35,0.000
2023-07-18 04:40,10955.35,0.000
2023-07-18 04:50,10955.35,0.000
2023-07-18 05:00,10955.35,0.000
2023-07-18 05:10,10955.35,0.000
2023-07-18 05:20,10955.35,0.000
2023-07-18 05:30,10955.35,0.000
2023-07-18 05:40,10955.35,0.000
2023-07-18 05:50,10955.35,0.000
2023-07-18 06:00,10955.35,0.000
2023-07-18 06:10,10955.35,0.000
2023-07-18 06:20,10955.35,0.000
2023-07-18 06:30,10955.35,0.000
2023-07-18 06:40,10955.35,0.000
2023-07-18 06:50,10955.35,0.000
2023-07-18 07:00,10955.35,0.000
2023-07-18 07:10,10955.35,0.000
2023-07-18 07:20,10955.35,0.000
2023-07-18 07:30,10955.35,0.000
2023-07-18 07:40,10955.35,0.000
2023-07-18 07:50,10955.35,0.000
2023-07-18 08:00,10955.35,0.000
2023-07-18 08:10,10955.35,0.000
2023-07-18 08:20,10955.35,0.000
2023-07-18 08:30,10955.35,0.000
2023-07-18 08:40,10955.35,0.000
2023-07-18 08:50,10955.35,0.000
2023-07-18 09:00,10955.35,0.000
2023-07-18 09:10,10955.35,0.000
2023-07-18 09:20,10955.35,0.000
2023-07-18 09:30,10955.35,0.000
2023-07-18 09:40,10955.35,0.000
2023-07-18 09:50,10955.35,0.000
2023-07-18 10:00,10955.35,0.000
2023-07-18 10:10,10955.35,0.000
2023-07-18 10:20,10955.35,0.000
2023-07-18 10:30,10955.35,0.000
2023-07-18 10:40,10955.35,0.000
2023-07-18 10:50,10955.35,0.000
2023-07-18 11:00,10955.35,0.000
2023-07-18 11:10,10955.35,0.000
2023-07-18 11:20,10955.35,0.000
2023-07-18 11:30,10955.35,0.000
2023-07-18 11:40,10955.35,0.000
2023-07-18 11:50,10955.35,0.000
2023-07-18 12:00,10955.35,0.000
2023-07-18 12:10,10955.35,0.000
2023-07-18 12:20,10955.35,0.000
2023-07-18 12:30,10955.35,0.000
2023-07-18 12:40,10955.35,0.000
2023-07-18 12:50,10955.35,0.000
2023-07-18 13:00,10955.35,0.000
2023-07-18 13:10,10955.35,0.000
2023-07-18 13:20,10955.35,0.000
2023-07-18 13:30,10955.35,0.000
2023-07-18 13:40,10955.35,0.000
2023-07-18 13:50,10955.35,0.000
2023-07-18 14:00,10955.35,0.000
2023-07-18 14:10,10955.35,0.000
2023-07-18 14:20,10955.35,0.000
2023-07-18 14:30,10955.35,0.000
2023-07-18 14:40,10955.35,0.000
2023-07-18 14:50,10955.35,0.000
2023-07-18 15:00,10955.35,0.000
2023-07-18 15:10,10955.35,0.000
2023-07-18 15:20,10955.35,0.000
2023-07-18 15:30,10955.35,0.000
2023-07-18 15:40,10955.35,0.000
2023-07-18 15:50,10955.35,0.000
2023-07-18 16:00,10955.35,0.000
2023-07-18 16:10,10955.35,0.000
2023-07-18 16:20,10955.35,0.000
2023-07-18 16:30,10955.35,0.000
2023-07-18 16:40,10955.35,0.000
2023-07-18 16:50,10955.35,0.000
2023-07-18 17:00,10955.35,0.000
2023-07-18 17:10,10955.35,0.000
2023-07-18 17:20,10955.35,0.000
2023-07-18 17:30,10955.35,0.000
2023-07-18 17:40,10955.35,0.000
2023-07-18 17:50,10955.35,0.000
2023-07-18 18:00,10955.35,0.000
2023-07-18 18:10,10955.35,0.000
2023-07-18 18:20,10955.35,0.000
2023-07-18 18:30,10955.35,0.000
2023-07-18 18:40,10955.35,0.000
2023-07-18 18:50,10955.35,0.000
2023-07-18 19:00,10955.35,0.000
2023-07-18 19:10,10955.35,0.000
2023-07-18 19:20,10955.35,0.000
2023-07-18 19:30,10955.35,0.000
2023-07-18 19:40,10955.35,0.000
2023-07-18 19:50,10955.35,0.000
2023-07-18 20:00,10955.35,0.000
2023-07-18 20:10,10955.35,0.000
2023-07-18 20:20,10955.35,0.000
2023-07-18 20:30,10955.35,0.000
2023-07-18 20:40,10955.35,0.000
2023-07-18 20:50,10955.35,0.000
2023-07-18 21:00,10955.35,0.000
2023-07-18 21:10,10955.35,0.000
2023-07-18 21:20,10955.35,0.000
2023-07-18 21:30,10955.35,0.000
2023-07-18 21:40,10955.35,0.000
2023-07-18 21:50,10955.35,0.000
2023-07-18 22:00,10955.35,0.000
2023-07-18 22:10,10955.35,0.000
2023-07-18 22:20,10955.35,0.000
2023-07-18 22:30,10955.35,0.000
2023-07-18 22:40,10955.35,0.000
2023-07-18 22:50,10955.35,0.000
2023-07-18 23:00,10955.35,0.000
2023-07-18 23:10,10955.35,0.000
2023-07-18 23:20,10955.35,0.000
2023-07-18 23:30,10955.35,0.000
2023-07-18 23:40,10955.35,0.000
2023-07-18 23:50,10955.35,0.000
2023-07-19 00:00,10955.35,0.000
2023-07-19 00:10,10955.35,0.000
2023-07-19 00:20,10955.35,0.000
2023-07-19 00:30,10955.35,0.000
2023-07-19 00:40,10955.35,0.000
2023-07-19 00:50,10955.35,0.000
2023-07-19 01:00,10955.35,0.000
2023-07-19 01:10,10955.35,0.000
2023-07-19 01:20,10955.35,0.000
2023-07-19 01:30,10955.35,0.000
2023-07-19 01:40,10955.35,0.000
2023-07-19 01:50,10955.35,0.000
2023-07-19 02:00,10955.35,0.000
2023-07-19 02:10,10955.35,0.000
2023-07-19 02:20,10955.35,0.000
2023-07-19 02:30,10955.35,0.000
2023-07-19 02:40,10955.35,0.000
2023-07-19 02:50,10955.35,0.000
2023-07-19 03:00,10955.35,0.000
2023-07-19 03:10,10955.35,0.000
2023-07-19 03:20,10955.35,0.000
2023-07-19 03:30,10955.35,0.000
2023-07-19 03:40,10955.35,0.000
2023-07-19 03:50,10955.35,0.000
2023-07-19 04:00,10955.35,0.000
2023-07-19 04:10,10955.35,0.000
2023-07-19 04:20,10955.35,0.000
2023-07-19 04:30,10955.35,0.000
2023-07-19 04:40,10955.35,0.000
2023-07-19 04:50,10955.35,0.000
2023-07-19 05:00,10955.35,0.000
2023-07-19 05:10,10955.35,0.000
2023-07-19 05:20,10955.35,0.000
2023-07-19 05:30,10955.35,0.000
2023-07-19 05:40,10955.35,0.000
2023-07-19 05:50,10955.35,0.000
2023-07-19 06:00,10955.35,0.000
2023-07-19 06:10,10955.35,0.000
2023-07-19 06:20,10955.35,0.000
2023-07-19 06:30,10955.35,0.000
2023-07-19 06:40,10955.35,0.000
2023-07-19 06:50,10955.35,0.000
2023-07-19 07:00,10955.35,0.000
2023-07-19 07:10,10955.35,0.000
2023-07-19 07:20,10955.35,0.000
2023-07-19 07:30,10955.35,0.000
2023-07-19 07:40,10955.35,0.000
2023-07-19 07:50,10955.35,0.000
2023-07-19 08:00,10955.35,0.000
2023-07-19 08:10,10955.35,0.000
2023-07-19 08:20,10955.35,0.000
2023-07-19 08:30,10955.35,0.000
2023-07-19 08:40,10955.35,0.000
2023-07-19 08:50,10955.35,0.000
2023-07-19 09:00,10955.35,0.000
2023-07-19 09:10,10955.35,0.000
2023-07-19 09:20,10955.35,0.000
2023-07-19 09:30,10955.35,0.000
2023-07-19 09:40,10955.35,0.000
2023-07-19 09:50,10955.35,0.000
2023-07-19 10:00,10955.35,0.000
2023-07-19 10:10,10955.35,0.000
2023-07-19 10:20,10955.35,0.000
2023-07-19 10:30,10955.35,0.000
2023-07-19 10:40,10955.35,0.000
2023-07-19 10:50,10955.35,0.000
2023-07-19 11:00,10955.35,0.000
2023-07-19 11:10,10955.35,0.000
2023-07-19 11:20,10955.35,0.000
2023-07-19 11:30,10955.35,0.000
2023-07-19 11:40,10955.35,0.000
2023-07-19 11:50,10955.35,0.000
2023-07-19 12:00,10955.35,0.000
2023-07-19 12:10,10955.35,0.000
2023-07-19 12:20,10955.35,0.000
2023-07-19 12:30,10955.35,0.000
2023-07-19 12:40,10955.35,0.000
2023-07-19 12:50,10955.35,0.000
2023-07-19 13:00,10955.35,0.000
2023-07-19 13:10,10955.35,0.000
2023-07-19 13:20,10955.35,0.000
2023-07-19 13:30,10955.35,0.000
2023-07-19 13:40,10955.35,0.000
2023-07-19 13:50,10955.35,0.000
2023-07-19 14:00,10955.35,0.000
2023-07-19 14:10,10955.35,0.000
2023-07-19 14:20,10955.35,0.000
2023-07-19 14:30,10955.35,0.000
2023-07-19 14:40,10955.35,0.000
2023-07-19 14:50,10955.35,0.000
2023-07-19 15:00,10955.35,0.000
2023-07-19 15:10,10955.35,0.000
2023-07-19 15:20,10955.35,0.000
2023-07-19 15:30,10955.35,0.000
2023-07-19 15:40,10955.35,0.000
2023-07-19 15:50,10955.35,0.000
2023-07-19 16:00,10955.35,0.000
2023-07-19 16:10,10955.35,0.000
2023-07-19 16:20,10955.35,0.000
2023-07-19 16:30,10955.35,0.000
2023-07-19 16:40,10955.35,0.000
2023-07-19 16:50,10955.35,0.000
2023-07-19 17:00,10955.35,0.000
2023-07-19 17:10,10955.35,0.000
2023-07-19 17:20,10955.35,0.000
2023-07-19 17:30,10955.35,0.000
2023-07-19 17:40,10955.35,0.000
2023-07-19 17:50,10955.35,0.000
2023-07-19 18:00,10955.35,0.000
2023-07-19 18:10,10955.35,0.000
2023-07-19 18:20,10955.35,0.000
2023-07-19 18:30,10955.35,0.000
2023-07-19 18:40,10955.35,0.000
2023-07-19 18:50,10955.35,0.000
2023-07-19 19:00,10955.35,0.000
2023-07-19 19:10,10955.35,0.000
2023-07-19 19:20,10955.35,0.000
2023-07-19 19:30,10955.35,0.000
2023-07-19 19:40,10955.35,0.000
2023-07-19 19:50,10955.35,0.000
2023-07-19 20:00,10955.35,0.000
2023-07-19 20:10,10955.35,0.000
2023-07-19 20:20,10955.35,0.000
2023-07-19 20:30,10955.35,0.000
2023-07-19 20:40,10955.35,0.000
2023-07-19 20:50,10955.35,0.000
2023-07-19 21:00,10955.35,0.000
2023-07-19 21:10,10955.35,0.000
2023-07-19 21:20,10955.35,0.000
2023-07-19 21:30,10955.35,0.000
2023-07-19 21:40,10955.35,0.000
2023-07-19 21:50,10955.35,0.000
2023-07-19 22:00,10955.35,0.000
2023-07-19 22:10,10955.35,0.000
2023-07-19 22:20,10955.35,0.000
2023-07-19 22:30,10955.35,0.000
2023-07-19 22:40,10955.35,0.000
2023-07-19 22:50,10955.35,0.000
2023-07-19 23:00,10955.35,0.000
2023-07-19 23:10,10955.35,0.000
2023-07-19 23:20,10955.35,0.000
2023-07-19 23:30,10955.35,0.000
2023-07-19 23:40,10955.35,0.000
2023-07-19 23:50,10955.35,0.000
2023-07-20 00:00,10955.35,0.000
2023-07-20 00:10,10955.35,0.000
2023-07-20 00:20,10955.35,0.000
2023-07-20 00:30,10955.35,0.000
2023-07-20 00:40,10955.35,0.000
2023-07-20 00:50,10955.35,0.000
2023-07-20 01:00,10955.35,0.000
2023-07-20 01:10,10955.35,0.000
2023-07-20 01:20,10955.35,0.000
2023-07-20 01:30,10955.35,0.000
2023-07-20 01:40,10955.35,0.000
2023-07-20 01:50,10955.35,0.000
2023-07-20 02:00,10955.35,0.000
2023-07-20 02:10,10955.35,0.000
2023-07-20 02:20,10955.35,0.000
2023-07-20 02:30,10955.35,0.000
2023-07-20 02:40,10955.35,0.000
2023-07-20 02:50,10955.35,0.000
2023-07-20 03:00,10955.35,0.000
2023-07-20 03:10,10955.35,0.000
2023-07-20 03:20,10955.35,0.000
2023-07-20 03:30,10955.35,0.000
2023-07-20 03:40,10955.35,0.000
2023-07-20 03:50,10955.35,0.000
2023-07-20 04:00,10955.35,0.000
2023-07-20 04:10,10955.35,0.000
2023-07-20 04:20,10955.35,0.000
2023-07-20 04:30,10955.35,0.000
2023-07-20 04:40,10955.35,0.000
2023-07-20 04:50,10955.35,0.000
2023-07-20 05:00,10955.35,0.000
2023-07-20 05:10,10955.35,0.000
2023-07-20 05:20,10955.35,0.000
2023-07-20 05:30,10955.35,0.000
2023-07-20 05:40,10955.35,0.000
2023-07-20 05:50,10955.35,0.000
2023-07-20 06:00,10955.35,0.000
2023-07-20 06:10,10955.35,0.000
2023-07-20 06:20,10955.35,0.000
2023-07-20 06:30,10955.35,0.000
2023-07-20 06:40,10955.35,0.000
2023-07-20 06:50,10955.35,0.000
2023-07-20 07:00,10955.35,0.000
2023-07-20 07:10,10955.35,0.000
2023-07-20 07:20,10955.35,0.000
2023-07-20 07:30,10955.35,0.000
2023-07-20 07:40,10955.35,0.000
2023-07-20 07:50,10955.35,0.000
2023-07-20 08:00,10955.35,0.000
2023-07-20 08:10,10955.35,0.000
2023-07-20 08:20,10955.35,0.000
2023-07-20 08:30,10955.35,0.000
2023-07-20 08:40,10955.35,0.000
2023-07-20 08:50,10955.35,0.000
2023-07-20 09:00,10955.35,0.000
2023-07-20 09:10,10955.35,0.000
2023-07-20 09:20,10955.35,0.083
2023-07-20 09:30,10955.35,0.717
2023-07-20 09:40,10955.35,0.000
2023-07-20 09:50,10955.35,0.000
2023-07-20 10:00,10955.35,0.000
2023-07-20 10:10,10955.35,0.000
2023-07-20 10:20,10955.35,0.000
2023-07-20 10:30,10955.35,0.267
2023-07-20 10:40,10955.35,0.133
2023-07-20 10:50,10955.35,0.000
2023-07-20 11:00,10955.35,0.000
2023-07-20 11:10,10955.35,0.000
2023-07-20 11:20,10955.35,0.000
2023-07-20 11:30,10955.35,0.250
2023-07-20 11:40,10955.35,0.133
2023-07-20 11:50,10955.35,0.000
2023-07-20 12:00,10955.35,0.000
2023-07-20 12:10,10955.35,0.183
2023-07-20 12:20,10955.35,0.000
2023-07-20 12:30,10955.35,0.000
2023-07-20 12:40,10955.35,0.000
2023-07-20 12:50,10955.35,0.000
2023-07-20 13:00,10955.35,0.000
2023-07-20 13:10,10955.35,0.000
2023-07-20 13:20,10955.35,0.000
2023-07-20 13:30,10955.35,0.000
2023-07-20 13:40,10955.35,0.900
2023-07-20 13:50,10955.35,1.000
2023-07-20 14:00,10955.35,1.000
2023-07-20 14:10,10955.35,1.000
2023-07-20 14:20,10955.35,1.000
2023-07-20 14:30,10955.35,1.000
2023-07-20 14:40,10955.35,1.000
2023-07-20 14:50,10955.35,1.000
2023-07-20 15:00,10955.35,0.000
2023-07-20 15:10,10955.35,0.000
2023-07-20 15:20,10955.35,0.000
2023-07-20 15:30,10955.35,0.033
2023-07-20 15:40,10955.35,0.000
2023-07-20 15:50,10955.35,0.000
2023-07-20 16:00,10955.35,0.000
2023-07-20 16:10,10955.35,0.000
2023-07-20 16:20,10955.35,0.000
2023-07-20 16:30,10955.35,0.000
2023-07-20 16:40,10955.35,0.000
2023-07-20 16:50,10955.35,0.000
2023-07-20 17:00,10955.35,0.000
2023-07-20 17:10,10955.35,0.000
2023-07-20 17:20,10955.35,0.000
2023-07-20 17:30,10955.35,0.000
2023-07-20 17:40,10955.35,0.000
2023-07-20 17:50,10955.35,0.000
2023-07-20 18:00,10955.35,0.000
2023-07-20 18:10,10955.35,0.000
2023-07-20 18:20,10955.35,0.000
2023-07-20 18:30,10955.35,0.000
2023-07-20 18:40,10955.35,0.000
2023-07-20 18:50,10955.35,0.000
2023-07-20 19:00,10955.35,0.000
2023-07-20 19:10,10955.35,0.000
2023-07-20 19:20,10955.35,0.000
2023-07-20 19:30,10955.35,0.000
2023-07-20 19:40,10955.35,0.000
2023-07-20 19:50,10955.35,0.000
2023-07-20 20:00,10955.35,0.000
2023-07-20 20:10,10955.35,0.000
2023-07-20 20:20,10955.35,0.000
2023-07-20 20:30,10955.35,0.000
2023-07-20 20:40,10955.35,0.000
2023-07-20 20:50,10955.35,0.000
2023-07-20 21:00,10955.35,0.000
2023-07-20 21:10,10955.35,0.000
2023-07-20 21:20,10955.35,0.000
2023-07-20 21:30,10955.35,0.000
2023-07-20 21:40,10955.35,0.000
2023-07-20 21:50,10955.35,0.000
2023-07-20 22:00,10955.35,0.000
2023-07-20 22:10,10955.35,0.000
2023-07-20 22:20,10955.35,0.000
2023-07-20 22:30,10955.35,0.000
2023-07-20 22:40,10955.35,0.000
2023-07-20 22:50,10955.35,0.000
2023-07-20 23:00,10955.35,0.000
2023-07-20 23:10,10955.35,0.000
2023-07-20 23:20,10955.35,0.000
2023-07-20 23:30,10955.35,0.000
2023-07-20 23:40,10955.35,0.000
2023-07-20 23:50,10955.35,0.000
2023-07-21 00:00,10955.35,0.000
2023-07-21 00:10,10955.35,0.000
2023-07-21 00:20,10955.35,0.000
2023-07-21 00:30,10955.35,0.000
2023-07-21 00:40,10955.35,0.000
2023-07-21 00:50,10955.35,0.000
2023-07-21 01:00,10955.35,0.000
2023-07-21 01:10,10955.35,0.000
2023-07-21 01:20,10955.35,0.000
2023-07-21 01:30,10955.35,0.000
2023-07-21 01:40,10955.35,0.000
2023-07-21 01:50,10955.35,0.000
2023-07-21 02:00,10955.35,0.000
2023-07-21 02:10,10955.35,0.000
2023-07-21 02:20,10955.35,0.000
2023-07-21 02:30,10955.35,0.000
2023-07-21 02:40,10955.35,0.000
2023-07-21 02:50,10955.35,0.000
2023-07-21 03:00,10955.35,0.000
2023-07-21 03:10,10955.35,0.000
2023-07-21 03:20,10955.35,0.000
2023-07-21 03:30,10955.35,0.000
2023-07-21 03:40,10955.35,0.000
2023-07-21 03:50,10955.35,0.000
2023-07-21 04:00,10955.35,0.000
2023-07-21 04:10,10955.35,0.000
2023-07-21 04:20,10955.35,0.000
2023-07-21 04:30,10955.35,0.000
2023-07-21 04:40,10955.35,0.000
2023-07-21 04:50,10955.35,0.000
2023-07-21 05:00,10955.35,0.000
2023-07-21 05:10,10955.35,0.000
2023-07-21 05:20,10955.35,0.000
2023-07-21 05:30,10955.35,0.000
2023-07-21 05:40,10955.35,0.000
2023-07-21 05:50,10955.35,0.000
2023-07-21 06:00,10955.35,0.000
2023-07-21 06:10,10955.35,0.000
2023-07-21 06:20,10955.35,0.000
2023-07-21 06:30,10955.35,0.000
2023-07-21 06:40,10955.35,0.000
2023-07-21 06:50,10955.35,0.000
2023-07-21 07:00,10955.35,0.000
2023-07-21 07:10,10955.35,0.000
2023-07-21 07:20,10955.35,0.000
2023-07-21 07:30,10955.35,0.000
2023-07-21 07:40,10955.35,0.000
2023-07-21 07:50,10955.35,0.000
2023-07-21 08:00,10955.35,0.000
2023-07-21 08:10,10955.35,0.000
2023-07-21 08:20,10955.35,0.000
2023-07-21 08:30,10955.35,0.000
2023-07-21 08:40,10955.35,0.000
2023-07-21 08:50,10955.35,0.000
2023-07-21 09:00,10955.35,0.000
2023-07-21 09:10,10955.35,0.000
2023-07-21 09:20,10955.35,0.000
2023-07-21 09:30,10955.35,0.000
2023-07-21 09:40,10955.35,0.000
2023-07-21 09:50,10955.35,0.000
2023-07-21 10:00,10955.35,0.000
2023-07-21 10:10,10955.35,0.000
2023-07-21 10:20,10955.35,0.000
2023-07-21 10:30,10955.35,0.000
2023-07-21 10:40,10955.35,0.000
2023-07-21 10:50,10955.35,0.000
2023-07-21 11:00,10955.35,0.000
2023-07-21 11:10,10955.35,0.000
2023-07-21 11:20,10955.35,0.000
2023-07-21 11:30,10955.35,0.000
2023-07-21 11:40,10955.35,0.000
2023-07-21 11:50,10955.35,0.000
2023-07-21 12:00,10955.35,0.000
2023-07-21 12:10,10955.35,0.000
2023-07-21 12:20,10955.35,0.000
2023-07-21 12:30,10955.35,0.000
2023-07-21 12:40,10955.35,0.000
2023-07-21 13:10,10955.35,0.000
2023-07-21 13:20,10955.35,0.000
2023-07-21 13:30,10955.35,0.000
2023-07-21 13:40,10955.35,0.000
2023-07-21 13:50,10955.35,0.000
2023-07-21 14:00,10955.35,0.000
2023-07-21 14:10,10955.35,0.000
2023-07-21 14:20,10955.35,0.000
2023-07-21 14:30,10955.35,0.000
2023-07-21 14:40,10955.35,0.000
2023-07-21 14:50,10955.35,0.000
2023-07-21 15:00,10955.35,0.000
2023-07-21 15:10,10955.35,0.000
2023-07-21 15:20,10955.35,0.000
2023-07-21 15:30,10955.35,0.000
2023-07-21 15:40,10955.35,0.000
2023-07-21 15:50,10955.35,0.000
2023-07-21 16:00,10955.35,0.000
2023-07-21 16:10,10955.35,0.000
2023-07-21 16:20,10955.35,0.000
2023-07-21 16:30,10955.35,0.000
2023-07-21 16:40,10955.35,0.000
2023-07-21 16:50,10955.35,0.000
2023-07-21 17:00,10955.35,0.000
2023-07-21 17:10,10955.35,0.000
2023-07-21 17:20,10955.35,0.000
2023-07-21 17:30,10955.35,0.000
2023-07-21 17:40,10955.35,0.000
2023-07-21 17:50,10955.35,0.000
2023-07-21 18:00,10955.35,0.000
