time,hole_depth_ft,bit_depth_ft,spp_psi,flow_gpm,temp_in_F,temp_out_F,rop_ft_h,diff_pressure_psi
2023-05-21 00:00,7583.98,5533.68,0.00,0.00,69.32,62.31,0.00,-1239.83
2023-05-21 00:01,7583.98,5533.68,0.00,0.00,69.08,62.27,0.00,-1239.83
2023-05-21 00:02,7583.98,5533.68,0.00,0.00,69.09,62.22,0.00,-1239.83
2023-05-21 00:03,7583.98,5533.68,0.00,0.00,68.85,62.17,0.00,-1239.83
2023-05-21 00:04,7583.98,5533.68,0.00,0.00,68.88,62.09,0.00,-1239.83
2023-05-21 00:05,7583.98,5523.02,0.00,0.00,68.67,62.04,0.00,-1239.83
2023-05-21 00:06,7583.98,5446.21,0.00,0.00,68.55,61.81,0.00,-1239.83
2023-05-21 00:07,7583.98,5397.78,0.00,17.16,68.40,61.75,0.00,-1239.83
2023-05-21 00:08,7583.98,5355.12,0.00,101.05,68.20,61.86,0.00,-1239.83
2023-05-21 00:09,7583.98,5277.19,0.00,100.50,68.07,62.37,0.00,-1239.83
2023-05-21 00:10,7583.98,5253.92,0.00,101.61,67.97,63.06,0.00,-1239.83
2023-05-21 00:11,7583.98,5183.80,0.00,71.84,67.95,63.26,0.00,-1239.83
2023-05-21 00:12,7583.98,5145.54,0.00,0.00,67.88,63.27,0.00,-1239.83
2023-05-21 00:13,7583.98,5096.85,0.00,0.00,67.88,62.93,0.00,-1239.83
2023-05-21 00:14,7583.98,5026.98,0.00,0.00,67.68,62.84,0.00,-1239.83
2023-05-21 00:15,7583.98,4999.30,0.00,0.00,67.69,62.80,0.00,-1239.83
2023-05-21 00:16,7583.98,4924.99,0.00,0.00,67.69,62.72,0.00,-1239.83
2023-05-21 00:17,7583.98,4884.18,0.00,0.00,67.51,62.74,0.00,-1239.83
2023-05-21 00:18,7583.98,4837.86,0.00,0.00,67.45,62.66,0.00,-1239.83
2023-05-21 00:19,7583.98,4775.28,0.00,0.00,67.34,62.63,0.00,-1239.83
2023-05-21 00:20,7583.98,4738.03,0.00,0.00,67.31,62.59,0.00,-1239.83
2023-05-21 00:21,7583.98,4665.49,0.00,0.00,67.25,62.51,0.00,-1239.83
2023-05-21 00:22,7583.98,4621.44,0.00,0.00,67.15,62.49,0.00,-1239.83
2023-05-21 00:23,7583.98,4573.31,0.00,0.00,67.08,62.39,0.00,-1239.83
2023-05-21 00:24,7583.98,4496.07,0.00,0.00,67.03,62.31,0.00,-1239.83
2023-05-21 00:25,7583.98,4457.21,0.00,0.00,66.87,62.29,0.00,-1239.83
2023-05-21 00:26,7583.98,4406.52,0.00,0.00,66.84,62.18,0.00,-1239.83
2023-05-21 00:27,7583.98,4339.19,0.00,0.00,66.69,62.16,0.00,-1239.83
2023-05-21 00:28,7583.98,4302.34,0.00,0.00,66.64,62.09,0.00,-1239.83
2023-05-21 00:29,7583.98,4234.51,0.00,0.00,66.52,62.01,0.00,-1239.83
2023-05-21 00:30,7583.98,4182.92,0.00,26.72,66.42,62.02,0.00,-1239.83
2023-05-21 00:31,7583.98,4150.01,0.00,78.90,66.23,62.09,0.00,-1239.83
2023-05-21 00:32,7583.98,4122.38,0.00,79.45,66.12,62.59,0.00,-1239.83
2023-05-21 00:33,7583.98,4064.76,0.00,69.21,66.11,62.80,0.00,-1239.83
2023-05-21 00:34,7583.98,3994.92,0.00,2.77,65.93,62.67,0.00,-1239.83
2023-05-21 00:35,7583.98,3962.37,0.00,0.00,65.89,62.47,0.00,-1239.83
2023-05-21 00:36,7583.98,3892.51,0.00,0.00,65.93,62.25,0.00,-1239.83
2023-05-21 00:37,7583.98,3841.36,0.00,0.00,65.75,62.25,0.00,-1239.83
2023-05-21 00:38,7583.98,3803.71,0.00,0.00,65.74,62.16,0.00,-1239.83
2023-05-21 00:39,7583.98,3726.61,0.00,0.00,65.69,62.12,0.00,-1239.83
2023-05-21 00:40,7583.98,3698.79,0.00,0.00,65.55,62.14,0.00,-1239.83
2023-05-21 00:41,7583.98,3635.64,0.00,0.00,65.52,62.00,0.00,-1239.83
2023-05-21 00:42,7583.98,3573.61,0.00,0.00,65.42,61.99,0.00,-1239.83
2023-05-21 00:43,7583.98,3535.24,0.00,0.00,65.42,61.93,0.00,-1239.83
2023-05-21 00:44,7583.98,3465.14,0.00,0.00,65.28,61.81,0.00,-1239.83
2023-05-21 00:45,7583.98,3410.61,0.00,0.00,65.27,61.80,0.00,-1239.83
2023-05-21 00:46,7583.98,3368.15,0.00,0.00,65.27,61.69,0.00,-1239.83
2023-05-21 00:47,7583.98,3293.96,0.00,0.00,65.08,61.63,0.00,-1239.83
2023-05-21 00:48,7583.98,3254.98,0.00,0.00,65.00,61.65,0.00,-1239.83
2023-05-21 00:49,7583.98,3207.61,0.00,0.00,64.87,61.53,0.00,-1239.83
2023-05-21 00:50,7583.98,3132.95,0.00,0.00,64.90,61.44,0.00,-1239.83
2023-05-21 00:51,7583.98,3096.57,0.00,0.00,64.93,61.43,0.00,-1239.83
2023-05-21 00:52,7583.98,3037.11,0.00,0.00,64.67,61.31,0.00,-1239.83
2023-05-21 00:53,7583.98,2991.51,0.00,0.00,64.70,61.33,0.00,-1239.83
2023-05-21 00:54,7583.98,2949.99,0.00,0.00,64.51,61.21,0.00,-1239.83
2023-05-21 00:55,7583.98,2873.97,0.00,53.43,64.44,61.16,0.00,-1239.83
2023-05-21 00:56,7583.98,2858.75,0.00,102.71,64.31,61.38,0.00,-1239.83
2023-05-21 00:57,7583.98,2782.44,0.00,103.82,64.20,61.47,0.00,-1239.83
2023-05-21 00:58,7583.98,2770.23,0.00,104.23,64.11,61.76,0.00,-1239.83
2023-05-21 00:59,7583.98,2696.30,0.00,104.37,64.01,61.85,0.00,-1239.83
2023-05-21 01:00,7583.98,2674.47,0.00,105.20,63.93,61.91,0.00,-1239.83
2023-05-21 01:01,7583.98,2611.22,0.00,105.48,63.87,61.55,0.00,-1239.83
2023-05-21 01:02,7583.98,2565.32,0.00,105.20,63.76,61.31,0.00,-1239.83
2023-05-21 01:03,7583.98,2526.35,0.00,72.12,63.64,61.33,0.00,-1239.83
2023-05-21 01:04,7583.98,2472.14,0.00,0.00,63.55,61.04,0.00,-1239.83
2023-05-21 01:05,7583.98,2437.25,0.00,0.00,63.52,60.98,0.00,-1239.83
2023-05-21 01:06,7583.98,2360.32,0.00,0.00,63.49,60.97,0.00,-1239.83
2023-05-21 01:07,7583.98,2327.28,0.00,0.00,63.36,61.12,0.00,-1239.83
2023-05-21 01:08,7583.98,2270.22,0.00,0.00,63.35,61.02,0.00,-1239.83
2023-05-21 01:09,7583.98,2215.11,0.00,0.00,63.35,61.09,0.00,-1239.83
2023-05-21 01:10,7583.98,2182.32,0.00,0.00,63.24,61.06,0.00,-1239.83
2023-05-21 01:11,7583.98,2104.89,0.00,0.00,63.28,61.02,0.00,-1239.83
2023-05-21 01:12,7583.98,2081.60,0.00,0.00,63.09,61.06,0.00,-1239.83
2023-05-21 01:13,7583.98,2013.65,0.00,0.00,63.05,60.94,0.00,-1239.83
2023-05-21 01:14,7583.98,1957.81,0.00,0.00,63.08,60.99,0.00,-1239.83
2023-05-21 01:15,7583.98,1928.25,0.00,0.00,62.91,60.94,0.00,-1239.83
2023-05-21 01:16,7583.98,1860.58,0.00,0.00,62.88,60.91,0.00,-1239.83
2023-05-21 01:17,7583.98,1847.33,0.00,0.00,62.85,60.91,0.00,-1239.83
2023-05-21 01:18,7583.98,1841.34,0.00,0.00,62.83,60.96,0.00,-1239.83
2023-05-21 01:19,7583.98,1845.80,0.00,0.00,62.73,60.96,0.00,-1239.83
2023-05-21 01:20,7583.98,1842.82,0.00,0.00,62.59,60.95,0.00,-1239.83
2023-05-21 01:21,7583.98,1794.02,0.00,0.00,62.60,60.91,0.00,-1239.83
2023-05-21 01:22,7583.98,1761.58,0.00,0.00,62.58,60.90,0.00,-1239.83
2023-05-21 01:23,7583.98,1761.58,0.00,0.00,62.49,60.90,0.00,-1239.83
2023-05-21 01:24,7583.98,1703.41,0.00,0.00,62.37,60.85,0.00,-1239.83
2023-05-21 01:25,7583.98,1680.32,0.00,0.00,62.37,60.83,0.00,-1239.83
2023-05-21 01:26,7583.98,1613.55,0.00,0.00,62.31,60.83,0.00,-1239.83
2023-05-21 01:27,7583.98,1599.14,0.00,0.00,62.24,60.81,0.00,-1239.83
2023-05-21 01:28,7583.98,1560.10,0.00,0.00,62.14,60.77,0.00,-1239.83
2023-05-21 01:29,7583.98,1517.33,0.00,49.70,62.17,60.73,0.00,-1239.83
2023-05-21 01:30,7583.98,1470.76,0.00,95.79,62.03,60.72,0.00,-1239.83
2023-05-21 01:31,7583.98,1436.97,0.00,51.77,62.02,60.79,0.00,-1239.83
2023-05-21 01:32,7583.98,1370.70,0.00,0.00,61.88,60.82,0.00,-1239.83
2023-05-21 01:33,7583.98,1357.66,0.00,0.00,61.83,60.76,0.00,-1239.83
2023-05-21 01:34,7583.98,1288.20,0.00,0.00,61.81,60.73,0.00,-1239.83
2023-05-21 01:35,7583.98,1275.58,0.00,0.00,61.75,60.71,0.00,-1239.83
2023-05-21 01:36,7583.98,1205.49,0.00,0.00,61.67,60.70,0.00,-1239.83
2023-05-21 01:37,7583.98,1187.90,0.00,0.00,61.58,60.66,0.00,-1239.83
2023-05-21 01:38,7583.98,1114.13,0.00,0.00,61.59,60.65,0.00,-1239.83
2023-05-21 01:39,7583.98,1096.31,0.00,0.00,61.66,60.61,0.00,-1239.83
2023-05-21 01:40,7583.98,1039.27,0.00,0.00,61.53,60.57,0.00,-1239.83
2023-05-21 01:41,7583.98,1028.21,0.00,0.00,61.46,60.53,0.00,-1239.83
2023-05-21 01:42,7583.98,1028.49,0.00,0.00,61.43,60.50,0.00,-1239.83
2023-05-21 01:43,7583.98,1028.49,0.00,95.23,61.43,60.50,0.00,-1239.83
2023-05-21 01:44,7583.98,1028.49,0.00,95.51,61.27,60.53,0.00,-1239.83
2023-05-21 01:45,7583.98,985.82,0.00,96.06,61.25,60.57,0.00,-1239.83
2023-05-21 01:46,7583.98,945.81,0.00,21.18,61.12,60.55,0.00,-1239.83
2023-05-21 01:47,7583.98,945.81,0.00,0.00,61.05,60.50,0.00,-1239.83
2023-05-21 01:48,7583.98,945.81,0.00,0.00,61.06,60.47,0.00,-1239.83
2023-05-21 01:49,7583.98,945.81,0.00,0.00,61.05,60.44,0.00,-1239.83
2023-05-21 01:50,7583.98,945.81,0.00,0.00,61.00,60.40,0.00,-1239.83
2023-05-21 01:51,7583.98,945.81,0.00,0.00,60.91,60.37,0.00,-1239.83
2023-05-21 01:52,7583.98,945.81,0.00,0.00,60.87,60.37,0.00,-1239.83
2023-05-21 01:53,7583.98,945.81,0.00,0.00,60.84,60.34,0.00,-1239.83
2023-05-21 01:54,7583.98,945.81,0.00,0.00,60.76,60.30,0.00,-1239.83
2023-05-21 01:55,7583.98,945.81,0.00,0.00,60.69,60.24,0.00,-1239.83
2023-05-21 01:56,7583.98,945.81,0.00,0.00,60.62,60.23,0.00,-1239.83
2023-05-21 01:57,7583.98,902.79,0.00,12.46,60.60,60.21,0.00,-1239.83
2023-05-21 01:58,7583.98,863.75,0.00,73.23,60.52,60.17,0.00,-1239.83
2023-05-21 01:59,7583.98,863.75,0.00,76.69,60.49,60.23,0.00,-1239.83
2023-05-21 02:00,7583.98,863.75,0.00,81.67,60.49,60.25,0.00,-1239.83
2023-05-21 02:01,7583.98,863.59,0.00,0.00,60.30,60.30,0.00,-1239.83
2023-05-21 02:02,7583.98,839.75,0.00,0.00,60.34,60.30,0.00,-1239.83
2023-05-21 02:03,7583.98,824.90,0.00,0.00,60.29,60.30,0.00,-1239.83
2023-05-21 02:04,7583.98,824.90,0.00,0.00,60.23,60.30,0.00,-1239.83
2023-05-21 02:05,7583.98,824.90,0.00,0.00,60.15,60.29,0.00,-1239.83
2023-05-21 02:06,7583.98,824.90,0.00,0.00,60.10,60.25,0.00,-1239.83
2023-05-21 02:07,7583.98,819.40,0.00,0.00,60.04,60.18,0.00,-1239.83
2023-05-21 02:08,7583.98,810.05,0.00,0.00,60.02,60.17,0.00,-1239.83
2023-05-21 02:09,7583.98,810.05,0.00,0.00,59.99,60.17,0.00,-1239.83
2023-05-21 02:10,7583.98,810.05,0.00,0.00,60.00,60.17,0.00,-1239.83
2023-05-21 02:11,7583.98,810.05,0.00,0.00,59.88,60.13,0.00,-1239.83
2023-05-21 02:12,7583.98,810.05,0.00,0.00,59.79,60.08,0.00,-1239.83
2023-05-21 02:13,7583.98,810.05,0.00,0.00,59.79,60.04,0.00,-1239.83
2023-05-21 02:14,7583.98,810.05,0.00,0.00,59.76,60.03,0.00,-1239.83
2023-05-21 02:15,7583.98,810.05,0.00,0.00,59.69,60.00,0.00,-1239.83
2023-05-21 02:16,7583.98,810.05,0.00,0.00,59.69,59.97,0.00,-1239.83
2023-05-21 02:17,7583.98,810.05,0.00,0.00,59.74,59.97,0.00,-1239.83
2023-05-21 02:18,7583.98,810.05,0.00,0.00,59.62,59.97,0.00,-1239.83
2023-05-21 02:19,7583.98,810.05,0.00,0.00,59.51,59.97,0.00,-1239.83
2023-05-21 02:20,7583.98,810.05,0.00,0.00,59.49,59.95,0.00,-1239.83
2023-05-21 02:21,7583.98,810.05,0.00,0.00,59.50,59.94,0.00,-1239.83
2023-05-21 02:22,7583.98,810.05,0.00,0.00,59.48,59.90,0.00,-1239.83
2023-05-21 02:23,7583.98,810.05,0.00,0.00,59.44,59.90,0.00,-1239.83
2023-05-21 02:24,7583.98,810.05,0.00,0.00,59.31,59.90,0.00,-1239.83
2023-05-21 02:25,7583.98,810.05,0.00,0.00,59.30,59.86,0.00,-1239.83
2023-05-21 02:26,7583.98,810.05,0.00,0.00,59.25,59.87,0.00,-1239.83
2023-05-21 02:27,7583.98,810.05,0.00,0.00,59.26,59.89,0.00,-1239.83
2023-05-21 02:28,7583.98,810.05,0.00,0.00,59.30,59.87,0.00,-1239.83
2023-05-21 02:29,7583.98,810.05,0.00,0.00,59.17,59.89,0.00,-1239.83
2023-05-21 02:30,7583.98,810.05,0.00,0.00,59.11,59.89,0.00,-1239.83
2023-05-21 02:31,7583.98,810.05,0.00,0.00,59.07,59.90,0.00,-1239.83
2023-05-21 02:32,7583.98,810.05,0.00,0.00,59.11,59.90,0.00,-1239.83
2023-05-21 02:33,7583.98,810.05,0.00,0.00,59.02,59.90,0.00,-1239.83
2023-05-21 02:34,7583.98,810.05,0.00,0.00,58.97,59.91,0.00,-1239.83
2023-05-21 02:35,7583.98,810.05,0.00,0.00,58.97,59.92,0.00,-1239.83
2023-05-21 02:36,7583.98,810.05,0.00,0.00,58.94,59.96,0.00,-1239.83
2023-05-21 02:37,7583.98,810.05,0.00,0.00,58.93,59.96,0.00,-1239.83
2023-05-21 02:38,7583.98,810.05,0.00,0.00,58.85,59.94,0.00,-1239.83
2023-05-21 02:39,7583.98,810.05,0.00,0.00,58.81,59.94,0.00,-1239.83
2023-05-21 02:40,7583.98,810.05,0.00,0.00,58.81,59.94,0.00,-1239.83
2023-05-21 02:41,7583.98,810.05,0.00,0.00,58.75,59.96,0.00,-1239.83
2023-05-21 02:42,7583.98,810.05,0.00,0.00,58.72,59.90,0.00,-1239.83
2023-05-21 02:43,7583.98,810.05,0.00,0.00,58.70,59.91,0.00,-1239.83
2023-05-21 02:44,7583.98,810.05,0.00,0.00,58.64,59.90,0.00,-1239.83
2023-05-21 02:45,7583.98,810.05,0.00,0.00,58.57,59.90,0.00,-1239.83
2023-05-21 02:46,7583.98,810.05,0.00,0.00,58.57,59.90,0.00,-1239.83
2023-05-21 02:47,7583.98,810.05,0.00,0.00,58.57,59.85,0.00,-1239.83
2023-05-21 02:48,7583.98,810.05,0.00,0.00,58.54,59.84,0.00,-1239.83
2023-05-21 02:49,7583.98,810.05,0.00,0.00,58.51,59.84,0.00,-1239.83
2023-05-21 02:50,7583.98,810.05,0.00,0.00,58.45,59.84,0.00,-1239.83
2023-05-21 02:51,7583.98,810.05,0.00,0.00,58.44,59.83,0.00,-1239.83
2023-05-21 02:52,7583.98,810.05,0.00,0.00,58.39,59.81,0.00,-1239.83
2023-05-21 02:53,7583.98,810.05,0.00,0.00,58.41,59.77,0.00,-1239.83
2023-05-21 02:54,7583.98,810.05,0.00,0.00,58.38,59.77,0.00,-1239.83
2023-05-21 02:55,7583.98,810.05,0.00,0.00,58.30,59.77,0.00,-1239.83
2023-05-21 02:56,7583.98,810.05,0.00,0.00,58.24,59.77,0.00,-1239.83
2023-05-21 02:57,7583.98,810.05,0.00,0.00,58.22,59.77,0.00,-1239.83
2023-05-21 02:58,7583.98,810.05,0.00,0.00,58.23,59.74,0.00,-1239.83
2023-05-21 02:59,7583.98,810.05,0.00,0.00,58.11,59.74,0.00,-1239.83
2023-05-21 03:00,7583.98,810.05,0.00,0.00,58.11,59.70,0.00,-1239.83
2023-05-21 03:01,7583.98,810.05,0.00,0.00,58.10,59.67,0.00,-1239.83
2023-05-21 03:02,7583.98,810.05,0.00,0.00,58.09,59.66,0.00,-1239.83
2023-05-21 03:03,7583.98,810.05,0.00,0.00,58.03,59.64,0.00,-1239.83
2023-05-21 03:04,7583.98,810.05,0.00,0.00,58.05,59.64,0.00,-1239.83
2023-05-21 03:05,7583.98,810.05,0.00,0.00,58.03,59.64,0.00,-1239.83
2023-05-21 03:06,7583.98,810.05,0.00,0.00,57.98,59.63,0.00,-1239.83
2023-05-21 03:07,7583.98,810.05,0.00,0.00,57.93,59.59,0.00,-1239.83
2023-05-21 03:08,7583.98,810.05,0.00,0.00,57.90,59.59,0.00,-1239.83
2023-05-21 03:09,7583.98,810.05,0.00,0.00,57.84,59.57,0.00,-1239.83
2023-05-21 03:10,7583.98,810.05,0.00,0.00,57.81,59.57,0.00,-1239.83
2023-05-21 03:11,7583.98,810.05,0.00,0.00,57.80,59.56,0.00,-1239.83
2023-05-21 03:12,7583.98,810.05,0.00,0.00,57.78,59.55,0.00,-1239.83
2023-05-21 03:13,7583.98,810.05,0.00,0.00,57.72,59.50,0.00,-1239.83
2023-05-21 03:14,7583.98,810.05,0.00,0.00,57.71,59.50,0.00,-1239.83
2023-05-21 03:15,7583.98,810.05,0.00,0.00,57.65,59.50,0.00,-1239.83
2023-05-21 03:16,7583.98,810.05,0.00,0.00,57.64,59.50,0.00,-1239.83
2023-05-21 03:17,7583.98,810.05,0.00,0.00,57.60,59.50,0.00,-1239.83
2023-05-21 03:18,7583.98,810.05,0.00,0.00,57.59,59.53,0.00,-1239.83
2023-05-21 03:19,7583.98,810.05,0.00,0.00,57.59,59.51,0.00,-1239.83
2023-05-21 03:20,7583.98,810.05,0.00,0.00,57.56,59.50,0.00,-1239.83
2023-05-21 03:21,7583.98,810.05,0.00,0.00,57.54,59.52,0.00,-1239.83
2023-05-21 03:22,7583.98,810.05,0.00,0.00,57.50,59.53,0.00,-1239.83
2023-05-21 03:23,7583.98,810.05,0.00,0.00,57.49,59.52,0.00,-1239.83
2023-05-21 03:24,7583.98,810.05,0.00,0.00,57.43,59.55,0.00,-1239.83
2023-05-21 03:25,7583.98,810.05,0.00,0.00,57.43,59.55,0.00,-1239.83
2023-05-21 03:26,7583.98,810.05,0.00,0.00,57.38,59.53,0.00,-1239.83
2023-05-21 03:27,7583.98,810.05,0.00,0.00,57.37,59.57,0.00,-1239.83
2023-05-21 03:28,7583.98,810.05,0.00,0.00,57.36,59.55,0.00,-1239.83
2023-05-21 03:29,7583.98,810.05,0.00,0.00,57.30,59.53,0.00,-1239.83
2023-05-21 03:30,7583.98,810.05,0.00,0.00,57.28,59.57,0.00,-1239.83
2023-05-21 03:31,7583.98,810.05,0.00,0.00,57.28,59.57,0.00,-1239.83
2023-05-21 03:32,7583.98,810.05,0.00,0.00,57.26,59.58,0.00,-1239.83
2023-05-21 03:33,7583.98,810.05,0.00,0.00,57.19,59.62,0.00,-1239.83
2023-05-21 03:34,7583.98,810.05,0.00,0.00,57.18,59.64,0.00,-1239.83
2023-05-21 03:35,7583.98,810.05,0.00,0.00,57.17,59.64,0.00,-1239.83
2023-05-21 03:36,7583.98,810.05,0.00,0.00,57.13,59.64,0.00,-1239.83
2023-05-21 03:37,7583.98,810.05,0.00,0.00,57.12,59.65,0.00,-1239.83
2023-05-21 03:38,7583.98,810.05,0.00,0.00,57.08,59.70,0.00,-1239.83
2023-05-21 03:39,7583.98,810.05,0.00,0.00,57.05,59.71,0.00,-1239.83
2023-05-21 03:40,7583.98,810.05,0.00,0.00,57.05,59.77,0.00,-1239.83
2023-05-21 03:41,7583.98,810.05,0.00,0.00,56.98,59.78,0.00,-1239.83
2023-05-21 03:42,7583.98,810.05,0.00,0.00,56.98,59.82,0.00,-1239.83
2023-05-21 03:43,7583.98,810.05,0.00,0.00,56.97,59.85,0.00,-1239.83
2023-05-21 03:44,7583.98,810.05,0.00,0.00,56.96,59.86,0.00,-1239.83
2023-05-21 03:45,7583.98,810.05,0.00,0.00,56.89,59.90,0.00,-1239.83
2023-05-21 03:46,7583.98,810.05,0.00,0.00,56.86,59.97,0.00,-1239.83
2023-05-21 03:47,7583.98,810.05,0.00,0.00,56.85,59.97,0.00,-1239.83
2023-05-21 03:48,7583.98,810.05,0.00,0.00,56.86,60.01,0.00,-1239.83
2023-05-21 03:49,7583.98,810.05,0.00,0.00,56.85,60.03,0.00,-1239.83
2023-05-21 03:50,7583.98,810.05,0.00,0.00,56.85,60.05,0.00,-1239.83
2023-05-21 03:51,7583.98,810.05,0.00,0.00,56.81,60.11,0.00,-1239.83
2023-05-21 03:52,7583.98,810.05,0.00,0.00,56.78,60.13,0.00,-1239.83
2023-05-21 03:53,7583.98,810.05,0.00,0.00,56.77,60.17,0.00,-1239.83
2023-05-21 03:54,7583.98,810.05,0.00,0.00,56.77,60.18,0.00,-1239.83
2023-05-21 03:55,7583.98,810.05,0.00,0.00,56.72,60.20,0.00,-1239.83
2023-05-21 03:56,7583.98,810.05,0.00,0.00,56.70,60.23,0.00,-1239.83
2023-05-21 03:57,7583.98,810.05,0.00,0.00,56.72,60.25,0.00,-1239.83
2023-05-21 03:58,7583.98,810.05,0.00,0.00,56.67,60.26,0.00,-1239.83
2023-05-21 03:59,7583.98,810.05,0.00,0.00,56.65,60.30,0.00,-1239.83
2023-05-21 04:00,7583.98,810.05,0.00,0.00,56.63,60.30,0.00,-1239.83
2023-05-21 04:01,7583.98,810.05,0.00,0.00,56.58,60.31,0.00,-1239.83
2023-05-21 04:02,7583.98,810.05,0.00,0.00,56.58,60.32,0.00,-1239.83
2023-05-21 04:03,7583.98,810.05,0.00,0.00,56.55,60.36,0.00,-1239.83
2023-05-21 04:04,7583.98,810.05,0.00,0.00,56.56,60.37,0.00,-1239.83
2023-05-21 04:05,7583.98,810.05,0.00,0.00,56.52,60.37,0.00,-1239.83
2023-05-21 04:06,7583.98,810.05,0.00,0.00,56.52,60.39,0.00,-1239.83
2023-05-21 04:07,7583.98,810.05,0.00,0.00,56.46,60.43,0.00,-1239.83
2023-05-21 04:08,7583.98,810.05,0.00,0.00,56.47,60.43,0.00,-1239.83
2023-05-21 04:09,7583.98,810.05,0.00,0.00,56.43,60.48,0.00,-1239.83
2023-05-21 04:10,7583.98,810.05,0.00,0.00,56.38,60.50,0.00,-1239.83
2023-05-21 04:11,7583.98,810.05,0.00,0.00,56.38,60.50,0.00,-1239.83
2023-05-21 04:12,7583.98,810.05,0.00,0.00,56.34,60.50,0.00,-1239.83
2023-05-21 04:13,7583.98,810.05,0.00,0.00,56.32,60.50,0.00,-1239.83
2023-05-21 04:14,7583.98,810.05,0.00,0.00,56.31,60.50,0.00,-1239.83
2023-05-21 04:15,7583.98,810.05,0.00,0.00,56.30,60.53,0.00,-1239.83
2023-05-21 04:16,7583.98,810.05,0.00,0.00,56.28,60.56,0.00,-1239.83
2023-05-21 04:17,7583.98,810.05,0.00,0.00,56.25,60.57,0.00,-1239.83
2023-05-21 04:18,7583.98,810.05,0.00,0.00,56.23,60.56,0.00,-1239.83
2023-05-21 04:19,7583.98,810.05,0.00,0.00,56.19,60.57,0.00,-1239.83
2023-05-21 04:20,7583.98,810.05,0.00,0.00,56.16,60.57,0.00,-1239.83
2023-05-21 04:21,7583.98,810.05,0.00,0.00,56.12,60.55,0.00,-1239.83
2023-05-21 04:22,7583.98,810.05,0.00,0.00,56.12,60.52,0.00,-1239.83
2023-05-21 04:23,7583.98,810.05,0.00,0.00,56.05,60.50,0.00,-1239.83
2023-05-21 04:24,7583.98,810.05,0.00,0.00,56.04,60.50,0.00,-1239.83
2023-05-21 04:25,7583.98,810.05,0.00,0.00,56.00,60.50,0.00,-1239.83
2023-05-21 04:26,7583.98,810.05,0.00,0.00,55.99,60.50,0.00,-1239.83
2023-05-21 04:27,7583.98,810.05,0.00,0.00,55.99,60.47,0.00,-1239.83
2023-05-21 04:28,7583.98,810.05,0.00,0.00,55.94,60.44,0.00,-1239.83
2023-05-21 04:29,7583.98,810.05,0.00,0.00,55.92,60.43,0.00,-1239.83
2023-05-21 04:30,7583.98,810.05,0.00,0.00,55.88,60.43,0.00,-1239.83
2023-05-21 04:31,7583.98,810.05,17.51,149.50,55.86,60.43,0.00,-1222.32
2023-05-21 04:32,7583.98,810.05,340.64,398.62,55.79,60.41,0.00,-899.18
2023-05-21 04:33,7583.98,810.05,652.61,501.04,55.75,60.88,0.00,-587.22
2023-05-21 04:34,7583.98,810.05,652.93,500.06,55.72,61.35,0.00,-586.90
2023-05-21 04:35,7583.98,810.05,643.49,500.62,55.66,61.41,0.00,-596.34
2023-05-21 04:36,7583.98,810.05,647.38,499.78,55.65,61.27,0.00,-592.45
2023-05-21 04:37,7583.98,810.05,65.16,35.25,55.65,61.03,0.00,-1174.67
2023-05-21 04:38,7583.98,810.05,0.00,0.00,55.65,60.49,0.00,-1239.83
2023-05-21 04:39,7583.98,810.05,0.00,0.00,55.65,60.32,0.00,-1239.83
2023-05-21 04:40,7583.98,810.05,0.00,0.00,55.62,60.30,0.00,-1239.83
2023-05-21 04:41,7583.98,810.05,0.00,0.00,55.59,60.30,0.00,-1239.83
2023-05-21 04:42,7583.98,810.05,0.00,0.00,55.59,60.30,0.00,-1239.83
2023-05-21 04:43,7583.98,809.95,0.00,0.00,55.59,60.31,0.00,-1239.83
2023-05-21 04:44,7583.98,876.07,0.00,0.00,55.59,60.30,0.00,-1239.83
2023-05-21 04:45,7583.98,885.71,0.00,0.00,55.59,60.30,0.00,-1239.83
2023-05-21 04:46,7583.98,885.71,0.00,0.00,55.59,60.28,0.00,-1239.83
2023-05-21 04:47,7583.98,885.71,0.00,0.00,55.59,60.23,0.00,-1239.83
2023-05-21 04:48,7583.98,885.68,0.00,0.00,55.59,60.20,0.00,-1239.83
2023-05-21 04:49,7583.98,964.57,0.00,0.00,55.60,60.21,0.00,-1239.83
2023-05-21 04:50,7583.98,970.78,0.00,0.00,55.59,60.23,0.00,-1239.83
2023-05-21 04:51,7583.98,970.78,0.00,0.00,55.59,60.24,0.00,-1239.83
2023-05-21 04:52,7583.98,970.78,0.00,0.00,55.59,60.23,0.00,-1239.83
2023-05-21 04:53,7583.98,1004.89,0.00,0.00,55.59,60.21,0.00,-1239.83
2023-05-21 04:54,7583.98,1056.78,0.00,0.00,55.59,60.30,0.00,-1239.83
2023-05-21 04:55,7583.98,1056.78,0.00,0.00,55.62,60.36,0.00,-1239.83
2023-05-21 04:56,7583.98,1056.66,0.00,0.00,55.59,60.40,0.00,-1239.83
2023-05-21 04:57,7583.98,1132.14,0.00,0.00,55.62,60.52,0.00,-1239.83
2023-05-21 04:58,7583.98,1144.69,0.00,0.00,55.63,60.78,0.00,-1239.83
2023-05-21 04:59,7583.98,1194.16,0.00,0.00,55.59,60.94,0.00,-1239.83
2023-05-21 05:00,7583.98,1229.88,0.00,0.00,55.59,61.31,0.00,-1239.83
2023-05-21 05:01,7583.98,1233.83,0.00,0.00,55.59,61.53,0.00,-1239.83
2023-05-21 05:02,7583.98,1314.96,0.00,0.00,55.59,61.84,0.00,-1239.83
2023-05-21 05:03,7583.98,1334.69,0.00,0.00,55.59,62.13,0.00,-1239.83
2023-05-21 05:04,7583.98,1400.20,0.00,0.00,55.58,62.49,0.00,-1239.83
2023-05-21 05:05,7583.98,1400.20,0.00,0.00,55.59,62.76,0.00,-1239.83
2023-05-21 05:06,7583.98,1449.30,0.00,0.00,55.54,62.93,0.00,-1239.83
2023-05-21 05:07,7583.98,1483.76,0.00,0.00,55.52,63.19,0.00,-1239.83
2023-05-21 05:08,7583.98,1531.85,0.00,0.00,55.52,63.35,0.00,-1239.83
2023-05-21 05:09,7583.98,1566.91,0.00,0.00,55.49,63.69,0.00,-1239.83
2023-05-21 05:10,7583.98,1640.63,0.00,0.00,55.46,63.93,0.00,-1239.83
2023-05-21 05:11,7583.98,1671.66,0.00,0.00,55.46,64.25,0.00,-1239.83
2023-05-21 05:12,7583.98,1735.44,0.00,0.00,55.45,64.50,0.00,-1239.83
2023-05-21 05:13,7583.98,1769.51,0.00,0.00,55.45,64.65,0.00,-1239.83
2023-05-21 05:14,7583.98,1795.74,0.00,0.00,55.45,64.95,0.00,-1239.83
2023-05-21 05:15,7583.98,1792.75,0.00,0.00,55.43,65.11,0.00,-1239.83
2023-05-21 05:16,7583.98,1792.75,0.00,0.00,55.41,65.21,0.00,-1239.83
2023-05-21 05:17,7583.98,1792.75,0.00,0.00,55.40,65.21,0.00,-1239.83
2023-05-21 05:18,7583.98,1792.75,0.00,0.00,55.40,65.18,0.00,-1239.83
2023-05-21 05:19,7583.98,1792.75,0.00,0.00,55.52,65.11,0.00,-1239.83
2023-05-21 05:20,7583.98,1792.75,0.00,0.00,55.43,65.00,0.00,-1239.83
2023-05-21 05:21,7583.98,1793.39,0.00,0.00,55.42,64.92,0.00,-1239.83
2023-05-21 05:22,7583.98,1794.04,0.00,0.00,55.43,64.78,0.00,-1239.83
2023-05-21 05:23,7583.98,1794.04,0.00,0.00,55.44,64.62,0.00,-1239.83
2023-05-21 05:24,7583.98,1794.04,0.00,0.00,55.46,64.44,0.00,-1239.83
2023-05-21 05:25,7583.98,1794.04,0.00,0.00,55.44,64.28,0.00,-1239.83
2023-05-21 05:26,7583.98,1794.04,0.00,0.00,55.43,64.12,0.00,-1239.83
2023-05-21 05:27,7583.98,1794.04,0.00,0.00,55.39,63.93,0.00,-1239.83
2023-05-21 05:28,7583.98,1794.04,0.00,0.00,55.41,63.76,0.00,-1239.83
2023-05-21 05:29,7583.98,1794.04,0.00,0.00,55.40,63.60,0.00,-1239.83
2023-05-21 05:30,7583.98,1793.83,0.00,0.00,55.37,63.41,0.00,-1239.83
2023-05-21 05:31,7583.98,1792.80,0.00,0.00,55.44,63.26,0.00,-1239.83
2023-05-21 05:32,7583.98,1792.80,0.00,0.00,55.41,63.03,0.00,-1239.83
2023-05-21 05:33,7583.98,1792.80,0.00,0.00,55.37,62.87,0.00,-1239.83
2023-05-21 05:34,7583.98,1792.80,0.00,0.00,55.29,62.76,0.00,-1239.83
2023-05-21 05:35,7583.98,1792.80,0.00,0.00,55.32,62.60,0.00,-1239.83
2023-05-21 05:36,7583.98,1792.80,0.00,0.00,55.36,62.46,0.00,-1239.83
2023-05-21 05:37,7583.98,1792.80,0.00,0.00,55.31,62.31,0.00,-1239.83
2023-05-21 05:38,7583.98,1792.80,0.00,0.00,55.29,62.17,0.00,-1239.83
2023-05-21 05:39,7583.98,1793.14,0.00,0.00,55.30,62.03,0.00,-1239.83
2023-05-21 05:40,7583.98,1823.38,0.00,0.00,55.27,61.88,0.00,-1239.83
2023-05-21 05:41,7583.98,1823.55,0.00,0.00,55.34,61.72,0.00,-1239.83
2023-05-21 05:42,7583.98,1822.60,0.00,0.00,55.26,61.61,0.00,-1239.83
2023-05-21 05:43,7583.98,1821.64,0.00,0.00,55.19,61.44,0.00,-1239.83
2023-05-21 05:44,7583.98,1801.05,0.00,0.00,55.08,61.28,0.00,-1239.83
2023-05-21 05:45,7583.98,1794.41,0.00,0.00,55.11,61.14,0.00,-1239.83
2023-05-21 05:46,7583.98,1794.41,0.00,0.00,55.12,60.99,0.00,-1239.83
2023-05-21 05:47,7583.98,1814.40,0.00,0.00,55.21,60.82,0.00,-1239.83
2023-05-21 05:48,7583.98,1850.99,0.00,0.00,55.03,60.66,0.00,-1239.83
2023-05-21 05:49,7583.98,1850.99,0.00,0.00,55.03,60.50,0.00,-1239.83
2023-05-21 05:50,7583.98,1850.99,0.00,0.00,55.05,60.36,0.00,-1239.83
2023-05-21 05:51,7583.98,1906.72,0.00,0.00,54.97,60.20,0.00,-1239.83
2023-05-21 05:52,7583.98,1951.13,0.00,0.00,54.93,60.02,0.00,-1239.83
2023-05-21 05:53,7583.98,2026.74,0.00,0.00,54.90,59.97,0.00,-1239.83
2023-05-21 05:54,7583.98,2073.63,0.00,0.00,54.91,60.20,0.00,-1239.83
2023-05-21 05:55,7583.98,2119.84,0.00,0.00,54.93,60.71,0.00,-1239.83
2023-05-21 05:56,7583.98,2202.52,0.00,0.00,54.82,61.31,0.00,-1239.83
2023-05-21 05:57,7583.98,2246.89,0.00,0.00,54.86,61.85,0.00,-1239.83
2023-05-21 05:58,7583.98,2291.29,0.00,0.00,54.85,62.41,0.00,-1239.83
2023-05-21 05:59,7583.98,2332.37,0.00,0.00,54.81,62.85,0.00,-1239.83
2023-05-21 06:00,7583.98,2379.15,0.00,0.00,54.71,63.37,0.00,-1239.83
2023-05-21 06:01,7583.98,2379.15,0.00,0.00,54.74,63.64,0.00,-1239.83
2023-05-21 06:02,7583.98,2379.15,0.00,0.00,54.66,63.77,0.00,-1239.83
2023-05-21 06:03,7583.98,2462.40,0.00,0.00,54.68,63.90,0.00,-1239.83
2023-05-21 06:04,7583.98,2469.38,0.00,0.00,54.68,64.21,0.00,-1239.83
2023-05-21 06:05,7583.98,2533.33,0.00,0.00,54.58,64.42,0.00,-1239.83
2023-05-21 06:06,7583.98,2558.38,0.00,0.00,54.63,64.81,0.00,-1239.83
2023-05-21 06:07,7583.98,2558.38,0.00,0.00,54.57,64.95,0.00,-1239.83
2023-05-21 06:08,7583.98,2624.94,0.00,0.00,54.60,65.06,0.00,-1239.83
2023-05-21 06:09,7583.98,2658.66,0.00,0.00,54.65,65.18,0.00,-1239.83
2023-05-21 06:10,7583.98,2735.90,0.00,0.00,54.67,65.38,0.00,-1239.83
2023-05-21 06:11,7583.98,2779.55,0.00,0.00,54.63,65.62,0.00,-1239.83
2023-05-21 06:12,7583.98,2826.03,0.00,0.00,54.65,65.99,0.00,-1239.83
2023-05-21 06:13,7583.98,2907.98,0.00,0.00,54.55,66.28,0.00,-1239.83
2023-05-21 06:14,7583.98,2933.08,0.00,0.00,54.54,66.62,0.00,-1239.83
2023-05-21 06:15,7583.98,3003.35,0.00,0.00,54.60,66.97,0.00,-1239.83
2023-05-21 06:16,7583.98,3069.79,0.00,0.00,54.61,67.26,0.00,-1239.83
2023-05-21 06:17,7583.98,3118.65,0.00,0.00,54.52,67.63,0.00,-1239.83
2023-05-21 06:18,7583.98,3180.28,0.00,0.00,54.54,67.99,0.00,-1239.83
2023-05-21 06:19,7583.98,2889.80,0.00,0.00,54.56,68.20,0.00,-1239.83
2023-05-21 06:20,7583.98,2781.73,0.00,0.00,54.58,68.41,0.00,-1239.83
2023-05-21 06:21,7583.98,2851.41,0.00,0.00,54.57,68.52,0.00,-1239.83
2023-05-21 06:22,7583.98,2873.26,0.00,0.00,54.51,68.64,0.00,-1239.83
2023-05-21 06:23,7583.98,2958.83,0.00,0.00,54.56,68.74,0.00,-1239.83
2023-05-21 06:24,7583.98,2991.29,0.00,0.00,54.55,68.91,0.00,-1239.83
2023-05-21 06:25,7583.98,3048.46,0.00,0.00,54.57,69.11,0.00,-1239.83
2023-05-21 06:26,7583.98,3084.01,0.00,0.00,54.62,69.13,0.00,-1239.83
2023-05-21 06:27,7583.98,3137.19,0.00,0.00,54.73,69.25,0.00,-1239.83
2023-05-21 06:28,7583.98,3189.09,0.00,0.00,54.70,69.26,0.00,-1239.83
2023-05-21 06:29,7583.98,3227.87,0.00,0.00,54.78,69.32,0.00,-1239.83
2023-05-21 06:30,7583.98,3301.69,0.00,0.00,54.81,69.38,0.00,-1239.83
2023-05-21 06:31,7583.98,3312.63,0.00,142.30,54.87,69.51,0.00,-1239.83
2023-05-21 06:32,7583.98,3312.63,0.00,326.96,54.87,69.42,0.00,-1239.83
2023-05-21 06:33,7583.98,3312.63,0.00,317.96,54.81,69.24,0.00,-1239.83
2023-05-21 06:34,7583.98,3312.63,0.00,318.24,54.79,69.03,0.00,-1239.83
2023-05-21 06:35,7583.98,3312.63,207.98,144.38,54.73,68.74,0.00,-1031.85
2023-05-21 06:36,7583.98,3315.14,51.69,0.00,54.70,68.48,0.00,-1188.14
2023-05-21 06:37,7583.98,3317.64,51.69,0.00,54.72,68.16,0.00,-1188.13
2023-05-21 06:38,7583.98,3317.56,51.86,0.00,54.71,67.80,0.00,-1187.97
2023-05-21 06:39,7583.98,3317.51,51.87,0.00,54.71,67.36,0.00,-1187.95
2023-05-21 06:40,7583.98,3317.51,51.90,0.00,54.67,66.89,0.00,-1187.92
2023-05-21 06:41,7583.98,3317.51,51.91,0.00,54.70,66.45,0.00,-1187.92
2023-05-21 06:42,7583.98,3317.51,51.92,0.00,54.67,66.09,0.00,-1187.91
2023-05-21 06:43,7583.98,3324.14,51.91,0.00,54.70,65.73,0.00,-1187.92
2023-05-21 06:44,7583.98,3406.71,51.44,0.00,54.67,65.52,0.00,-1188.39
2023-05-21 06:45,7583.98,3406.96,51.88,0.00,54.72,65.53,0.00,-1187.94
2023-05-21 06:46,7583.98,3458.11,51.43,0.00,54.66,65.46,0.00,-1188.39
2023-05-21 06:47,7583.98,3495.83,51.81,0.00,54.66,65.67,0.00,-1188.01
2023-05-21 06:48,7583.98,3538.82,51.36,0.00,54.66,65.77,0.00,-1188.46
2023-05-21 06:49,7583.98,3584.15,51.59,0.00,54.68,66.08,0.00,-1188.23
2023-05-21 06:50,7583.98,3633.26,51.20,0.00,54.66,66.19,0.00,-1188.63
2023-05-21 06:51,7583.98,3672.20,51.60,0.00,54.66,66.55,0.00,-1188.23
2023-05-21 06:52,7583.98,3745.78,51.30,0.00,54.65,66.79,0.00,-1188.53
2023-05-21 06:53,7583.98,3782.06,51.64,0.00,54.64,67.11,0.00,-1188.18
2023-05-21 06:54,7583.98,3848.39,51.32,0.00,54.62,67.43,0.00,-1188.50
2023-05-21 06:55,7583.98,3873.08,51.55,0.00,54.62,67.61,0.00,-1188.28
2023-05-21 06:56,7583.98,3936.94,51.48,0.00,54.60,67.89,0.00,-1188.35
2023-05-21 06:57,7583.98,3957.77,51.53,0.00,54.62,67.99,0.00,-1188.30
2023-05-21 06:58,7583.98,4024.23,51.12,0.00,54.66,68.16,0.00,-1188.72
2023-05-21 06:59,7583.98,4066.06,51.36,0.00,54.65,68.29,0.00,-1188.47
2023-05-21 07:00,7583.98,4119.87,51.51,0.00,54.66,68.50,0.00,-1188.32
2023-05-21 07:01,7583.98,4201.35,51.03,0.00,54.66,68.72,0.00,-1188.80
2023-05-21 07:02,7583.98,4247.06,51.08,0.00,54.65,68.88,0.00,-1188.75
2023-05-21 07:03,7583.98,4293.26,51.40,0.00,54.64,69.11,0.00,-1188.43
2023-05-21 07:04,7583.98,4377.31,51.00,0.00,54.67,69.27,0.00,-1188.83
2023-05-21 07:05,7583.98,4425.37,51.13,0.00,54.68,69.47,0.00,-1188.69
2023-05-21 07:06,7583.98,4466.58,51.29,0.00,54.68,69.70,0.00,-1188.54
2023-05-21 07:07,7583.98,4547.64,50.78,0.00,54.72,69.74,0.00,-1189.05
2023-05-21 07:08,7583.98,4575.61,51.14,0.00,54.74,69.80,0.00,-1188.69
2023-05-21 07:09,7583.98,4642.93,50.96,0.00,54.79,69.95,0.00,-1188.87
2023-05-21 07:10,7583.98,4668.34,51.18,0.00,54.86,70.11,0.00,-1188.65
2023-05-21 07:11,7583.98,4861.11,50.70,0.00,54.86,70.14,0.00,-1189.13
2023-05-21 07:12,7583.98,4865.83,17.29,113.92,54.94,70.24,0.00,-1222.54
2023-05-21 07:13,7583.98,4865.66,0.00,210.41,54.96,70.04,0.00,-1239.83
2023-05-21 07:14,7583.98,4865.66,59.99,264.94,54.93,69.78,0.00,-1179.84
2023-05-21 07:15,7583.98,4865.66,843.11,483.44,54.91,69.60,0.00,-396.72
2023-05-21 07:16,7583.98,4865.66,985.56,488.35,54.86,70.23,0.00,-254.27
2023-05-21 07:17,7583.98,4865.66,987.37,487.93,54.86,71.55,0.00,-252.46
2023-05-21 07:18,7583.98,4865.66,981.14,488.77,54.89,72.98,0.00,-258.69
2023-05-21 07:19,7583.98,4865.66,990.02,488.21,54.91,74.31,0.00,-249.80
2023-05-21 07:20,7583.98,4865.66,969.95,489.19,54.92,75.48,0.00,-269.88
2023-05-21 07:21,7583.98,4865.66,982.89,489.19,54.99,76.38,0.00,-256.94
2023-05-21 07:22,7583.98,4865.66,986.06,488.49,55.06,77.15,0.00,-253.77
2023-05-21 07:23,7583.98,4865.66,980.20,488.91,55.13,77.79,0.00,-259.63
2023-05-21 07:24,7583.98,4865.66,978.57,489.47,55.26,78.25,0.00,-261.26
2023-05-21 07:25,7583.98,4865.69,610.90,269.64,55.42,78.68,0.00,-628.93
2023-05-21 07:26,7583.98,4866.40,65.91,0.00,55.53,78.94,0.00,-1173.92
2023-05-21 07:27,7583.98,4868.09,66.91,0.00,55.64,78.80,0.00,-1172.92
2023-05-21 07:28,7583.98,4886.38,68.21,0.00,55.81,78.51,0.00,-1171.62
2023-05-21 07:29,7583.98,4957.27,68.44,0.00,56.03,78.40,0.00,-1171.39
2023-05-21 07:30,7583.98,4988.77,69.17,0.00,56.23,78.31,0.00,-1170.65
2023-05-21 07:31,7583.98,5045.22,69.38,0.00,56.41,78.15,0.00,-1170.45
2023-05-21 07:32,7583.98,5053.08,69.90,0.00,56.63,77.92,0.00,-1169.93
2023-05-21 07:33,7583.98,5134.14,69.30,0.00,56.81,77.62,0.00,-1170.53
2023-05-21 07:34,7583.98,5157.69,69.97,0.00,57.00,77.48,0.00,-1169.86
2023-05-21 07:35,7583.98,5222.23,69.92,0.00,57.21,77.38,0.00,-1169.91
2023-05-21 07:36,7583.98,5283.32,70.23,0.00,57.39,77.34,0.00,-1169.60
2023-05-21 07:37,7583.98,5314.30,70.61,0.00,57.57,77.36,0.00,-1169.21
2023-05-21 07:38,7583.98,5398.26,70.28,0.00,57.77,77.34,0.00,-1169.55
2023-05-21 07:39,7583.98,5402.47,70.77,0.00,57.90,77.35,0.00,-1169.05
2023-05-21 07:40,7583.98,5482.61,70.56,0.00,58.06,77.33,0.00,-1169.26
2023-05-21 07:41,7583.98,5497.21,71.10,0.00,58.22,77.38,0.00,-1168.73
2023-05-21 07:42,7583.98,5578.61,70.64,0.00,58.38,77.39,0.00,-1169.19
2023-05-21 07:43,7583.98,5619.50,70.97,0.00,58.52,77.44,0.00,-1168.86
2023-05-21 07:44,7583.98,5666.67,71.33,0.00,58.69,77.49,0.00,-1168.50
2023-05-21 07:45,7583.98,5716.02,71.16,0.00,58.82,77.46,0.00,-1168.67
2023-05-21 07:46,7583.98,5755.93,71.74,0.00,58.95,77.52,0.00,-1168.09
2023-05-21 07:47,7583.98,5814.02,71.16,0.00,59.10,77.51,0.00,-1168.67
2023-05-21 07:48,7583.98,5844.77,71.11,0.00,59.20,77.67,0.00,-1168.72
2023-05-21 07:49,7583.98,5871.18,71.64,0.00,59.29,77.68,0.00,-1168.18
2023-05-21 07:50,7583.98,5923.77,71.91,0.00,59.39,77.63,0.00,-1167.92
2023-05-21 07:51,7583.98,5940.44,71.32,0.00,59.44,77.63,0.00,-1168.51
2023-05-21 07:52,7583.98,5941.79,71.13,0.00,59.50,77.71,0.00,-1168.70
2023-05-21 07:53,7583.98,5961.00,70.76,0.00,59.53,77.82,0.00,-1169.07
2023-05-21 07:54,7583.98,5999.02,71.04,0.00,59.56,77.84,0.00,-1168.79
2023-05-21 07:55,7583.98,6010.90,33.94,101.19,59.55,77.69,0.00,-1205.89
2023-05-21 07:56,7583.98,6010.56,0.00,295.87,59.50,77.73,0.00,-1239.83
2023-05-21 07:57,7583.98,6010.56,770.22,438.03,59.45,77.94,0.00,-469.61
2023-05-21 07:58,7583.98,6010.56,1105.36,499.14,59.39,77.94,0.00,-134.47
2023-05-21 07:59,7583.98,6010.56,1136.88,497.74,59.36,78.25,0.00,-102.95
2023-05-21 08:00,7583.98,6010.56,1130.69,498.02,59.31,78.84,0.00,-109.14
2023-05-21 08:01,7583.98,6010.56,1129.31,498.44,59.30,79.41,0.00,-110.52
2023-05-21 08:02,7583.98,6010.56,1112.08,499.56,59.30,79.93,0.00,-127.75
2023-05-21 08:03,7583.98,6010.56,1105.59,499.70,59.30,80.37,0.00,-134.23
2023-05-21 08:04,7583.98,6010.56,1089.49,500.12,59.31,80.72,0.00,-150.34
2023-05-21 08:05,7583.98,6010.56,1084.96,500.82,59.41,81.05,0.00,-154.87
2023-05-21 08:06,7583.98,6010.56,1074.88,500.96,59.46,81.36,0.00,-164.95
2023-05-21 08:07,7583.98,6010.56,1076.72,501.10,59.55,81.69,0.00,-163.11
2023-05-21 08:08,7583.98,6010.56,1073.50,501.38,59.70,82.02,0.00,-166.33
2023-05-21 08:09,7583.98,6010.56,1072.42,501.52,59.83,82.33,0.00,-167.41
2023-05-21 08:10,7583.98,6010.56,1071.70,501.38,60.02,82.59,0.00,-168.13
2023-05-21 08:11,7583.98,6010.56,1063.69,502.08,60.22,82.79,0.00,-176.13
2023-05-21 08:12,7583.98,6010.56,1065.08,501.52,60.45,82.98,0.00,-174.75
2023-05-21 08:13,7583.98,6010.56,1055.62,502.50,60.70,83.16,0.00,-184.21
2023-05-21 08:14,7583.98,6010.56,1062.37,502.08,60.96,83.31,0.00,-177.46
2023-05-21 08:15,7583.98,6010.56,1050.97,503.06,61.25,83.47,0.00,-188.86
2023-05-21 08:16,7583.98,6010.56,1049.34,503.06,61.53,83.81,0.00,-190.49
2023-05-21 08:17,7583.98,6010.56,1035.92,503.06,61.86,85.69,0.00,-203.91
2023-05-21 08:18,7583.98,6010.56,1038.48,502.92,62.15,87.42,0.00,-201.35
2023-05-21 08:19,7583.98,6012.81,710.87,278.18,62.45,87.94,0.00,-528.96
2023-05-21 08:20,7583.98,6013.48,83.33,0.00,62.63,87.73,0.00,-1156.50
2023-05-21 08:21,7583.98,6013.63,84.76,0.00,62.86,87.61,0.00,-1155.06
2023-05-21 08:22,7583.98,6090.43,85.14,0.00,63.14,87.25,0.00,-1154.69
2023-05-21 08:23,7583.98,6104.51,86.52,0.00,63.39,86.62,0.00,-1153.31
2023-05-21 08:24,7583.98,6169.33,85.89,0.00,63.59,86.30,0.00,-1153.93
2023-05-21 08:25,7583.98,6197.87,87.10,0.00,63.77,85.44,0.00,-1152.73
2023-05-21 08:26,7583.98,6274.88,86.49,0.00,63.93,84.95,0.00,-1153.34
2023-05-21 08:27,7583.98,6289.89,87.62,0.00,64.13,84.10,0.00,-1152.21
2023-05-21 08:28,7583.98,6367.65,86.96,0.00,64.28,83.70,0.00,-1152.87
2023-05-21 08:29,7583.98,6389.85,87.75,0.00,64.45,82.99,0.00,-1152.08
2023-05-21 08:30,7583.98,6463.11,87.82,0.00,64.55,82.73,0.00,-1152.01
2023-05-21 08:31,7583.98,6475.20,88.42,0.00,64.69,82.18,0.00,-1151.41
2023-05-21 08:32,7583.98,6549.54,88.48,0.00,64.75,82.03,0.00,-1151.34
2023-05-21 08:33,7583.98,6551.28,22.52,90.00,64.91,81.54,0.00,-1217.31
2023-05-21 08:34,7583.98,6551.14,419.04,359.53,65.13,81.34,0.00,-820.79
2023-05-21 08:35,7583.98,6551.14,1015.10,467.85,65.20,81.23,0.00,-224.73
2023-05-21 08:36,7583.98,6551.14,1077.06,465.05,65.24,81.50,0.00,-162.76
2023-05-21 08:37,7583.98,6551.14,1077.82,464.92,65.29,81.77,0.00,-162.01
2023-05-21 08:38,7583.98,6551.14,1081.44,464.36,65.35,81.96,0.00,-158.38
2023-05-21 08:39,7583.98,6551.14,1070.41,465.19,65.40,82.17,0.00,-169.42
2023-05-21 08:40,7583.98,6552.39,1071.93,454.65,65.47,82.32,0.00,-167.89
2023-05-21 08:41,7583.98,6554.73,71.10,19.00,65.51,82.48,0.00,-1168.73
2023-05-21 08:42,7583.98,6554.73,0.00,0.00,65.58,81.80,0.00,-1239.83
2023-05-21 08:43,7583.98,6554.73,0.00,0.00,65.61,81.58,0.00,-1239.83
2023-05-21 08:44,7583.98,6616.30,0.00,0.00,65.66,81.69,0.00,-1239.83
2023-05-21 08:45,7583.98,6642.11,334.27,295.16,65.72,81.16,0.00,-905.56
2023-05-21 08:46,7583.98,6641.84,1067.43,514.60,65.84,81.29,0.00,-172.40
2023-05-21 08:47,7583.98,6641.84,1134.03,511.53,65.95,81.24,0.00,-105.80
2023-05-21 08:48,7583.98,6641.84,1138.36,511.95,66.05,81.50,0.00,-101.47
2023-05-21 08:49,7583.98,6641.84,1131.84,511.53,66.13,81.87,0.00,-107.99
2023-05-21 08:50,7583.98,6641.84,1130.30,511.95,66.23,82.25,0.00,-109.53
2023-05-21 08:51,7583.98,6641.84,1126.38,511.95,66.32,82.60,0.00,-113.45
2023-05-21 08:52,7583.98,6641.84,1176.24,529.46,66.46,82.96,0.00,-63.59
2023-05-21 08:53,7583.98,6641.84,1207.73,536.45,66.60,83.25,0.00,-32.10
2023-05-21 08:54,7583.98,6641.84,1209.65,536.45,66.72,83.57,0.00,-30.18
2023-05-21 08:55,7583.98,6641.84,1206.36,536.31,66.86,83.89,0.00,-33.46
2023-05-21 08:56,7583.98,6641.84,1210.84,536.31,67.06,84.15,0.00,-28.98
2023-05-21 08:57,7583.98,6641.84,1205.34,536.74,67.19,84.34,0.00,-34.49
2023-05-21 08:58,7583.98,6641.84,1201.47,536.74,67.39,84.65,0.00,-38.36
2023-05-21 08:59,7583.98,6641.84,1197.38,536.74,67.60,86.18,0.00,-42.44
2023-05-21 09:00,7583.98,6641.84,1203.42,536.74,67.78,87.51,0.00,-36.41
2023-05-21 09:01,7583.98,6641.84,1209.63,536.31,68.02,88.16,0.00,-30.20
2023-05-21 09:02,7583.98,6641.84,1207.31,536.74,68.27,88.19,0.00,-32.51
2023-05-21 09:03,7583.98,6641.84,1202.66,536.87,68.52,87.76,0.00,-37.16
2023-05-21 09:04,7583.98,6641.84,1203.69,536.59,68.74,87.58,0.00,-36.14
2023-05-21 09:05,7583.98,6641.84,1199.81,537.02,69.01,87.60,0.00,-40.02
2023-05-21 09:06,7583.98,6641.84,1199.34,537.01,69.27,87.75,0.00,-40.49
2023-05-21 09:07,7583.98,6641.84,1200.02,537.29,69.53,87.96,0.00,-39.81
2023-05-21 09:08,7583.98,6641.84,1198.86,537.01,69.77,88.09,0.00,-40.97
2023-05-21 09:09,7583.98,6641.84,1199.71,537.01,70.04,88.23,0.00,-40.12
2023-05-21 09:10,7583.98,6641.84,1197.29,537.01,70.33,88.42,0.00,-42.53
2023-05-21 09:11,7583.98,6643.89,628.70,265.29,70.57,88.69,0.00,-611.13
2023-05-21 09:12,7583.98,6643.90,0.00,0.00,70.74,88.99,0.00,-1239.83
2023-05-21 09:13,7583.98,6643.90,0.00,0.00,70.92,88.73,0.00,-1239.83
2023-05-21 09:14,7583.98,6703.71,0.00,0.00,71.12,88.67,0.00,-1239.83
2023-05-21 09:15,7583.98,6733.96,0.00,0.00,71.30,88.40,0.00,-1239.83
2023-05-21 09:16,7583.98,6765.61,0.00,0.00,71.48,88.46,0.00,-1239.83
2023-05-21 09:17,7583.98,6825.02,0.00,0.00,71.63,88.57,0.00,-1239.83
2023-05-21 09:18,7583.98,6851.24,0.00,0.00,71.77,88.61,0.00,-1239.83
2023-05-21 09:19,7583.98,6914.90,0.00,0.00,71.95,88.71,0.00,-1239.83
2023-05-21 09:20,7583.98,6927.47,0.00,0.00,72.08,88.79,0.00,-1239.83
2023-05-21 09:21,7583.98,7002.98,0.00,0.00,72.24,88.94,0.00,-1239.83
2023-05-21 09:22,7583.98,7009.82,0.00,0.00,72.37,88.94,0.00,-1239.83
2023-05-21 09:23,7583.98,7085.67,0.00,0.00,72.45,89.17,0.00,-1239.83
2023-05-21 09:24,7583.98,7093.19,0.00,155.40,72.53,89.08,0.00,-1239.83
2023-05-21 09:25,7583.98,7092.80,569.68,478.87,72.67,89.36,0.00,-670.15
2023-05-21 09:26,7583.98,7092.80,1155.14,526.82,72.66,89.12,0.00,-84.68
2023-05-21 09:27,7583.98,7092.80,1201.30,524.15,72.65,89.00,0.00,-38.53
2023-05-21 09:28,7583.98,7092.80,1203.77,524.01,72.61,89.34,0.00,-36.05
2023-05-21 09:29,7583.98,7092.80,1201.35,524.15,72.59,89.71,0.00,-38.48
2023-05-21 09:30,7583.98,7092.80,1207.23,524.43,72.58,90.13,0.00,-32.59
2023-05-21 09:31,7583.98,7092.80,1198.89,524.99,72.59,90.51,0.00,-40.94
2023-05-21 09:32,7583.98,7092.80,1202.18,524.85,72.64,91.02,0.00,-37.65
2023-05-21 09:33,7583.98,7092.80,1196.74,525.13,72.65,91.41,0.00,-43.09
2023-05-21 09:34,7583.98,7092.80,1200.36,525.13,72.70,91.80,0.00,-39.47
2023-05-21 09:35,7583.98,7092.80,1191.91,525.27,72.73,92.13,0.00,-47.92
2023-05-21 09:36,7583.98,7092.80,1186.96,525.13,72.81,92.38,0.00,-52.87
2023-05-21 09:37,7583.98,7092.80,1187.98,525.41,72.91,92.61,0.00,-51.85
2023-05-21 09:38,7583.98,7092.80,1182.59,525.27,73.02,92.71,0.00,-57.24
2023-05-21 09:39,7583.98,7092.80,1183.62,525.41,73.16,92.96,0.00,-56.21
2023-05-21 09:40,7583.98,7092.80,1178.57,525.83,73.24,93.91,0.00,-61.26
2023-05-21 09:41,7583.98,7092.80,1186.87,525.41,73.41,94.22,0.00,-52.96
2023-05-21 09:42,7583.98,7092.80,1183.10,525.83,73.59,94.20,0.00,-56.73
2023-05-21 09:43,7583.98,7092.80,1185.35,525.69,73.73,94.00,0.00,-54.48
2023-05-21 09:44,7583.98,7092.80,1182.46,525.84,73.91,94.02,0.00,-57.37
2023-05-21 09:45,7583.98,7092.80,1182.93,526.11,74.10,94.15,0.00,-56.90
2023-05-21 09:46,7583.98,7092.80,1178.88,526.39,74.28,94.21,0.00,-60.95
2023-05-21 09:47,7583.98,7092.80,1187.07,525.69,74.47,94.34,0.00,-52.76
2023-05-21 09:48,7583.98,7092.80,1181.18,525.97,74.67,94.73,0.00,-58.65
2023-05-21 09:49,7583.98,7092.80,1183.12,526.25,74.83,94.46,0.00,-56.70
2023-05-21 09:50,7583.98,7092.80,1178.52,526.39,75.06,94.41,0.00,-61.31
2023-05-21 09:51,7583.98,7092.80,1187.05,526.25,75.24,94.49,0.00,-52.78
2023-05-21 09:52,7583.98,7092.80,1178.13,526.81,75.44,94.52,0.00,-61.70
2023-05-21 09:53,7583.98,7092.80,1185.91,526.11,75.64,94.63,0.00,-53.91
2023-05-21 09:54,7583.98,7092.80,1177.34,526.81,75.83,94.73,0.00,-62.49
2023-05-21 09:55,7583.98,7092.80,1180.38,526.67,76.01,94.86,0.00,-59.45
2023-05-21 09:56,7583.98,7092.80,1178.12,526.81,76.21,95.00,0.00,-61.71
2023-05-21 09:57,7583.98,7092.80,1178.19,526.81,76.39,95.08,0.00,-61.63
2023-05-21 09:58,7583.98,7092.80,1179.31,526.67,76.58,95.22,0.00,-60.52
2023-05-21 09:59,7583.98,7092.80,1177.49,526.67,76.76,95.34,0.00,-62.34
2023-05-21 10:00,7583.98,7092.80,1179.48,526.81,76.96,95.50,0.00,-60.34
2023-05-21 10:01,7583.98,7092.80,1177.31,526.81,77.15,95.60,0.00,-62.52
2023-05-21 10:02,7583.98,7092.80,1181.19,526.67,77.34,95.70,0.00,-58.64
2023-05-21 10:03,7583.98,7092.80,1177.24,526.81,77.50,95.83,0.00,-62.59
2023-05-21 10:04,7583.98,7093.14,1178.49,526.81,77.67,95.92,0.00,-61.34
2023-05-21 10:05,7583.98,7095.34,300.74,104.36,77.81,96.07,0.00,-939.09
2023-05-21 10:06,7583.98,7095.34,0.00,0.00,77.88,95.81,0.00,-1239.83
2023-05-21 10:07,7583.98,7095.34,0.00,0.00,78.01,95.34,0.00,-1239.83
2023-05-21 10:08,7583.98,7149.44,0.00,0.00,78.11,94.83,0.00,-1239.83
2023-05-21 10:09,7583.98,7185.82,0.00,0.00,78.21,94.12,0.00,-1239.83
2023-05-21 10:10,7583.98,7209.97,0.00,0.00,78.27,93.99,0.00,-1239.83
2023-05-21 10:11,7583.98,7276.50,0.00,0.00,78.39,93.91,0.00,-1239.83
2023-05-21 10:12,7583.98,7292.85,0.00,0.00,78.51,93.71,0.00,-1239.83
2023-05-21 10:13,7583.98,7365.76,0.00,0.00,78.63,93.80,0.00,-1239.83
2023-05-21 10:14,7583.98,7366.82,0.00,0.00,78.75,93.58,0.00,-1239.83
2023-05-21 10:15,7583.98,7367.48,0.00,0.00,78.87,93.62,0.00,-1239.83
2023-05-21 10:16,7583.98,7370.26,56.62,378.53,78.96,93.63,0.00,-1183.20
2023-05-21 10:17,7583.98,7382.88,1135.80,522.35,79.00,93.43,0.00,-104.02
2023-05-21 10:18,7583.98,7446.00,1273.28,523.23,78.90,93.07,0.00,33.45
2023-05-21 10:19,7583.98,7446.00,1276.54,522.96,78.80,93.75,0.00,36.71
2023-05-21 10:20,7583.98,7446.00,1252.85,523.10,78.69,94.40,0.00,13.02
2023-05-21 10:21,7583.98,7446.00,1247.02,523.65,78.62,94.86,0.00,7.20
2023-05-21 10:22,7583.98,7446.00,1236.89,523.79,78.56,95.25,0.00,-2.94
2023-05-21 10:23,7583.98,7446.00,1238.17,524.21,78.55,95.56,0.00,-1.66
2023-05-21 10:24,7583.98,7452.05,1263.59,523.65,78.49,95.85,0.00,23.75
2023-05-21 10:25,7583.98,7476.11,1314.61,521.27,78.49,96.15,0.00,74.78
2023-05-21 10:26,7583.98,7508.00,1302.63,521.28,78.49,96.55,0.00,62.80
2023-05-21 10:27,7583.98,7530.75,1317.07,521.28,78.50,97.29,0.00,77.24
2023-05-21 10:28,7583.98,7531.90,979.95,365.62,78.55,97.14,0.00,-259.88
2023-05-21 10:29,7583.98,7532.07,0.00,0.00,78.56,96.65,0.00,-1239.83
2023-05-21 10:30,7583.98,7532.07,0.00,0.00,78.58,96.54,0.00,-1239.83
2023-05-21 10:31,7583.98,7534.63,133.43,183.50,78.62,96.56,0.00,-1106.40
2023-05-21 10:32,7583.98,7540.07,759.97,390.78,78.69,96.37,0.00,-479.87
2023-05-21 10:33,7583.98,7541.00,859.73,386.58,78.74,95.76,0.00,-380.10
2023-05-21 10:34,7583.98,7541.00,855.34,387.28,78.75,95.99,0.00,-384.49
2023-05-21 10:35,7583.98,7541.00,1005.51,440.99,78.78,96.25,0.00,-234.31
2023-05-21 10:36,7583.98,7541.00,1106.41,495.43,78.84,96.41,0.00,-133.41
2023-05-21 10:37,7583.98,7541.00,1693.14,646.61,78.87,96.58,0.00,453.31
2023-05-21 10:38,7583.98,7541.00,1749.62,650.50,78.89,96.78,0.00,509.79
2023-05-21 10:39,7583.98,7542.61,1770.96,649.94,78.89,97.20,0.00,531.13
2023-05-21 10:40,7583.98,7560.99,1876.52,648.68,78.89,97.59,0.00,636.69
2023-05-21 10:41,7583.98,7572.62,1832.05,648.11,78.90,98.00,0.00,592.22
2023-05-21 10:42,7583.98,7573.94,1806.58,648.81,78.91,98.44,0.00,474.20
2023-05-21 10:43,7583.98,7578.91,1795.26,648.09,78.95,98.73,0.00,2.67
2023-05-21 10:44,7584.19,7583.95,2107.67,645.02,79.02,98.92,26.31,315.08
2023-05-21 10:45,7587.93,7587.93,2311.20,647.90,79.09,99.02,297.86,518.61
2023-05-21 10:46,7593.12,7593.12,2651.36,647.02,79.15,99.20,321.97,858.77
2023-05-21 10:47,7597.98,7597.98,2649.02,646.47,79.27,99.49,294.88,856.43
2023-05-21 10:48,7602.93,7602.93,2619.42,647.73,79.36,99.76,307.27,826.83
2023-05-21 10:49,7607.30,7607.30,2526.01,648.57,79.47,100.05,261.01,733.42
2023-05-21 10:50,7611.37,7611.37,2516.88,648.57,79.65,100.30,250.87,724.29
2023-05-21 10:51,7615.40,7615.40,2491.49,649.27,79.81,100.48,246.22,698.90
2023-05-21 10:52,7619.15,7619.15,2461.16,649.41,79.97,100.68,226.03,668.57
2023-05-21 10:53,7622.82,7622.82,2464.60,649.41,80.14,100.94,225.54,672.01
2023-05-21 10:54,7626.31,7626.31,2434.83,649.69,80.31,101.18,210.82,642.24
2023-05-21 10:55,7629.55,7629.55,2420.48,649.69,80.50,101.30,197.08,627.89
2023-05-21 10:56,7632.68,7632.68,2410.53,649.69,80.66,101.37,191.40,617.94
2023-05-21 10:57,7635.58,7635.58,2384.23,649.83,80.82,101.46,186.29,591.64
2023-05-21 10:58,7636.25,7634.30,1203.03,337.66,80.92,101.81,17.57,-589.56
2023-05-21 10:59,7636.25,7633.37,0.00,0.00,81.02,101.59,0.00,-1792.59
2023-05-21 11:00,7636.25,7633.37,0.00,0.00,81.10,101.15,0.00,-1792.59
2023-05-21 11:01,7636.25,7633.28,731.83,479.94,81.25,100.80,0.00,-1060.76
2023-05-21 11:02,7636.25,7633.26,1538.52,608.02,81.41,99.79,0.00,-254.07
2023-05-21 11:03,7636.25,7633.26,1605.21,607.46,81.47,100.05,0.00,-187.38
2023-05-21 11:04,7636.25,7633.26,1616.69,606.90,81.18,100.73,0.00,-175.90
2023-05-21 11:05,7636.25,7633.26,1605.80,607.18,80.84,101.16,0.00,-186.79
2023-05-21 11:06,7636.25,7633.28,1611.21,615.84,80.75,101.50,0.00,-181.38
2023-05-21 11:07,7636.25,7633.33,1729.31,635.11,80.79,101.81,0.00,-63.28
2023-05-21 11:08,7636.25,7634.12,1583.21,605.12,80.81,101.98,0.00,-209.38
2023-05-21 11:09,7636.83,7636.53,1717.47,610.22,80.89,102.08,66.65,96.14
2023-05-21 11:10,7639.88,7639.88,2130.80,599.78,80.98,102.27,228.72,543.81
2023-05-21 11:11,7642.65,7642.65,2104.84,600.06,81.08,102.92,168.94,517.87
2023-05-21 11:12,7645.13,7645.13,2025.81,600.76,81.21,102.82,153.77,438.83
2023-05-21 11:13,7647.63,7647.63,2040.04,600.21,81.38,101.96,157.27,453.06
2023-05-21 11:14,7649.84,7649.84,1989.53,600.76,81.51,101.90,129.63,402.55
2023-05-21 11:15,7651.88,7651.88,1949.48,601.19,81.65,102.28,128.10,362.51
2023-05-21 11:16,7653.87,7653.87,1949.52,602.72,81.82,102.53,123.41,362.54
2023-05-21 11:17,7656.06,7656.06,1958.80,602.30,82.01,102.59,144.16,371.82
2023-05-21 11:18,7658.42,7658.42,2002.57,603.42,82.14,102.59,145.66,415.59
2023-05-21 11:19,7661.03,7661.03,2063.29,603.42,82.32,102.57,158.98,476.31
2023-05-21 11:20,7663.78,7663.78,2098.97,603.98,82.46,102.62,172.50,511.99
2023-05-21 11:21,7666.31,7666.31,2082.90,604.58,82.61,102.75,150.46,495.92
2023-05-21 11:22,7668.36,7668.36,2043.67,603.46,82.79,103.12,130.56,456.69
2023-05-21 11:23,7668.75,7664.62,681.68,149.96,82.91,103.83,0.00,-905.30
2023-05-21 11:24,7668.75,7664.52,185.54,0.00,82.99,104.67,0.00,-1401.44
2023-05-21 11:25,7668.75,7664.52,347.25,179.04,83.23,104.48,0.00,-1239.72
2023-05-21 11:26,7668.75,7664.52,1374.86,588.95,83.42,103.60,0.00,-212.12
2023-05-21 11:27,7668.75,7664.52,1520.23,591.62,83.52,102.71,0.00,-66.75
2023-05-21 11:28,7668.75,7664.52,1524.64,591.76,83.67,103.02,0.00,-62.34
2023-05-21 11:29,7668.75,7664.52,1517.45,592.04,83.73,103.48,0.00,-69.53
2023-05-21 11:30,7668.75,7664.52,1560.84,601.52,83.77,103.83,0.00,-26.14
2023-05-21 11:31,7668.75,7665.56,1589.71,601.65,83.80,104.10,0.00,2.73
2023-05-21 11:32,7668.75,7667.21,1581.42,601.65,83.80,104.29,0.00,-5.56
2023-05-21 11:33,7669.87,7669.82,1793.89,597.74,83.80,104.31,130.57,206.91
2023-05-21 11:34,7673.08,7673.08,2108.20,595.34,83.87,104.23,199.05,521.22
2023-05-21 11:35,7675.90,7675.90,2097.33,598.80,83.88,104.18,168.82,510.35
2023-05-21 11:36,7678.90,7678.90,2112.45,598.25,83.99,104.12,188.26,525.48
2023-05-21 11:37,7681.88,7681.88,2133.90,598.38,84.06,104.10,180.41,546.92
2023-05-21 11:38,7684.81,7684.81,2130.57,598.25,84.14,104.13,177.70,543.59
2023-05-21 11:39,7687.68,7687.68,2131.46,598.80,84.23,104.20,174.02,544.48
2023-05-21 11:40,7690.59,7690.59,2162.03,598.67,84.32,104.31,177.16,575.05
2023-05-21 11:41,7693.96,7693.96,2123.30,597.69,84.40,104.50,218.51,536.32
2023-05-21 11:42,7697.24,7697.24,2133.65,598.11,84.49,104.68,198.58,546.67
2023-05-21 11:43,7700.47,7700.47,2139.11,598.53,84.63,104.87,197.35,552.13
2023-05-21 11:44,7703.16,7703.16,2069.41,597.69,84.71,104.99,160.12,482.44
2023-05-21 11:45,7705.70,7705.70,2017.81,597.83,84.81,105.12,152.91,430.84
2023-05-21 11:46,7708.06,7708.06,2003.77,596.72,84.86,105.32,150.91,416.79
2023-05-21 11:47,7708.56,7698.17,816.94,223.23,84.93,105.53,0.00,-770.04
2023-05-21 11:48,7708.56,7697.15,143.54,0.00,84.99,106.99,0.00,-1443.44
2023-05-21 11:49,7708.56,7697.15,142.66,126.29,84.98,107.18,0.00,-1444.31
2023-05-21 11:50,7708.56,7697.15,1356.07,590.42,85.37,106.61,0.00,-230.91
2023-05-21 11:51,7708.56,7697.15,1547.02,597.58,85.63,105.47,0.00,-39.96
2023-05-21 11:52,7708.56,7697.15,1560.69,597.58,85.78,105.68,0.00,-26.29
2023-05-21 11:53,7708.56,7697.15,1585.46,596.74,85.90,105.94,0.00,-1.52
2023-05-21 11:54,7708.56,7697.15,1577.94,596.74,85.99,106.15,0.00,-9.04
2023-05-21 11:55,7708.56,7697.15,1579.55,596.32,86.12,106.75,0.00,-7.43
2023-05-21 11:56,7708.56,7697.15,1573.24,596.88,86.27,106.60,0.00,-13.73
2023-05-21 11:57,7708.56,7697.15,1571.52,596.46,86.40,106.45,0.00,-15.45
2023-05-21 11:58,7708.56,7698.06,1567.02,596.74,86.50,106.78,0.00,-19.96
2023-05-21 11:59,7708.56,7699.58,1560.78,595.46,86.63,107.04,0.00,-22.04
2023-05-21 12:00,7708.56,7700.84,1563.27,597.02,86.77,107.25,0.00,-4.13
2023-05-21 12:01,7708.56,7702.44,1562.29,597.44,86.91,107.50,0.00,0.36
2023-05-21 12:02,7708.56,7704.10,1571.29,597.72,87.05,107.64,0.00,10.07
2023-05-21 12:03,7708.56,7705.77,1554.18,597.86,87.17,107.79,0.00,-7.04
2023-05-21 12:04,7708.56,7707.44,1536.33,598.01,87.33,107.90,0.00,-24.89
2023-05-21 12:05,7709.28,7709.26,1547.87,597.87,87.47,107.88,79.14,-13.35
2023-05-21 12:06,7710.65,7710.65,1628.22,596.75,87.63,107.88,86.02,67.01
2023-05-21 12:07,7711.03,7711.03,1623.72,596.61,87.80,107.92,20.26,62.50
2023-05-21 12:08,7711.44,7711.44,1637.64,596.75,87.90,108.05,23.21,76.43
2023-05-21 12:09,7711.89,7711.89,1636.37,596.33,88.04,108.12,26.78,75.16
2023-05-21 12:10,7712.49,7712.49,1656.60,595.07,88.16,108.25,37.13,95.38
2023-05-21 12:11,7713.18,7713.18,1679.45,595.07,88.27,108.39,44.06,118.23
2023-05-21 12:12,7713.87,7713.87,1706.65,594.65,88.38,108.55,42.76,145.44
2023-05-21 12:13,7714.72,7714.72,1718.67,594.09,88.48,108.67,56.51,157.46
2023-05-21 12:14,7715.38,7715.38,1716.79,593.80,88.57,108.83,40.86,155.58
2023-05-21 12:15,7716.12,7716.12,1713.79,593.94,88.71,108.94,50.56,152.58
2023-05-21 12:16,7716.68,7716.68,1684.70,593.95,88.84,108.96,34.54,123.49
2023-05-21 12:17,7717.20,7717.20,1667.14,594.51,88.97,108.92,31.70,105.92
2023-05-21 12:18,7717.74,7717.74,1653.36,594.79,89.09,108.84,31.75,92.15
2023-05-21 12:19,7718.54,7718.54,1679.68,594.37,89.23,108.76,52.48,118.46
2023-05-21 12:20,7719.18,7719.18,1675.78,594.09,89.37,108.75,38.81,114.57
2023-05-21 12:21,7719.88,7719.88,1686.46,594.37,89.53,108.78,42.22,125.25
2023-05-21 12:22,7720.56,7720.56,1664.81,593.80,89.63,108.88,42.32,103.60
2023-05-21 12:23,7721.22,7721.22,1661.97,594.37,89.77,109.01,39.95,100.76
2023-05-21 12:24,7721.86,7721.86,1660.02,594.51,89.92,109.17,39.42,98.81
2023-05-21 12:25,7722.53,7722.53,1664.19,594.51,90.06,109.28,39.79,102.98
2023-05-21 12:26,7723.24,7723.24,1668.60,594.09,90.16,109.36,43.89,107.39
2023-05-21 12:27,7723.93,7723.93,1653.34,593.81,90.32,109.47,42.33,92.13
2023-05-21 12:28,7724.60,7724.60,1653.78,594.23,90.44,109.59,39.98,92.57
2023-05-21 12:29,7725.23,7725.23,1649.62,594.79,90.56,109.74,39.32,88.41
2023-05-21 12:30,7725.80,7725.80,1628.87,594.23,90.69,109.80,35.56,67.66
2023-05-21 12:31,7726.40,7726.40,1633.02,593.96,90.82,109.91,35.85,71.80
2023-05-21 12:32,7727.01,7727.01,1644.98,594.10,90.90,110.03,38.37,83.77
2023-05-21 12:33,7727.68,7727.68,1626.81,593.95,91.03,110.09,39.59,65.60
2023-05-21 12:34,7728.31,7728.31,1639.78,594.09,91.13,110.14,38.85,78.56
2023-05-21 12:35,7728.97,7728.97,1643.22,594.09,91.24,110.28,40.03,82.01
2023-05-21 12:36,7729.60,7729.60,1655.93,594.23,91.39,110.32,38.26,94.71
2023-05-21 12:37,7730.24,7730.24,1650.11,593.39,91.54,110.48,39.21,88.89
2023-05-21 12:38,7730.84,7730.84,1656.53,593.68,91.64,110.58,38.84,95.32
2023-05-21 12:39,7730.98,7728.26,1601.36,566.02,91.78,110.68,11.31,40.15
2023-05-21 12:40,7730.98,7727.48,71.53,22.34,91.78,109.56,0.00,-1489.68
2023-05-21 12:41,7730.98,7727.48,0.00,0.00,91.70,108.32,0.00,-1561.21
2023-05-21 12:42,7730.98,7727.48,0.00,0.00,91.59,108.88,0.00,-1561.21
2023-05-21 12:43,7730.98,7727.48,0.00,0.00,91.72,109.54,0.00,-1561.21
2023-05-21 12:44,7730.98,7727.36,0.62,40.07,91.73,109.99,0.00,-1560.59
2023-05-21 12:45,7730.98,7726.77,1090.98,602.35,92.16,109.98,0.00,-470.24
2023-05-21 12:46,7730.98,7726.77,1532.35,600.50,92.30,108.68,0.00,-28.86
2023-05-21 12:47,7730.98,7726.77,1568.89,600.35,92.17,109.20,0.00,7.68
2023-05-21 12:48,7730.98,7726.77,1552.40,600.35,92.09,109.80,0.00,-8.82
2023-05-21 12:49,7730.98,7726.77,1567.71,601.05,91.95,110.09,0.00,6.50
2023-05-21 12:50,7730.98,7727.21,1594.46,602.31,91.89,110.12,0.00,26.02
2023-05-21 12:51,7730.98,7729.74,1692.03,601.20,91.82,110.07,0.00,88.23
2023-05-21 12:52,7732.19,7732.19,1852.23,598.25,91.76,110.02,132.09,248.43
2023-05-21 12:53,7734.86,7734.86,1985.37,596.99,91.76,109.95,156.53,381.57
2023-05-21 12:54,7737.50,7737.50,1979.10,596.99,91.76,110.00,161.48,375.30
2023-05-21 12:55,7740.06,7740.06,1957.93,596.85,91.83,110.09,158.03,354.13
2023-05-21 12:56,7743.57,7743.57,2089.23,596.29,91.90,110.12,251.27,485.43
2023-05-21 12:57,7747.71,7747.71,2045.86,596.01,91.94,110.16,247.87,442.06
2023-05-21 12:58,7751.39,7751.39,2037.31,596.00,92.03,110.22,230.90,433.51
2023-05-21 12:59,7754.28,7754.28,1964.99,595.31,92.10,110.24,161.93,361.20
2023-05-21 13:00,7756.76,7756.76,1940.37,596.01,92.17,110.36,151.11,336.57
2023-05-21 13:01,7759.21,7759.21,1934.49,596.15,92.28,110.42,148.67,330.69
2023-05-21 13:02,7761.80,7761.80,1951.06,596.98,92.37,110.47,159.96,347.27
2023-05-21 13:03,7764.68,7764.68,1983.15,597.82,92.46,110.48,176.06,379.35
2023-05-21 13:04,7767.41,7767.38,1994.17,596.41,92.56,110.48,174.93,390.38
2023-05-21 13:05,7767.96,7761.11,717.16,219.00,92.63,110.52,0.00,-886.64
2023-05-21 13:06,7767.96,7760.98,64.11,0.00,92.62,111.82,0.00,-1539.69
2023-05-21 13:07,7767.96,7760.98,285.52,135.15,92.58,111.86,0.00,-1318.28
2023-05-21 13:08,7767.96,7760.98,1342.31,593.41,92.77,110.62,0.00,-261.49
2023-05-21 13:09,7767.96,7760.98,1493.06,593.76,92.80,109.32,0.00,-110.74
2023-05-21 13:10,7767.96,7760.98,1505.32,593.34,92.76,109.61,0.00,-98.48
2023-05-21 13:11,7767.96,7760.98,1499.90,593.34,92.75,109.90,0.00,-103.90
2023-05-21 13:12,7767.96,7760.98,1502.93,593.34,92.67,110.08,0.00,-100.87
2023-05-21 13:13,7767.96,7761.56,1512.17,592.92,92.63,110.09,0.00,-27.90
2023-05-21 13:14,7767.96,7763.37,1506.19,592.49,92.63,110.10,0.00,3.93
2023-05-21 13:15,7767.96,7765.41,1492.93,592.49,92.63,110.12,0.00,-3.86
2023-05-21 13:16,7768.04,7767.50,1502.04,592.35,92.63,110.04,11.59,5.24
2023-05-21 13:17,7769.66,7769.66,1594.43,589.69,92.66,109.91,138.87,97.64
2023-05-21 13:18,7770.60,7770.60,1619.31,588.99,92.73,109.92,41.27,122.51
2023-05-21 13:19,7771.22,7771.22,1615.62,588.99,92.75,109.93,42.26,118.83
2023-05-21 13:20,7771.82,7771.82,1618.32,589.27,92.76,109.92,35.34,121.52
2023-05-21 13:21,7772.44,7772.44,1635.04,588.57,92.87,109.83,37.96,138.25
2023-05-21 13:22,7773.05,7773.05,1648.44,588.01,92.94,109.80,37.40,151.65
2023-05-21 13:23,7773.68,7773.68,1642.59,588.01,92.96,109.64,38.85,145.79
2023-05-21 13:24,7774.28,7774.28,1646.02,588.29,93.03,109.40,35.97,149.23
2023-05-21 13:25,7774.84,7774.84,1641.58,588.15,93.06,109.14,35.15,144.78
2023-05-21 13:26,7775.39,7775.39,1653.52,587.31,93.09,108.81,33.35,156.72
2023-05-21 13:27,7776.01,7776.01,1660.66,588.43,93.10,108.46,36.71,163.87
2023-05-21 13:28,7776.63,7776.63,1644.07,587.73,93.18,108.15,38.66,147.28
2023-05-21 13:29,7777.28,7777.28,1656.26,587.59,93.24,107.80,39.41,159.46
2023-05-21 13:30,7777.95,7777.95,1661.07,587.31,93.29,107.54,40.41,164.28
2023-05-21 13:31,7778.63,7778.63,1662.45,587.59,93.31,107.32,42.18,165.66
2023-05-21 13:32,7779.28,7779.28,1658.48,587.31,93.38,107.13,38.70,161.68
2023-05-21 13:33,7779.91,7779.91,1663.63,587.59,93.42,107.00,38.27,166.84
2023-05-21 13:34,7780.72,7780.72,1666.77,587.31,93.47,106.88,52.99,169.98
2023-05-21 13:35,7781.37,7781.37,1665.60,587.45,93.54,106.83,39.47,168.80
2023-05-21 13:36,7782.01,7782.01,1661.94,587.31,93.60,106.73,39.07,165.14
2023-05-21 13:37,7782.65,7782.65,1649.87,587.59,93.62,106.75,39.60,153.08
2023-05-21 13:38,7783.26,7783.26,1645.27,588.43,93.69,106.18,36.78,148.48
2023-05-21 13:39,7783.89,7783.89,1658.58,587.73,93.77,105.69,38.64,161.79
2023-05-21 13:40,7784.52,7784.52,1662.09,587.31,93.82,106.07,37.66,165.29
2023-05-21 13:41,7785.18,7785.18,1649.15,587.45,93.86,106.37,40.08,152.36
2023-05-21 13:42,7785.93,7785.93,1680.27,587.31,93.97,106.49,45.52,183.48
2023-05-21 13:43,7786.54,7786.54,1779.72,584.79,94.05,106.49,44.58,282.93
2023-05-21 13:44,7788.01,7788.01,1657.34,584.94,94.15,106.55,115.31,160.54
2023-05-21 13:45,7788.95,7788.95,1637.02,584.38,94.23,106.55,56.53,140.23
2023-05-21 13:46,7789.79,7789.79,1644.13,584.80,94.33,106.52,56.60,147.33
2023-05-21 13:47,7790.51,7790.51,1651.22,584.66,94.38,106.57,43.54,154.42
2023-05-21 13:48,7791.26,7791.26,1652.41,584.80,94.44,106.60,46.96,155.61
2023-05-21 13:49,7791.98,7791.98,1661.05,584.80,94.49,106.63,43.48,164.26
2023-05-21 13:50,7792.74,7792.74,1662.15,584.80,94.49,106.64,46.09,165.36
2023-05-21 13:51,7793.49,7793.49,1668.31,584.80,94.50,106.63,46.03,171.51
2023-05-21 13:52,7794.22,7794.22,1666.42,584.52,94.51,106.60,44.59,169.63
2023-05-21 13:53,7794.98,7794.98,1667.80,584.80,94.52,106.52,46.27,171.00
2023-05-21 13:54,7795.73,7795.73,1668.25,584.52,94.55,106.45,45.61,171.45
2023-05-21 13:55,7796.49,7796.49,1667.56,584.80,94.55,106.42,46.48,170.76
2023-05-21 13:56,7797.27,7797.27,1679.51,584.80,94.54,106.39,46.91,182.72
2023-05-21 13:57,7798.19,7798.19,1657.99,584.80,94.55,106.26,58.93,161.20
2023-05-21 13:58,7798.53,7796.51,1603.78,581.14,94.55,106.17,22.18,106.99
2023-05-21 13:59,7798.53,7792.59,260.83,21.32,94.54,108.94,0.00,-1235.96
2023-05-21 14:00,7798.53,7792.59,198.42,0.00,94.24,109.75,0.00,-1298.37
2023-05-21 14:01,7798.53,7792.59,807.54,388.57,94.20,107.66,0.00,-689.26
2023-05-21 14:02,7798.53,7792.59,1515.11,598.50,94.43,105.14,0.00,18.32
2023-05-21 14:03,7798.53,7792.59,1553.54,597.24,94.40,104.08,0.00,56.74
2023-05-21 14:04,7798.53,7792.59,1533.87,597.52,94.34,104.51,0.00,37.07
2023-05-21 14:05,7798.53,7792.59,1530.38,597.38,94.24,104.60,0.00,33.59
2023-05-21 14:06,7798.53,7792.59,1530.00,597.66,94.22,104.83,0.00,33.21
2023-05-21 14:07,7798.53,7792.72,1529.45,597.24,94.19,105.06,0.00,26.38
2023-05-21 14:08,7798.53,7794.31,1542.81,595.69,94.15,105.11,0.00,15.07
2023-05-21 14:09,7798.53,7796.37,1550.62,595.83,94.08,105.44,0.00,3.43
2023-05-21 14:10,7798.78,7798.48,1617.42,594.28,94.04,105.74,32.48,70.23
2023-05-21 14:11,7799.88,7799.88,1670.92,593.16,94.02,105.87,79.76,123.73
2023-05-21 14:12,7800.60,7800.60,1679.49,592.74,94.02,105.88,49.91,132.30
2023-05-21 14:13,7801.17,7801.17,1658.08,593.02,94.02,106.03,33.53,110.89
2023-05-21 14:14,7801.69,7801.69,1676.45,593.16,94.02,106.09,31.21,129.26
2023-05-21 14:15,7802.20,7802.20,1668.36,593.44,94.04,106.15,30.32,121.17
2023-05-21 14:16,7802.95,7802.95,1674.28,593.02,94.09,106.25,50.71,127.10
2023-05-21 14:17,7803.56,7803.56,1678.55,592.88,94.11,106.43,36.07,131.36
2023-05-21 14:18,7804.25,7804.25,1664.72,592.88,94.15,106.57,44.37,117.53
2023-05-21 14:19,7804.86,7804.86,1656.26,592.88,94.21,106.63,36.58,109.07
2023-05-21 14:20,7805.60,7805.60,1685.19,592.47,94.22,106.72,47.73,138.00
2023-05-21 14:21,7806.24,7806.24,1661.88,593.02,94.28,106.82,38.54,114.69
2023-05-21 14:22,7806.83,7806.83,1660.56,592.75,94.33,106.87,35.56,113.38
2023-05-21 14:23,7807.44,7807.44,1669.81,593.02,94.33,106.89,37.66,122.62
2023-05-21 14:24,7808.03,7808.03,1667.58,593.02,94.37,106.96,35.00,120.39
2023-05-21 14:25,7808.59,7808.59,1656.81,592.75,94.41,107.02,33.94,109.62
2023-05-21 14:26,7809.11,7809.11,1651.40,592.61,94.44,107.17,32.04,104.21
2023-05-21 14:27,7809.63,7809.63,1649.87,592.75,94.49,107.23,31.56,102.68
2023-05-21 14:28,7810.17,7810.17,1657.43,592.61,94.49,107.30,32.47,110.24
2023-05-21 14:29,7810.73,7810.73,1652.84,593.02,94.50,107.43,34.29,105.64
2023-05-21 14:30,7811.32,7811.32,1648.72,593.16,94.55,107.58,35.53,101.53
2023-05-21 14:31,7811.96,7811.96,1649.31,593.30,94.56,107.71,39.45,102.12
2023-05-21 14:32,7812.53,7812.53,1668.64,592.75,94.63,107.90,34.17,121.45
2023-05-21 14:33,7813.15,7813.15,1672.26,592.89,94.69,108.02,37.13,125.07
2023-05-21 14:34,7813.51,7812.22,1649.49,591.21,94.75,108.13,23.87,102.30
2023-05-21 14:35,7813.51,7808.01,1507.78,585.82,94.80,108.27,0.00,-39.41
2023-05-21 14:36,7813.51,7808.26,1498.18,590.32,94.83,108.35,0.00,-49.01
2023-05-21 14:37,7813.51,7811.67,1662.27,590.75,94.89,108.43,0.00,164.54
2023-05-21 14:38,7814.33,7814.15,1790.17,589.05,94.97,108.43,106.69,292.44
2023-05-21 14:39,7816.91,7816.91,1918.94,587.37,95.04,108.33,156.36,421.21
2023-05-21 14:40,7819.47,7819.47,1880.60,574.24,95.08,108.35,155.73,382.87
2023-05-21 14:41,7822.07,7822.07,1866.57,571.54,95.17,108.36,159.07,368.84
2023-05-21 14:42,7824.67,7824.67,1865.54,571.96,95.23,108.41,156.49,367.81
2023-05-21 14:43,7826.96,7826.96,1850.33,571.97,95.28,108.36,143.56,352.60
2023-05-21 14:44,7827.31,7824.84,888.56,286.93,95.28,109.02,5.25,-609.17
2023-05-21 14:45,7827.31,7824.43,0.00,0.00,95.25,109.78,0.00,-1497.73
2023-05-21 14:46,7827.31,7824.44,0.00,0.00,95.26,108.46,0.00,-1497.73
2023-05-21 14:47,7827.31,7824.70,638.19,459.97,95.28,107.08,0.00,-859.54
2023-05-21 14:48,7827.31,7824.70,1436.38,597.37,95.35,105.37,0.00,-61.35
2023-05-21 14:49,7827.31,7824.70,1508.90,596.09,95.31,105.92,0.00,11.17
2023-05-21 14:50,7827.31,7824.70,1514.80,596.09,95.28,106.91,0.00,17.07
2023-05-21 14:51,7827.31,7824.70,1524.57,596.09,95.25,107.51,0.00,26.84
2023-05-21 14:52,7827.31,7824.70,1517.42,596.79,95.22,107.84,0.00,19.70
2023-05-21 14:53,7827.31,7824.70,1513.23,596.92,95.17,108.10,0.00,15.49
2023-05-21 14:54,7827.31,7824.70,1515.02,596.93,95.09,108.18,0.00,17.29
2023-05-21 14:55,7827.31,7824.70,1513.41,597.07,95.08,108.38,0.00,15.68
2023-05-21 14:56,7827.31,7824.70,1512.98,596.64,95.05,108.55,0.00,15.25
2023-05-21 14:57,7827.31,7824.76,1510.38,597.07,95.05,108.61,0.00,12.39
2023-05-21 14:58,7827.31,7826.38,1493.08,592.41,95.02,108.69,1.34,2.64
2023-05-21 14:59,7828.64,7828.64,1557.83,591.44,95.02,108.69,123.46,72.85
2023-05-21 15:00,7830.04,7830.04,1630.37,589.19,95.02,108.74,73.12,145.40
2023-05-21 15:01,7830.74,7830.74,1646.87,588.49,95.03,108.70,46.19,161.90
2023-05-21 15:02,7831.28,7831.28,1633.00,588.63,95.04,108.59,32.73,148.03
2023-05-21 15:03,7831.85,7831.85,1639.92,588.63,95.08,108.77,34.12,154.95
2023-05-21 15:04,7832.44,7832.44,1631.72,588.49,95.08,109.00,36.78,146.74
2023-05-21 15:05,7832.94,7832.94,1633.55,588.63,95.08,109.16,30.64,148.57
2023-05-21 15:06,7833.44,7833.44,1627.85,588.35,95.13,109.21,31.34,142.87
2023-05-21 15:07,7833.89,7833.89,1627.78,588.35,95.20,109.27,29.18,142.81
2023-05-21 15:08,7834.40,7834.40,1644.33,588.35,95.22,109.40,29.13,159.36
2023-05-21 15:09,7834.95,7834.95,1651.26,588.35,95.23,109.54,33.81,166.28
2023-05-21 15:10,7835.50,7835.50,1629.25,588.77,95.28,109.56,33.42,144.27
2023-05-21 15:11,7836.08,7836.08,1642.68,588.63,95.28,109.57,35.83,157.71
2023-05-21 15:12,7836.60,7836.60,1653.86,588.49,95.35,109.61,31.00,168.89
2023-05-21 15:13,7837.10,7837.10,1637.43,588.63,95.42,109.57,31.55,152.45
2023-05-21 15:14,7837.65,7837.65,1642.65,588.21,95.46,109.62,32.04,157.68
2023-05-21 15:15,7838.21,7838.21,1640.86,588.07,95.53,109.68,34.51,155.88
2023-05-21 15:16,7838.76,7838.76,1641.02,588.35,95.55,109.90,33.93,156.04
2023-05-21 15:17,7839.31,7839.31,1643.57,588.35,95.61,110.08,33.07,158.59
2023-05-21 15:18,7839.88,7839.88,1644.24,588.35,95.65,110.19,33.68,159.26
2023-05-21 15:19,7840.41,7840.41,1637.58,588.63,95.70,110.16,33.17,152.60
2023-05-21 15:20,7840.97,7840.97,1636.03,588.77,95.75,110.21,34.59,151.05
2023-05-21 15:21,7841.56,7841.56,1645.47,588.35,95.78,110.35,35.63,160.49
2023-05-21 15:22,7842.17,7842.17,1651.39,587.93,95.81,110.47,36.83,166.41
2023-05-21 15:23,7842.72,7842.72,1646.23,587.93,95.83,110.58,34.07,161.26
2023-05-21 15:24,7843.21,7843.21,1640.99,588.49,95.88,110.70,30.65,156.02
2023-05-21 15:25,7843.72,7843.72,1644.15,588.35,95.93,110.80,31.05,159.18
2023-05-21 15:26,7844.26,7844.26,1634.66,587.80,95.95,110.97,32.80,149.68
2023-05-21 15:27,7844.79,7844.79,1635.24,588.49,95.98,111.12,32.20,150.26
2023-05-21 15:28,7845.31,7845.31,1626.02,588.35,96.01,111.25,31.25,141.04
2023-05-21 15:29,7845.90,7845.90,1638.18,588.50,96.07,111.38,34.84,153.21
2023-05-21 15:30,7846.47,7846.47,1641.19,588.77,96.08,111.41,34.29,156.22
2023-05-21 15:31,7847.08,7847.08,1642.53,588.35,96.13,111.53,37.09,157.55
2023-05-21 15:32,7847.69,7847.69,1636.01,588.35,96.15,111.66,37.53,151.03
2023-05-21 15:33,7848.30,7848.30,1636.79,588.21,96.15,111.68,37.47,151.81
2023-05-21 15:34,7848.87,7848.87,1642.15,588.35,96.15,111.59,35.77,157.17
2023-05-21 15:35,7849.47,7849.47,1653.07,588.35,96.22,111.57,36.66,168.09
2023-05-21 15:36,7850.12,7850.12,1657.19,587.65,96.27,111.65,39.31,172.22
2023-05-21 15:37,7850.71,7850.71,1647.91,587.66,96.29,111.98,36.89,162.94
2023-05-21 15:38,7851.31,7851.31,1655.73,588.22,96.36,112.32,36.29,170.75
2023-05-21 15:39,7851.80,7851.80,1652.19,587.94,96.41,111.52,36.47,167.21
2023-05-21 15:40,7851.83,7847.97,1565.42,591.36,96.41,111.36,8.44,80.44
2023-05-21 15:41,7851.83,7846.48,1504.02,594.44,96.39,111.41,0.00,18.02
2023-05-21 15:42,7851.83,7849.49,1599.92,595.54,96.31,111.37,0.00,88.75
2023-05-21 15:43,7852.12,7851.97,1781.79,594.00,96.25,111.35,37.42,270.62
2023-05-21 15:44,7853.82,7853.82,1834.31,593.16,96.16,111.28,114.80,323.14
2023-05-21 15:45,7855.67,7855.67,1843.84,596.62,96.15,111.17,113.14,332.67
2023-05-21 15:46,7857.51,7857.51,1860.23,597.87,96.08,111.03,112.10,349.06
2023-05-21 15:47,7858.96,7858.30,1823.27,598.01,96.08,110.90,84.22,312.10
2023-05-21 15:48,7859.06,7855.11,298.89,43.59,96.07,112.01,0.00,-1212.28
2023-05-21 15:49,7859.06,7855.11,90.29,0.00,96.02,113.26,0.00,-1420.88
2023-05-21 15:50,7859.06,7855.11,194.15,196.15,95.99,112.33,0.00,-1317.02
2023-05-21 15:51,7859.06,7855.11,343.01,522.03,96.06,110.83,0.00,-1168.16
2023-05-21 15:52,7859.06,7855.11,103.44,122.12,96.03,110.55,0.00,-1407.73
2023-05-21 15:53,7859.06,7855.11,47.15,113.29,95.98,110.27,0.00,-1464.02
2023-05-21 15:54,7859.06,7855.11,65.62,281.78,96.02,109.35,0.00,-1445.55
2023-05-21 15:55,7859.06,7855.11,9.96,89.94,95.90,108.49,0.00,-1501.21
2023-05-21 15:56,7859.06,7855.11,138.13,105.98,95.77,107.70,0.00,-1373.04
2023-05-21 15:57,7859.06,7855.11,1179.84,568.40,95.28,106.71,0.00,-331.33
2023-05-21 15:58,7859.06,7855.11,1529.28,607.28,94.74,106.09,0.00,18.11
2023-05-21 15:59,7859.06,7855.11,1540.32,606.87,94.53,106.91,0.00,29.15
2023-05-21 16:00,7859.06,7855.11,1516.07,607.29,94.41,107.61,0.00,4.90
2023-05-21 16:01,7859.06,7855.11,1532.98,607.01,94.27,108.06,0.00,21.81
2023-05-21 16:02,7859.06,7855.11,1518.01,607.15,94.13,108.40,0.00,6.84
2023-05-21 16:03,7859.06,7856.04,1550.92,610.65,94.07,108.69,0.00,16.75
2023-05-21 16:04,7859.06,7858.11,1577.28,613.17,94.01,108.87,1.31,14.89
2023-05-21 16:05,7860.38,7860.38,1659.63,610.23,94.02,108.83,123.07,92.87
2023-05-21 16:06,7861.78,7861.78,1722.03,610.08,94.04,108.59,74.91,155.27
2023-05-21 16:07,7862.33,7862.33,1716.04,608.14,94.09,108.19,33.39,149.28
2023-05-21 16:08,7862.84,7862.84,1720.18,608.70,94.13,108.05,31.37,153.42
2023-05-21 16:09,7863.32,7863.32,1726.49,609.40,94.19,107.96,28.91,159.73
2023-05-21 16:10,7863.78,7863.78,1720.25,611.06,94.23,108.03,28.46,153.48
2023-05-21 16:11,7864.25,7864.25,1738.36,610.22,94.22,108.18,27.55,171.59
2023-05-21 16:12,7864.79,7864.79,1740.22,607.44,94.29,108.36,31.28,173.46
2023-05-21 16:13,7865.32,7865.32,1743.50,609.25,94.35,108.50,33.34,176.73
2023-05-21 16:14,7865.92,7865.92,1753.85,609.10,94.41,108.64,35.43,187.09
2023-05-21 16:15,7866.48,7866.48,1773.85,613.69,94.50,108.80,35.79,207.09
2023-05-21 16:16,7867.15,7867.15,1774.89,611.60,94.66,108.96,40.89,208.13
2023-05-21 16:17,7867.80,7867.80,1758.25,609.95,95.02,109.07,39.49,191.49
2023-05-21 16:18,7868.38,7868.38,1764.80,609.94,95.45,109.09,35.90,198.04
2023-05-21 16:19,7869.03,7869.03,1766.81,608.26,95.96,109.09,40.70,200.04
2023-05-21 16:20,7869.66,7869.66,1747.56,605.22,96.37,109.14,40.09,180.79
2023-05-21 16:21,7870.30,7870.30,1761.36,605.22,96.66,109.17,38.49,194.60
2023-05-21 16:22,7870.94,7870.94,1741.93,604.80,96.99,109.22,38.39,175.17
2023-05-21 16:23,7871.53,7871.53,1725.60,603.55,97.31,109.27,36.76,158.84
2023-05-21 16:24,7872.08,7872.08,1737.37,604.11,97.35,109.38,34.27,170.60
2023-05-21 16:25,7872.69,7872.69,1723.61,603.82,97.73,109.55,36.73,156.84
2023-05-21 16:26,7873.25,7873.25,1733.73,604.10,97.75,109.57,34.83,166.97
2023-05-21 16:27,7873.83,7873.83,1713.98,604.24,97.95,109.56,34.46,147.21
2023-05-21 16:28,7874.36,7874.36,1719.50,605.36,98.06,109.47,33.11,152.74
2023-05-21 16:29,7874.88,7874.88,1732.66,605.36,98.23,109.42,31.79,165.90
2023-05-21 16:30,7875.42,7875.42,1736.27,605.36,98.32,109.42,32.70,169.51
2023-05-21 16:31,7875.98,7875.98,1724.60,605.77,98.46,109.38,33.99,157.84
2023-05-21 16:32,7876.57,7876.57,1730.56,608.70,98.67,109.33,34.76,163.80
2023-05-21 16:33,7877.19,7877.19,1757.30,610.08,98.73,109.24,38.13,190.53
2023-05-21 16:34,7877.83,7877.83,1768.19,612.72,98.85,109.21,39.27,201.43
2023-05-21 16:35,7878.24,7878.24,1795.00,619.52,98.96,109.19,31.20,228.24
2023-05-21 16:36,7878.66,7878.66,1782.78,622.31,99.05,109.22,21.79,216.02
2023-05-21 16:37,7879.01,7879.01,1780.73,623.70,99.17,109.22,30.09,213.97
2023-05-21 16:38,7879.02,7874.49,1687.98,624.26,99.28,109.30,2.26,121.22
2023-05-21 16:39,7879.02,7874.70,1669.05,626.36,99.40,109.42,0.00,91.39
2023-05-21 16:40,7879.02,7877.85,1809.65,626.92,99.45,109.42,0.00,137.50
2023-05-21 16:41,7880.04,7879.96,1861.00,618.88,99.56,109.45,132.09,188.86
2023-05-21 16:42,7882.10,7882.10,1952.36,616.12,99.69,109.54,114.55,280.22
2023-05-21 16:43,7884.02,7884.02,1936.10,614.00,99.82,109.44,117.39,263.95
2023-05-21 16:44,7885.88,7885.88,1999.45,620.47,99.91,109.49,114.31,327.30
2023-05-21 16:45,7887.72,7887.72,2006.80,623.40,100.01,109.56,111.42,334.65
2023-05-21 16:46,7889.52,7889.52,2012.98,623.12,100.08,109.66,110.75,340.83
2023-05-21 16:47,7891.06,7890.89,1996.48,620.34,100.19,109.71,88.40,324.33
2023-05-21 16:48,7891.25,7887.46,462.05,133.56,100.38,111.88,0.00,-1210.10
2023-05-21 16:49,7891.25,7887.46,31.02,0.00,100.45,113.80,0.00,-1641.12
2023-05-21 16:50,7891.25,7887.46,195.84,92.17,100.51,112.22,0.00,-1476.30
2023-05-21 16:51,7891.25,7887.46,1219.18,574.22,100.53,110.11,0.00,-452.96
2023-05-21 16:52,7891.25,7887.46,1435.77,580.78,100.46,108.48,0.00,-236.38
2023-05-21 16:53,7891.25,7887.46,1430.70,576.75,100.46,108.83,0.00,-241.45
2023-05-21 16:54,7891.25,7887.46,1417.05,573.56,100.46,109.48,0.00,-255.09
2023-05-21 16:55,7891.25,7887.46,1422.59,573.42,100.47,109.84,0.00,-249.56
2023-05-21 16:56,7891.25,7887.46,1412.53,573.28,100.51,110.13,0.00,-259.62
2023-05-21 16:57,7891.25,7887.46,1406.40,572.73,100.53,110.23,0.00,-265.75
2023-05-21 16:58,7891.25,7887.69,1417.64,580.64,100.54,110.36,0.00,12.88
2023-05-21 16:59,7891.25,7889.51,1469.80,587.67,100.57,110.47,0.00,13.42
2023-05-21 17:00,7891.76,7891.63,1541.60,587.95,100.68,110.58,61.50,65.55
2023-05-21 17:01,7893.54,7893.54,1626.56,583.32,100.71,110.68,111.53,150.51
2023-05-21 17:02,7894.09,7894.09,1585.95,573.18,100.76,110.75,31.10,109.90
2023-05-21 17:03,7894.55,7894.55,1579.16,572.35,100.86,110.95,29.05,103.12
2023-05-21 17:04,7895.04,7895.04,1584.24,572.63,100.98,111.05,29.28,108.20
2023-05-21 17:05,7895.51,7895.51,1588.76,575.95,101.01,111.17,28.11,112.71
2023-05-21 17:06,7895.98,7895.98,1592.10,578.31,101.07,111.30,29.36,116.06
2023-05-21 17:07,7896.44,7896.44,1606.62,580.13,101.11,111.41,28.05,130.57
2023-05-21 17:08,7896.89,7896.89,1610.34,579.29,101.21,111.54,27.09,134.29
2023-05-21 17:09,7897.38,7897.38,1616.10,579.71,101.37,111.56,28.54,140.05
2023-05-21 17:10,7897.85,7897.85,1621.17,580.96,101.42,111.63,29.89,145.12
2023-05-21 17:11,7898.31,7898.31,1609.21,577.76,101.56,111.75,27.52,133.16
2023-05-21 17:12,7898.77,7898.77,1619.47,580.96,101.66,111.89,27.79,143.41
2023-05-21 17:13,7899.31,7899.31,1619.06,580.54,101.72,112.00,33.53,143.01
2023-05-21 17:14,7899.78,7899.78,1613.53,580.26,101.80,112.21,28.18,137.48
2023-05-21 17:15,7900.25,7900.25,1614.91,581.38,101.88,112.32,29.32,138.86
2023-05-21 17:16,7900.73,7900.73,1606.84,580.40,102.01,112.41,28.77,130.79
2023-05-21 17:17,7901.18,7901.18,1602.36,580.96,102.07,112.62,28.28,126.31
2023-05-21 17:18,7901.67,7901.67,1626.58,582.35,102.17,112.84,28.88,150.53
2023-05-21 17:19,7902.21,7902.21,1618.42,581.51,102.25,113.07,31.95,142.37
2023-05-21 17:20,7902.75,7902.75,1605.55,578.88,102.36,113.26,33.52,129.51
2023-05-21 17:21,7903.31,7903.31,1610.78,579.15,102.42,113.35,33.21,134.74
2023-05-21 17:22,7903.85,7903.85,1608.87,578.87,102.47,113.52,32.80,132.82
2023-05-21 17:23,7904.40,7904.40,1618.59,581.79,102.57,113.65,33.51,142.54
2023-05-21 17:24,7904.96,7904.96,1623.98,580.96,102.69,113.76,33.86,147.93
2023-05-21 17:25,7905.54,7905.54,1588.30,576.52,102.74,113.87,35.10,112.25
2023-05-21 17:26,7906.09,7906.09,1611.57,574.43,102.78,113.89,34.30,135.52
2023-05-21 17:27,7906.67,7906.67,1595.16,575.27,102.86,114.01,34.63,119.11
2023-05-21 17:28,7907.23,7907.23,1597.57,576.94,102.93,114.16,34.29,121.52
2023-05-21 17:29,7907.81,7907.81,1612.77,579.71,103.00,114.20,35.80,136.72
2023-05-21 17:30,7908.38,7908.38,1615.99,581.94,103.08,114.32,34.16,139.94
2023-05-21 17:31,7908.93,7908.93,1615.86,583.04,103.18,114.47,33.83,139.81
2023-05-21 17:32,7909.52,7909.52,1633.09,581.80,103.23,114.58,34.98,157.04
2023-05-21 17:33,7910.15,7910.15,1624.67,578.61,103.25,114.67,37.80,148.63
2023-05-21 17:34,7910.77,7910.77,1623.52,581.39,103.36,114.73,37.94,147.47
2023-05-21 17:35,7911.37,7911.37,1624.42,582.50,103.39,114.78,36.46,148.37
2023-05-21 17:36,7911.97,7911.97,1640.86,581.25,103.49,114.82,37.23,164.81
2023-05-21 17:37,7912.57,7912.57,1615.15,579.85,103.52,114.85,36.38,139.10
2023-05-21 17:38,7913.17,7913.17,1628.37,579.86,103.60,114.87,35.64,152.32
2023-05-21 17:39,7913.77,7913.77,1614.91,580.27,103.71,114.87,36.59,138.87
2023-05-21 17:40,7914.35,7914.35,1615.31,581.53,103.71,114.83,36.17,139.26
2023-05-21 17:41,7914.92,7914.92,1619.32,582.92,103.76,114.81,33.56,143.27
2023-05-21 17:42,7915.40,7915.40,1576.38,577.09,103.85,114.81,30.06,100.33
2023-05-21 17:43,7915.88,7915.88,1563.38,573.19,103.89,114.80,29.82,87.33
2023-05-21 17:44,7916.34,7916.34,1582.31,573.75,103.67,114.80,28.09,106.27
2023-05-21 17:45,7916.79,7916.79,1573.65,573.33,102.95,114.80,28.56,97.60
2023-05-21 17:46,7916.90,7911.43,1525.92,583.49,102.42,115.38,4.50,49.87
2023-05-21 17:47,7916.90,7910.34,1481.06,582.24,102.04,115.50,0.00,5.01
2023-05-21 17:48,7916.90,7912.00,1492.65,587.85,101.65,115.38,0.00,14.04
2023-05-21 17:49,7916.90,7915.23,1636.70,587.59,101.32,115.23,0.00,143.27
2023-05-21 17:50,7917.69,7917.65,1840.91,602.30,101.13,114.99,84.11,347.48
2023-05-21 17:51,7919.68,7919.68,1895.29,603.55,101.34,114.79,122.45,401.85
2023-05-21 17:52,7921.58,7921.58,1892.29,603.55,101.59,114.63,121.13,398.85
2023-05-21 17:53,7922.04,7918.86,1403.28,489.33,101.77,114.58,0.00,-90.15
2023-05-21 17:54,7922.04,7918.85,0.00,0.00,101.85,115.99,0.00,-1493.43
2023-05-21 17:55,7922.04,7918.85,0.00,0.00,101.85,115.53,0.00,-1493.43
2023-05-21 17:56,7922.04,7918.85,0.00,0.00,101.92,113.44,0.00,-1493.43
2023-05-21 17:57,7922.04,7918.85,0.00,0.00,101.92,111.56,0.00,-1493.43
2023-05-21 17:58,7922.04,7918.78,0.00,0.00,101.90,109.86,0.00,-1493.43
2023-05-21 17:59,7922.04,7918.43,329.32,305.54,101.93,108.32,0.00,-1164.11
2023-05-21 18:00,7922.04,7918.43,1410.75,603.65,102.10,106.94,0.00,-82.68
2023-05-21 18:01,7922.04,7918.43,1535.43,603.73,102.16,108.04,0.00,42.00
2023-05-21 18:02,7922.04,7918.43,1542.41,603.44,102.24,109.44,0.00,48.98
2023-05-21 18:03,7922.04,7918.43,1533.00,602.31,102.26,110.15,0.00,39.56
2023-05-21 18:04,7922.04,7918.43,1536.65,601.33,102.30,110.59,0.00,43.22
2023-05-21 18:05,7922.04,7918.43,1542.14,601.04,102.30,110.89,0.00,48.70
2023-05-21 18:06,7922.04,7918.43,1543.33,600.90,102.25,111.16,0.00,49.90
2023-05-21 18:07,7922.04,7919.31,1543.86,600.76,102.31,111.35,0.00,27.00
2023-05-21 18:08,7922.04,7921.09,1545.82,600.90,102.33,111.42,0.00,11.68
2023-05-21 18:09,7923.25,7923.25,1589.08,600.06,102.38,111.52,113.10,56.38
2023-05-21 18:10,7925.06,7925.06,1729.55,596.42,102.40,111.58,101.79,196.85
2023-05-21 18:11,7925.78,7925.78,1727.58,596.56,102.44,111.64,45.49,194.89
2023-05-21 18:12,7926.38,7926.38,1716.06,596.14,102.47,111.75,36.12,183.36
2023-05-21 18:13,7926.96,7926.96,1705.84,596.56,102.56,111.75,35.09,173.15
2023-05-21 18:14,7927.52,7927.52,1716.00,596.00,102.60,111.86,34.68,183.30
2023-05-21 18:15,7928.09,7928.09,1705.49,596.27,102.70,112.04,34.62,172.79
2023-05-21 18:16,7928.63,7928.63,1712.02,596.14,102.74,112.34,33.55,179.32
2023-05-21 18:17,7929.21,7929.21,1704.63,596.13,102.78,112.56,35.69,171.93
2023-05-21 18:18,7929.75,7929.75,1712.81,596.13,102.85,112.76,32.73,180.12
2023-05-21 18:19,7930.31,7930.31,1713.34,596.56,102.92,113.02,32.95,180.64
2023-05-21 18:20,7930.91,7930.91,1711.95,596.42,102.99,113.14,39.90,179.25
2023-05-21 18:21,7931.45,7931.45,1698.72,596.00,103.08,113.28,32.05,166.02
2023-05-21 18:22,7932.01,7932.01,1696.52,595.72,103.13,113.42,33.27,163.83
2023-05-21 18:23,7932.56,7932.56,1720.58,596.28,103.23,113.59,33.19,187.88
2023-05-21 18:24,7933.11,7933.11,1697.86,596.42,103.29,113.70,34.65,165.16
2023-05-21 18:25,7933.71,7933.71,1718.04,596.14,103.34,113.79,35.68,185.34
2023-05-21 18:26,7934.00,7934.00,1687.70,596.14,103.45,113.96,30.58,155.01
2023-05-21 18:27,7934.00,7927.54,1569.77,595.61,103.50,114.79,0.00,37.07
2023-05-21 18:28,7934.00,7928.24,1548.80,598.25,103.56,115.39,0.00,16.10
2023-05-21 18:29,7934.00,7930.86,1591.96,600.19,103.62,115.42,0.00,59.26
2023-05-21 18:30,7934.00,7932.71,1708.40,598.79,103.68,115.44,0.00,94.20
2023-05-21 18:31,7934.95,7934.94,1867.80,597.10,103.78,115.34,100.94,238.62
2023-05-21 18:32,7938.33,7938.33,2073.87,595.00,103.84,115.18,227.84,444.70
2023-05-21 18:33,7941.38,7941.38,2149.37,594.44,103.91,115.04,182.99,520.20
2023-05-21 18:34,7944.55,7944.55,2155.67,594.16,103.98,114.82,191.70,526.50
2023-05-21 18:35,7947.55,7947.55,2150.63,594.45,104.05,114.69,181.73,521.46
2023-05-21 18:36,7950.36,7950.36,2128.64,594.17,104.11,114.54,170.79,499.47
2023-05-21 18:37,7953.06,7953.06,2105.55,593.05,104.16,114.44,163.59,476.38
2023-05-21 18:38,7953.97,7951.53,1648.00,522.20,104.19,114.38,25.27,18.83
2023-05-21 18:39,7953.97,7951.04,61.05,0.00,104.28,117.10,0.00,-1568.12
2023-05-21 18:40,7953.97,7951.04,593.33,327.46,104.10,117.28,0.00,-1035.84
2023-05-21 18:41,7953.97,7951.04,1439.58,596.81,104.27,114.43,0.00,-189.59
2023-05-21 18:42,7953.97,7951.04,1499.15,594.56,104.37,113.26,0.00,-130.02
2023-05-21 18:43,7953.97,7951.04,1507.29,593.87,104.38,113.68,0.00,-121.88
2023-05-21 18:44,7953.97,7951.04,1528.61,595.42,104.38,114.00,0.00,-100.56
2023-05-21 18:45,7953.97,7951.04,1551.49,601.65,104.41,114.20,0.00,-77.68
2023-05-21 18:46,7953.97,7951.04,1561.23,601.80,104.39,114.39,0.00,-67.94
2023-05-21 18:47,7953.97,7952.17,1558.65,601.51,104.43,114.50,0.00,-70.52
2023-05-21 18:48,7954.51,7954.37,1633.80,600.12,104.44,114.63,66.00,4.63
2023-05-21 18:49,7955.69,7955.69,1681.20,598.58,104.45,114.79,73.79,52.03
2023-05-21 18:50,7956.18,7956.18,1689.45,598.58,104.51,114.92,28.86,60.27
2023-05-21 18:51,7956.66,7956.66,1686.09,598.72,104.51,115.12,29.65,56.92
2023-05-21 18:52,7957.12,7957.12,1681.73,598.58,104.58,114.96,28.27,52.56
2023-05-21 18:53,7957.59,7957.59,1673.35,598.86,104.60,114.36,28.04,44.18
2023-05-21 18:54,7958.04,7958.04,1672.03,598.44,104.64,114.61,27.51,42.86
2023-05-21 18:55,7958.47,7958.47,1664.15,598.44,104.69,114.91,26.94,34.98
2023-05-21 18:56,7958.93,7958.93,1665.43,598.44,104.69,115.05,26.16,36.26
2023-05-21 18:57,7959.39,7959.39,1662.83,598.44,104.71,115.22,28.34,33.66
2023-05-21 18:58,7959.87,7959.87,1680.37,597.60,104.71,115.36,29.25,51.20
2023-05-21 18:59,7960.33,7960.33,1682.14,598.16,104.78,115.52,28.49,52.97
2023-05-21 19:00,7960.80,7960.80,1669.89,598.30,104.84,115.60,28.00,40.72
2023-05-21 19:01,7961.27,7961.27,1681.46,598.02,104.88,115.77,28.85,52.29
2023-05-21 19:02,7961.80,7961.80,1680.68,598.02,104.96,115.93,31.66,51.51
2023-05-21 19:03,7962.28,7962.28,1676.79,597.32,105.03,116.13,29.29,47.62
2023-05-21 19:04,7962.78,7962.78,1678.90,598.44,105.04,116.42,31.48,49.73
2023-05-21 19:05,7963.25,7963.25,1675.42,598.44,105.13,116.58,27.65,46.25
2023-05-21 19:06,7963.70,7963.70,1679.32,598.44,105.18,116.79,27.91,50.15
2023-05-21 19:07,7964.01,7964.01,1679.78,595.93,105.25,117.01,26.10,50.60
2023-05-21 19:08,7964.02,7948.99,1527.79,590.41,105.33,118.11,0.00,-101.38
2023-05-21 19:09,7964.02,7957.53,1532.32,587.88,105.38,118.16,0.00,4.92
2023-05-21 19:10,7964.17,7963.65,1706.21,581.91,105.44,118.02,22.98,183.73
2023-05-21 19:11,7965.20,7965.20,1760.72,582.45,105.49,117.92,78.12,238.24
2023-05-21 19:12,7966.68,7966.68,1776.19,582.18,105.54,117.82,91.13,253.71
2023-05-21 19:13,7968.21,7968.21,1757.19,583.45,105.59,117.63,93.02,234.71
2023-05-21 19:14,7969.91,7969.91,1774.68,583.30,105.67,117.44,108.14,252.20
2023-05-21 19:15,7971.68,7971.68,1790.11,582.88,105.70,117.22,106.05,267.63
2023-05-21 19:16,7973.37,7973.37,1817.06,582.75,105.72,116.99,104.30,294.58
2023-05-21 19:17,7975.05,7975.05,1796.27,583.03,105.77,116.75,101.97,273.79
2023-05-21 19:18,7976.67,7976.67,1803.54,588.68,105.78,116.49,97.14,281.06
2023-05-21 19:19,7978.38,7978.38,1870.87,597.46,105.85,116.31,112.94,348.39
2023-05-21 19:20,7980.29,7980.29,1882.06,596.75,105.87,116.11,121.52,359.58
2023-05-21 19:21,7982.37,7982.37,1916.64,597.03,105.89,115.94,123.52,394.16
2023-05-21 19:22,7984.50,7984.50,1930.97,596.76,105.90,115.89,134.80,408.49
2023-05-21 19:23,7986.48,7985.88,1942.67,597.67,105.90,115.73,113.25,420.19
2023-05-21 19:24,7986.75,7983.12,373.66,82.38,105.94,117.52,0.00,-1148.82
2023-05-21 19:25,7986.75,7983.12,391.04,224.01,105.83,118.74,0.00,-1131.44
2023-05-21 19:26,7986.75,7983.12,1440.56,600.68,105.89,116.06,0.00,-81.92
2023-05-21 19:27,7986.75,7983.12,1527.67,597.32,105.90,113.99,0.00,5.20
2023-05-21 19:28,7986.75,7983.12,1527.73,597.45,105.90,114.19,0.00,5.25
2023-05-21 19:29,7986.75,7983.12,1521.37,597.73,105.90,114.33,0.00,-1.11
2023-05-21 19:30,7986.75,7983.12,1524.78,597.59,105.90,114.41,0.00,2.30
2023-05-21 19:31,7986.75,7983.42,1515.85,597.74,105.89,114.40,0.00,-6.63
2023-05-21 19:32,7986.75,7985.28,1527.35,596.76,105.87,114.29,0.00,4.87
2023-05-21 19:33,7987.38,7987.34,1599.27,594.94,105.84,114.33,81.12,76.79
2023-05-21 19:34,7988.21,7988.21,1642.13,593.41,105.84,114.33,38.96,119.65
2023-05-21 19:35,7988.61,7988.61,1652.48,593.27,105.84,114.33,24.45,130.00
2023-05-21 19:36,7989.02,7989.02,1637.99,593.69,105.84,114.29,25.18,115.51
2023-05-21 19:37,7989.41,7989.41,1629.62,593.82,105.84,114.16,23.18,107.14
2023-05-21 19:38,7989.80,7989.80,1622.83,593.54,105.84,114.15,24.54,100.35
2023-05-21 19:39,7990.15,7990.15,1626.79,592.99,105.83,114.14,21.96,104.31
2023-05-21 19:40,7990.55,7990.55,1631.67,592.99,105.83,114.14,22.65,109.19
2023-05-21 19:41,7990.90,7990.90,1621.77,592.71,105.84,114.14,22.98,99.29
2023-05-21 19:42,7991.24,7991.24,1625.32,593.40,105.84,114.16,20.72,102.84
2023-05-21 19:43,7991.58,7991.58,1628.80,593.82,105.84,114.26,20.82,106.32
2023-05-21 19:44,7991.93,7991.93,1639.37,593.68,105.88,114.30,20.75,116.89
2023-05-21 19:45,7992.28,7992.28,1636.34,594.24,105.87,114.33,21.37,113.86
2023-05-21 19:46,7992.62,7992.62,1639.64,594.10,105.85,114.37,20.78,117.16
2023-05-21 19:47,7992.95,7992.95,1635.41,594.10,105.81,114.39,20.68,112.93
2023-05-21 19:48,7993.26,7993.26,1634.86,593.68,105.77,114.37,18.71,112.38
2023-05-21 19:49,7993.63,7993.63,1632.05,593.27,105.70,114.33,20.73,109.57
2023-05-21 19:50,7993.99,7993.99,1647.31,592.56,105.67,114.34,22.18,124.83
2023-05-21 19:51,7994.39,7994.39,1630.26,593.12,105.69,114.38,23.14,107.78
2023-05-21 19:52,7994.78,7994.78,1636.90,592.43,105.65,114.31,23.81,114.42
2023-05-21 19:53,7995.27,7995.27,1655.69,592.70,105.59,114.27,28.69,133.21
2023-05-21 19:54,7995.69,7995.69,1645.34,592.29,105.66,114.28,26.48,122.86
2023-05-21 19:55,7996.08,7996.08,1642.64,593.40,105.66,114.27,24.89,120.16
2023-05-21 19:56,7996.47,7996.47,1634.77,593.27,105.70,114.25,23.25,112.29
2023-05-21 19:57,7996.78,7996.78,1640.87,592.71,105.72,114.20,22.78,118.39
2023-05-21 19:58,7996.81,7992.62,1549.49,592.02,105.77,114.27,6.56,27.01
2023-05-21 19:59,7996.81,7991.13,1520.68,594.10,105.81,114.70,0.00,-1.80
2023-05-21 20:00,7997.02,7996.07,1663.31,592.40,105.85,114.91,35.40,140.83
2023-05-21 20:01,7998.43,7998.43,1837.12,589.44,105.89,114.99,109.95,314.64
2023-05-21 20:02,8000.07,8000.07,1838.98,590.42,105.90,114.92,109.23,316.50
2023-05-21 20:03,8001.82,8001.82,1829.34,590.56,105.95,114.63,104.32,306.86
2023-05-21 20:04,8003.51,8003.51,1835.36,590.98,105.97,114.45,103.05,312.88
2023-05-21 20:05,8005.19,8005.19,1840.41,590.98,105.99,114.35,102.03,317.93
2023-05-21 20:06,8006.85,8006.85,1807.97,591.41,106.04,114.32,104.09,285.49
2023-05-21 20:07,8008.58,8008.58,1806.77,591.13,106.05,114.10,105.47,284.30
2023-05-21 20:08,8010.29,8010.29,1802.64,591.41,106.10,114.00,106.83,280.16
2023-05-21 20:09,8011.98,8011.98,1807.49,590.56,106.11,113.98,103.27,285.01
2023-05-21 20:10,8013.69,8013.69,1820.80,590.70,106.10,113.87,104.31,298.32
2023-05-21 20:11,8015.26,8015.26,1827.81,590.85,106.11,113.86,95.23,305.33
2023-05-21 20:12,8016.83,8016.83,1799.92,591.13,106.11,113.86,95.67,277.44
2023-05-21 20:13,8018.24,8018.22,1782.32,592.28,106.08,113.85,89.89,259.84
2023-05-21 20:14,8018.57,8014.96,877.67,324.80,106.06,114.79,0.00,-644.81
2023-05-21 20:15,8018.57,8015.02,0.00,0.00,105.74,116.42,0.00,-1522.48
2023-05-21 20:16,8018.57,8015.02,0.00,0.00,105.61,114.02,0.00,-1522.48
2023-05-21 20:17,8018.57,8014.97,2.26,71.51,105.65,111.30,0.00,-1520.22
2023-05-21 20:18,8018.57,8014.87,52.37,111.82,105.83,108.74,0.00,-1470.11
2023-05-21 20:19,8018.57,8014.87,53.79,51.43,105.51,107.12,0.00,-1468.69
2023-05-21 20:20,8018.57,8014.87,1253.18,613.08,105.79,105.58,0.00,-269.30
2023-05-21 20:21,8018.57,8014.87,1526.99,604.45,105.84,106.24,0.00,4.51
2023-05-21 20:22,8018.57,8014.87,1545.55,603.88,105.71,108.91,0.00,23.07
2023-05-21 20:23,8018.57,8014.87,1526.89,604.45,105.53,110.47,0.00,4.42
2023-05-21 20:24,8018.57,8014.87,1536.08,604.31,105.34,111.31,0.00,13.60
2023-05-21 20:25,8018.57,8014.87,1524.38,604.87,105.19,111.77,0.00,1.90
2023-05-21 20:26,8018.68,8017.46,1548.48,604.03,105.05,112.13,17.09,26.00
2023-05-21 20:27,8020.09,8020.09,1636.86,601.79,104.96,112.39,125.52,114.38
2023-05-21 20:28,8020.58,8020.58,1595.74,601.09,104.90,112.50,21.74,73.27
2023-05-21 20:29,8020.98,8020.98,1657.83,600.80,104.84,112.55,24.63,135.35
2023-05-21 20:30,8021.36,8021.36,1642.48,601.09,104.81,112.61,23.52,120.00
2023-05-21 20:31,8021.74,8021.74,1572.83,601.23,104.78,112.64,23.41,50.35
2023-05-21 20:32,8022.07,8022.07,1563.07,600.95,104.77,112.61,20.81,40.59
2023-05-21 20:33,8022.28,8020.38,1229.79,415.77,104.78,113.12,10.07,-292.69
2023-05-21 20:34,8022.29,8018.48,45.85,0.00,104.63,117.13,0.00,-1476.62
2023-05-21 20:35,8022.29,8018.48,365.44,220.03,104.53,116.33,0.00,-1157.04
2023-05-21 20:36,8022.29,8018.48,1413.52,599.30,104.83,112.82,0.00,-108.96
2023-05-21 20:37,8022.29,8018.48,1481.03,595.22,104.98,111.52,0.00,-41.45
2023-05-21 20:38,8022.29,8018.48,1491.53,594.94,104.96,112.08,0.00,-30.95
2023-05-21 20:39,8022.29,8019.34,1512.47,595.38,104.91,112.51,0.00,-10.02
2023-05-21 20:40,8022.31,8021.56,1549.89,597.37,104.85,112.70,4.61,27.41
2023-05-21 20:41,8022.83,8022.83,1675.94,599.82,104.83,112.77,56.50,153.47
2023-05-21 20:42,8023.21,8023.21,1673.04,599.26,104.84,112.92,23.08,150.56
2023-05-21 20:43,8023.62,8023.62,1682.18,599.26,104.82,113.06,23.62,159.70
2023-05-21 20:44,8024.12,8024.12,1723.54,598.98,104.82,113.11,28.58,201.06
2023-05-21 20:45,8024.69,8024.69,1706.33,598.70,104.86,113.17,36.09,183.85
2023-05-21 20:46,8025.16,8025.16,1690.49,598.84,104.91,113.21,29.27,168.01
2023-05-21 20:47,8025.53,8025.53,1679.93,599.26,105.00,113.27,25.26,157.46
2023-05-21 20:48,8025.92,8025.92,1665.85,599.12,105.09,113.26,21.81,143.37
2023-05-21 20:49,8026.29,8026.29,1667.65,598.98,105.16,113.24,23.66,145.17
2023-05-21 20:50,8026.66,8026.66,1668.00,599.26,105.20,113.29,21.86,145.52
2023-05-21 20:51,8026.99,8026.99,1671.42,599.40,105.32,113.41,21.80,148.94
2023-05-21 20:52,8027.38,8027.38,1673.96,599.26,105.39,113.47,20.77,151.48
2023-05-21 20:53,8027.79,8027.79,1669.30,599.12,105.48,113.54,27.45,146.82
2023-05-21 20:54,8028.16,8028.16,1666.62,599.12,105.55,113.60,21.93,144.14
2023-05-21 20:55,8028.52,8028.52,1668.34,599.26,105.59,113.66,22.59,145.86
2023-05-21 20:56,8028.88,8028.88,1668.08,599.40,105.68,113.73,21.93,145.59
2023-05-21 20:57,8029.24,8029.24,1655.24,599.26,105.73,113.83,21.55,132.76
2023-05-21 20:58,8029.58,8029.58,1662.40,598.98,105.77,113.87,21.16,139.92
2023-05-21 20:59,8029.90,8029.90,1647.22,599.40,105.82,113.88,20.18,124.74
2023-05-21 21:00,8030.22,8030.22,1651.10,599.40,105.88,113.78,19.79,128.63
2023-05-21 21:01,8030.31,8025.89,1537.73,585.15,105.92,114.51,6.42,15.25
2023-05-21 21:02,8030.31,8026.77,1509.85,592.31,105.97,116.49,0.00,-12.63
2023-05-21 21:03,8030.74,8030.55,1818.37,597.71,106.03,115.69,57.38,295.89
2023-05-21 21:04,8031.94,8031.94,1831.73,598.55,106.07,115.32,73.17,309.25
2023-05-21 21:05,8033.19,8033.19,1821.35,598.55,106.11,114.94,79.41,298.87
2023-05-21 21:06,8034.76,8034.76,1826.70,599.12,106.16,114.54,100.59,304.22
2023-05-21 21:07,8036.35,8036.35,1832.66,598.55,106.17,114.20,97.94,310.18
2023-05-21 21:08,8037.95,8037.95,1831.08,598.83,106.22,113.96,96.87,308.60
2023-05-21 21:09,8039.64,8039.64,1843.48,599.26,106.24,113.79,105.80,321.00
2023-05-21 21:10,8041.34,8041.34,1843.37,599.26,106.26,113.59,102.88,320.88
2023-05-21 21:11,8042.97,8042.97,1837.89,599.12,106.30,113.34,98.73,315.41
2023-05-21 21:12,8044.59,8044.59,1839.91,599.26,106.36,113.29,102.20,317.43
2023-05-21 21:13,8046.21,8046.21,1833.30,599.40,106.37,112.92,99.73,310.82
2023-05-21 21:14,8047.79,8047.79,1837.11,598.98,106.42,112.13,95.74,314.63
2023-05-21 21:15,8049.40,8049.40,1840.98,599.26,106.44,112.60,100.16,318.50
2023-05-21 21:16,8050.80,8050.17,1809.03,596.90,106.44,112.95,79.39,286.55
2023-05-21 21:17,8051.00,8047.88,594.23,155.63,106.38,115.43,0.00,-928.25
2023-05-21 21:18,8051.00,8047.88,295.45,153.27,106.20,117.85,0.00,-1227.02
2023-05-21 21:19,8051.00,8047.86,1433.46,608.36,106.55,114.79,0.00,-89.02
2023-05-21 21:20,8051.00,8047.86,1542.70,603.60,106.71,112.65,0.00,20.22
2023-05-21 21:21,8051.00,8047.86,1553.54,603.60,106.73,113.04,0.00,31.06
2023-05-21 21:22,8051.00,8047.86,1553.05,603.60,106.64,113.44,0.00,30.57
2023-05-21 21:23,8051.00,8047.86,1556.92,603.60,106.57,113.62,0.00,34.44
2023-05-21 21:24,8051.00,8048.39,1554.06,603.61,106.50,113.70,0.00,31.58
2023-05-21 21:25,8052.36,8052.36,1817.44,598.43,106.45,113.88,159.83,294.96
2023-05-21 21:26,8053.92,8053.92,1835.56,597.73,106.43,114.07,86.95,313.07
2023-05-21 21:27,8055.43,8055.43,1825.32,598.29,106.38,114.12,91.58,302.84
2023-05-21 21:28,8056.92,8056.92,1822.44,598.85,106.38,114.14,92.16,299.96
2023-05-21 21:29,8058.28,8058.28,1799.00,598.29,106.37,114.14,81.25,276.52
2023-05-21 21:30,8059.81,8059.81,1824.17,598.43,106.42,114.12,99.30,301.69
2023-05-21 21:31,8061.37,8061.37,1830.90,598.71,106.43,114.01,95.53,308.43
2023-05-21 21:32,8062.92,8062.92,1838.89,598.43,106.44,114.02,93.08,316.41
2023-05-21 21:33,8064.44,8064.44,1828.75,598.71,106.46,113.93,94.06,306.27
2023-05-21 21:34,8066.00,8066.00,1834.92,598.29,106.50,113.95,99.82,312.44
2023-05-21 21:35,8067.62,8067.62,1841.63,598.57,106.50,114.00,96.88,319.15
2023-05-21 21:36,8069.20,8069.20,1832.18,598.43,106.57,113.98,96.94,309.70
2023-05-21 21:37,8070.81,8070.81,1847.96,598.57,106.60,113.91,98.80,325.48
2023-05-21 21:38,8072.34,8072.34,1845.27,598.29,106.63,114.02,93.64,322.80
2023-05-21 21:39,8073.91,8073.91,1848.62,598.57,106.67,114.07,95.62,326.13
2023-05-21 21:40,8075.38,8075.38,1850.97,598.71,106.70,114.05,88.75,328.49
2023-05-21 21:41,8076.88,8076.88,1851.30,598.57,106.75,114.06,93.28,328.81
2023-05-21 21:42,8078.43,8078.43,1869.69,598.29,106.77,114.08,93.72,347.21
2023-05-21 21:43,8079.96,8079.96,1855.78,598.43,106.77,114.07,92.95,333.30
2023-05-21 21:44,8081.41,8081.41,1851.56,598.29,106.81,114.07,88.87,329.08
2023-05-21 21:45,8082.97,8082.97,1856.05,598.15,106.81,114.12,97.69,333.57
2023-05-21 21:46,8084.42,8084.42,1870.92,598.43,106.83,114.13,87.32,348.44
2023-05-21 21:47,8085.01,8082.52,1610.90,514.51,106.88,114.33,25.01,88.42
2023-05-21 21:48,8085.01,8081.86,97.51,0.00,106.83,118.50,0.00,-1424.97
2023-05-21 21:49,8085.01,8081.86,531.04,253.49,106.70,118.56,0.00,-991.44
2023-05-21 21:50,8085.01,8081.86,1462.38,599.51,107.02,115.00,0.00,-60.10
2023-05-21 21:51,8085.01,8081.86,1560.55,602.77,107.17,113.43,0.00,38.07
2023-05-21 21:52,8085.01,8081.86,1567.13,602.49,107.17,113.94,0.00,44.65
2023-05-21 21:53,8085.01,8081.86,1553.13,602.63,107.05,114.22,0.00,30.65
2023-05-21 21:54,8085.01,8080.06,1555.61,602.50,106.99,114.43,0.00,33.13
2023-05-21 21:55,8085.01,8079.16,1551.25,602.77,106.95,114.69,0.00,28.77
2023-05-21 21:56,8085.01,8079.16,1562.86,602.64,106.87,114.88,0.00,40.38
2023-05-21 21:57,8085.01,8079.16,1548.52,602.91,106.83,114.99,0.00,26.04
2023-05-21 21:58,8085.01,8079.16,1560.33,602.92,106.82,115.08,0.00,37.85
2023-05-21 21:59,8085.01,8079.16,1545.02,602.91,106.82,115.23,0.00,22.55
2023-05-21 22:00,8085.01,8079.16,1558.32,602.92,106.80,115.25,0.00,35.84
2023-05-21 22:01,8085.01,8079.16,1542.48,603.34,106.79,115.39,0.00,20.00
2023-05-21 22:02,8085.01,8079.16,1554.89,603.05,106.82,115.46,0.00,32.41
2023-05-21 22:03,8085.01,8079.16,1540.69,603.20,106.83,115.58,0.00,18.21
2023-05-21 22:04,8085.01,8079.16,1545.01,603.20,106.83,115.64,0.00,22.53
2023-05-21 22:05,8085.01,8079.16,1542.14,603.20,106.83,115.73,0.00,19.66
2023-05-21 22:06,8085.01,8079.16,1544.56,603.34,106.83,115.79,0.00,22.08
2023-05-21 22:07,8085.01,8079.16,1540.87,603.20,106.87,115.98,0.00,18.39
2023-05-21 22:08,8085.01,8079.16,1543.01,603.06,106.91,116.15,0.00,20.53
2023-05-21 22:09,8085.01,8079.16,1540.27,602.78,106.97,116.31,0.00,17.79
2023-05-21 22:10,8085.01,8079.16,1539.61,602.91,106.97,116.47,0.00,17.13
2023-05-21 22:11,8085.01,8079.16,1540.92,602.92,106.97,116.59,0.00,18.45
2023-05-21 22:12,8085.01,8079.16,1534.27,602.92,107.02,116.69,0.00,11.79
2023-05-21 22:13,8085.01,8079.16,1537.00,603.20,107.02,116.79,0.00,14.52
2023-05-21 22:14,8085.01,8079.16,1529.85,603.34,107.05,116.95,0.00,7.37
2023-05-21 22:15,8085.01,8079.16,1536.69,603.34,107.10,117.02,0.00,14.21
2023-05-21 22:16,8085.01,8079.16,1525.63,603.20,107.15,117.16,0.00,3.15
2023-05-21 22:17,8085.01,8079.16,1532.06,603.20,107.17,117.35,0.00,9.58
2023-05-21 22:18,8085.01,8079.16,1522.38,602.91,107.23,117.54,0.00,-0.10
2023-05-21 22:19,8085.01,8079.16,1529.47,603.20,107.27,117.72,0.00,6.99
2023-05-21 22:20,8085.01,8079.16,1518.66,603.48,107.32,117.85,0.00,-3.82
2023-05-21 22:21,8085.01,8079.16,1523.18,603.48,107.34,117.98,0.00,0.70
2023-05-21 22:22,8085.01,8079.16,1516.49,603.06,107.38,118.13,0.00,-5.99
2023-05-21 22:23,8085.01,8079.16,1522.29,603.34,107.41,118.31,0.00,-0.19
2023-05-21 22:24,8085.01,8079.16,1514.27,603.20,107.50,118.61,0.00,-8.21
2023-05-21 22:25,8085.01,8079.16,1516.90,603.34,107.50,118.90,0.00,-5.58
2023-05-21 22:26,8085.01,8079.16,1512.25,603.48,107.53,119.13,0.00,-10.23
2023-05-21 22:27,8085.01,8078.09,1511.64,603.34,107.56,119.33,0.00,-10.84
2023-05-21 22:28,8085.01,8043.74,1545.80,602.24,107.61,121.59,0.00,23.32
2023-05-21 22:29,8085.01,8077.43,1547.54,602.36,107.63,121.39,0.00,25.06
2023-05-21 22:30,8085.01,8079.12,1535.27,603.20,107.68,121.48,0.00,12.78
2023-05-21 22:31,8085.01,8079.12,1530.92,602.91,107.71,121.31,0.00,8.45
2023-05-21 22:32,8085.01,8079.12,1531.98,603.20,107.78,121.16,0.00,9.51
2023-05-21 22:33,8085.01,8079.12,1529.59,603.05,107.80,120.83,0.00,7.11
2023-05-21 22:34,8085.01,8079.12,1532.38,602.91,107.83,120.82,0.00,9.90
2023-05-21 22:35,8085.01,8079.12,1528.91,603.06,107.88,120.88,0.00,6.43
2023-05-21 22:36,8085.01,8079.12,1530.10,602.77,107.90,120.85,0.00,7.62
2023-05-21 22:37,8085.01,8079.12,1526.55,602.91,107.95,121.02,0.00,4.07
2023-05-21 22:38,8085.01,8079.38,265.91,52.98,107.93,121.14,0.00,-1256.57
2023-05-21 22:39,8085.01,8079.38,0.00,0.00,107.67,120.45,0.00,-1522.48
2023-05-21 22:40,8085.01,8079.38,0.00,0.00,107.62,118.54,0.00,-1522.48
2023-05-21 22:41,8085.01,8079.38,0.00,0.00,107.65,116.34,0.00,-1522.48
2023-05-21 22:42,8085.01,8079.38,0.00,0.00,107.70,114.21,0.00,-1522.48
2023-05-21 22:43,8085.01,8079.38,0.00,0.00,107.76,112.49,0.00,-1522.48
2023-05-21 22:44,8085.01,8079.38,0.00,0.00,107.70,110.87,0.00,-1522.48
2023-05-21 22:45,8085.01,8079.38,0.00,0.00,107.62,109.32,0.00,-1522.48
2023-05-21 22:46,8085.01,8079.38,0.00,0.00,107.63,108.00,0.00,-1522.48
2023-05-21 22:47,8085.01,8079.38,0.00,0.00,107.43,106.75,0.00,-1522.48
2023-05-21 22:48,8085.01,8079.38,0.00,0.00,107.46,105.55,0.00,-1522.48
2023-05-21 22:49,8085.01,8079.38,0.00,0.00,107.40,104.36,0.00,-1522.48
2023-05-21 22:50,8085.01,8079.38,0.00,0.00,107.27,103.16,0.00,-1522.48
2023-05-21 22:51,8085.01,8079.38,0.00,0.00,107.28,102.01,0.00,-1522.48
2023-05-21 22:52,8085.01,8079.38,0.00,0.00,107.20,100.89,0.00,-1522.48
2023-05-21 22:53,8085.01,8079.38,0.00,0.00,107.13,99.80,0.00,-1522.48
2023-05-21 22:54,8085.01,8079.38,0.00,0.00,107.06,98.73,0.00,-1522.48
2023-05-21 22:55,8085.01,8079.38,160.03,72.95,106.92,97.69,0.00,-1362.45
2023-05-21 22:56,8085.01,8079.38,182.70,97.31,106.82,97.96,0.00,-1339.78
2023-05-21 22:57,8085.01,8079.38,188.59,98.00,106.72,99.54,0.00,-1333.89
2023-05-21 22:58,8085.01,8079.38,199.48,98.00,106.55,101.39,0.00,-1322.99
2023-05-21 22:59,8085.01,8079.38,201.46,98.00,106.44,102.73,0.00,-1321.02
2023-05-21 23:00,8085.01,8079.38,202.53,98.00,106.28,103.42,0.00,-1319.95
2023-05-21 23:01,8085.01,8079.38,205.44,98.00,106.07,103.81,0.00,-1317.04
2023-05-21 23:02,8085.01,8079.38,206.17,98.00,105.92,104.10,0.00,-1316.31
2023-05-21 23:03,8085.01,8079.38,206.54,98.00,105.82,104.24,0.00,-1315.94
2023-05-21 23:04,8085.01,8079.38,235.67,122.78,105.60,104.34,0.00,-1286.81
2023-05-21 23:05,8085.01,8079.38,335.87,191.16,105.43,104.81,0.00,-1186.61
2023-05-21 23:06,8085.01,8079.38,333.57,191.03,105.31,105.48,0.00,-1188.91
2023-05-21 23:07,8085.01,8079.38,331.63,191.58,105.10,105.99,0.00,-1190.85
2023-05-21 23:08,8085.01,8079.38,333.24,191.17,104.90,106.39,0.00,-1189.24
2023-05-21 23:09,8085.01,8079.38,328.46,191.72,104.71,106.41,0.00,-1194.02
2023-05-21 23:10,8085.01,8079.38,330.59,191.03,104.56,106.13,0.00,-1191.89
2023-05-21 23:11,8085.01,8079.38,327.09,191.72,104.38,106.10,0.00,-1195.39
2023-05-21 23:12,8085.01,8079.38,297.86,163.34,104.17,106.10,0.00,-1224.62
2023-05-21 23:13,8085.01,8079.38,91.25,5.26,104.16,105.66,0.00,-1431.23
2023-05-21 23:14,8085.01,8079.38,0.00,0.00,104.12,104.64,0.00,-1522.48
2023-05-21 23:15,8085.01,8079.38,0.00,0.00,103.96,102.75,0.00,-1522.48
2023-05-21 23:16,8085.01,8079.38,0.00,0.00,103.84,101.10,0.00,-1522.48
2023-05-21 23:17,8085.01,8079.38,0.00,0.00,103.78,99.70,0.00,-1522.48
2023-05-21 23:18,8085.01,8079.38,0.00,0.00,103.59,98.42,0.00,-1522.48
2023-05-21 23:19,8085.01,8079.38,0.00,0.00,103.43,97.30,0.00,-1522.48
2023-05-21 23:20,8085.01,8079.38,0.00,0.00,103.39,96.24,0.00,-1522.48
2023-05-21 23:21,8085.01,8079.38,0.00,0.00,103.19,95.11,0.00,-1522.48
2023-05-21 23:22,8085.01,8079.38,0.00,0.00,102.97,93.95,0.00,-1522.48
2023-05-21 23:23,8085.01,8079.38,0.00,0.00,102.85,92.87,0.00,-1522.48
2023-05-21 23:24,8085.01,8079.38,0.00,0.00,102.73,91.95,0.00,-1522.48
2023-05-21 23:25,8085.01,8079.47,0.00,0.00,102.51,91.07,0.00,-1522.48
2023-05-21 23:26,8085.01,8081.80,0.00,0.00,102.36,90.19,0.00,-1522.48
2023-05-21 23:27,8085.01,8081.80,0.00,0.00,102.21,89.30,0.00,-1522.48
2023-05-21 23:28,8085.01,8081.80,0.00,0.00,102.19,88.40,0.00,-1522.48
2023-05-21 23:29,8085.01,8081.80,0.00,0.00,102.06,87.51,0.00,-1522.48
2023-05-21 23:30,8085.01,8081.80,0.00,0.00,101.81,86.65,0.00,-1522.48
2023-05-21 23:31,8085.01,8081.80,0.00,0.00,101.61,85.88,0.00,-1522.48
2023-05-21 23:32,8085.01,8073.93,0.00,0.00,101.48,85.13,0.00,-1522.48
2023-05-21 23:33,8085.01,8025.14,0.00,0.00,101.33,84.27,0.00,-1522.48
2023-05-21 23:34,8085.01,8021.27,0.00,0.00,101.19,83.58,0.00,-1522.48
2023-05-21 23:35,8085.01,8021.27,0.00,0.00,101.02,83.03,0.00,-1522.48
2023-05-21 23:36,8085.01,8021.27,0.00,0.00,100.96,82.45,0.00,-1522.48
2023-05-21 23:37,8085.01,8021.27,0.00,0.00,100.81,81.80,0.00,-1522.48
2023-05-21 23:38,8085.01,8021.27,0.00,0.00,100.65,81.22,0.00,-1522.48
2023-05-21 23:39,8085.01,8021.27,0.00,0.00,100.43,80.61,0.00,-1522.48
2023-05-21 23:40,8085.01,8021.27,0.00,0.00,100.27,80.02,0.00,-1522.48
2023-05-21 23:41,8085.01,8063.12,0.00,0.00,100.13,79.43,0.00,-1522.48
2023-05-21 23:42,8085.01,8079.94,0.00,0.00,99.93,80.23,0.00,-1522.48
2023-05-21 23:43,8085.01,8079.94,0.00,0.00,99.87,81.30,0.00,-1522.48
2023-05-21 23:44,8085.01,8079.94,0.00,0.00,99.60,81.64,0.00,-1522.48
2023-05-21 23:45,8085.01,8079.94,0.00,0.00,99.47,81.53,0.00,-1522.48
2023-05-21 23:46,8085.01,8081.36,0.00,0.00,99.35,81.36,0.00,-1522.48
2023-05-21 23:47,8085.01,8081.51,0.00,0.00,99.25,81.03,0.00,-1522.48
2023-05-21 23:48,8085.01,8081.51,0.00,0.00,98.98,80.55,0.00,-1522.48
2023-05-21 23:49,8085.01,8081.51,0.00,0.00,98.90,79.99,0.00,-1522.48
2023-05-21 23:50,8085.01,8081.51,0.00,0.00,98.67,79.51,0.00,-1522.48
2023-05-21 23:51,8085.01,8081.51,0.00,0.00,98.65,79.01,0.00,-1522.48
2023-05-21 23:52,8085.01,8081.51,0.00,0.00,98.46,78.52,0.00,-1522.48
2023-05-21 23:53,8085.01,8081.51,0.00,0.00,98.30,78.17,0.00,-1522.48
2023-05-21 23:54,8085.01,8042.28,0.00,0.00,98.21,77.87,0.00,-1522.48
2023-05-21 23:55,8085.01,7993.09,0.00,0.00,97.98,77.31,0.00,-1522.48
2023-05-21 23:56,8085.01,7992.47,0.00,0.00,97.88,76.93,0.00,-1522.48
2023-05-21 23:57,8085.01,7992.47,0.00,0.00,97.69,76.67,0.00,-1522.48
2023-05-21 23:58,8085.01,7964.85,0.00,0.00,97.67,76.36,0.00,-1522.48
2023-05-21 23:59,8085.01,7906.86,0.00,0.00,97.36,75.81,0.00,-1522.48
2023-05-22 00:00,8085.01,7903.57,0.00,0.00,97.33,75.34,0.00,-1522.48
2023-05-22 00:01,8085.01,7857.64,0.00,0.00,97.24,75.06,0.00,-1522.48
2023-05-22 00:02,8085.01,7815.10,0.00,0.00,97.02,74.56,0.00,-1522.48
2023-05-22 00:03,8085.01,7815.10,0.00,0.00,96.88,74.23,0.00,-1522.48
2023-05-22 00:04,8085.01,7815.10,0.00,0.00,96.82,74.04,0.00,-1522.48
2023-05-22 00:05,8085.01,7815.10,0.00,0.00,96.69,73.85,0.00,-1522.48
2023-05-22 00:06,8085.01,7815.10,0.00,0.00,96.49,73.65,0.00,-1522.48
2023-05-22 00:07,8085.01,7813.18,0.00,0.00,96.38,73.43,0.00,-1522.48
2023-05-22 00:08,8085.01,7758.66,0.00,0.00,96.24,73.16,0.00,-1522.48
2023-05-22 00:09,8085.01,7726.51,0.00,0.00,96.09,72.64,0.00,-1522.48
2023-05-22 00:10,8085.01,7719.21,0.00,0.00,96.02,72.33,0.00,-1522.48
2023-05-22 00:11,8085.01,7656.61,0.00,0.00,95.81,71.98,0.00,-1522.48
2023-05-22 00:12,8085.01,7637.27,0.00,0.00,95.72,71.49,0.00,-1522.48
2023-05-22 00:13,8085.01,7630.52,0.00,0.00,95.57,71.24,0.00,-1522.48
2023-05-22 00:14,8085.01,7568.26,0.00,0.00,95.50,70.97,0.00,-1522.48
2023-05-22 00:15,8085.01,7548.85,0.00,0.00,95.37,70.51,0.00,-1522.48
2023-05-22 00:16,8085.01,7548.85,0.00,0.00,95.22,70.30,0.00,-1522.48
2023-05-22 00:17,8085.01,7548.85,0.00,0.00,95.14,70.19,0.00,-1522.48
2023-05-22 00:18,8085.01,7548.85,0.00,0.00,94.97,70.09,0.00,-1522.48
2023-05-22 00:19,8085.01,7548.85,0.00,0.00,94.88,69.96,0.00,-1522.48
2023-05-22 00:20,8085.01,7548.85,7.57,82.22,94.70,69.86,0.00,-1514.91
2023-05-22 00:21,8085.01,7527.71,49.72,97.17,94.41,70.62,0.00,-1472.76
2023-05-22 00:22,8085.01,7466.31,50.09,97.17,94.30,72.31,0.00,-1472.39
2023-05-22 00:23,8085.01,7460.79,50.07,97.17,94.12,74.36,0.00,-1472.41
2023-05-22 00:24,8085.01,7446.76,48.98,97.17,93.92,76.24,0.00,-1473.50
2023-05-22 00:25,8085.01,7383.61,47.96,97.17,93.78,79.40,0.00,-1474.52
2023-05-22 00:26,8085.01,7373.52,47.76,97.72,93.62,80.78,0.00,-1474.72
2023-05-22 00:27,8085.01,7350.35,47.11,97.45,93.44,81.34,0.00,-1475.37
2023-05-22 00:28,8085.01,7290.34,46.46,97.72,93.33,82.37,0.00,-1476.02
2023-05-22 00:29,8085.01,7285.77,45.45,98.00,93.21,82.66,0.00,-1477.04
2023-05-22 00:30,8085.01,7285.77,44.13,98.00,93.04,82.62,0.00,-1478.35
2023-05-22 00:31,8085.01,7285.77,44.20,98.00,92.95,82.55,0.00,-1478.28
2023-05-22 00:32,8085.01,7285.77,43.76,98.00,92.82,82.56,0.00,-1478.72
2023-05-22 00:33,8085.01,7285.77,43.62,98.00,92.71,82.60,0.00,-1478.86
2023-05-22 00:34,8085.01,7285.77,42.81,98.00,92.57,82.70,0.00,-1479.67
2023-05-22 00:35,8085.01,7261.13,42.82,97.58,92.41,82.77,0.00,-1479.66
2023-05-22 00:36,8085.01,7201.79,42.23,97.17,92.33,82.97,0.00,-1480.26
2023-05-22 00:37,8085.01,7197.80,41.74,97.17,92.23,83.33,0.00,-1480.73
2023-05-22 00:38,8085.01,7159.81,41.55,97.17,92.10,83.46,0.00,-1480.94
2023-05-22 00:39,8085.01,7110.34,41.38,75.30,92.00,83.95,0.00,-1481.10
2023-05-22 00:40,8085.01,7108.70,41.18,64.64,91.90,84.11,0.00,-1481.30
2023-05-22 00:41,8085.01,7057.02,1.05,11.35,91.78,83.88,0.00,-1521.43
2023-05-22 00:42,8085.01,7022.36,0.00,0.00,91.76,83.23,0.00,-1522.48
2023-05-22 00:43,8085.01,7022.36,0.00,0.00,91.63,82.52,0.00,-1522.48
2023-05-22 00:44,8085.01,6989.00,0.00,0.00,91.57,82.05,0.00,-1522.48
2023-05-22 00:45,8085.01,6936.03,0.00,0.00,91.48,81.13,0.00,-1522.48
2023-05-22 00:46,8085.01,6934.78,0.00,0.00,91.36,80.35,0.00,-1522.48
2023-05-22 00:47,8085.01,6899.14,0.00,0.00,91.23,79.96,0.00,-1522.48
2023-05-22 00:48,8085.01,6848.03,0.00,0.00,91.18,79.19,0.00,-1522.48
2023-05-22 00:49,8085.01,6847.20,0.00,0.00,91.02,78.52,0.00,-1522.48
2023-05-22 00:50,8085.01,6812.84,0.00,0.00,90.95,78.28,0.00,-1522.48
2023-05-22 00:51,8085.01,6760.52,0.00,0.00,90.83,77.65,0.00,-1522.48
2023-05-22 00:52,8085.01,6759.47,0.00,0.00,90.71,77.01,0.00,-1522.48
2023-05-22 00:53,8085.01,6726.25,0.00,0.00,90.61,76.76,0.00,-1522.48
2023-05-22 00:54,8085.01,6672.98,0.00,0.00,90.42,76.18,0.00,-1522.48
2023-05-22 00:55,8085.01,6671.72,0.00,0.00,90.31,75.61,0.00,-1522.48
2023-05-22 00:56,8085.01,6631.36,0.00,0.00,90.21,75.30,0.00,-1522.48
2023-05-22 00:57,8085.01,6583.97,0.00,0.00,90.12,74.74,0.00,-1522.48
2023-05-22 00:58,8085.01,6583.97,0.00,0.00,90.09,74.24,0.00,-1522.48
2023-05-22 00:59,8085.01,6546.10,0.00,0.00,89.89,74.06,0.00,-1522.48
2023-05-22 01:00,8085.01,6497.12,0.00,0.00,89.74,73.55,0.00,-1522.48
2023-05-22 01:01,8085.01,6497.15,0.00,0.00,89.58,73.06,0.00,-1522.48
2023-05-22 01:02,8085.01,6498.63,0.00,0.00,89.48,72.88,0.00,-1522.48
2023-05-22 01:03,8085.01,6498.63,0.00,0.00,89.38,72.74,0.00,-1522.48
2023-05-22 01:04,8085.01,6498.63,0.00,0.00,89.31,72.61,0.00,-1522.48
2023-05-22 01:05,8085.01,6497.90,0.00,0.00,89.34,72.42,0.00,-1522.48
2023-05-22 01:06,8085.01,6497.50,0.00,0.00,89.11,72.22,0.00,-1522.48
2023-05-22 01:07,8085.01,6485.88,0.00,0.00,89.04,71.97,0.00,-1522.48
2023-05-22 01:08,8085.01,6422.25,0.00,0.00,88.91,71.54,0.00,-1522.48
2023-05-22 01:09,8085.01,6410.16,0.00,0.00,88.82,70.93,0.00,-1522.48
2023-05-22 01:10,8085.01,6406.24,0.00,0.00,88.69,70.59,0.00,-1522.48
2023-05-22 01:11,8085.01,6346.84,0.00,0.00,88.52,70.29,0.00,-1522.48
2023-05-22 01:12,8085.01,6322.43,0.00,0.00,88.43,69.77,0.00,-1522.48
2023-05-22 01:13,8085.01,6321.05,6.36,77.80,88.32,69.45,0.00,-1516.12
2023-05-22 01:14,8085.01,6267.70,45.42,123.47,88.16,69.53,0.00,-1477.06
2023-05-22 01:15,8085.01,6234.46,46.43,123.75,88.00,70.02,0.00,-1476.05
2023-05-22 01:16,8085.01,6229.13,30.78,107.00,87.90,70.79,0.00,-1491.70
2023-05-22 01:17,8085.01,6167.08,0.00,7.34,87.83,71.11,0.00,-1522.48
2023-05-22 01:18,8085.01,6146.90,0.00,0.00,87.71,70.80,0.00,-1522.48
2023-05-22 01:19,8085.01,6147.88,0.00,0.00,87.64,70.72,0.00,-1522.48
2023-05-22 01:20,8085.01,6147.88,0.00,0.00,87.57,70.67,0.00,-1522.48
2023-05-22 01:21,8085.01,6147.88,0.00,0.00,87.44,70.50,0.00,-1522.48
2023-05-22 01:22,8085.01,6147.88,0.00,0.00,87.36,70.51,0.00,-1522.48
2023-05-22 01:23,8085.01,6147.88,0.00,0.00,87.25,70.42,0.00,-1522.48
2023-05-22 01:24,8085.01,6146.93,0.00,0.00,87.16,70.22,0.00,-1522.48
2023-05-22 01:25,8085.01,6146.46,0.00,0.00,87.03,70.12,0.00,-1522.48
2023-05-22 01:26,8085.01,6108.74,0.00,0.00,86.93,69.88,0.00,-1522.48
2023-05-22 01:27,8085.01,6059.11,0.00,0.00,86.84,69.41,0.00,-1522.48
2023-05-22 01:28,8085.01,6058.84,0.00,0.00,86.70,69.05,0.00,-1522.48
2023-05-22 01:29,8085.01,6038.29,0.00,0.00,86.60,68.87,0.00,-1522.48
2023-05-22 01:30,8085.01,5976.52,0.00,0.00,86.51,68.50,0.00,-1522.48
2023-05-22 01:31,8085.01,5971.42,0.00,0.00,86.41,68.11,0.00,-1522.48
2023-05-22 01:32,8085.01,5941.38,0.00,0.00,86.32,67.88,0.00,-1522.48
2023-05-22 01:33,8085.01,5886.15,0.00,0.00,86.25,67.46,0.00,-1522.48
2023-05-22 01:34,8085.01,5884.00,0.00,0.00,86.09,67.08,0.00,-1522.48
2023-05-22 01:35,8085.01,5834.44,0.00,0.00,86.00,66.84,0.00,-1522.48
2023-05-22 01:36,8085.01,5798.17,0.00,0.00,85.88,66.39,0.00,-1522.48
2023-05-22 01:37,8085.01,5798.17,0.00,0.00,85.81,66.11,0.00,-1522.48
2023-05-22 01:38,8085.01,5759.27,0.00,0.00,85.73,65.90,0.00,-1522.48
2023-05-22 01:39,8085.01,5711.24,0.00,0.00,85.62,65.52,0.00,-1522.48
2023-05-22 01:40,8085.01,5711.17,0.00,0.00,85.67,65.24,0.00,-1522.48
2023-05-22 01:41,8085.01,5643.97,1.62,64.92,85.47,65.05,0.00,-1520.86
2023-05-22 01:42,8085.01,5626.30,43.71,104.65,85.31,64.88,0.00,-1478.77
2023-05-22 01:43,8085.01,5569.07,47.53,97.86,85.18,65.25,0.00,-1474.95
2023-05-22 01:44,8085.01,5539.92,46.68,97.17,85.05,65.23,0.00,-1475.80
2023-05-22 01:45,8085.01,5507.44,46.00,98.14,84.97,65.44,0.00,-1476.48
2023-05-22 01:46,8085.01,5454.76,46.10,98.00,84.86,65.49,0.00,-1476.38
2023-05-22 01:47,8085.01,5443.73,45.60,98.42,84.77,66.20,0.00,-1476.88
2023-05-22 01:48,8085.01,5369.77,45.05,98.00,84.65,66.97,0.00,-1477.43
2023-05-22 01:49,8085.01,5368.98,45.12,98.28,84.54,68.61,0.00,-1477.36
2023-05-22 01:50,8085.01,5298.72,44.03,98.14,84.43,69.30,0.00,-1478.45
2023-05-22 01:51,8085.01,5283.53,40.61,95.92,84.35,70.44,0.00,-1481.87
2023-05-22 01:52,8085.01,5237.70,0.00,12.18,84.21,70.62,0.00,-1522.48
2023-05-22 01:53,8085.01,5198.54,0.00,0.00,84.14,70.23,0.00,-1522.48
2023-05-22 01:54,8085.01,5175.55,0.00,0.00,84.19,70.16,0.00,-1522.48
2023-05-22 01:55,8085.01,5112.48,0.00,0.00,84.09,69.84,0.00,-1522.48
2023-05-22 01:56,8085.01,5106.75,0.00,0.00,83.99,69.71,0.00,-1522.48
2023-05-22 01:57,8085.01,5030.28,0.00,0.00,83.95,69.48,0.00,-1522.48
2023-05-22 01:58,8085.01,5026.76,0.00,0.00,83.78,69.21,0.00,-1522.48
2023-05-22 01:59,8085.01,4957.59,0.00,0.00,83.73,69.06,0.00,-1522.48
2023-05-22 02:00,8085.01,4941.29,0.00,0.00,83.54,68.70,0.00,-1522.48
2023-05-22 02:01,8085.01,4888.72,0.00,0.00,83.56,68.58,0.00,-1522.48
2023-05-22 02:02,8085.01,4854.80,0.00,0.00,83.41,68.19,0.00,-1522.48
2023-05-22 02:03,8085.01,4854.80,0.00,0.00,83.36,68.07,0.00,-1522.48
2023-05-22 02:04,8085.01,4809.19,0.00,0.00,83.23,68.00,0.00,-1522.48
2023-05-22 02:05,8085.01,4768.35,0.00,0.00,83.40,67.63,0.00,-1522.48
2023-05-22 02:06,8085.01,4755.43,0.00,0.00,83.16,67.46,0.00,-1522.48
2023-05-22 02:07,8085.01,4682.97,0.00,0.00,83.08,67.24,0.00,-1522.48
2023-05-22 02:08,8085.01,4681.24,0.00,0.00,82.95,67.01,0.00,-1522.48
2023-05-22 02:09,8085.01,4605.42,0.00,0.00,82.77,66.84,0.00,-1522.48
2023-05-22 02:10,8085.01,4594.90,0.00,0.00,82.74,66.55,0.00,-1522.48
2023-05-22 02:11,8085.01,4518.89,0.00,0.00,82.70,66.41,0.00,-1522.48
2023-05-22 02:12,8085.01,4509.83,0.00,0.00,82.57,66.15,0.00,-1522.48
2023-05-22 02:13,8085.01,4463.01,0.00,0.00,82.42,66.12,0.00,-1522.48
2023-05-22 02:14,8085.01,4425.71,0.23,0.00,82.32,65.86,0.00,-1522.26
2023-05-22 02:15,8085.01,4386.67,26.94,81.53,82.22,65.83,0.00,-1495.54
2023-05-22 02:16,8085.01,4340.53,47.22,80.56,82.06,65.88,0.00,-1475.26
2023-05-22 02:17,8085.01,4300.83,46.75,81.11,81.99,66.02,0.00,-1475.73
2023-05-22 02:18,8085.01,4255.68,46.35,81.39,81.89,65.93,0.00,-1476.13
2023-05-22 02:19,8085.01,4235.72,46.68,81.53,81.75,66.00,0.00,-1475.80
2023-05-22 02:20,8085.01,4169.43,45.88,81.39,81.63,66.06,0.00,-1476.60
2023-05-22 02:21,8085.01,4147.94,45.99,81.67,81.54,66.80,0.00,-1476.49
2023-05-22 02:22,8085.01,4084.52,20.97,49.97,81.43,67.43,0.00,-1501.51
2023-05-22 02:23,8085.01,4073.77,0.00,0.00,81.50,67.95,0.00,-1522.48
2023-05-22 02:24,8085.01,3999.52,0.00,0.00,81.68,67.59,0.00,-1522.48
2023-05-22 02:25,8085.01,3992.68,0.00,0.00,81.91,67.40,0.00,-1522.48
2023-05-22 02:26,8085.01,3916.80,0.00,0.00,82.58,67.23,0.00,-1522.48
2023-05-22 02:27,8085.01,3913.89,0.00,0.00,82.61,67.08,0.00,-1522.48
2023-05-22 02:28,8085.01,3840.88,0.00,0.00,82.19,67.03,0.00,-1522.48
2023-05-22 02:29,8085.01,3829.43,0.00,0.00,81.56,66.82,0.00,-1522.48
2023-05-22 02:30,8085.01,3810.22,0.00,0.00,81.15,66.88,0.00,-1522.48
2023-05-22 02:31,8085.01,3743.27,0.00,0.00,80.91,66.70,0.00,-1522.48
2023-05-22 02:32,8085.01,3738.31,0.00,0.00,81.33,66.54,0.00,-1522.48
2023-05-22 02:33,8085.01,3661.34,0.00,0.00,81.98,66.44,0.00,-1522.48
2023-05-22 02:34,8085.01,3657.50,0.00,0.00,81.25,66.22,0.00,-1522.48
2023-05-22 02:35,8085.01,3585.28,0.00,0.00,80.61,66.13,0.00,-1522.48
2023-05-22 02:36,8085.01,3572.31,0.00,0.00,80.62,65.92,0.00,-1522.48
2023-05-22 02:37,8085.01,3566.66,0.00,0.00,80.44,65.93,0.00,-1522.48
2023-05-22 02:38,8085.01,3489.90,0.00,0.00,80.26,65.81,0.00,-1522.48
2023-05-22 02:39,8085.01,3486.79,0.00,0.00,80.20,65.61,0.00,-1522.48
2023-05-22 02:40,8085.01,3439.98,0.46,0.00,80.30,65.60,0.00,-1522.02
2023-05-22 02:41,8085.01,3401.72,37.13,0.00,80.00,65.49,0.00,-1485.35
2023-05-22 02:42,8085.01,3376.71,44.72,0.00,79.80,65.86,0.00,-1477.76
2023-05-22 02:43,8085.01,3316.34,45.34,0.00,79.67,65.86,0.00,-1477.14
2023-05-22 02:44,8085.01,3316.34,44.86,0.00,79.60,65.82,0.00,-1477.62
2023-05-22 02:45,8085.01,3310.06,44.87,0.00,79.47,66.35,0.00,-1477.61
2023-05-22 02:46,8085.01,3233.93,44.97,0.00,79.39,66.78,0.00,-1477.51
2023-05-22 02:47,8085.01,3231.49,21.73,0.00,79.33,67.62,0.00,-1500.75
2023-05-22 02:48,8085.01,3179.63,0.00,0.00,79.57,67.43,0.00,-1522.48
2023-05-22 02:49,8085.01,3145.42,0.00,0.00,80.23,67.01,0.00,-1522.48
2023-05-22 02:50,8085.01,3145.42,0.00,0.00,80.24,67.14,0.00,-1522.48
2023-05-22 02:51,8085.01,3145.42,0.00,0.00,80.29,67.33,0.00,-1522.48
2023-05-22 02:52,8085.01,3145.42,0.00,0.00,79.97,67.47,0.00,-1522.48
2023-05-22 02:53,8085.01,3145.27,0.00,0.00,80.05,67.64,0.00,-1522.48
2023-05-22 02:54,8085.01,3145.08,0.00,0.00,79.76,67.60,0.00,-1522.48
2023-05-22 02:55,8085.01,3140.18,0.00,0.00,79.59,67.49,0.00,-1522.48
2023-05-22 02:56,8085.01,3063.18,0.00,0.00,79.76,67.11,0.00,-1522.48
2023-05-22 02:57,8085.01,3060.52,0.00,0.00,79.61,66.70,0.00,-1522.48
2023-05-22 02:58,8085.01,3061.56,0.00,0.00,79.61,66.73,0.00,-1522.48
2023-05-22 02:59,8085.01,3060.99,0.00,0.00,79.56,66.67,0.00,-1522.48
2023-05-22 03:00,8085.01,3060.88,0.00,0.00,79.58,66.62,0.00,-1522.48
2023-05-22 03:01,8085.01,3041.96,0.00,0.00,79.32,66.60,0.00,-1522.48
2023-05-22 03:02,8085.01,2975.31,0.00,0.00,79.14,66.19,0.00,-1522.48
2023-05-22 03:03,8085.01,2975.31,0.00,0.00,79.21,65.94,0.00,-1522.48
2023-05-22 03:04,8085.01,2906.36,0.00,0.00,79.11,65.81,0.00,-1522.48
2023-05-22 03:05,8085.01,2890.29,0.00,0.00,78.83,65.41,0.00,-1522.48
2023-05-22 03:06,8085.01,2858.47,0.00,0.00,78.97,65.37,0.00,-1522.48
2023-05-22 03:07,8085.01,2805.81,0.00,0.00,78.94,65.06,0.00,-1522.48
2023-05-22 03:08,8085.01,2793.03,0.23,31.28,78.61,64.89,0.00,-1522.24
2023-05-22 03:09,8085.01,2721.80,27.73,86.80,78.06,64.81,0.00,-1494.75
2023-05-22 03:10,8085.01,2721.58,32.63,87.07,77.65,64.96,0.00,-1489.85
2023-05-22 03:11,8085.01,2696.05,36.97,86.80,77.52,65.28,0.00,-1485.51
2023-05-22 03:12,8085.01,2637.06,34.57,86.38,77.45,65.33,0.00,-1487.91
2023-05-22 03:13,8085.01,2634.11,36.65,86.10,77.36,66.23,0.00,-1485.84
2023-05-22 03:14,8085.01,2557.34,36.29,85.96,77.29,66.48,0.00,-1486.19
2023-05-22 03:15,8085.01,2551.99,26.87,84.17,77.20,67.06,0.00,-1495.61
2023-05-22 03:16,8085.01,2519.67,0.00,9.69,77.12,67.07,0.00,-1522.48
2023-05-22 03:17,8085.01,2466.92,0.00,0.00,77.38,66.58,0.00,-1522.48
2023-05-22 03:18,8085.01,2466.92,0.00,0.00,77.86,66.61,0.00,-1522.48
2023-05-22 03:19,8085.01,2427.04,0.00,0.00,78.26,66.83,0.00,-1522.48
2023-05-22 03:20,8085.01,2381.91,0.00,0.00,78.14,66.48,0.00,-1522.48
2023-05-22 03:21,8085.01,2381.91,0.00,0.00,77.98,66.51,0.00,-1522.48
2023-05-22 03:22,8085.01,2332.24,0.00,0.00,77.95,66.55,0.00,-1522.48
2023-05-22 03:23,8085.01,2296.93,0.00,0.00,77.96,66.22,0.00,-1522.48
2023-05-22 03:24,8085.01,2284.67,0.00,0.00,77.59,66.19,0.00,-1522.48
2023-05-22 03:25,8085.01,2210.66,0.00,0.00,77.77,65.98,0.00,-1522.48
2023-05-22 03:26,8085.01,2210.66,0.00,0.00,77.69,65.76,0.00,-1522.48
2023-05-22 03:27,8085.01,2152.66,0.00,0.00,77.56,65.72,0.00,-1522.48
2023-05-22 03:28,8085.01,2126.52,0.00,0.00,77.57,65.39,0.00,-1522.48
2023-05-22 03:29,8085.01,2115.81,0.00,0.00,77.63,65.35,0.00,-1522.48
2023-05-22 03:30,8085.01,2041.27,0.00,0.00,77.42,65.15,0.00,-1522.48
2023-05-22 03:31,8085.01,2041.48,0.00,0.00,77.79,64.90,0.00,-1522.48
2023-05-22 03:32,8085.01,2042.55,0.00,0.00,77.74,64.93,0.00,-1522.48
2023-05-22 03:33,8085.01,2042.23,0.00,0.00,77.20,64.95,0.00,-1522.48
2023-05-22 03:34,8085.01,2042.02,0.00,0.00,77.13,64.97,0.00,-1522.48
2023-05-22 03:35,8085.01,2042.02,0.00,0.00,76.98,65.01,0.00,-1522.48
2023-05-22 03:36,8085.01,2042.02,0.00,0.00,77.00,65.00,0.00,-1522.48
2023-05-22 03:37,8085.01,2035.70,0.00,0.00,76.81,64.95,0.00,-1522.48
2023-05-22 03:38,8085.01,2006.80,0.00,0.00,77.14,64.83,0.00,-1522.48
2023-05-22 03:39,8085.01,2001.60,0.00,0.00,76.85,64.75,0.00,-1522.48
2023-05-22 03:40,8085.01,1995.17,0.00,0.00,76.75,64.66,0.00,-1522.48
2023-05-22 03:41,8085.01,1984.48,0.20,2.35,77.01,64.55,0.00,-1522.28
2023-05-22 03:42,8085.01,1984.44,0.00,18.82,75.84,64.55,0.00,-1522.48
2023-05-22 03:43,8085.01,1984.49,0.00,20.76,75.37,64.74,0.00,-1522.48
2023-05-22 03:44,8085.01,1984.49,0.00,21.45,75.24,64.79,0.00,-1522.48
2023-05-22 03:45,8085.01,1984.49,0.00,21.87,75.14,64.98,0.00,-1522.48
2023-05-22 03:46,8085.01,1984.49,0.00,22.42,75.06,65.82,0.00,-1522.48
2023-05-22 03:47,8085.01,1984.49,0.00,23.12,75.01,66.65,0.00,-1522.48
2023-05-22 03:48,8085.01,1983.14,0.00,10.80,74.91,67.24,0.00,-1522.48
2023-05-22 03:49,8085.01,1906.70,0.00,0.00,74.90,67.47,0.00,-1522.48
2023-05-22 03:50,8085.01,1899.24,0.00,0.00,74.86,67.64,0.00,-1522.48
2023-05-22 03:51,8085.01,1894.12,0.00,0.00,74.82,67.68,0.00,-1522.48
2023-05-22 03:52,8085.01,1872.63,0.00,0.00,74.77,67.70,0.00,-1522.48
2023-05-22 03:53,8085.01,1873.61,0.00,0.00,74.76,67.67,0.00,-1522.48
2023-05-22 03:54,8085.01,1873.27,0.00,0.00,74.68,67.64,0.00,-1522.48
2023-05-22 03:55,8085.01,1872.89,0.00,0.00,74.57,67.53,0.00,-1522.48
2023-05-22 03:56,8085.01,1872.89,0.00,0.00,74.53,67.41,0.00,-1522.48
2023-05-22 03:57,8085.01,1814.60,0.00,0.00,74.48,67.32,0.00,-1522.48
2023-05-22 03:58,8085.01,1790.37,0.00,0.00,74.48,67.18,0.00,-1522.48
2023-05-22 03:59,8085.01,1790.37,0.00,0.00,74.44,67.07,0.00,-1522.48
2023-05-22 04:00,8085.01,1726.69,0.00,0.00,74.31,66.90,0.00,-1522.48
2023-05-22 04:01,8085.01,1709.13,0.00,0.00,74.30,66.76,0.00,-1522.48
2023-05-22 04:02,8085.01,1657.87,0.00,0.00,74.26,66.61,0.00,-1522.48
2023-05-22 04:03,8085.01,1627.85,0.00,0.00,74.13,66.47,0.00,-1522.48
2023-05-22 04:04,8085.01,1613.88,0.00,0.00,74.01,66.32,0.00,-1522.48
2023-05-22 04:05,8085.01,1546.98,0.00,0.00,74.05,66.20,0.00,-1522.48
2023-05-22 04:06,8085.01,1546.98,0.00,0.00,73.98,66.08,0.00,-1522.48
2023-05-22 04:07,8085.01,1501.31,0.00,3.04,73.85,65.95,0.00,-1522.48
2023-05-22 04:08,8085.01,1466.98,0.00,20.62,73.81,65.81,0.00,-1522.48
2023-05-22 04:09,8085.01,1466.98,0.00,20.76,73.74,65.73,0.00,-1522.48
2023-05-22 04:10,8085.01,1463.24,0.00,20.76,73.70,65.86,0.00,-1522.48
2023-05-22 04:11,8085.01,1388.28,0.00,19.93,73.64,65.88,0.00,-1522.48
2023-05-22 04:12,8085.01,1384.86,0.00,19.93,73.59,65.81,0.00,-1522.48
2023-05-22 04:13,8085.01,1361.12,0.00,20.48,73.52,65.89,0.00,-1522.48
2023-05-22 04:14,8085.01,1302.40,0.00,13.84,73.45,66.35,0.00,-1522.48
2023-05-22 04:15,8085.01,1302.40,0.23,12.87,73.53,66.61,0.00,-1522.25
2023-05-22 04:16,8085.01,1249.19,0.00,1.80,73.93,66.67,0.00,-1522.48
2023-05-22 04:17,8085.01,1221.96,0.00,0.00,73.67,66.73,0.00,-1522.48
2023-05-22 04:18,8085.01,1201.01,0.00,0.00,73.31,66.67,0.00,-1522.48
2023-05-22 04:19,8085.01,1158.67,0.00,0.00,73.27,66.62,0.00,-1522.48
2023-05-22 04:20,8085.01,1145.62,0.00,0.00,73.77,66.51,0.00,-1522.48
2023-05-22 04:21,8085.01,1137.28,0.00,0.00,73.97,66.40,0.00,-1522.48
2023-05-22 04:22,8085.01,1137.28,0.00,0.00,73.27,66.29,0.00,-1522.48
2023-05-22 04:23,8085.01,1137.28,0.00,0.00,73.81,66.17,0.00,-1522.48
2023-05-22 04:24,8085.01,1137.28,0.00,0.00,73.72,66.06,0.00,-1522.48
2023-05-22 04:25,8085.01,1137.28,0.00,0.00,73.37,65.89,0.00,-1522.48
2023-05-22 04:26,8085.01,1137.28,0.00,0.00,73.61,65.76,0.00,-1522.48
2023-05-22 04:27,8085.01,1103.85,0.00,0.00,73.77,65.63,0.00,-1522.48
2023-05-22 04:28,8085.01,1055.51,0.00,0.00,72.92,65.56,0.00,-1522.48
2023-05-22 04:29,8085.01,1055.51,0.00,0.00,72.74,65.47,0.00,-1522.48
2023-05-22 04:30,8085.01,1055.51,0.00,0.00,72.90,65.40,0.00,-1522.48
2023-05-22 04:31,8085.01,1055.51,0.00,0.00,73.05,65.30,0.00,-1522.48
2023-05-22 04:32,8085.01,1055.51,0.00,0.00,72.78,65.21,0.00,-1522.48
2023-05-22 04:33,8085.01,1055.12,0.00,0.00,73.18,65.10,0.00,-1522.48
2023-05-22 04:34,8085.01,983.51,0.00,0.00,73.44,64.98,0.00,-1522.48
2023-05-22 04:35,8085.01,973.78,0.00,0.00,72.50,64.89,0.00,-1522.48
2023-05-22 04:36,8085.01,973.78,0.00,0.00,72.47,64.78,0.00,-1522.48
2023-05-22 04:37,8085.01,973.78,0.00,0.00,72.72,64.67,0.00,-1522.48
2023-05-22 04:38,8085.01,973.78,0.00,0.00,72.39,64.55,0.00,-1522.48
2023-05-22 04:39,8085.01,936.07,0.00,0.00,72.19,64.41,0.00,-1522.48
2023-05-22 04:40,8085.01,911.09,0.00,0.00,72.18,64.31,0.00,-1522.48
2023-05-22 04:41,8085.01,911.09,0.00,35.71,72.27,64.20,0.00,-1522.48
2023-05-22 04:42,8085.01,930.03,0.00,101.61,72.04,64.06,0.00,-1522.48
2023-05-22 04:43,8085.01,939.67,0.00,102.85,71.96,63.96,0.00,-1522.48
2023-05-22 04:44,8085.01,939.67,0.00,104.93,71.92,64.04,0.00,-1522.48
2023-05-22 04:45,8085.01,939.67,0.00,103.68,71.90,64.17,0.00,-1522.48
2023-05-22 04:46,8085.01,939.67,0.00,102.99,71.81,64.44,0.00,-1522.48
2023-05-22 04:47,8085.01,939.66,0.00,103.27,71.70,64.96,0.00,-1522.48
2023-05-22 04:48,8085.01,938.04,0.00,107.14,71.58,65.52,0.00,-1522.48
2023-05-22 04:49,8085.01,937.72,0.00,107.97,71.51,65.91,0.00,-1522.48
2023-05-22 04:50,8085.01,937.72,0.00,107.28,71.43,66.25,0.00,-1522.48
2023-05-22 04:51,8085.01,937.72,0.00,107.83,71.34,66.51,0.00,-1522.48
2023-05-22 04:52,8085.01,937.72,0.00,107.97,71.25,66.70,0.00,-1522.48
2023-05-22 04:53,8085.01,937.72,0.00,107.97,71.24,66.89,0.00,-1522.48
2023-05-22 04:54,8085.01,937.72,0.00,107.97,71.19,67.06,0.00,-1522.48
2023-05-22 04:55,8085.01,937.72,0.00,107.97,71.16,67.19,0.00,-1522.48
2023-05-22 04:56,8085.01,937.72,0.00,107.97,71.12,67.34,0.00,-1522.48
2023-05-22 04:57,8085.01,937.72,0.00,108.25,71.06,67.46,0.00,-1522.48
2023-05-22 04:58,8085.01,937.72,0.00,57.03,71.05,67.51,0.00,-1522.48
2023-05-22 04:59,8085.01,937.72,0.00,0.00,71.09,67.40,0.00,-1522.48
2023-05-22 05:00,8085.01,937.72,0.00,0.00,71.48,67.23,0.00,-1522.48
2023-05-22 05:01,8085.01,937.72,0.00,0.00,71.66,67.07,0.00,-1522.48
2023-05-22 05:02,8085.01,937.72,0.00,0.00,71.62,66.88,0.00,-1522.48
2023-05-22 05:03,8085.01,937.72,0.00,0.00,71.48,66.70,0.00,-1522.48
2023-05-22 05:04,8085.01,937.72,0.00,0.00,71.31,66.55,0.00,-1522.48
2023-05-22 05:05,8085.01,937.72,0.00,0.00,71.37,66.39,0.00,-1522.48
2023-05-22 05:06,8085.01,937.72,0.00,0.00,71.22,66.21,0.00,-1522.48
2023-05-22 05:07,8085.01,937.72,0.00,0.00,71.14,66.01,0.00,-1522.48
2023-05-22 05:08,8085.01,937.72,0.00,0.00,71.08,65.81,0.00,-1522.48
2023-05-22 05:09,8085.01,937.72,0.00,0.00,70.80,65.61,0.00,-1522.48
2023-05-22 05:10,8085.01,937.72,0.00,0.00,70.83,65.42,0.00,-1522.48
2023-05-22 05:11,8085.01,937.72,0.00,0.00,70.86,65.24,0.00,-1522.48
2023-05-22 05:12,8085.01,937.72,0.00,0.00,70.76,65.06,0.00,-1522.48
2023-05-22 05:13,8085.01,937.72,0.00,0.00,70.67,64.89,0.00,-1522.48
2023-05-22 05:14,8085.01,937.72,0.00,0.00,70.69,64.74,0.00,-1522.48
2023-05-22 05:15,8085.01,937.72,0.00,0.00,70.60,64.57,0.00,-1522.48
2023-05-22 05:16,8085.01,937.72,0.00,0.00,70.69,64.41,0.00,-1522.48
2023-05-22 05:17,8085.01,937.72,0.00,0.00,70.65,64.26,0.00,-1522.48
2023-05-22 05:18,8085.01,937.72,0.00,0.00,70.46,64.08,0.00,-1522.48
2023-05-22 05:19,8085.01,937.72,0.00,0.00,70.31,63.93,0.00,-1522.48
2023-05-22 05:20,8085.01,937.72,0.00,0.00,70.21,63.77,0.00,-1522.48
2023-05-22 05:21,8085.01,937.72,0.00,0.00,70.14,63.61,0.00,-1522.48
2023-05-22 05:22,8085.01,937.72,0.00,0.00,69.97,63.44,0.00,-1522.48
2023-05-22 05:23,8085.01,937.72,0.00,0.00,69.95,63.24,0.00,-1522.48
2023-05-22 05:24,8085.01,937.72,0.00,0.00,69.98,63.05,0.00,-1522.48
2023-05-22 05:25,8085.01,937.72,0.00,0.00,69.84,62.89,0.00,-1522.48
2023-05-22 05:26,8085.01,937.72,0.00,0.00,69.80,62.72,0.00,-1522.48
2023-05-22 05:27,8085.01,937.72,0.00,0.00,69.76,62.58,0.00,-1522.48
2023-05-22 05:28,8085.01,937.72,0.00,0.00,69.73,62.41,0.00,-1522.48
2023-05-22 05:29,8085.01,937.72,0.00,0.00,69.79,62.26,0.00,-1522.48
2023-05-22 05:30,8085.01,937.72,0.00,0.00,70.08,62.10,0.00,-1522.48
2023-05-22 05:31,8085.01,937.72,0.00,0.00,70.05,61.96,0.00,-1522.48
2023-05-22 05:32,8085.01,937.72,0.00,0.00,70.23,61.83,0.00,-1522.48
2023-05-22 05:33,8085.01,937.72,0.00,0.00,70.82,61.68,0.00,-1522.48
2023-05-22 05:34,8085.01,937.72,0.00,0.00,70.67,61.54,0.00,-1522.48
2023-05-22 05:35,8085.01,937.72,0.00,0.00,70.59,61.41,0.00,-1522.48
2023-05-22 05:36,8085.01,937.72,0.00,0.00,70.12,61.31,0.00,-1522.48
2023-05-22 05:37,8085.01,937.72,0.00,0.00,70.71,61.19,0.00,-1522.48
2023-05-22 05:38,8085.01,937.72,0.00,0.00,70.98,61.12,0.00,-1522.48
2023-05-22 05:39,8085.01,937.72,0.00,0.00,70.72,61.01,0.00,-1522.48
2023-05-22 05:40,8085.01,937.72,0.00,0.00,70.37,60.92,0.00,-1522.48
2023-05-22 05:41,8085.01,937.72,0.00,0.00,70.63,60.87,0.00,-1522.48
2023-05-22 05:42,8085.01,937.72,0.00,0.00,70.10,60.78,0.00,-1522.48
2023-05-22 05:43,8085.01,937.72,0.00,0.00,70.51,60.71,0.00,-1522.48
2023-05-22 05:44,8085.01,937.72,0.00,0.00,70.69,60.68,0.00,-1522.48
2023-05-22 05:45,8085.01,937.72,0.00,0.00,70.48,60.60,0.00,-1522.48
2023-05-22 05:46,8085.01,937.72,0.00,0.00,70.55,60.57,0.00,-1522.48
2023-05-22 05:47,8085.01,937.72,0.00,0.00,70.81,60.50,0.00,-1522.48
2023-05-22 05:48,8085.01,937.72,0.00,0.00,70.80,60.47,0.00,-1522.48
2023-05-22 05:49,8085.01,937.72,0.00,0.00,70.62,60.42,0.00,-1522.48
2023-05-22 05:50,8085.01,937.72,0.00,0.00,70.57,60.37,0.00,-1522.48
2023-05-22 05:51,8085.01,937.72,0.00,0.00,70.60,60.31,0.00,-1522.48
2023-05-22 05:52,8085.01,937.72,0.00,0.00,70.21,60.30,0.00,-1522.48
2023-05-22 05:53,8085.01,937.72,0.00,0.00,69.80,60.25,0.00,-1522.48
2023-05-22 05:54,8085.01,937.72,0.00,0.00,69.65,60.19,0.00,-1522.48
2023-05-22 05:55,8085.01,937.72,0.00,0.00,69.50,60.17,0.00,-1522.48
2023-05-22 05:56,8085.01,937.72,0.00,0.00,69.41,60.13,0.00,-1522.48
2023-05-22 05:57,8085.01,937.72,0.00,0.00,69.24,60.08,0.00,-1522.48
2023-05-22 05:58,8085.01,937.72,0.00,0.00,68.83,60.03,0.00,-1522.48
2023-05-22 05:59,8085.01,937.72,0.00,0.00,68.85,59.98,0.00,-1522.48
2023-05-22 06:00,8085.01,937.72,0.00,0.00,68.61,59.95,0.00,-1522.48
2023-05-22 06:01,8085.01,937.72,0.00,0.00,68.55,59.86,0.00,-1522.48
2023-05-22 06:02,8085.01,937.72,0.00,0.00,68.60,59.82,0.00,-1522.48
2023-05-22 06:03,8085.01,937.72,0.00,0.00,68.62,59.77,0.00,-1522.48
2023-05-22 06:04,8085.01,937.72,0.00,0.00,68.52,59.69,0.00,-1522.48
2023-05-22 06:05,8085.01,937.72,0.00,0.00,68.34,59.64,0.00,-1522.48
2023-05-22 06:06,8085.01,937.72,0.00,0.00,68.25,59.55,0.00,-1522.48
2023-05-22 06:07,8085.01,937.72,0.00,0.00,68.16,59.50,0.00,-1522.48
2023-05-22 06:08,8085.01,937.72,0.00,0.00,68.14,59.45,0.00,-1522.48
2023-05-22 06:09,8085.01,937.72,0.00,0.00,68.05,59.42,0.00,-1522.48
2023-05-22 06:10,8085.01,937.72,0.00,0.00,68.12,59.35,0.00,-1522.48
2023-05-22 06:11,8085.01,937.72,0.00,0.00,68.15,59.31,0.00,-1522.48
2023-05-22 06:12,8085.01,937.72,0.00,0.00,68.00,59.29,0.00,-1522.48
2023-05-22 06:13,8085.01,937.72,0.00,0.00,67.95,59.25,0.00,-1522.48
2023-05-22 06:14,8085.01,937.72,0.00,0.00,67.82,59.21,0.00,-1522.48
2023-05-22 06:15,8085.01,937.72,0.00,0.00,67.79,59.16,0.00,-1522.48
2023-05-22 06:16,8085.01,937.72,0.00,0.00,67.75,59.11,0.00,-1522.48
2023-05-22 06:17,8085.01,937.72,0.00,0.00,67.73,59.06,0.00,-1522.48
2023-05-22 06:18,8085.01,937.72,0.00,0.00,67.62,59.04,0.00,-1522.48
2023-05-22 06:19,8085.01,937.72,0.00,0.00,67.46,58.97,0.00,-1522.48
2023-05-22 06:20,8085.01,937.72,0.00,0.00,67.29,58.97,0.00,-1522.48
2023-05-22 06:21,8085.01,937.72,0.00,0.00,67.08,58.91,0.00,-1522.48
2023-05-22 06:22,8085.01,937.72,0.00,0.00,66.90,58.91,0.00,-1522.48
2023-05-22 06:23,8085.01,937.72,0.00,0.00,66.82,58.86,0.00,-1522.48
2023-05-22 06:24,8085.01,937.72,0.00,0.00,66.67,58.82,0.00,-1522.48
2023-05-22 06:25,8085.01,937.72,0.00,0.00,66.55,58.77,0.00,-1522.48
2023-05-22 06:26,8085.01,937.72,0.00,0.00,66.40,58.74,0.00,-1522.48
2023-05-22 06:27,8085.01,937.72,0.00,0.00,66.29,58.70,0.00,-1522.48
2023-05-22 06:28,8085.01,937.72,0.00,0.00,66.20,58.60,0.00,-1522.48
2023-05-22 06:29,8085.01,937.72,0.00,0.00,66.08,58.57,0.00,-1522.48
2023-05-22 06:30,8085.01,937.72,0.00,0.00,65.96,58.46,0.00,-1522.48
2023-05-22 06:31,8085.01,937.72,0.00,0.00,65.86,58.42,0.00,-1522.48
2023-05-22 06:32,8085.01,937.72,0.00,0.00,65.76,58.36,0.00,-1522.48
2023-05-22 06:33,8085.01,937.72,0.00,0.00,65.70,58.26,0.00,-1522.48
2023-05-22 06:34,8085.01,937.72,0.00,0.00,65.61,58.23,0.00,-1522.48
2023-05-22 06:35,8085.01,937.72,0.00,0.00,65.53,58.18,0.00,-1522.48
2023-05-22 06:36,8085.01,937.72,0.00,0.00,65.46,58.11,0.00,-1522.48
2023-05-22 06:37,8085.01,937.72,0.00,0.00,65.37,58.06,0.00,-1522.48
2023-05-22 06:38,8085.01,937.72,0.00,0.00,65.31,58.04,0.00,-1522.48
2023-05-22 06:39,8085.01,937.72,0.00,0.00,65.28,57.97,0.00,-1522.48
2023-05-22 06:40,8085.01,937.72,0.00,0.00,65.20,57.91,0.00,-1522.48
2023-05-22 06:41,8085.01,937.72,0.00,0.00,65.09,57.91,0.00,-1522.48
2023-05-22 06:42,8085.01,937.72,0.00,0.00,65.00,57.85,0.00,-1522.48
2023-05-22 06:43,8085.01,937.72,0.00,0.00,64.93,57.84,0.00,-1522.48
2023-05-22 06:44,8085.01,937.72,0.00,0.00,64.88,57.84,0.00,-1522.48
2023-05-22 06:45,8085.01,937.72,0.00,0.00,64.81,57.84,0.00,-1522.48
2023-05-22 06:46,8085.01,937.72,0.00,0.00,64.76,57.84,0.00,-1522.48
2023-05-22 06:47,8085.01,937.72,0.00,0.00,64.74,57.85,0.00,-1522.48
2023-05-22 06:48,8085.01,937.72,0.00,0.00,64.68,57.89,0.00,-1522.48
2023-05-22 06:49,8085.01,937.72,0.00,0.00,64.65,57.91,0.00,-1522.48
2023-05-22 06:50,8085.01,937.72,0.00,0.00,64.57,57.96,0.00,-1522.48
2023-05-22 06:51,8085.01,937.72,0.00,0.00,64.52,58.03,0.00,-1522.48
2023-05-22 06:52,8085.01,937.72,0.00,0.00,64.46,58.10,0.00,-1522.48
2023-05-22 06:53,8085.01,937.72,0.00,0.00,64.42,58.13,0.00,-1522.48
2023-05-22 06:54,8085.01,937.72,0.00,0.00,64.40,58.22,0.00,-1522.48
2023-05-22 06:55,8085.01,937.72,0.00,0.00,64.35,58.28,0.00,-1522.48
2023-05-22 06:56,8085.01,937.72,0.00,0.00,64.27,58.38,0.00,-1522.48
2023-05-22 06:57,8085.01,937.72,0.00,0.00,64.21,58.44,0.00,-1522.48
2023-05-22 06:58,8085.01,937.72,0.00,0.00,64.15,58.52,0.00,-1522.48
2023-05-22 06:59,8085.01,937.72,0.00,0.00,64.14,58.59,0.00,-1522.48
2023-05-22 07:00,8085.01,937.72,0.00,0.00,64.08,58.70,0.00,-1522.48
2023-05-22 07:01,8085.01,937.72,0.00,0.00,64.08,58.76,0.00,-1522.48
2023-05-22 07:02,8085.01,937.72,0.00,0.00,64.09,58.85,0.00,-1522.48
2023-05-22 07:03,8085.01,937.72,0.00,0.00,64.08,58.93,0.00,-1522.48
2023-05-22 07:04,8085.01,937.72,0.00,0.00,64.08,59.03,0.00,-1522.48
2023-05-22 07:05,8085.01,937.72,0.00,0.00,64.04,59.12,0.00,-1522.48
2023-05-22 07:06,8085.01,937.72,0.00,0.00,64.03,59.22,0.00,-1522.48
2023-05-22 07:07,8085.01,937.72,0.00,0.00,64.02,59.31,0.00,-1522.48
2023-05-22 07:08,8085.01,937.72,0.00,0.00,64.02,59.39,0.00,-1522.48
2023-05-22 07:09,8085.01,937.72,0.00,0.00,64.02,59.49,0.00,-1522.48
2023-05-22 07:10,8085.01,937.72,0.00,0.00,64.00,59.58,0.00,-1522.48
2023-05-22 07:11,8085.01,937.72,0.00,0.00,63.96,59.73,0.00,-1522.48
2023-05-22 07:12,8085.01,937.72,0.00,0.00,63.95,59.82,0.00,-1522.48
2023-05-22 07:13,8085.01,937.72,0.00,0.00,63.94,59.97,0.00,-1522.48
2023-05-22 07:14,8085.01,937.72,0.00,0.00,63.95,60.08,0.00,-1522.48
2023-05-22 07:15,8085.01,937.72,0.00,0.00,63.93,60.23,0.00,-1522.48
2023-05-22 07:16,8085.01,937.72,0.00,0.00,63.88,60.38,0.00,-1522.48
2023-05-22 07:17,8085.01,937.72,0.00,0.00,63.88,60.52,0.00,-1522.48
2023-05-22 07:18,8085.01,937.72,0.00,0.00,63.88,60.70,0.00,-1522.48
2023-05-22 07:19,8085.01,937.72,0.00,0.00,63.88,60.85,0.00,-1522.48
2023-05-22 07:20,8085.01,937.72,0.00,0.00,63.86,61.02,0.00,-1522.48
2023-05-22 07:21,8085.01,937.72,0.00,0.00,63.88,61.16,0.00,-1522.48
2023-05-22 07:22,8085.01,937.72,0.00,0.00,63.84,61.34,0.00,-1522.48
2023-05-22 07:23,8085.01,937.72,0.00,0.00,63.82,61.49,0.00,-1522.48
2023-05-22 07:24,8085.01,937.72,0.00,0.00,63.82,61.64,0.00,-1522.48
2023-05-22 07:25,8085.01,937.72,0.00,0.00,63.82,61.77,0.00,-1522.48
2023-05-22 07:26,8085.01,937.72,0.00,0.00,63.82,61.93,0.00,-1522.48
2023-05-22 07:27,8085.01,937.72,0.00,0.00,63.82,62.05,0.00,-1522.48
2023-05-22 07:28,8085.01,937.72,0.00,0.00,63.81,62.15,0.00,-1522.48
2023-05-22 07:29,8085.01,937.72,0.00,0.00,63.82,62.26,0.00,-1522.48
2023-05-22 07:30,8085.01,937.72,0.00,0.00,63.82,62.39,0.00,-1522.48
2023-05-22 07:31,8085.01,937.72,0.00,0.00,63.82,62.49,0.00,-1522.48
2023-05-22 07:32,8085.01,937.72,0.00,0.00,63.82,62.59,0.00,-1522.48
2023-05-22 07:33,8085.01,937.72,0.00,0.00,63.82,62.68,0.00,-1522.48
2023-05-22 07:34,8085.01,937.72,0.00,0.00,63.80,62.77,0.00,-1522.48
2023-05-22 07:35,8085.01,937.72,0.00,0.00,63.78,62.85,0.00,-1522.48
2023-05-22 07:36,8085.01,937.72,0.00,0.00,63.80,62.95,0.00,-1522.48
2023-05-22 07:37,8085.01,937.72,0.00,0.00,63.75,63.04,0.00,-1522.48
2023-05-22 07:38,8085.01,937.72,0.00,0.00,63.75,63.13,0.00,-1522.48
2023-05-22 07:39,8085.01,937.72,0.00,0.00,63.74,63.25,0.00,-1522.48
2023-05-22 07:40,8085.01,937.72,0.00,0.00,63.74,63.32,0.00,-1522.48
2023-05-22 07:41,8085.01,937.72,0.00,0.00,63.69,63.43,0.00,-1522.48
2023-05-22 07:42,8085.01,937.72,0.00,0.00,63.69,63.55,0.00,-1522.48
2023-05-22 07:43,8085.01,937.72,0.00,0.00,63.69,63.66,0.00,-1522.48
2023-05-22 07:44,8085.01,937.72,0.00,0.00,63.69,63.75,0.00,-1522.48
2023-05-22 07:45,8085.01,937.72,0.00,0.00,63.66,63.85,0.00,-1522.48
2023-05-22 07:46,8085.01,937.72,0.00,0.00,63.62,64.00,0.00,-1522.48
2023-05-22 07:47,8085.01,937.72,0.00,0.00,63.62,64.14,0.00,-1522.48
2023-05-22 07:48,8085.01,937.72,0.00,0.00,63.62,64.26,0.00,-1522.48
2023-05-22 07:49,8085.01,937.72,0.00,0.00,63.61,64.39,0.00,-1522.48
2023-05-22 07:50,8085.01,937.72,0.00,0.00,63.57,64.52,0.00,-1522.48
2023-05-22 07:51,8085.01,937.72,0.00,0.00,63.55,64.68,0.00,-1522.48
2023-05-22 07:52,8085.01,937.72,0.00,0.00,63.55,64.81,0.00,-1522.48
2023-05-22 07:53,8085.01,937.72,0.00,0.00,63.54,64.98,0.00,-1522.48
2023-05-22 07:54,8085.01,937.72,0.00,0.00,63.55,65.19,0.00,-1522.48
2023-05-22 07:55,8085.01,937.72,0.00,0.00,63.55,65.37,0.00,-1522.48
2023-05-22 07:56,8085.01,937.72,0.00,0.00,63.55,65.57,0.00,-1522.48
2023-05-22 07:57,8085.01,937.72,0.00,0.00,63.55,65.82,0.00,-1522.48
2023-05-22 07:58,8085.01,937.72,0.00,0.00,63.55,66.04,0.00,-1522.48
2023-05-22 07:59,8085.01,937.72,0.00,0.00,63.55,66.26,0.00,-1522.48
2023-05-22 08:00,8085.01,937.72,0.00,0.00,63.57,66.54,0.00,-1522.48
2023-05-22 08:01,8085.01,937.72,0.00,0.00,63.62,66.80,0.00,-1522.48
2023-05-22 08:02,8085.01,937.72,0.00,0.00,63.62,67.06,0.00,-1522.48
2023-05-22 08:03,8085.01,937.72,0.00,0.00,63.62,67.35,0.00,-1522.48
2023-05-22 08:04,8085.01,937.72,0.00,0.00,63.62,67.64,0.00,-1522.48
2023-05-22 08:05,8085.01,937.72,0.00,0.00,63.68,67.92,0.00,-1522.48
2023-05-22 08:06,8085.01,937.72,0.00,0.00,63.68,68.20,0.00,-1522.48
2023-05-22 08:07,8085.01,937.72,0.00,0.00,63.69,68.51,0.00,-1522.48
2023-05-22 08:08,8085.01,937.72,0.00,0.00,63.69,68.79,0.00,-1522.48
2023-05-22 08:09,8085.01,937.72,0.00,0.00,63.69,69.08,0.00,-1522.48
2023-05-22 08:10,8085.01,937.72,0.00,0.00,63.70,69.36,0.00,-1522.48
2023-05-22 08:11,8085.01,937.72,0.00,0.00,63.69,69.67,0.00,-1522.48
2023-05-22 08:12,8085.01,937.72,0.00,0.00,63.69,69.92,0.00,-1522.48
2023-05-22 08:13,8085.01,937.72,0.00,0.00,63.69,70.23,0.00,-1522.48
2023-05-22 08:14,8085.01,937.72,0.00,0.00,63.69,70.49,0.00,-1522.48
2023-05-22 08:15,8085.01,937.72,0.00,0.00,63.68,70.78,0.00,-1522.48
2023-05-22 08:16,8085.01,937.72,0.00,0.00,63.69,71.04,0.00,-1522.48
2023-05-22 08:17,8085.01,937.72,0.00,0.00,63.67,71.28,0.00,-1522.48
2023-05-22 08:18,8085.01,937.72,0.00,0.00,63.68,71.53,0.00,-1522.48
2023-05-22 08:19,8085.01,937.72,0.00,0.00,63.64,71.78,0.00,-1522.48
2023-05-22 08:20,8085.01,937.72,0.00,0.00,63.63,72.01,0.00,-1522.48
2023-05-22 08:21,8085.01,937.72,0.00,0.00,63.62,72.22,0.00,-1522.48
2023-05-22 08:22,8085.01,937.72,0.00,0.00,63.63,72.37,0.00,-1522.48
2023-05-22 08:23,8085.01,937.72,0.00,0.00,63.68,72.55,0.00,-1522.48
2023-05-22 08:24,8085.01,937.72,0.00,0.00,63.69,72.66,0.00,-1522.48
2023-05-22 08:25,8085.01,937.72,0.00,0.00,63.69,72.77,0.00,-1522.48
2023-05-22 08:26,8085.01,937.72,0.00,0.00,63.69,72.85,0.00,-1522.48
2023-05-22 08:27,8085.01,937.72,0.00,0.00,63.69,72.91,0.00,-1522.48
2023-05-22 08:28,8085.01,937.72,0.00,0.00,63.71,72.97,0.00,-1522.48
2023-05-22 08:29,8085.01,937.72,0.00,0.00,63.74,72.98,0.00,-1522.48
2023-05-22 08:30,8085.01,937.72,0.00,0.00,63.75,73.03,0.00,-1522.48
2023-05-22 08:31,8085.01,937.72,0.00,0.00,63.76,73.06,0.00,-1522.48
2023-05-22 08:32,8085.01,937.72,0.00,0.00,63.78,73.10,0.00,-1522.48
2023-05-22 08:33,8085.01,937.72,0.00,0.00,63.82,73.12,0.00,-1522.48
2023-05-22 08:34,8085.01,937.72,0.00,0.00,63.82,73.18,0.00,-1522.48
2023-05-22 08:35,8085.01,937.72,0.00,0.00,63.85,73.23,0.00,-1522.48
2023-05-22 08:36,8085.01,937.72,0.00,0.00,63.85,73.31,0.00,-1522.48
2023-05-22 08:37,8085.01,937.72,0.00,0.00,63.88,73.40,0.00,-1522.48
2023-05-22 08:38,8085.01,937.72,0.00,0.00,63.93,73.44,0.00,-1522.48
2023-05-22 08:39,8085.01,937.72,0.00,0.00,63.95,73.50,0.00,-1522.48
2023-05-22 08:40,8085.01,937.72,0.00,0.00,64.00,73.46,0.00,-1522.48
2023-05-22 08:41,8085.01,937.72,0.00,0.00,64.02,73.56,0.00,-1522.48
2023-05-22 08:42,8085.01,937.72,0.00,0.00,64.08,73.71,0.00,-1522.48
2023-05-22 08:43,8085.01,937.72,0.00,0.00,64.13,73.78,0.00,-1522.48
2023-05-22 08:44,8085.01,937.72,0.00,0.00,64.15,73.84,0.00,-1522.48
2023-05-22 08:45,8085.01,937.72,0.00,0.00,64.21,73.84,0.00,-1522.48
2023-05-22 08:46,8085.01,937.72,0.00,0.00,64.22,73.83,0.00,-1522.48
2023-05-22 08:47,8085.01,938.35,0.00,0.00,64.24,73.84,0.00,-1522.48
2023-05-22 08:48,8085.01,938.98,0.00,0.00,64.29,73.84,0.00,-1522.48
2023-05-22 08:49,8085.01,942.12,0.00,0.00,64.35,73.84,0.00,-1522.48
2023-05-22 08:50,8085.01,942.12,0.00,0.00,64.37,73.84,0.00,-1522.48
2023-05-22 08:51,8085.01,951.24,0.00,0.00,64.42,73.94,0.00,-1522.48
2023-05-22 08:52,8085.01,957.32,0.00,0.00,64.45,73.95,0.00,-1522.48
2023-05-22 08:53,8085.01,957.12,0.00,0.00,64.48,74.02,0.00,-1522.48
2023-05-22 08:54,8085.01,957.08,0.00,0.00,64.54,74.11,0.00,-1522.48
2023-05-22 08:55,8085.01,957.08,0.00,0.00,64.58,74.20,0.00,-1522.48
2023-05-22 08:56,8085.01,957.08,0.00,0.00,64.62,74.31,0.00,-1522.48
2023-05-22 08:57,8085.01,957.08,0.00,0.00,64.65,74.46,0.00,-1522.48
2023-05-22 08:58,8085.01,957.08,0.00,0.00,64.68,74.67,0.00,-1522.48
2023-05-22 08:59,8085.01,957.08,0.00,0.00,64.74,74.89,0.00,-1522.48
2023-05-22 09:00,8085.01,957.08,0.00,0.00,64.75,75.17,0.00,-1522.48
2023-05-22 09:01,8085.01,957.08,0.00,0.00,64.82,75.44,0.00,-1522.48
2023-05-22 09:02,8085.01,957.08,0.00,0.00,64.88,75.70,0.00,-1522.48
2023-05-22 09:03,8085.01,957.08,0.00,0.00,64.88,76.01,0.00,-1522.48
2023-05-22 09:04,8085.01,957.08,0.00,0.00,64.94,76.32,0.00,-1522.48
2023-05-22 09:05,8085.01,957.08,0.00,0.00,64.95,76.60,0.00,-1522.48
2023-05-22 09:06,8085.01,957.08,0.00,0.00,65.00,76.87,0.00,-1522.48
2023-05-22 09:07,8085.01,957.08,0.00,0.00,65.06,77.16,0.00,-1522.48
2023-05-22 09:08,8085.01,957.08,0.00,0.00,65.08,77.45,0.00,-1522.48
2023-05-22 09:09,8085.01,957.08,0.00,0.00,65.09,77.70,0.00,-1522.48
2023-05-22 09:10,8085.01,957.08,0.00,0.00,65.15,77.97,0.00,-1522.48
2023-05-22 09:11,8085.01,957.08,0.00,0.00,65.19,78.22,0.00,-1522.48
2023-05-22 09:12,8085.01,957.08,0.00,0.00,65.21,78.42,0.00,-1522.48
2023-05-22 09:13,8085.01,957.08,0.00,0.00,65.28,78.61,0.00,-1522.48
2023-05-22 09:14,8085.01,957.08,0.00,0.00,65.28,78.74,0.00,-1522.48
2023-05-22 09:15,8085.01,957.08,0.00,0.00,65.35,78.88,0.00,-1522.48
2023-05-22 09:16,8085.01,957.08,0.00,0.00,65.40,78.96,0.00,-1522.48
2023-05-22 09:17,8085.01,957.08,0.00,0.00,65.45,79.07,0.00,-1522.48
2023-05-22 09:18,8085.01,957.08,0.00,0.00,65.48,79.11,0.00,-1522.48
2023-05-22 09:19,8085.01,957.08,0.00,0.00,65.51,79.19,0.00,-1522.48
2023-05-22 09:20,8085.01,957.08,0.00,0.00,65.55,79.28,0.00,-1522.48
2023-05-22 09:21,8085.01,957.08,0.00,0.00,65.61,79.35,0.00,-1522.48
2023-05-22 09:22,8085.01,957.08,0.00,0.00,65.62,79.39,0.00,-1522.48
2023-05-22 09:23,8085.01,957.08,0.00,0.00,65.71,79.42,0.00,-1522.48
2023-05-22 09:24,8085.01,957.08,0.00,0.00,65.74,79.42,0.00,-1522.48
2023-05-22 09:25,8085.01,957.08,0.00,0.00,65.80,79.40,0.00,-1522.48
2023-05-22 09:26,8085.01,957.08,0.00,0.00,65.83,79.35,0.00,-1522.48
2023-05-22 09:27,8085.01,957.08,0.00,0.00,65.91,79.36,0.00,-1522.48
2023-05-22 09:28,8085.01,957.08,0.00,0.00,65.94,79.39,0.00,-1522.48
2023-05-22 09:29,8085.01,957.08,0.00,0.00,65.95,79.37,0.00,-1522.48
2023-05-22 09:30,8085.01,957.08,0.00,0.00,66.03,79.36,0.00,-1522.48
2023-05-22 09:31,8085.01,957.08,0.00,0.00,66.08,79.32,0.00,-1522.48
2023-05-22 09:32,8085.01,957.08,0.00,0.00,66.13,79.29,0.00,-1522.48
2023-05-22 09:33,8085.01,957.08,0.00,0.00,66.14,79.28,0.00,-1522.48
2023-05-22 09:34,8085.01,957.08,0.00,0.00,66.20,79.27,0.00,-1522.48
2023-05-22 09:35,8085.01,957.08,0.00,0.00,66.24,79.27,0.00,-1522.48
2023-05-22 09:36,8085.01,957.08,0.00,0.00,66.27,79.28,0.00,-1522.48
2023-05-22 09:37,8085.01,957.08,0.00,0.00,66.34,79.29,0.00,-1522.48
2023-05-22 09:38,8085.01,957.08,0.00,0.00,66.34,79.31,0.00,-1522.48
2023-05-22 09:39,8085.01,957.08,0.00,0.00,66.40,79.35,0.00,-1522.48
2023-05-22 09:40,8085.01,957.08,0.00,0.00,66.47,79.35,0.00,-1522.48
2023-05-22 09:41,8085.01,957.08,0.00,0.00,66.49,79.36,0.00,-1522.48
2023-05-22 09:42,8085.01,957.08,0.00,0.00,66.55,79.36,0.00,-1522.48
2023-05-22 09:43,8085.01,957.08,0.00,0.00,66.61,79.35,0.00,-1522.48
2023-05-22 09:44,8085.01,957.08,0.00,0.00,66.67,79.42,0.00,-1522.48
2023-05-22 09:45,8085.01,957.08,0.00,0.00,66.68,79.42,0.00,-1522.48
2023-05-22 09:46,8085.01,957.08,0.00,0.00,66.73,79.44,0.00,-1522.48
2023-05-22 09:47,8085.01,957.08,0.00,0.00,66.81,79.48,0.00,-1522.48
2023-05-22 09:48,8085.01,957.08,0.00,0.00,66.84,79.48,0.00,-1522.48
2023-05-22 09:49,8085.01,957.08,0.00,0.00,66.87,79.48,0.00,-1522.48
2023-05-22 09:50,8085.01,957.08,0.00,0.00,66.92,79.43,0.00,-1522.48
2023-05-22 09:51,8085.01,957.08,0.00,0.00,66.98,79.42,0.00,-1522.48
2023-05-22 09:52,8085.01,957.08,0.00,0.00,67.01,79.39,0.00,-1522.48
2023-05-22 09:53,8085.01,957.08,0.00,0.00,67.09,79.35,0.00,-1522.48
2023-05-22 09:54,8085.01,957.08,0.00,0.00,67.14,79.35,0.00,-1522.48
2023-05-22 09:55,8085.01,957.08,0.00,0.00,67.20,79.37,0.00,-1522.48
2023-05-22 09:56,8085.01,957.08,0.00,0.00,67.22,79.42,0.00,-1522.48
2023-05-22 09:57,8085.01,957.08,0.00,0.00,67.28,79.43,0.00,-1522.48
2023-05-22 09:58,8085.01,957.08,0.00,0.00,67.35,79.47,0.00,-1522.48
2023-05-22 09:59,8085.01,957.08,0.00,0.00,67.40,79.48,0.00,-1522.48
2023-05-22 10:00,8085.01,957.08,0.00,0.00,67.46,79.53,0.00,-1522.48
2023-05-22 10:01,8085.01,957.08,0.00,0.00,67.54,79.55,0.00,-1522.48
2023-05-22 10:02,8085.01,957.08,0.00,0.00,67.60,79.55,0.00,-1522.48
2023-05-22 10:03,8085.01,957.08,0.00,0.00,67.67,79.52,0.00,-1522.48
2023-05-22 10:04,8085.01,957.08,0.00,0.00,67.72,79.48,0.00,-1522.48
2023-05-22 10:05,8085.01,957.08,0.00,0.00,67.78,79.48,0.00,-1522.48
2023-05-22 10:06,8085.01,957.08,0.00,0.00,67.82,79.48,0.00,-1522.48
2023-05-22 10:07,8085.01,957.08,0.00,0.00,67.88,79.49,0.00,-1522.48
2023-05-22 10:08,8085.01,957.08,0.00,0.00,67.95,79.50,0.00,-1522.48
2023-05-22 10:09,8085.01,957.08,0.00,0.00,68.01,79.57,0.00,-1522.48
2023-05-22 10:10,8085.01,957.08,0.00,0.00,68.07,79.62,0.00,-1522.48
2023-05-22 10:11,8085.01,957.08,0.00,0.00,68.13,79.65,0.00,-1522.48
2023-05-22 10:12,8085.01,957.08,0.00,0.00,68.20,79.69,0.00,-1522.48
2023-05-22 10:13,8085.01,957.08,0.00,0.00,68.26,79.75,0.00,-1522.48
2023-05-22 10:14,8085.01,957.08,0.00,0.00,68.31,79.75,0.00,-1522.48
2023-05-22 10:15,8085.01,957.08,0.00,0.00,68.36,79.81,0.00,-1522.48
2023-05-22 10:16,8085.01,957.08,0.00,0.00,68.45,79.82,0.00,-1522.48
2023-05-22 10:17,8085.01,957.08,0.00,0.00,68.53,79.82,0.00,-1522.48
2023-05-22 10:18,8085.01,957.08,0.00,0.00,68.58,79.85,0.00,-1522.48
2023-05-22 10:19,8085.01,957.08,0.00,0.00,68.64,79.87,0.00,-1522.48
2023-05-22 10:20,8085.01,957.08,0.00,0.00,68.73,79.88,0.00,-1522.48
2023-05-22 10:21,8085.01,957.08,0.00,0.00,68.74,79.88,0.00,-1522.48
2023-05-22 10:22,8085.01,957.08,0.00,0.00,68.80,79.88,0.00,-1522.48
2023-05-22 10:23,8085.01,957.08,0.00,0.00,68.86,79.94,0.00,-1522.48
2023-05-22 10:24,8085.01,957.08,0.00,0.00,68.95,79.96,0.00,-1522.48
2023-05-22 10:25,8085.01,957.08,0.00,0.00,69.00,80.01,0.00,-1522.48
2023-05-22 10:26,8085.01,957.08,0.00,0.00,69.06,80.02,0.00,-1522.48
2023-05-22 10:27,8085.01,957.08,0.00,0.00,69.13,80.02,0.00,-1522.48
2023-05-22 10:28,8085.01,957.08,0.00,0.00,69.19,80.06,0.00,-1522.48
2023-05-22 10:29,8085.01,957.28,0.00,0.00,69.24,80.15,0.00,-1522.48
2023-05-22 10:30,8085.01,957.68,0.00,0.00,69.28,80.18,0.00,-1522.48
2023-05-22 10:31,8085.01,957.68,0.00,0.00,69.34,80.34,0.00,-1522.48
2023-05-22 10:32,8085.01,958.40,0.00,0.00,69.42,80.46,0.00,-1522.48
2023-05-22 10:33,8085.01,959.67,0.00,0.00,69.48,80.59,0.00,-1522.48
2023-05-22 10:34,8085.01,965.50,0.00,0.00,69.54,80.73,0.00,-1522.48
2023-05-22 10:35,8085.01,968.42,0.00,0.00,69.59,80.88,0.00,-1522.48
2023-05-22 10:36,8085.01,968.42,0.00,0.00,69.66,81.05,0.00,-1522.48
2023-05-22 10:37,8085.01,968.42,0.00,0.00,69.68,81.24,0.00,-1522.48
2023-05-22 10:38,8085.01,968.42,0.00,0.00,69.78,81.41,0.00,-1522.48
2023-05-22 10:39,8085.01,968.42,0.00,0.00,69.81,81.60,0.00,-1522.48
2023-05-22 10:40,8085.01,968.42,0.00,0.00,69.86,81.82,0.00,-1522.48
2023-05-22 10:41,8085.01,968.42,0.00,0.00,69.95,82.01,0.00,-1522.48
2023-05-22 10:42,8085.01,968.42,0.00,0.00,69.99,82.23,0.00,-1522.48
2023-05-22 10:43,8085.01,968.42,0.00,0.00,70.07,82.42,0.00,-1522.48
2023-05-22 10:44,8085.01,968.42,0.00,0.00,70.12,82.55,0.00,-1522.48
2023-05-22 10:45,8085.01,968.42,0.00,0.00,70.20,82.72,0.00,-1522.48
2023-05-22 10:46,8085.01,968.42,0.00,0.00,70.25,82.83,0.00,-1522.48
2023-05-22 10:47,8085.01,968.42,0.00,0.00,70.32,82.95,0.00,-1522.48
2023-05-22 10:48,8085.01,968.42,0.00,0.00,70.37,83.00,0.00,-1522.48
2023-05-22 10:49,8085.01,968.42,0.00,0.00,70.46,83.07,0.00,-1522.48
2023-05-22 10:50,8085.01,967.34,0.00,0.00,70.50,83.16,0.00,-1522.48
2023-05-22 10:51,8085.01,967.34,0.00,0.00,70.58,83.26,0.00,-1522.48
2023-05-22 10:52,8085.01,967.34,0.00,0.00,70.65,83.40,0.00,-1522.48
2023-05-22 10:53,8085.01,967.34,0.00,0.00,70.70,83.54,0.00,-1522.48
2023-05-22 10:54,8085.01,967.34,0.00,0.00,70.76,83.67,0.00,-1522.48
2023-05-22 10:55,8085.01,966.54,0.00,0.00,70.81,83.86,0.00,-1522.48
2023-05-22 10:56,8085.01,966.38,0.00,0.00,70.89,84.04,0.00,-1522.48
2023-05-22 10:57,8085.01,966.38,0.00,0.00,70.97,84.19,0.00,-1522.48
2023-05-22 10:58,8085.01,966.38,0.00,0.00,71.01,84.32,0.00,-1522.48
2023-05-22 10:59,8085.01,966.38,0.00,0.00,71.10,84.43,0.00,-1522.48
2023-05-22 11:00,8085.01,966.38,0.00,0.00,71.16,84.59,0.00,-1522.48
2023-05-22 11:01,8085.01,966.38,0.00,0.00,71.21,84.72,0.00,-1522.48
2023-05-22 11:02,8085.01,966.38,0.00,0.00,71.26,84.88,0.00,-1522.48
2023-05-22 11:03,8085.01,966.38,0.00,0.00,71.34,85.01,0.00,-1522.48
2023-05-22 11:04,8085.01,966.38,0.00,0.00,71.42,85.16,0.00,-1522.48
2023-05-22 11:05,8085.01,966.38,0.00,0.00,71.50,85.31,0.00,-1522.48
2023-05-22 11:06,8085.01,966.38,0.00,0.00,71.53,85.49,0.00,-1522.48
2023-05-22 11:07,8085.01,966.38,0.00,0.00,71.60,85.67,0.00,-1522.48
2023-05-22 11:08,8085.01,966.38,0.00,0.00,71.66,85.80,0.00,-1522.48
2023-05-22 11:09,8085.01,966.38,0.00,0.00,71.72,85.98,0.00,-1522.48
2023-05-22 11:10,8085.01,966.38,0.00,0.00,71.77,86.14,0.00,-1522.48
2023-05-22 11:11,8085.01,966.38,0.00,0.00,71.80,86.30,0.00,-1522.48
2023-05-22 11:12,8085.01,966.38,0.00,0.00,71.90,86.42,0.00,-1522.48
2023-05-22 11:13,8085.01,966.38,0.00,0.00,71.97,86.56,0.00,-1522.48
2023-05-22 11:14,8085.01,966.38,0.00,0.00,72.03,86.63,0.00,-1522.48
2023-05-22 11:15,8085.01,966.38,0.00,0.00,72.08,86.75,0.00,-1522.48
2023-05-22 11:16,8085.01,966.38,0.00,0.00,72.12,86.86,0.00,-1522.48
2023-05-22 11:17,8085.01,966.38,0.00,0.00,72.17,87.01,0.00,-1522.48
2023-05-22 11:18,8085.01,966.38,0.00,0.00,72.25,87.17,0.00,-1522.48
2023-05-22 11:19,8085.01,966.38,0.00,0.00,72.32,87.33,0.00,-1522.48
2023-05-22 11:20,8085.01,966.38,0.00,0.00,72.37,87.52,0.00,-1522.48
2023-05-22 11:21,8085.01,966.38,0.00,0.00,72.45,87.66,0.00,-1522.48
2023-05-22 11:22,8085.01,966.38,0.00,0.00,72.50,87.83,0.00,-1522.48
2023-05-22 11:23,8085.01,966.38,0.00,0.00,72.57,87.92,0.00,-1522.48
2023-05-22 11:24,8085.01,966.38,0.00,0.00,72.63,88.04,0.00,-1522.48
2023-05-22 11:25,8085.01,966.38,0.00,0.00,72.65,88.16,0.00,-1522.48
2023-05-22 11:26,8085.01,966.38,0.00,0.00,72.72,88.26,0.00,-1522.48
2023-05-22 11:27,8085.01,966.38,0.00,0.00,72.80,88.44,0.00,-1522.48
2023-05-22 11:28,8085.01,966.38,0.00,0.00,72.88,88.59,0.00,-1522.48
2023-05-22 11:29,8085.01,966.38,0.00,0.00,72.93,88.73,0.00,-1522.48
2023-05-22 11:30,8085.01,966.38,0.00,0.00,72.99,88.91,0.00,-1522.48
2023-05-22 11:31,8085.01,966.38,0.00,0.00,73.07,89.04,0.00,-1522.48
2023-05-22 11:32,8085.01,966.38,0.00,0.00,73.11,89.17,0.00,-1522.48
2023-05-22 11:33,8085.01,966.38,0.00,0.00,73.17,89.25,0.00,-1522.48
2023-05-22 11:34,8085.01,966.38,0.00,0.00,73.22,89.38,0.00,-1522.48
2023-05-22 11:35,8085.01,966.38,0.00,0.00,73.31,89.51,0.00,-1522.48
2023-05-22 11:36,8085.01,966.38,0.00,0.00,73.38,89.58,0.00,-1522.48
2023-05-22 11:37,8085.01,966.38,0.00,0.00,73.45,89.65,0.00,-1522.48
2023-05-22 11:38,8085.01,966.38,0.00,0.00,73.50,89.71,0.00,-1522.48
2023-05-22 11:39,8085.01,966.38,0.00,0.00,73.55,89.81,0.00,-1522.48
2023-05-22 11:40,8085.01,966.38,0.00,0.00,73.59,89.88,0.00,-1522.48
2023-05-22 11:41,8085.01,966.38,0.00,0.00,73.64,90.04,0.00,-1522.48
2023-05-22 11:42,8085.01,966.38,0.00,0.00,73.72,90.16,0.00,-1522.48
2023-05-22 11:43,8085.01,966.38,0.00,0.00,73.80,90.34,0.00,-1522.48
2023-05-22 11:44,8085.01,966.38,0.00,0.00,73.84,90.50,0.00,-1522.48
2023-05-22 11:45,8085.01,966.38,0.00,0.00,73.94,90.69,0.00,-1522.48
2023-05-22 11:46,8085.01,966.38,0.00,0.00,73.97,90.88,0.00,-1522.48
2023-05-22 11:47,8085.01,966.38,0.00,0.00,74.04,91.08,0.00,-1522.48
2023-05-22 11:48,8085.01,966.38,0.00,0.00,74.12,91.27,0.00,-1522.48
2023-05-22 11:49,8085.01,966.38,0.00,0.00,74.17,91.43,0.00,-1522.48
2023-05-22 11:50,8085.01,966.38,0.00,0.00,74.20,91.59,0.00,-1522.48
2023-05-22 11:51,8085.01,966.38,0.00,0.00,74.26,91.74,0.00,-1522.48
2023-05-22 11:52,8085.01,966.38,0.00,0.00,74.35,91.93,0.00,-1522.48
2023-05-22 11:53,8085.01,966.38,0.00,0.00,74.42,92.08,0.00,-1522.48
2023-05-22 11:54,8085.01,966.38,0.00,0.00,74.50,92.22,0.00,-1522.48
2023-05-22 11:55,8085.01,966.38,0.00,0.00,74.53,92.35,0.00,-1522.48
2023-05-22 11:56,8085.01,966.38,0.00,0.00,74.59,92.45,0.00,-1522.48
2023-05-22 11:57,8085.01,966.38,0.00,0.00,74.66,92.56,0.00,-1522.48
2023-05-22 11:58,8085.01,966.38,0.00,0.00,74.73,92.61,0.00,-1522.48
2023-05-22 11:59,8085.01,966.38,0.00,0.00,74.77,92.67,0.00,-1522.48
2023-05-22 12:00,8085.01,966.38,0.00,0.00,74.85,92.76,0.00,-1522.48
2023-05-22 12:01,8085.01,966.38,0.00,0.00,74.91,92.85,0.00,-1522.48
2023-05-22 12:02,8085.01,966.38,0.00,0.00,75.02,92.97,0.00,-1522.48
2023-05-22 12:03,8085.01,966.38,0.00,0.00,75.05,93.11,0.00,-1522.48
2023-05-22 12:04,8085.01,966.38,0.00,0.00,75.10,93.27,0.00,-1522.48
2023-05-22 12:05,8085.01,966.38,0.00,0.00,75.18,93.40,0.00,-1522.48
2023-05-22 12:06,8085.01,966.38,0.00,0.00,75.27,93.54,0.00,-1522.48
2023-05-22 12:07,8085.01,966.38,0.00,0.00,75.35,93.62,0.00,-1522.48
2023-05-22 12:08,8085.01,966.38,0.00,0.00,75.41,93.69,0.00,-1522.48
2023-05-22 12:09,8085.01,966.38,0.00,0.00,75.47,93.69,0.00,-1522.48
2023-05-22 12:10,8085.01,966.38,0.00,0.00,75.58,93.69,0.00,-1522.48
2023-05-22 12:11,8085.01,966.38,0.00,0.00,75.63,93.73,0.00,-1522.48
2023-05-22 12:12,8085.01,966.38,0.00,0.00,75.70,93.80,0.00,-1522.48
2023-05-22 12:13,8085.01,966.38,0.00,0.00,75.77,93.92,0.00,-1522.48
2023-05-22 12:14,8085.01,966.38,0.00,0.00,75.82,94.03,0.00,-1522.48
2023-05-22 12:15,8085.01,966.38,0.00,0.00,75.91,94.17,0.00,-1522.48
2023-05-22 12:16,8085.01,966.38,0.00,0.00,75.98,94.32,0.00,-1522.48
2023-05-22 12:17,8085.01,966.38,0.00,0.00,76.05,94.43,0.00,-1522.48
2023-05-22 12:18,8085.01,966.38,0.00,0.00,76.12,94.54,0.00,-1522.48
2023-05-22 12:19,8085.01,966.38,0.00,0.00,76.19,94.67,0.00,-1522.48
2023-05-22 12:20,8085.01,966.38,0.00,0.00,76.29,94.76,0.00,-1522.48
2023-05-22 12:21,8085.01,966.38,0.00,0.00,76.38,94.93,0.00,-1522.48
2023-05-22 12:22,8085.01,966.38,0.00,0.00,76.47,95.07,0.00,-1522.48
2023-05-22 12:23,8085.01,966.38,0.00,0.00,76.55,95.25,0.00,-1522.48
2023-05-22 12:24,8085.01,966.38,0.00,0.00,76.63,95.48,0.00,-1522.48
2023-05-22 12:25,8085.01,966.38,0.00,0.00,76.73,95.66,0.00,-1522.48
2023-05-22 12:26,8085.01,966.38,0.00,0.00,76.82,95.85,0.00,-1522.48
2023-05-22 12:27,8085.01,966.38,0.00,0.00,76.93,95.98,0.00,-1522.48
2023-05-22 12:28,8085.01,966.38,0.00,0.00,77.00,96.10,0.00,-1522.48
2023-05-22 12:29,8085.01,966.38,0.00,0.00,77.10,96.19,0.00,-1522.48
2023-05-22 12:30,8085.01,966.38,0.00,0.00,77.17,96.30,0.00,-1522.48
2023-05-22 12:31,8085.01,966.38,0.00,0.00,77.30,96.44,0.00,-1522.48
2023-05-22 12:32,8085.01,966.38,0.00,0.00,77.42,96.60,0.00,-1522.48
2023-05-22 12:33,8085.01,966.38,0.00,0.00,77.52,96.78,0.00,-1522.48
2023-05-22 12:34,8085.01,966.38,0.00,0.00,77.62,96.96,0.00,-1522.48
2023-05-22 12:35,8085.01,966.38,0.00,0.00,77.76,97.15,0.00,-1522.48
2023-05-22 12:36,8085.01,966.38,0.00,0.00,77.88,97.32,0.00,-1522.48
2023-05-22 12:37,8085.01,966.38,0.00,0.00,78.00,97.48,0.00,-1522.48
2023-05-22 12:38,8085.01,966.38,0.00,0.00,78.11,97.69,0.00,-1522.48
2023-05-22 12:39,8085.01,966.38,0.00,0.00,78.22,97.83,0.00,-1522.48
2023-05-22 12:40,8085.01,966.38,0.00,0.00,78.38,98.00,0.00,-1522.48
2023-05-22 12:41,8085.01,966.38,0.00,0.00,78.50,98.15,0.00,-1522.48
2023-05-22 12:42,8085.01,966.38,0.00,0.00,78.61,98.33,0.00,-1522.48
2023-05-22 12:43,8085.01,966.38,0.00,0.00,78.72,98.46,0.00,-1522.48
2023-05-22 12:44,8085.01,966.38,0.00,0.00,78.87,98.63,0.00,-1522.48
2023-05-22 12:45,8085.01,966.38,0.00,0.00,78.98,98.81,0.00,-1522.48
2023-05-22 12:46,8085.01,966.38,0.00,0.00,79.12,98.97,0.00,-1522.48
2023-05-22 12:47,8085.01,966.38,0.00,0.00,79.23,99.14,0.00,-1522.48
2023-05-22 12:48,8085.01,966.38,0.00,0.00,79.38,99.31,0.00,-1522.48
2023-05-22 12:49,8085.01,966.38,0.00,0.00,79.54,99.49,0.00,-1522.48
2023-05-22 12:50,8085.01,966.38,0.00,0.00,79.68,99.65,0.00,-1522.48
2023-05-22 12:51,8085.01,966.38,0.00,0.00,79.82,99.83,0.00,-1522.48
2023-05-22 12:52,8085.01,966.38,0.00,0.00,79.98,99.99,0.00,-1522.48
2023-05-22 12:53,8085.01,966.38,0.00,0.00,80.13,100.11,0.00,-1522.48
2023-05-22 12:54,8085.01,966.38,0.00,0.00,80.29,100.21,0.00,-1522.48
2023-05-22 12:55,8085.01,966.38,0.00,0.00,80.44,100.31,0.00,-1522.48
2023-05-22 12:56,8085.01,966.38,0.00,0.00,80.64,100.36,0.00,-1522.48
2023-05-22 12:57,8085.01,966.38,0.00,0.00,80.81,100.46,0.00,-1522.48
2023-05-22 12:58,8085.01,966.38,0.00,0.00,80.94,100.51,0.00,-1522.48
2023-05-22 12:59,8085.01,966.38,0.00,0.00,81.15,100.54,0.00,-1522.48
2023-05-22 13:00,8085.01,966.38,0.00,0.00,81.33,100.59,0.00,-1522.48
2023-05-22 13:01,8085.01,966.38,0.00,0.00,81.52,100.65,0.00,-1522.48
2023-05-22 13:02,8085.01,966.38,0.00,0.00,81.73,100.66,0.00,-1522.48
2023-05-22 13:03,8085.01,966.38,0.00,0.00,81.94,100.66,0.00,-1522.48
2023-05-22 13:04,8085.01,966.38,0.00,0.00,82.17,100.67,0.00,-1522.48
2023-05-22 13:05,8085.01,966.38,0.00,0.00,82.42,100.71,0.00,-1522.48
2023-05-22 13:06,8085.01,966.38,0.00,0.00,82.67,100.73,0.00,-1522.48
2023-05-22 13:07,8085.01,966.38,0.00,0.00,82.92,100.76,0.00,-1522.48
2023-05-22 13:08,8085.01,966.38,0.00,0.00,83.17,100.79,0.00,-1522.48
2023-05-22 13:09,8085.01,966.38,0.00,0.00,83.45,100.79,0.00,-1522.48
2023-05-22 13:10,8085.01,966.38,0.00,0.00,83.76,100.84,0.00,-1522.48
2023-05-22 13:11,8085.01,966.38,0.00,0.00,84.05,100.84,0.00,-1522.48
2023-05-22 13:12,8085.01,966.38,0.00,0.00,84.39,100.78,0.00,-1522.48
2023-05-22 13:13,8085.01,966.38,0.00,0.00,84.74,100.68,0.00,-1522.48
2023-05-22 13:14,8085.01,966.38,0.00,0.00,85.07,100.55,0.00,-1522.48
2023-05-22 13:15,8085.01,966.38,0.00,0.00,85.44,100.38,0.00,-1522.48
2023-05-22 13:16,8085.01,966.38,0.00,0.00,85.79,100.20,0.00,-1522.48
2023-05-22 13:17,8085.01,966.38,0.00,0.00,86.14,100.03,0.00,-1522.48
2023-05-22 13:18,8085.01,966.38,0.00,0.00,86.46,99.87,0.00,-1522.48
2023-05-22 13:19,8085.01,966.38,0.00,0.00,86.80,99.69,0.00,-1522.48
2023-05-22 13:20,8085.01,966.38,0.00,0.00,87.10,99.60,0.00,-1522.48
2023-05-22 13:21,8085.01,966.38,0.00,0.00,87.42,99.49,0.00,-1522.48
2023-05-22 13:22,8085.01,966.38,0.00,0.00,87.71,99.39,0.00,-1522.48
2023-05-22 13:23,8085.01,966.38,0.00,0.00,87.97,99.30,0.00,-1522.48
2023-05-22 13:24,8085.01,966.38,0.00,0.00,88.26,99.26,0.00,-1522.48
2023-05-22 13:25,8085.01,966.38,0.00,0.00,88.49,99.19,0.00,-1522.48
2023-05-22 13:26,8085.01,966.38,0.00,0.00,88.78,99.13,0.00,-1522.48
2023-05-22 13:27,8085.01,966.38,0.00,0.00,89.06,99.08,0.00,-1522.48
2023-05-22 13:28,8085.01,966.38,0.00,0.00,89.38,98.91,0.00,-1522.48
2023-05-22 13:29,8085.01,966.38,0.00,0.00,89.73,98.70,0.00,-1522.48
2023-05-22 13:30,8085.01,966.38,0.00,0.00,90.07,98.52,0.00,-1522.48
2023-05-22 13:31,8085.01,966.38,0.00,0.00,90.47,98.27,0.00,-1522.48
2023-05-22 13:32,8085.01,966.38,0.00,0.00,90.87,98.03,0.00,-1522.48
2023-05-22 13:33,8085.01,966.38,0.00,0.00,91.27,97.77,0.00,-1522.48
2023-05-22 13:34,8085.01,966.38,0.00,0.00,91.67,97.50,0.00,-1522.48
2023-05-22 13:35,8085.01,966.38,0.00,0.00,92.04,97.20,0.00,-1522.48
2023-05-22 13:36,8085.01,966.38,0.00,0.00,92.41,96.90,0.00,-1522.48
2023-05-22 13:37,8085.01,966.38,0.00,0.00,92.74,96.58,0.00,-1522.48
2023-05-22 13:38,8085.01,966.38,0.00,0.00,93.04,96.27,0.00,-1522.48
2023-05-22 13:39,8085.01,966.38,0.00,0.00,93.36,95.96,0.00,-1522.48
2023-05-22 13:40,8085.01,966.38,0.00,0.00,93.60,95.64,0.00,-1522.48
2023-05-22 13:41,8085.01,966.38,0.00,0.00,93.87,95.42,0.00,-1522.48
2023-05-22 13:42,8085.01,966.38,0.00,0.00,94.12,95.23,0.00,-1522.48
2023-05-22 13:43,8085.01,966.38,0.00,0.00,94.35,95.07,0.00,-1522.48
2023-05-22 13:44,8085.01,966.38,0.00,0.00,94.56,94.93,0.00,-1522.48
2023-05-22 13:45,8085.01,966.38,0.00,0.00,94.77,94.85,0.00,-1522.48
2023-05-22 13:46,8085.01,966.38,0.00,0.00,94.94,94.79,0.00,-1522.48
2023-05-22 13:47,8085.01,966.38,0.00,0.00,95.00,94.73,0.00,-1522.48
2023-05-22 13:48,8085.01,966.38,0.00,0.00,94.87,94.69,0.00,-1522.48
2023-05-22 13:49,8085.01,966.38,0.00,0.00,94.75,94.63,0.00,-1522.48
2023-05-22 13:50,8085.01,966.38,0.00,0.00,94.63,94.55,0.00,-1522.48
2023-05-22 13:51,8085.01,966.38,0.00,0.00,94.37,94.52,0.00,-1522.48
2023-05-22 13:52,8085.01,966.38,0.00,0.00,94.00,94.49,0.00,-1522.48
2023-05-22 13:53,8085.01,966.38,0.00,0.00,93.60,94.40,0.00,-1522.48
2023-05-22 13:54,8085.01,966.38,0.00,0.00,93.20,94.31,0.00,-1522.48
2023-05-22 13:55,8085.01,966.38,0.00,0.00,92.79,94.19,0.00,-1522.48
2023-05-22 13:56,8085.01,966.38,0.00,0.00,92.45,94.04,0.00,-1522.48
2023-05-22 13:57,8085.01,966.38,0.00,0.00,92.17,93.82,0.00,-1522.48
2023-05-22 13:58,8085.01,966.38,0.00,0.00,91.91,93.59,0.00,-1522.48
2023-05-22 13:59,8085.01,966.38,0.00,0.00,91.63,93.32,0.00,-1522.48
2023-05-22 14:00,8085.01,966.38,0.00,0.00,91.37,93.04,0.00,-1522.48
2023-05-22 14:01,8085.01,966.38,0.00,0.00,91.09,92.72,0.00,-1522.48
2023-05-22 14:02,8085.01,966.38,0.00,0.00,90.81,92.39,0.00,-1522.48
2023-05-22 14:03,8085.01,966.38,0.00,0.00,90.57,92.06,0.00,-1522.48
2023-05-22 14:04,8085.01,966.38,0.00,0.00,90.34,91.71,0.00,-1522.48
2023-05-22 14:05,8085.01,966.38,0.00,0.00,90.07,91.41,0.00,-1522.48
2023-05-22 14:06,8085.01,966.38,0.00,0.00,89.85,91.12,0.00,-1522.48
2023-05-22 14:07,8085.01,966.38,0.00,0.00,89.61,90.86,0.00,-1522.48
2023-05-22 14:08,8085.01,966.38,0.00,0.00,89.37,90.59,0.00,-1522.48
2023-05-22 14:09,8085.01,966.38,0.00,0.00,89.12,90.36,0.00,-1522.48
2023-05-22 14:10,8085.01,966.38,0.00,0.00,88.89,90.15,0.00,-1522.48
2023-05-22 14:11,8085.01,966.38,0.00,0.00,88.65,89.89,0.00,-1522.48
2023-05-22 14:12,8085.01,966.38,0.00,0.00,88.46,89.66,0.00,-1522.48
2023-05-22 14:13,8085.01,966.38,0.00,0.00,88.26,89.43,0.00,-1522.48
2023-05-22 14:14,8085.01,966.38,0.00,0.00,88.06,89.23,0.00,-1522.48
2023-05-22 14:15,8085.01,966.38,0.00,0.00,87.85,89.03,0.00,-1522.48
2023-05-22 14:16,8085.01,966.38,0.00,0.00,87.64,88.84,0.00,-1522.48
2023-05-22 14:17,8085.01,966.38,0.00,12.60,87.42,88.69,0.00,-1522.48
2023-05-22 14:18,8085.01,966.38,0.00,232.55,87.16,88.50,0.00,-1522.48
2023-05-22 14:19,8085.01,966.38,0.00,297.06,86.81,88.33,0.00,-1522.48
2023-05-22 14:20,8085.01,966.38,0.00,316.63,86.43,88.18,0.00,-1522.48
2023-05-22 14:21,8085.01,966.38,0.00,365.34,85.86,87.98,0.00,-1522.48
2023-05-22 14:22,8085.01,966.38,0.00,162.71,85.34,87.80,0.00,-1522.48
2023-05-22 14:23,8085.01,966.38,0.00,117.19,84.72,87.60,0.00,-1522.48
2023-05-22 14:24,8085.01,966.38,0.00,302.64,80.49,87.38,0.00,-1522.48
2023-05-22 14:25,8085.01,966.38,0.00,190.55,70.08,87.19,0.00,-1522.48
2023-05-22 14:26,8085.01,966.38,7.60,140.65,69.47,86.98,0.00,-1514.88
2023-05-22 14:27,8085.01,966.38,264.84,358.06,69.42,86.79,0.00,-1257.64
2023-05-22 14:28,8085.01,966.38,386.20,355.51,69.78,86.49,0.00,-1136.28
2023-05-22 14:29,8085.01,966.38,368.64,358.20,69.80,85.91,0.00,-1153.84
2023-05-22 14:30,8085.01,966.38,371.83,359.89,69.65,85.11,0.00,-1150.65
2023-05-22 14:31,8085.01,966.38,357.51,362.30,69.59,84.36,0.00,-1164.97
2023-05-22 14:32,8085.01,966.38,315.43,318.48,69.66,83.72,0.00,-1207.05
2023-05-22 14:33,8085.01,966.38,11.59,16.11,69.66,83.17,0.00,-1510.90
2023-05-22 14:34,8085.01,966.38,0.00,0.00,69.65,82.86,0.00,-1522.48
2023-05-22 14:35,8085.01,966.38,0.00,0.00,69.59,82.66,0.00,-1522.48
2023-05-22 14:36,8085.01,966.38,0.00,0.00,69.59,82.47,0.00,-1522.48
2023-05-22 14:37,8085.01,966.38,0.00,0.00,69.56,82.33,0.00,-1522.48
2023-05-22 14:38,8085.01,966.38,0.00,0.00,69.55,82.14,0.00,-1522.48
2023-05-22 14:39,8085.01,966.38,0.00,0.00,69.49,81.95,0.00,-1522.48
2023-05-22 14:40,8085.01,966.38,0.00,0.00,69.46,81.78,0.00,-1522.48
2023-05-22 14:41,8085.01,966.38,0.00,0.00,69.52,81.61,0.00,-1522.48
2023-05-22 14:42,8085.01,966.38,0.00,0.00,69.52,81.40,0.00,-1522.48
2023-05-22 14:43,8085.01,966.38,0.00,0.00,69.53,81.29,0.00,-1522.48
2023-05-22 14:44,8085.01,966.38,0.00,0.00,69.53,81.08,0.00,-1522.48
2023-05-22 14:45,8085.01,966.38,0.00,0.00,69.61,80.92,0.00,-1522.48
2023-05-22 14:46,8085.01,966.38,0.00,0.00,69.61,80.77,0.00,-1522.48
2023-05-22 14:47,8085.01,966.38,0.00,0.00,69.56,80.61,0.00,-1522.48
2023-05-22 14:48,8085.01,966.38,0.00,0.00,69.66,80.45,0.00,-1522.48
2023-05-22 14:49,8085.01,966.38,0.00,0.00,69.72,80.29,0.00,-1522.48
2023-05-22 14:50,8085.01,966.38,0.00,0.00,69.49,80.15,0.00,-1522.48
2023-05-22 14:51,8085.01,966.38,0.00,0.00,69.57,80.03,0.00,-1522.48
2023-05-22 14:52,8085.01,966.38,0.00,0.00,69.53,79.93,0.00,-1522.48
2023-05-22 14:53,8085.01,966.38,0.00,0.00,69.55,79.78,0.00,-1522.48
2023-05-22 14:54,8085.01,966.38,0.00,0.00,69.51,79.67,0.00,-1522.48
2023-05-22 14:55,8085.01,966.38,0.00,0.00,69.65,79.56,0.00,-1522.48
2023-05-22 14:56,8085.01,966.38,0.00,0.00,69.64,79.46,0.00,-1522.48
2023-05-22 14:57,8085.01,966.38,0.00,0.00,69.47,79.37,0.00,-1522.48
2023-05-22 14:58,8085.01,966.38,0.00,0.00,69.47,79.30,0.00,-1522.48
2023-05-22 14:59,8085.01,966.38,0.00,0.00,69.44,79.23,0.00,-1522.48
2023-05-22 15:00,8085.01,966.38,0.00,0.00,69.42,79.15,0.00,-1522.48
2023-05-22 15:01,8085.01,966.38,0.00,0.00,69.44,79.09,0.00,-1522.48
2023-05-22 15:02,8085.01,966.38,0.00,0.00,69.48,79.07,0.00,-1522.48
2023-05-22 15:03,8085.01,966.38,0.00,0.00,69.39,78.97,0.00,-1522.48
2023-05-22 15:04,8085.01,966.38,0.00,0.00,69.41,78.95,0.00,-1522.48
2023-05-22 15:05,8085.01,966.38,0.00,0.00,69.36,78.90,0.00,-1522.48
2023-05-22 15:06,8085.01,966.38,0.00,0.00,69.35,78.89,0.00,-1522.48
2023-05-22 15:07,8085.01,966.38,0.00,0.00,69.40,78.86,0.00,-1522.48
2023-05-22 15:08,8085.01,987.20,0.00,0.00,69.40,78.74,0.00,-1522.48
2023-05-22 15:09,8085.01,989.09,0.00,0.00,69.47,78.56,0.00,-1522.48
2023-05-22 15:10,8085.01,989.09,0.00,0.00,69.34,78.56,0.00,-1522.48
2023-05-22 15:11,8085.01,989.09,0.00,0.00,69.35,78.56,0.00,-1522.48
2023-05-22 15:12,8085.01,989.09,0.00,0.00,69.34,78.56,0.00,-1522.48
2023-05-22 15:13,8085.01,1002.75,0.00,0.00,69.42,78.58,0.00,-1522.48
2023-05-22 15:14,8085.01,1070.69,0.00,0.00,69.38,78.45,0.00,-1522.48
2023-05-22 15:15,8085.01,1074.94,0.00,0.00,69.36,78.35,0.00,-1522.48
2023-05-22 15:16,8085.01,1074.94,0.00,0.00,69.41,78.36,0.00,-1522.48
2023-05-22 15:17,8085.01,1074.94,0.00,0.00,69.42,78.41,0.00,-1522.48
2023-05-22 15:18,8085.01,1074.94,0.00,0.00,69.34,78.43,0.00,-1522.48
2023-05-22 15:19,8085.01,1085.88,0.00,0.00,69.38,78.44,0.00,-1522.48
2023-05-22 15:20,8085.01,1163.56,0.00,0.00,69.38,78.32,0.00,-1522.48
2023-05-22 15:21,8085.01,1163.56,0.00,0.00,69.36,78.19,0.00,-1522.48
2023-05-22 15:22,8085.01,1163.56,0.00,0.00,69.39,78.22,0.00,-1522.48
2023-05-22 15:23,8085.01,1163.49,0.00,0.00,69.33,78.27,0.00,-1522.48
2023-05-22 15:24,8085.01,1223.04,0.00,0.00,69.33,78.35,0.00,-1522.48
2023-05-22 15:25,8085.01,1254.15,0.00,0.00,69.33,78.17,0.00,-1522.48
2023-05-22 15:26,8085.01,1263.26,0.00,0.00,69.31,78.23,0.00,-1522.48
2023-05-22 15:27,8085.01,1340.75,0.00,0.00,69.32,78.22,0.00,-1522.48
2023-05-22 15:28,8085.01,1375.91,0.00,0.00,69.38,78.20,0.00,-1522.48
2023-05-22 15:29,8085.01,1428.01,0.00,0.00,69.35,78.22,0.00,-1522.48
2023-05-22 15:30,8085.01,1468.76,0.00,0.00,69.28,78.34,0.00,-1522.48
2023-05-22 15:31,8085.01,1515.12,0.00,0.00,69.28,78.27,0.00,-1522.48
2023-05-22 15:32,8085.01,1552.37,0.00,0.00,69.33,78.43,0.00,-1522.48
2023-05-22 15:33,8085.01,1600.75,0.00,0.00,69.38,78.44,0.00,-1522.48
2023-05-22 15:34,8085.01,1661.42,0.00,0.00,69.36,78.59,0.00,-1522.48
2023-05-22 15:35,8085.01,1686.82,0.00,0.00,69.42,78.62,0.00,-1522.48
2023-05-22 15:36,8085.01,1757.63,0.00,0.00,69.49,78.83,0.00,-1522.48
2023-05-22 15:37,8085.01,1783.64,0.00,0.00,69.45,78.94,0.00,-1522.48
2023-05-22 15:38,8085.01,1860.60,0.00,0.00,69.42,79.11,0.00,-1522.48
2023-05-22 15:39,8085.01,1878.76,0.00,0.00,69.46,79.25,0.00,-1522.48
2023-05-22 15:40,8085.01,1949.35,0.00,0.00,69.45,79.46,0.00,-1522.48
2023-05-22 15:41,8085.01,1949.35,0.00,0.00,69.45,79.65,0.00,-1522.48
2023-05-22 15:42,8085.01,1949.35,0.00,0.00,69.53,79.96,0.00,-1522.48
2023-05-22 15:43,8085.01,1962.55,0.00,0.00,69.49,80.29,0.00,-1522.48
2023-05-22 15:44,8085.01,1978.67,0.00,0.00,69.55,80.58,0.00,-1522.48
2023-05-22 15:45,8085.01,1978.86,0.00,0.00,69.49,80.88,0.00,-1522.48
2023-05-22 15:46,8085.01,1978.86,0.00,0.00,69.53,81.17,0.00,-1522.48
2023-05-22 15:47,8085.01,1978.86,0.00,0.00,69.48,81.44,0.00,-1522.48
2023-05-22 15:48,8085.01,1978.86,0.00,0.00,69.62,81.69,0.00,-1522.48
2023-05-22 15:49,8085.01,1978.86,0.00,0.00,69.61,81.93,0.00,-1522.48
2023-05-22 15:50,8085.01,1978.86,0.00,0.00,69.61,82.18,0.00,-1522.48
2023-05-22 15:51,8085.01,1978.86,0.00,0.00,69.66,82.39,0.00,-1522.48
2023-05-22 15:52,8085.01,1978.86,0.00,0.00,69.67,82.65,0.00,-1522.48
2023-05-22 15:53,8085.01,1978.86,0.00,0.00,69.73,82.86,0.00,-1522.48
2023-05-22 15:54,8085.01,1978.86,0.00,0.00,69.77,83.04,0.00,-1522.48
2023-05-22 15:55,8085.01,1978.86,0.00,0.00,69.71,83.23,0.00,-1522.48
2023-05-22 15:56,8085.01,1978.86,0.00,0.00,69.72,83.40,0.00,-1522.48
2023-05-22 15:57,8085.01,1978.86,0.00,0.00,69.68,83.56,0.00,-1522.48
2023-05-22 15:58,8085.01,1978.86,0.00,0.00,69.79,83.71,0.00,-1522.48
2023-05-22 15:59,8085.01,1978.86,0.00,0.00,69.80,83.85,0.00,-1522.48
2023-05-22 16:00,8085.01,1978.86,0.00,0.00,69.91,83.93,0.00,-1522.48
2023-05-22 16:01,8085.01,1978.86,0.00,0.00,69.82,83.98,0.00,-1522.48
2023-05-22 16:02,8085.01,1978.86,0.00,0.00,69.66,84.01,0.00,-1522.48
2023-05-22 16:03,8085.01,1978.86,0.00,0.00,69.73,84.06,0.00,-1522.48
2023-05-22 16:04,8085.01,1978.86,0.00,0.00,69.75,84.06,0.00,-1522.48
2023-05-22 16:05,8085.01,1978.86,0.00,0.00,69.73,84.11,0.00,-1522.48
2023-05-22 16:06,8085.01,1978.86,0.00,0.00,69.76,84.06,0.00,-1522.48
2023-05-22 16:07,8085.01,1978.86,0.00,0.00,69.72,84.05,0.00,-1522.48
2023-05-22 16:08,8085.01,1978.86,0.00,0.00,69.70,83.99,0.00,-1522.48
2023-05-22 16:09,8085.01,1978.86,0.00,0.00,69.72,83.86,0.00,-1522.48
2023-05-22 16:10,8085.01,1978.86,0.00,0.00,69.66,83.77,0.00,-1522.48
2023-05-22 16:11,8085.01,1978.86,0.00,0.00,69.67,83.64,0.00,-1522.48
2023-05-22 16:12,8085.01,1978.86,0.00,0.00,69.65,83.48,0.00,-1522.48
2023-05-22 16:13,8085.01,1978.86,0.00,0.00,69.64,83.28,0.00,-1522.48
2023-05-22 16:14,8085.01,1978.86,0.00,0.00,69.70,83.05,0.00,-1522.48
2023-05-22 16:15,8085.01,1978.86,0.00,0.00,69.65,82.79,0.00,-1522.48
2023-05-22 16:16,8085.01,1978.86,0.00,0.00,69.61,82.48,0.00,-1522.48
2023-05-22 16:17,8085.01,1978.86,0.00,0.00,69.62,82.24,0.00,-1522.48
2023-05-22 16:18,8085.01,1978.86,0.00,0.00,69.64,81.98,0.00,-1522.48
2023-05-22 16:19,8085.01,1978.86,0.00,0.00,69.61,81.74,0.00,-1522.48
2023-05-22 16:20,8085.01,1978.86,0.00,0.00,69.58,81.50,0.00,-1522.48
2023-05-22 16:21,8085.01,1978.86,0.00,0.00,69.60,81.29,0.00,-1522.48
2023-05-22 16:22,8085.01,1978.86,0.00,0.00,69.53,81.04,0.00,-1522.48
2023-05-22 16:23,8085.01,1978.86,0.00,0.00,69.54,80.84,0.00,-1522.48
2023-05-22 16:24,8085.01,1978.86,0.00,0.00,69.53,80.67,0.00,-1522.48
2023-05-22 16:25,8085.01,1978.86,0.00,0.00,69.52,80.48,0.00,-1522.48
2023-05-22 16:26,8085.01,1978.86,0.00,0.00,69.51,80.30,0.00,-1522.48
2023-05-22 16:27,8085.01,1978.86,0.00,0.00,69.48,80.11,0.00,-1522.48
2023-05-22 16:28,8085.01,1978.86,0.00,0.00,69.46,79.93,0.00,-1522.48
2023-05-22 16:29,8085.01,1978.86,0.00,0.00,69.52,79.74,0.00,-1522.48
2023-05-22 16:30,8085.01,1978.86,0.00,0.00,69.46,79.54,0.00,-1522.48
2023-05-22 16:31,8085.01,1978.86,0.00,0.00,69.48,79.34,0.00,-1522.48
2023-05-22 16:32,8085.01,1978.86,0.00,0.00,69.47,79.11,0.00,-1522.48
2023-05-22 16:33,8085.01,1978.86,0.00,0.00,69.43,78.89,0.00,-1522.48
2023-05-22 16:34,8085.01,1978.86,0.00,0.00,69.38,78.67,0.00,-1522.48
2023-05-22 16:35,8085.01,1978.86,0.00,0.00,69.33,78.47,0.00,-1522.48
2023-05-22 16:36,8085.01,1978.86,0.00,0.00,69.34,78.27,0.00,-1522.48
2023-05-22 16:37,8085.01,1978.86,0.00,0.00,69.34,78.08,0.00,-1522.48
2023-05-22 16:38,8085.01,1980.02,0.00,0.00,69.35,77.88,0.00,-1522.48
2023-05-22 16:39,8085.01,2065.60,0.00,0.00,69.34,77.69,0.00,-1522.48
2023-05-22 16:40,8085.01,2072.93,0.00,0.00,69.28,77.48,0.00,-1522.48
2023-05-22 16:41,8085.01,2072.93,0.00,0.00,69.27,77.33,0.00,-1522.48
2023-05-22 16:42,8085.01,2072.93,0.00,0.00,69.30,77.14,0.00,-1522.48
2023-05-22 16:43,8085.01,2072.93,0.00,0.00,69.30,76.95,0.00,-1522.48
2023-05-22 16:44,8085.01,2072.93,0.00,0.00,69.27,76.76,0.00,-1522.48
2023-05-22 16:45,8085.01,2072.93,0.00,0.00,69.26,76.60,0.00,-1522.48
2023-05-22 16:46,8085.01,2116.07,0.00,0.00,69.23,76.42,0.00,-1522.48
2023-05-22 16:47,8085.01,2162.74,0.00,0.00,69.26,76.23,0.00,-1522.48
2023-05-22 16:48,8085.01,1938.12,0.00,0.00,69.21,76.07,0.00,-1522.48
2023-05-22 16:49,8085.01,1543.04,0.00,0.00,69.22,75.90,0.00,-1522.48
2023-05-22 16:50,8085.01,1551.12,0.00,0.00,69.20,75.78,0.00,-1522.48
2023-05-22 16:51,8085.01,1634.22,0.00,0.00,69.20,75.76,0.00,-1522.48
2023-05-22 16:52,8085.01,1681.54,0.00,0.00,69.23,75.79,0.00,-1522.48
2023-05-22 16:53,8085.01,1723.64,0.00,0.00,69.15,75.95,0.00,-1522.48
2023-05-22 16:54,8085.01,1808.88,0.00,0.00,69.13,76.10,0.00,-1522.48
2023-05-22 16:55,8085.01,1826.08,0.00,0.00,69.13,76.36,0.00,-1522.48
2023-05-22 16:56,8085.01,1902.69,0.00,0.00,69.15,76.63,0.00,-1522.48
2023-05-22 16:57,8085.01,1902.69,0.00,0.00,69.14,76.84,0.00,-1522.48
2023-05-22 16:58,8085.01,1902.69,0.00,0.00,69.12,76.93,0.00,-1522.48
2023-05-22 16:59,8085.01,1902.69,0.00,0.00,69.17,76.91,0.00,-1522.48
2023-05-22 17:00,8085.01,1905.00,0.00,0.00,69.14,76.77,0.00,-1522.48
2023-05-22 17:01,8085.01,1990.52,0.00,0.00,69.12,76.72,0.00,-1522.48
2023-05-22 17:02,8085.01,1992.52,0.00,0.00,69.17,76.84,0.00,-1522.48
2023-05-22 17:03,8085.01,1992.52,0.00,0.00,69.09,76.86,0.00,-1522.48
2023-05-22 17:04,8085.01,1992.52,0.00,0.00,69.13,76.76,0.00,-1522.48
2023-05-22 17:05,8085.01,2032.16,0.00,0.00,69.14,76.65,0.00,-1522.48
2023-05-22 17:06,8085.01,2082.74,0.00,0.00,69.13,76.67,0.00,-1522.48
2023-05-22 17:07,8085.01,2082.74,0.00,0.00,69.13,76.73,0.00,-1522.48
2023-05-22 17:08,8085.01,2082.74,0.00,0.00,69.15,76.72,0.00,-1522.48
2023-05-22 17:09,8085.01,2082.74,0.00,0.00,69.18,76.65,0.00,-1522.48
2023-05-22 17:10,8085.01,2082.74,0.00,0.00,69.09,76.57,0.00,-1522.48
2023-05-22 17:11,8085.01,2082.74,0.00,0.00,69.14,76.47,0.00,-1522.48
2023-05-22 17:12,8085.01,2082.74,0.00,0.00,69.21,76.39,0.00,-1522.48
2023-05-22 17:13,8085.01,2082.74,0.00,0.00,69.17,76.30,0.00,-1522.48
2023-05-22 17:14,8085.01,2082.74,0.00,0.00,69.13,76.16,0.00,-1522.48
2023-05-22 17:15,8085.01,2082.74,0.00,0.00,69.13,76.05,0.00,-1522.48
2023-05-22 17:16,8085.01,2082.74,0.00,0.00,69.18,75.96,0.00,-1522.48
2023-05-22 17:17,8085.01,2083.21,0.00,0.00,69.12,75.86,0.00,-1522.48
2023-05-22 17:18,8085.01,2163.73,0.00,0.00,69.12,75.78,0.00,-1522.48
2023-05-22 17:19,8085.01,2172.35,0.00,0.00,69.12,75.83,0.00,-1522.48
2023-05-22 17:20,8085.01,2246.63,0.00,0.00,69.12,75.86,0.00,-1522.48
2023-05-22 17:21,8085.01,2263.19,0.00,0.00,69.11,76.03,0.00,-1522.48
2023-05-22 17:22,8085.01,2351.83,0.00,0.00,69.09,76.27,0.00,-1522.48
2023-05-22 17:23,8085.01,2352.60,0.00,0.00,69.06,76.49,0.00,-1522.48
2023-05-22 17:24,8085.01,2408.71,0.00,0.00,69.06,76.64,0.00,-1522.48
2023-05-22 17:25,8085.01,2442.04,0.00,0.00,69.06,76.99,0.00,-1522.48
2023-05-22 17:26,8085.01,2528.63,0.00,0.00,69.06,77.29,0.00,-1522.48
2023-05-22 17:27,8085.01,2566.14,0.00,0.00,69.05,77.53,0.00,-1522.48
2023-05-22 17:28,8085.01,2620.40,0.00,0.00,69.06,77.90,0.00,-1522.48
2023-05-22 17:29,8085.01,2685.46,0.00,0.00,69.09,78.20,0.00,-1522.48
2023-05-22 17:30,8085.01,2710.66,0.00,0.00,69.11,78.55,0.00,-1522.48
2023-05-22 17:31,8085.01,2787.39,0.00,0.00,69.05,78.85,0.00,-1522.48
2023-05-22 17:32,8085.01,2799.78,0.00,0.00,69.06,79.17,0.00,-1522.48
2023-05-22 17:33,8085.01,2847.94,0.00,0.00,69.11,79.31,0.00,-1522.48
2023-05-22 17:34,8085.01,2889.80,0.00,0.00,69.13,79.56,0.00,-1522.48
2023-05-22 17:35,8085.01,2924.83,0.00,0.00,69.08,79.74,0.00,-1522.48
2023-05-22 17:36,8085.01,2979.48,0.00,0.00,69.15,79.92,0.00,-1522.48
2023-05-22 17:37,8085.01,2979.48,0.00,0.00,69.15,80.04,0.00,-1522.48
2023-05-22 17:38,8085.01,2979.48,0.00,0.00,69.13,80.07,0.00,-1522.48
2023-05-22 17:39,8085.01,2979.48,0.00,0.00,69.23,80.02,0.00,-1522.48
2023-05-22 17:40,8085.01,2979.48,0.00,0.00,69.20,79.95,0.00,-1522.48
2023-05-22 17:41,8085.01,2979.48,0.00,0.00,69.24,79.83,0.00,-1522.48
2023-05-22 17:42,8085.01,2979.44,0.00,0.00,69.27,79.66,0.00,-1522.48
2023-05-22 17:43,8085.01,2979.26,0.00,181.22,69.26,79.43,0.00,-1522.48
2023-05-22 17:44,8085.01,2979.26,0.00,309.57,69.22,79.22,0.00,-1522.48
2023-05-22 17:45,8085.01,2979.26,0.00,319.61,69.19,78.97,0.00,-1522.48
2023-05-22 17:46,8085.01,2979.26,214.98,321.30,69.13,78.73,0.00,-1307.50
2023-05-22 17:47,8085.01,2979.28,412.03,309.15,69.13,78.56,0.00,-1110.45
2023-05-22 17:48,8085.01,2979.48,37.01,13.85,69.13,79.10,0.00,-1485.47
2023-05-22 17:49,8085.01,2979.48,0.00,0.00,69.14,79.50,0.00,-1522.48
2023-05-22 17:50,8085.01,2979.48,0.00,0.00,69.19,79.33,0.00,-1522.48
2023-05-22 17:51,8085.01,3020.17,0.00,0.00,69.14,79.09,0.00,-1522.48
2023-05-22 17:52,8085.01,3070.86,0.00,0.00,69.14,79.33,0.00,-1522.48
2023-05-22 17:53,8085.01,3157.33,0.00,0.00,69.18,79.87,0.00,-1522.48
2023-05-22 17:54,8085.01,3160.23,0.00,0.00,69.18,80.35,0.00,-1522.48
2023-05-22 17:55,8085.01,3196.51,0.00,0.00,69.14,80.57,0.00,-1522.48
2023-05-22 17:56,8085.01,3250.00,0.00,0.00,69.15,80.91,0.00,-1522.48
2023-05-22 17:57,8085.01,3249.82,0.00,0.00,69.20,81.13,0.00,-1522.48
2023-05-22 17:58,8085.01,3280.06,0.00,0.00,69.22,81.12,0.00,-1522.48
2023-05-22 17:59,8085.01,3339.68,0.00,0.00,69.24,81.27,0.00,-1522.48
2023-05-22 18:00,8085.01,3339.68,0.00,0.00,69.21,81.32,0.00,-1522.48
2023-05-22 18:01,8085.01,3369.50,0.00,0.00,69.22,81.10,0.00,-1522.48
2023-05-22 18:02,8085.01,3429.59,0.00,0.00,69.26,81.16,0.00,-1522.48
2023-05-22 18:03,8085.01,3429.59,0.00,0.00,69.25,81.33,0.00,-1522.48
2023-05-22 18:04,8085.01,3508.98,0.00,0.00,69.24,81.38,0.00,-1522.48
2023-05-22 18:05,8085.01,3520.31,0.00,0.00,69.28,81.59,0.00,-1522.48
2023-05-22 18:06,8085.01,3561.71,0.00,0.00,69.26,81.62,0.00,-1522.48
2023-05-22 18:07,8085.01,3610.05,0.00,0.00,69.33,81.85,0.00,-1522.48
2023-05-22 18:08,8085.01,3631.27,0.00,0.00,69.33,81.88,0.00,-1522.48
2023-05-22 18:09,8085.01,3699.76,0.00,0.00,69.36,82.08,0.00,-1522.48
2023-05-22 18:10,8085.01,3699.76,0.00,0.00,69.34,82.24,0.00,-1522.48
2023-05-22 18:11,8085.01,3699.76,0.00,0.00,69.37,82.23,0.00,-1522.48
2023-05-22 18:12,8085.01,3699.76,0.00,0.00,69.39,82.19,0.00,-1522.48
2023-05-22 18:13,8085.01,3714.33,0.00,0.00,69.39,82.13,0.00,-1522.48
2023-05-22 18:14,8085.01,3729.75,0.00,0.00,69.44,82.07,0.00,-1522.48
2023-05-22 18:15,8085.01,3730.19,0.00,0.00,69.44,82.05,0.00,-1522.48
2023-05-22 18:16,8085.01,3759.66,0.00,0.00,69.45,81.94,0.00,-1522.48
2023-05-22 18:17,8085.01,3759.66,0.00,0.00,69.48,81.94,0.00,-1522.48
2023-05-22 18:18,8085.01,3779.09,0.00,0.00,69.46,81.92,0.00,-1522.48
2023-05-22 18:19,8085.01,3789.02,0.00,0.00,69.53,81.94,0.00,-1522.48
2023-05-22 18:20,8085.01,3809.44,0.00,0.00,69.51,81.85,0.00,-1522.48
2023-05-22 18:21,8085.01,3819.21,0.00,0.00,69.49,81.80,0.00,-1522.48
2023-05-22 18:22,8085.01,3848.82,0.00,0.00,69.46,81.81,0.00,-1522.48
2023-05-22 18:23,8085.01,3849.41,0.00,0.00,69.53,81.75,0.00,-1522.48
2023-05-22 18:24,8085.01,3863.83,0.00,0.00,69.57,81.65,0.00,-1522.48
2023-05-22 18:25,8085.01,3879.30,0.00,0.00,69.59,81.59,0.00,-1522.48
2023-05-22 18:26,8085.01,3894.39,0.00,0.00,69.59,81.45,0.00,-1522.48
2023-05-22 18:27,8085.01,3909.49,0.00,0.00,69.59,81.30,0.00,-1522.48
2023-05-22 18:28,8085.01,3934.50,0.00,0.00,69.66,81.21,0.00,-1522.48
2023-05-22 18:29,8085.01,3944.06,0.00,0.00,69.62,81.14,0.00,-1522.48
2023-05-22 18:30,8085.01,3969.11,0.00,0.00,69.65,81.17,0.00,-1522.48
2023-05-22 18:31,8085.01,3990.41,0.00,0.00,69.62,81.16,0.00,-1522.48
2023-05-22 18:32,8085.01,4003.90,0.00,0.00,69.65,81.10,0.00,-1522.48
2023-05-22 18:33,8085.01,4028.77,0.00,0.00,69.68,81.10,0.00,-1522.48
2023-05-22 18:34,8085.01,4028.77,0.00,0.00,69.68,81.08,0.00,-1522.48
2023-05-22 18:35,8085.01,4048.72,0.00,0.00,69.71,80.96,0.00,-1522.48
2023-05-22 18:36,8085.01,4059.51,0.00,0.00,69.70,81.01,0.00,-1522.48
2023-05-22 18:37,8085.01,4088.48,0.00,0.00,69.75,80.98,0.00,-1522.48
2023-05-22 18:38,8085.01,4107.56,0.00,0.00,69.73,80.87,0.00,-1522.48
2023-05-22 18:39,8085.01,4118.32,0.00,0.00,69.68,80.76,0.00,-1522.48
2023-05-22 18:40,8085.01,4148.28,0.00,0.00,69.73,80.62,0.00,-1522.48
2023-05-22 18:41,8085.01,4161.35,0.00,0.00,69.73,80.60,0.00,-1522.48
2023-05-22 18:42,8085.01,4177.65,0.00,0.00,69.75,80.53,0.00,-1522.48
2023-05-22 18:43,8085.01,4206.48,0.00,0.00,69.79,80.44,0.00,-1522.48
2023-05-22 18:44,8085.01,4213.13,0.00,0.00,69.79,80.27,0.00,-1522.48
2023-05-22 18:45,8085.01,4238.15,0.00,0.00,69.79,80.08,0.00,-1522.48
2023-05-22 18:46,8085.01,4253.38,0.00,0.00,69.79,79.87,0.00,-1522.48
2023-05-22 18:47,8085.01,4268.53,0.00,0.00,69.78,79.81,0.00,-1522.48
2023-05-22 18:48,8085.01,4293.49,0.00,0.00,69.78,79.68,0.00,-1522.48
2023-05-22 18:49,8085.01,4298.48,0.00,0.00,69.79,79.57,0.00,-1522.48
2023-05-22 18:50,8085.01,4323.36,0.00,0.00,69.79,79.39,0.00,-1522.48
2023-05-22 18:51,8085.01,4338.12,0.00,0.00,69.83,79.17,0.00,-1522.48
2023-05-22 18:52,8085.01,4358.21,0.00,0.00,69.80,79.09,0.00,-1522.48
2023-05-22 18:53,8085.01,4378.36,0.00,0.00,69.81,78.93,0.00,-1522.48
2023-05-22 18:54,8085.01,4393.31,0.00,0.00,69.79,78.84,0.00,-1522.48
2023-05-22 18:55,8085.01,4417.71,0.00,0.00,69.79,78.74,0.00,-1522.48
2023-05-22 18:56,8085.01,4442.62,0.00,0.00,69.79,78.63,0.00,-1522.48
2023-05-22 18:57,8085.01,4447.95,0.00,0.00,69.83,78.57,0.00,-1522.48
2023-05-22 18:58,8085.01,4477.18,0.00,0.00,69.83,78.42,0.00,-1522.48
2023-05-22 18:59,8085.01,4497.17,0.00,0.00,69.79,78.38,0.00,-1522.48
2023-05-22 19:00,8085.01,4507.17,0.00,0.00,69.79,78.36,0.00,-1522.48
2023-05-22 19:01,8085.01,4516.90,0.00,0.00,69.79,78.25,0.00,-1522.48
2023-05-22 19:02,8085.01,4536.37,0.00,0.00,69.79,78.21,0.00,-1522.48
2023-05-22 19:03,8085.01,4565.81,0.00,0.00,69.79,78.15,0.00,-1522.48
2023-05-22 19:04,8085.01,4585.82,0.00,0.00,69.79,78.09,0.00,-1522.48
2023-05-22 19:05,8085.01,4718.79,0.00,0.00,69.79,78.08,0.00,-1522.48
2023-05-22 19:06,8085.01,4780.00,0.00,0.00,69.79,77.93,0.00,-1522.48
2023-05-22 19:07,8085.01,4780.00,0.00,0.00,69.81,77.64,0.00,-1522.48
2023-05-22 19:08,8085.01,4780.00,0.00,0.00,69.79,77.33,0.00,-1522.48
2023-05-22 19:09,8085.01,4780.00,0.00,0.00,69.77,77.08,0.00,-1522.48
2023-05-22 19:10,8085.01,4780.00,0.00,0.00,69.79,76.79,0.00,-1522.48
2023-05-22 19:11,8085.01,4780.00,0.00,0.00,69.78,76.51,0.00,-1522.48
2023-05-22 19:12,8085.01,4780.00,0.00,0.00,69.79,76.18,0.00,-1522.48
2023-05-22 19:13,8085.01,4780.00,0.00,0.00,69.75,75.87,0.00,-1522.48
2023-05-22 19:14,8085.01,4780.00,0.00,0.00,69.76,75.57,0.00,-1522.48
2023-05-22 19:15,8085.01,4780.00,0.00,0.00,69.71,75.34,0.00,-1522.48
2023-05-22 19:16,8085.01,4780.00,0.00,0.00,69.72,75.06,0.00,-1522.48
2023-05-22 19:17,8085.01,4780.00,0.00,0.00,69.72,74.86,0.00,-1522.48
2023-05-22 19:18,8085.01,4780.00,0.00,0.00,69.67,74.61,0.00,-1522.48
2023-05-22 19:19,8085.01,4780.00,0.00,0.00,69.70,74.38,0.00,-1522.48
2023-05-22 19:20,8085.01,4767.35,0.00,0.00,69.70,74.17,0.00,-1522.48
2023-05-22 19:21,8085.01,4757.60,0.00,0.00,69.66,73.97,0.00,-1522.48
2023-05-22 19:22,8085.01,4779.72,0.00,42.36,69.66,73.77,0.00,-1522.48
2023-05-22 19:23,8085.01,4779.91,0.00,293.32,69.61,73.58,0.00,-1522.48
2023-05-22 19:24,8085.01,4779.91,0.00,319.90,69.57,73.38,0.00,-1522.48
2023-05-22 19:25,8085.01,4780.03,0.00,160.02,69.46,73.18,0.00,-1522.48
2023-05-22 19:26,8085.01,4780.27,0.00,1.66,69.45,73.02,0.00,-1522.48
2023-05-22 19:27,8085.01,4782.95,0.00,0.00,69.48,72.79,0.00,-1522.48
2023-05-22 19:28,8085.01,4810.84,0.00,0.00,69.41,72.58,0.00,-1522.48
2023-05-22 19:29,8085.01,4835.45,0.00,0.00,69.40,72.38,0.00,-1522.48
2023-05-22 19:30,8085.01,4851.79,0.00,0.00,69.42,72.18,0.00,-1522.48
2023-05-22 19:31,8085.01,4871.21,0.00,0.00,69.33,72.04,0.00,-1522.48
2023-05-22 19:32,8085.01,4900.96,0.00,0.00,69.33,71.87,0.00,-1522.48
2023-05-22 19:33,8085.01,4921.02,0.00,0.00,69.28,71.93,0.00,-1522.48
2023-05-22 19:34,8085.01,4941.05,0.00,0.00,69.26,72.23,0.00,-1522.48
2023-05-22 19:35,8085.01,4961.04,0.00,0.00,69.25,72.61,0.00,-1522.48
2023-05-22 19:36,8085.01,4990.95,0.00,0.00,69.26,73.00,0.00,-1522.48
2023-05-22 19:37,8085.01,5012.57,0.00,0.00,69.24,73.29,0.00,-1522.48
2023-05-22 19:38,8085.01,5033.22,0.00,0.00,69.23,73.67,0.00,-1522.48
2023-05-22 19:39,8085.01,5059.00,0.00,0.00,69.19,74.03,0.00,-1522.48
2023-05-22 19:40,8085.01,5080.77,0.00,0.00,69.22,74.39,0.00,-1522.48
2023-05-22 19:41,8085.01,5110.85,0.00,0.00,69.19,74.75,0.00,-1522.48
2023-05-22 19:42,8085.01,5134.99,0.00,0.00,69.21,75.02,0.00,-1522.48
2023-05-22 19:43,8085.01,5149.94,0.00,0.00,69.23,75.29,0.00,-1522.48
2023-05-22 19:44,8085.01,5170.74,0.00,0.00,69.25,75.52,0.00,-1522.48
2023-05-22 19:45,8085.01,5200.78,0.00,0.00,69.24,75.68,0.00,-1522.48
2023-05-22 19:46,8085.01,5224.81,0.00,0.00,69.21,75.91,0.00,-1522.48
2023-05-22 19:47,8085.01,5230.86,0.00,0.00,69.23,76.10,0.00,-1522.48
2023-05-22 19:48,8085.01,5255.60,0.00,0.00,69.21,76.14,0.00,-1522.48
2023-05-22 19:49,8085.01,5260.55,0.00,0.00,69.22,76.16,0.00,-1522.48
2023-05-22 19:50,8085.01,5272.34,0.00,0.00,69.24,76.09,0.00,-1522.48
2023-05-22 19:51,8085.01,5295.34,0.00,0.00,69.24,76.14,0.00,-1522.48
2023-05-22 19:52,8085.01,5320.19,0.00,0.00,69.26,76.22,0.00,-1522.48
2023-05-22 19:53,8085.01,5345.57,0.00,0.00,69.25,76.30,0.00,-1522.48
2023-05-22 19:54,8085.01,5360.82,0.00,0.00,69.25,76.36,0.00,-1522.48
2023-05-22 19:55,8085.01,5384.97,0.00,0.00,69.25,76.43,0.00,-1522.48
2023-05-22 19:56,8085.01,5410.78,0.00,0.00,69.26,76.44,0.00,-1522.48
2023-05-22 19:57,8085.01,5433.13,0.00,0.00,69.21,76.50,0.00,-1522.48
2023-05-22 19:58,8085.01,5450.89,0.00,0.00,69.23,76.50,0.00,-1522.48
2023-05-22 19:59,8085.01,5472.21,0.00,0.00,69.26,76.55,0.00,-1522.48
2023-05-22 20:00,8085.01,5500.44,0.00,0.00,69.26,76.61,0.00,-1522.48
2023-05-22 20:01,8085.01,5520.45,0.00,0.00,69.26,76.63,0.00,-1522.48
2023-05-22 20:02,8085.01,5540.32,0.00,0.00,69.25,76.70,0.00,-1522.48
2023-05-22 20:03,8085.01,5560.41,0.00,0.00,69.25,76.76,0.00,-1522.48
2023-05-22 20:04,8085.01,5575.54,0.00,0.00,69.26,76.74,0.00,-1522.48
2023-05-22 20:05,8085.01,5590.83,0.00,0.00,69.26,76.76,0.00,-1522.48
2023-05-22 20:06,8085.01,5590.83,0.00,0.00,69.26,76.65,0.00,-1522.48
2023-05-22 20:07,8085.01,5611.20,0.00,0.00,69.26,76.43,0.00,-1522.48
2023-05-22 20:08,8085.01,5635.87,0.00,0.00,69.23,76.34,0.00,-1522.48
2023-05-22 20:09,8085.01,5656.26,0.00,0.00,69.24,76.34,0.00,-1522.48
2023-05-22 20:10,8085.01,5681.55,0.00,0.00,69.24,76.33,0.00,-1522.48
2023-05-22 20:11,8085.01,5705.77,0.00,0.00,69.20,76.36,0.00,-1522.48
2023-05-22 20:12,8085.01,5726.53,0.00,0.00,69.25,76.39,0.00,-1522.48
2023-05-22 20:13,8085.01,5740.99,0.00,0.00,69.24,76.41,0.00,-1522.48
2023-05-22 20:14,8085.01,5770.59,0.00,0.00,69.22,76.36,0.00,-1522.48
2023-05-22 20:15,8085.01,5780.67,0.00,0.00,69.20,76.33,0.00,-1522.48
2023-05-22 20:16,8085.01,5800.58,0.00,0.00,69.23,76.36,0.00,-1522.48
2023-05-22 20:17,8085.01,5830.76,0.00,0.00,69.19,76.35,0.00,-1522.48
2023-05-22 20:18,8085.01,5850.84,0.00,0.00,69.14,76.32,0.00,-1522.48
2023-05-22 20:19,8085.01,5865.31,0.00,0.00,69.13,76.30,0.00,-1522.48
2023-05-22 20:20,8085.01,5890.42,0.00,0.00,69.13,76.31,0.00,-1522.48
2023-05-22 20:21,8085.01,5920.66,0.00,0.00,69.13,76.34,0.00,-1522.48
2023-05-22 20:22,8085.01,5937.96,0.00,0.00,69.07,76.30,0.00,-1522.48
2023-05-22 20:23,8085.01,5956.74,0.00,0.00,69.07,76.29,0.00,-1522.48
2023-05-22 20:24,8085.01,5979.63,0.00,0.00,69.06,76.23,0.00,-1522.48
2023-05-22 20:25,8085.01,5979.63,0.00,0.00,69.06,76.20,0.00,-1522.48
2023-05-22 20:26,8085.01,5979.63,0.00,0.00,69.01,76.05,0.00,-1522.48
2023-05-22 20:27,8085.01,5997.34,0.00,0.00,69.01,75.75,0.00,-1522.48
2023-05-22 20:28,8085.01,6009.01,0.00,280.59,69.03,75.46,0.00,-1522.48
2023-05-22 20:29,8085.01,6009.01,0.00,331.39,68.96,75.07,0.00,-1522.48
2023-05-22 20:30,8085.01,6009.01,271.31,328.48,68.91,74.74,0.00,-1251.16
2023-05-22 20:31,8085.01,6009.01,589.24,333.05,68.83,74.66,0.00,-933.24
2023-05-22 20:32,8085.01,6009.01,682.22,331.81,68.79,75.90,0.00,-840.26
2023-05-22 20:33,8085.01,6009.01,670.29,332.50,68.73,77.90,0.00,-852.19
2023-05-22 20:34,8085.01,6009.01,638.53,333.46,68.72,79.95,0.00,-883.95
2023-05-22 20:35,8085.01,6009.01,646.62,333.19,68.65,81.76,0.00,-875.86
2023-05-22 20:36,8085.01,6009.01,637.53,332.91,68.66,83.45,0.00,-884.95
2023-05-22 20:37,8085.01,6009.01,643.36,333.60,68.63,84.99,0.00,-879.12
2023-05-22 20:38,8085.01,6009.01,628.09,334.02,68.63,86.50,0.00,-894.39
2023-05-22 20:39,8085.01,6009.01,622.91,333.74,68.64,87.96,0.00,-899.57
2023-05-22 20:40,8085.01,6009.01,627.14,334.43,68.67,89.49,0.00,-895.34
2023-05-22 20:41,8085.01,6009.01,625.80,334.43,68.71,90.82,0.00,-896.68
2023-05-22 20:42,8085.01,6009.01,502.91,257.61,68.75,92.02,0.00,-1019.57
2023-05-22 20:43,8085.01,6009.55,68.86,4.57,68.80,92.89,0.00,-1453.62
2023-05-22 20:44,8085.01,6009.61,5.97,0.00,68.88,92.35,0.00,-1516.51
2023-05-22 20:45,8085.01,6018.92,0.00,0.00,68.99,90.30,0.00,-1522.48
2023-05-22 20:46,8085.01,6039.10,0.00,0.00,69.06,88.50,0.00,-1522.48
2023-05-22 20:47,8085.01,6068.97,0.00,0.00,69.17,87.73,0.00,-1522.48
2023-05-22 20:48,8085.01,6092.86,0.00,0.00,69.30,87.57,0.00,-1522.48
2023-05-22 20:49,8085.01,6109.16,0.00,0.00,69.44,87.70,0.00,-1522.48
2023-05-22 20:50,8085.01,6134.14,0.00,0.00,69.58,87.71,0.00,-1522.48
2023-05-22 20:51,8085.01,6158.55,0.00,0.00,69.74,87.75,0.00,-1522.48
2023-05-22 20:52,8085.01,6187.57,0.00,0.00,69.86,87.65,0.00,-1522.48
2023-05-22 20:53,8085.01,6198.05,0.00,0.00,70.01,87.34,0.00,-1522.48
2023-05-22 20:54,8085.01,6218.26,0.00,0.00,70.13,87.05,0.00,-1522.48
2023-05-22 20:55,8085.01,6237.93,0.00,0.00,70.29,86.64,0.00,-1522.48
2023-05-22 20:56,8085.01,6251.08,0.00,0.00,70.42,86.32,0.00,-1522.48
2023-05-22 20:57,8085.01,6277.88,0.00,0.00,70.50,86.02,0.00,-1522.48
2023-05-22 20:58,8085.01,6301.66,0.00,0.00,70.62,85.75,0.00,-1522.48
2023-05-22 20:59,8085.01,6322.61,0.00,0.00,70.72,85.52,0.00,-1522.48
2023-05-22 21:00,8085.01,6346.96,0.00,0.00,70.83,85.33,0.00,-1522.48
2023-05-22 21:01,8085.01,6367.02,0.00,0.00,70.95,85.14,0.00,-1522.48
2023-05-22 21:02,8085.01,6396.98,0.00,0.00,71.03,84.91,0.00,-1522.48
2023-05-22 21:03,8085.01,6417.44,0.00,0.00,71.06,84.73,0.00,-1522.48
2023-05-22 21:04,8085.01,6436.68,0.00,0.00,71.17,84.54,0.00,-1522.48
2023-05-22 21:05,8085.01,6456.73,0.00,0.00,71.23,84.38,0.00,-1522.48
2023-05-22 21:06,8085.01,6456.73,0.00,0.00,71.27,84.17,0.00,-1522.48
2023-05-22 21:07,8085.01,6466.66,0.00,0.00,71.39,83.79,0.00,-1522.48
2023-05-22 21:08,8085.01,6488.34,0.00,0.00,71.41,83.47,0.00,-1522.48
2023-05-22 21:09,8085.01,6516.70,0.00,0.00,71.45,83.26,0.00,-1522.48
2023-05-22 21:10,8085.01,6531.16,0.00,0.00,71.48,83.02,0.00,-1522.48
2023-05-22 21:11,8085.01,6555.92,0.00,0.00,71.51,82.81,0.00,-1522.48
2023-05-22 21:12,8085.01,6577.07,0.00,0.00,71.58,82.73,0.00,-1522.48
2023-05-22 21:13,8085.01,6584.81,0.00,0.00,71.59,82.50,0.00,-1522.48
2023-05-22 21:14,8085.01,6607.07,0.00,0.00,71.61,82.30,0.00,-1522.48
2023-05-22 21:15,8085.01,6607.07,0.00,0.00,71.65,82.07,0.00,-1522.48
2023-05-22 21:16,8085.01,6618.53,0.00,0.00,71.65,81.66,0.00,-1522.48
2023-05-22 21:17,8085.01,6636.27,0.00,180.50,71.69,81.41,0.00,-1522.48
2023-05-22 21:18,8085.01,6636.27,157.92,320.59,71.71,81.25,0.00,-1364.56
2023-05-22 21:19,8085.01,6636.27,589.67,351.73,71.69,81.17,0.00,-932.81
2023-05-22 21:20,8085.01,6636.27,709.39,349.66,71.63,82.68,0.00,-813.08
2023-05-22 21:21,8085.01,6636.27,703.72,349.94,71.59,85.07,0.00,-818.76
2023-05-22 21:22,8085.01,6636.27,701.94,350.90,71.59,87.30,0.00,-820.55
2023-05-22 21:23,8085.01,6636.27,681.50,350.35,71.58,89.21,0.00,-840.98
2023-05-22 21:24,8085.01,6636.27,685.17,350.63,71.58,91.21,0.00,-837.31
2023-05-22 21:25,8085.01,6636.27,682.42,351.04,71.59,92.83,0.00,-840.06
2023-05-22 21:26,8085.01,6636.27,691.28,351.18,71.59,93.57,0.00,-831.20
2023-05-22 21:27,8085.01,6636.27,671.14,351.32,71.62,94.48,0.00,-851.34
2023-05-22 21:28,8085.01,6636.27,671.19,351.87,71.69,95.46,0.00,-851.29
2023-05-22 21:29,8085.01,6636.27,676.38,352.01,71.74,96.38,0.00,-846.10
2023-05-22 21:30,8085.01,6636.27,655.00,351.87,71.83,97.30,0.00,-867.48
2023-05-22 21:31,8085.01,6636.27,662.60,352.56,71.92,98.27,0.00,-859.88
2023-05-22 21:32,8085.01,6636.56,507.25,263.56,72.04,99.11,0.00,-1015.23
2023-05-22 21:33,8085.01,6637.13,0.00,1.80,72.18,99.66,0.00,-1522.48
2023-05-22 21:34,8085.01,6637.13,0.00,0.00,72.27,99.23,0.00,-1522.48
2023-05-22 21:35,8085.01,6662.89,0.00,0.00,72.35,98.40,0.00,-1522.48
2023-05-22 21:36,8085.01,6681.28,0.00,0.00,72.48,97.63,0.00,-1522.48
2023-05-22 21:37,8085.01,6705.36,0.00,0.00,72.61,97.14,0.00,-1522.48
2023-05-22 21:38,8085.01,6724.84,0.00,0.00,72.76,96.94,0.00,-1522.48
2023-05-22 21:39,8085.01,6752.37,0.00,0.00,72.92,96.51,0.00,-1522.48
2023-05-22 21:40,8085.01,6769.85,0.00,0.00,73.07,96.19,0.00,-1522.48
2023-05-22 21:41,8085.01,6784.79,0.00,0.00,73.19,95.90,0.00,-1522.48
2023-05-22 21:42,8085.01,6814.12,0.00,0.00,73.34,95.50,0.00,-1522.48
2023-05-22 21:43,8085.01,6833.35,0.00,0.00,73.44,95.20,0.00,-1522.48
2023-05-22 21:44,8085.01,6849.03,0.00,0.00,73.57,95.04,0.00,-1522.48
2023-05-22 21:45,8085.01,6873.67,0.00,0.00,73.73,94.77,0.00,-1522.48
2023-05-22 21:46,8085.01,6900.56,0.00,0.00,73.79,94.43,0.00,-1522.48
2023-05-22 21:47,8085.01,6918.69,0.00,0.00,73.92,94.15,0.00,-1522.48
2023-05-22 21:48,8085.01,6938.77,0.00,0.00,74.08,93.85,0.00,-1522.48
2023-05-22 21:49,8085.01,6963.42,0.00,0.00,74.14,93.51,0.00,-1522.48
2023-05-22 21:50,8085.01,6988.05,0.00,0.00,74.17,93.12,0.00,-1522.48
2023-05-22 21:51,8085.01,7002.77,0.00,0.00,74.27,92.70,0.00,-1522.48
2023-05-22 21:52,8085.01,7025.03,0.00,0.00,74.37,92.17,0.00,-1522.48
2023-05-22 21:53,8085.01,7052.70,0.00,0.00,74.48,91.72,0.00,-1522.48
2023-05-22 21:54,8085.01,7073.81,0.00,0.00,74.51,91.25,0.00,-1522.48
2023-05-22 21:55,8085.01,7096.02,0.00,0.00,74.45,90.76,0.00,-1522.48
2023-05-22 21:56,8085.01,7112.27,0.00,0.00,74.58,90.30,0.00,-1522.48
2023-05-22 21:57,8085.01,7115.77,0.00,0.00,74.57,89.60,0.00,-1522.48
2023-05-22 21:58,8085.01,7141.65,0.00,182.72,74.59,88.92,0.00,-1522.48
2023-05-22 21:59,8085.01,7141.94,325.43,295.95,74.71,88.52,0.00,-1197.05
2023-05-22 22:00,8085.01,7159.12,496.67,293.73,74.77,88.65,0.00,-1025.81
2023-05-22 22:01,8085.01,7245.00,553.60,293.73,74.82,90.11,0.00,-968.88
2023-05-22 22:02,8085.01,7245.00,464.60,223.55,74.82,91.81,0.00,-1057.88
2023-05-22 22:03,8085.01,7245.00,119.49,3.60,74.89,93.00,0.00,-1402.99
2023-05-22 22:04,8085.01,7245.00,368.64,224.39,74.83,92.98,0.00,-1153.84
2023-05-22 22:05,8085.01,7245.00,631.73,365.86,74.84,93.37,0.00,-890.75
2023-05-22 22:06,8085.01,7245.00,719.91,364.89,74.91,94.79,0.00,-802.57
2023-05-22 22:07,8085.01,7245.00,713.02,364.47,74.98,95.98,0.00,-809.46
2023-05-22 22:08,8085.01,7245.00,706.37,364.89,75.04,97.10,0.00,-816.11
2023-05-22 22:09,8085.01,7245.00,696.07,364.47,75.08,98.14,0.00,-826.40
2023-05-22 22:10,8085.01,7245.00,707.56,364.33,75.11,99.11,0.00,-814.92
2023-05-22 22:11,8085.01,7245.00,707.15,365.58,75.23,99.94,0.00,-815.33
2023-05-22 22:12,8085.01,7245.00,683.21,364.89,75.31,100.85,0.00,-839.27
2023-05-22 22:13,8085.01,7245.00,690.72,365.58,75.41,101.73,0.00,-831.76
2023-05-22 22:14,8085.01,7245.00,696.65,365.99,75.49,102.48,0.00,-825.83
2023-05-22 22:15,8085.01,7245.00,668.05,365.16,75.62,103.31,0.00,-854.43
2023-05-22 22:16,8085.01,7245.26,101.94,44.71,75.78,103.95,0.00,-1420.54
2023-05-22 22:17,8085.01,7245.38,0.00,0.00,75.86,102.67,0.00,-1522.48
2023-05-22 22:18,8085.01,7257.14,0.00,0.00,75.99,99.91,0.00,-1522.48
2023-05-22 22:19,8085.01,7277.37,0.00,0.00,76.14,97.75,0.00,-1522.48
2023-05-22 22:20,8085.01,7304.86,0.00,0.00,76.29,96.52,0.00,-1522.48
2023-05-22 22:21,8085.01,7319.27,0.00,0.00,76.44,95.76,0.00,-1522.48
2023-05-22 22:22,8085.01,7339.76,0.00,0.00,76.69,95.32,0.00,-1522.48
2023-05-22 22:23,8085.01,7365.03,0.00,0.00,76.86,95.20,0.00,-1522.48
2023-05-22 22:24,8085.01,7389.47,0.00,0.00,76.98,95.03,0.00,-1522.48
2023-05-22 22:25,8085.01,7408.85,0.00,0.00,77.18,94.90,0.00,-1522.48
2023-05-22 22:26,8085.01,7424.03,0.00,0.00,77.31,94.56,0.00,-1522.48
2023-05-22 22:27,8085.01,7443.60,0.00,0.00,77.44,93.94,0.00,-1522.48
2023-05-22 22:28,8085.01,7463.42,0.00,0.00,77.56,93.55,0.00,-1522.48
2023-05-22 22:29,8085.01,7484.79,0.00,0.00,77.78,93.31,0.00,-1522.48
2023-05-22 22:30,8085.01,7513.13,0.00,0.00,77.89,93.08,0.00,-1522.48
2023-05-22 22:31,8085.01,7528.01,0.00,0.00,78.12,92.81,0.00,-1522.48
2023-05-22 22:32,8085.01,7542.89,0.00,0.00,78.31,92.67,0.00,-1522.48
2023-05-22 22:33,8085.01,7568.07,0.00,0.00,78.44,92.06,0.00,-1522.48
2023-05-22 22:34,8085.01,7581.99,0.00,0.00,78.57,91.62,0.00,-1522.48
2023-05-22 22:35,8085.01,7602.70,0.00,0.00,78.62,91.25,0.00,-1522.48
2023-05-22 22:36,8085.01,7627.43,0.00,0.00,78.73,91.02,0.00,-1522.48
2023-05-22 22:37,8085.01,7647.12,0.00,0.00,78.77,90.78,0.00,-1522.48
2023-05-22 22:38,8085.01,7662.30,0.00,0.00,78.81,90.55,0.00,-1522.48
2023-05-22 22:39,8085.01,7687.60,0.00,0.00,78.89,90.11,0.00,-1522.48
2023-05-22 22:40,8085.01,7691.83,0.00,0.00,78.89,89.74,0.00,-1522.48
2023-05-22 22:41,8085.01,7691.83,0.00,0.00,78.95,88.97,0.00,-1522.48
2023-05-22 22:42,8085.01,7721.72,0.00,0.00,78.95,88.26,0.00,-1522.48
2023-05-22 22:43,8085.01,7740.94,0.00,0.00,79.03,87.98,0.00,-1522.48
2023-05-22 22:44,8085.01,7761.90,0.00,0.00,79.09,87.91,0.00,-1522.48
2023-05-22 22:45,8085.01,7781.47,0.00,0.00,79.11,88.03,0.00,-1522.48
2023-05-22 22:46,8085.01,7810.73,0.00,0.00,79.08,87.80,0.00,-1522.48
2023-05-22 22:47,8085.01,7821.83,0.00,0.00,79.11,87.68,0.00,-1522.48
2023-05-22 22:48,8085.01,7841.19,0.00,0.00,79.02,87.54,0.00,-1522.48
2023-05-22 22:49,8085.01,7832.81,0.00,0.00,79.07,87.15,0.00,-1522.48
2023-05-22 22:50,8085.01,7812.42,0.00,0.00,79.00,86.49,0.00,-1522.48
2023-05-22 22:51,8085.01,7812.42,0.00,0.00,79.07,85.71,0.00,-1522.48
2023-05-22 22:52,8085.01,7812.42,0.00,0.00,79.04,84.95,0.00,-1522.48
2023-05-22 22:53,8085.01,7812.42,0.00,0.00,79.03,84.27,0.00,-1522.48
2023-05-22 22:54,8085.01,7812.42,0.00,0.00,78.90,83.55,0.00,-1522.48
2023-05-22 22:55,8085.01,7812.42,0.00,0.00,78.92,82.85,0.00,-1522.48
2023-05-22 22:56,8085.01,7812.42,0.00,0.00,78.86,82.24,0.00,-1522.48
2023-05-22 22:57,8085.01,7812.42,0.00,0.00,78.84,81.77,0.00,-1522.48
2023-05-22 22:58,8085.01,7811.81,0.00,0.00,78.81,81.43,0.00,-1522.48
2023-05-22 22:59,8085.01,7825.06,0.00,0.00,78.82,81.17,0.00,-1522.48
2023-05-22 23:00,8085.01,7829.32,0.00,0.00,78.86,80.91,0.00,-1522.48
2023-05-22 23:01,8085.01,7831.80,0.00,0.00,78.93,80.60,0.00,-1522.48
2023-05-22 23:02,8085.01,7831.80,0.00,0.00,78.91,80.14,0.00,-1522.48
2023-05-22 23:03,8085.01,7866.19,0.00,0.00,78.93,79.70,0.00,-1522.48
2023-05-22 23:04,8085.01,7872.79,0.00,0.00,78.88,79.88,0.00,-1522.48
2023-05-22 23:05,8085.01,7884.97,0.00,0.00,78.83,80.00,0.00,-1522.48
2023-05-22 23:06,8085.01,7902.27,0.00,0.00,78.86,80.46,0.00,-1522.48
2023-05-22 23:07,8085.01,7930.07,0.00,0.00,78.84,81.25,0.00,-1522.48
2023-05-22 23:08,8085.01,7944.99,0.00,0.00,78.75,82.09,0.00,-1522.48
2023-05-22 23:09,8085.01,7962.33,0.00,0.00,78.77,82.48,0.00,-1522.48
2023-05-22 23:10,8085.01,7983.24,0.00,0.00,78.72,82.73,0.00,-1522.48
2023-05-22 23:11,8085.01,7992.18,0.00,0.00,78.69,83.14,0.00,-1522.48
2023-05-22 23:12,8085.01,7992.18,0.00,0.00,78.61,83.26,0.00,-1522.48
2023-05-22 23:13,8085.01,7992.18,0.00,0.00,78.59,83.16,0.00,-1522.48
2023-05-22 23:14,8085.01,7987.41,0.00,0.00,78.56,82.88,0.00,-1522.48
2023-05-22 23:15,8085.01,7941.29,0.00,0.00,78.51,82.44,0.00,-1522.48
2023-05-22 23:16,8085.01,7937.41,1.54,319.50,78.47,82.04,0.00,-1520.94
2023-05-22 23:17,8085.01,7985.14,163.67,391.51,78.47,81.64,0.00,-1358.81
2023-05-22 23:18,8085.01,8009.00,711.83,365.46,78.42,81.44,0.00,-810.65
2023-05-22 23:19,8085.01,8009.00,1044.87,475.98,78.35,82.86,0.00,-477.62
2023-05-22 23:20,8085.01,8009.00,1879.10,705.64,78.21,85.71,0.00,356.62
2023-05-22 23:21,8085.01,8009.00,1890.36,702.39,78.08,89.31,0.00,367.88
2023-05-22 23:22,8085.01,8009.00,1877.40,702.95,77.98,93.58,0.00,354.91
2023-05-22 23:23,8085.01,8009.00,1870.52,704.49,77.90,99.38,0.00,348.05
2023-05-22 23:24,8085.01,8009.00,1862.33,703.09,77.89,105.86,0.00,339.85
2023-05-22 23:25,8085.01,8009.00,1852.28,703.51,77.89,109.81,0.00,329.80
2023-05-22 23:26,8085.01,8009.00,1851.80,703.09,77.90,114.21,0.00,329.32
2023-05-22 23:27,8085.01,8009.00,1848.14,703.37,77.96,120.04,0.00,325.66
2023-05-22 23:28,8085.01,8010.56,1864.47,703.37,78.03,119.57,0.00,341.99
2023-05-22 23:29,8085.01,8027.96,1872.28,704.49,78.17,118.52,0.00,349.80
2023-05-22 23:30,8085.01,8030.23,1874.20,702.96,78.34,120.60,0.00,351.72
2023-05-22 23:31,8085.01,8036.45,736.70,255.32,78.55,124.42,0.00,-785.78
2023-05-22 23:32,8085.01,8036.27,840.16,450.57,78.75,128.75,0.00,-682.32
2023-05-22 23:33,8085.01,8019.52,1770.86,702.15,79.23,125.27,0.00,248.38
2023-05-22 23:34,8085.01,8007.62,1765.86,700.05,79.68,125.74,0.00,243.38
2023-05-22 23:35,8085.01,8008.97,1801.33,699.77,80.16,127.21,0.00,278.85
2023-05-22 23:36,8085.01,8010.43,1810.68,699.77,80.74,128.93,0.00,288.20
2023-05-22 23:37,8085.01,8011.99,1672.34,605.57,81.33,130.60,0.00,-42.75
2023-05-22 23:38,8085.01,8012.08,0.40,0.00,81.55,137.27,0.00,-1811.00
2023-05-22 23:39,8085.01,8012.08,691.64,427.29,82.09,135.70,0.00,-1119.76
2023-05-22 23:40,8085.01,8012.08,1297.73,607.31,82.88,133.25,0.00,-513.67
2023-05-22 23:41,8085.01,8012.08,1375.43,604.93,83.55,133.87,0.00,-435.97
2023-05-22 23:42,8085.01,8012.08,1383.56,603.81,84.24,133.47,0.00,-427.85
2023-05-22 23:43,8085.01,8012.08,1377.21,603.53,84.93,134.14,0.00,-434.19
2023-05-22 23:44,8085.01,8023.24,1400.05,603.95,85.60,136.09,0.00,-411.35
2023-05-22 23:45,8085.01,8063.23,1391.13,600.87,86.37,137.67,0.00,-420.28
2023-05-22 23:46,8085.01,8080.69,1517.51,593.59,87.12,138.77,0.00,-293.89
2023-05-22 23:47,8085.01,8083.00,1353.57,592.68,87.95,139.55,0.00,-457.84
2023-05-22 23:48,8085.01,8083.40,1354.84,593.09,88.69,140.27,0.00,-456.56
2023-05-22 23:49,8085.39,8085.28,1474.78,590.71,89.38,140.78,51.40,-336.62
2023-05-22 23:50,8086.09,8086.09,1572.71,589.87,90.20,141.53,44.98,-238.69
2023-05-22 23:51,8086.35,8086.35,1501.19,588.89,91.13,142.26,12.76,-310.21
2023-05-22 23:52,8086.65,8086.65,1514.74,589.59,91.93,143.11,16.74,-296.67
2023-05-22 23:53,8086.95,8086.95,1519.22,589.45,92.63,143.98,18.45,-292.19
2023-05-22 23:54,8087.34,8087.34,1619.64,588.75,93.54,145.10,25.20,-191.76
2023-05-22 23:55,8087.98,8087.98,1575.44,588.06,94.34,146.10,35.03,-235.96
2023-05-22 23:56,8088.79,8088.79,1625.00,589.03,95.15,146.62,58.86,-186.41
2023-05-22 23:57,8089.00,8088.03,1480.53,590.05,95.89,148.47,16.59,-330.87
2023-05-22 23:58,8089.00,8085.92,1395.11,593.39,96.84,149.06,0.00,-416.29
2023-05-22 23:59,8089.00,8086.99,1674.11,671.81,97.66,148.01,0.00,-137.29
2023-05-23 00:00,8089.39,8089.13,2183.36,709.19,98.61,148.87,51.71,371.96
2023-05-23 00:01,8093.07,8093.07,2654.70,703.61,99.58,150.97,274.38,843.30
2023-05-23 00:02,8096.91,8096.91,2621.06,704.31,100.48,152.22,233.03,809.66
2023-05-23 00:03,8100.59,8100.59,2597.48,705.15,101.50,153.64,233.47,786.08
2023-05-23 00:04,8104.16,8104.16,2543.11,704.88,102.46,155.20,214.25,731.70
2023-05-23 00:05,8106.45,8105.65,2098.82,614.42,103.36,158.47,103.82,287.42
2023-05-23 00:06,8106.51,8104.42,0.44,0.00,103.60,159.38,0.00,-1810.96
2023-05-23 00:07,8106.51,8104.42,0.00,0.00,104.36,154.63,0.00,-1811.40
2023-05-23 00:08,8106.51,8104.42,0.00,0.00,105.00,152.39,0.00,-1811.40
2023-05-23 00:09,8106.51,8104.18,7.29,96.29,105.95,150.83,0.00,-1804.12
2023-05-23 00:10,8106.51,8103.74,1031.06,555.42,107.02,149.03,0.00,-780.34
2023-05-23 00:11,8106.51,8103.74,1379.77,606.64,107.90,148.39,0.00,-431.63
2023-05-23 00:12,8106.51,8103.74,1421.62,604.26,108.57,151.12,0.00,-389.78
2023-05-23 00:13,8106.51,8103.74,1419.93,606.36,108.99,153.96,0.00,-391.48
2023-05-23 00:14,8106.51,8103.74,1428.90,605.24,109.41,155.87,0.00,-382.50
2023-05-23 00:15,8106.51,8103.74,1428.15,606.50,109.85,156.86,0.00,-383.25
2023-05-23 00:16,8106.51,8103.74,1420.50,606.22,110.32,157.44,0.00,-390.90
2023-05-23 00:17,8106.51,8103.74,1425.41,605.80,110.80,158.09,0.00,-385.99
2023-05-23 00:18,8106.51,8104.81,1431.84,609.18,111.29,158.38,0.00,-379.56
2023-05-23 00:19,8107.08,8106.97,1450.66,605.52,111.81,158.12,70.64,-360.74
2023-05-23 00:20,8108.41,8108.41,1606.12,601.46,112.25,157.65,85.50,-205.28
2023-05-23 00:21,8109.19,8109.19,1615.46,600.20,112.63,157.14,51.54,-195.94
2023-05-23 00:22,8109.81,8109.81,1603.19,600.34,113.02,156.40,38.31,-208.21
2023-05-23 00:23,8110.67,8110.67,1634.40,599.78,113.39,155.60,62.10,-177.00
2023-05-23 00:24,8111.42,8111.42,1631.20,601.18,113.77,154.85,42.11,-180.20
2023-05-23 00:25,8112.22,8112.22,1646.41,600.21,114.21,154.17,49.34,-164.99
2023-05-23 00:26,8112.96,8112.96,1644.79,600.63,114.64,153.65,46.63,-166.61
2023-05-23 00:27,8113.53,8112.20,1574.86,600.94,115.13,153.40,30.93,-236.54
2023-05-23 00:28,8113.53,8109.85,1589.42,658.53,115.55,152.87,0.00,-221.98
2023-05-23 00:29,8113.53,8111.33,2001.91,722.93,116.16,152.35,0.00,190.50
2023-05-23 00:30,8114.35,8114.17,2387.34,720.26,116.70,151.75,105.04,575.94
2023-05-23 00:31,8118.00,8118.00,2569.73,715.68,117.27,151.35,245.38,758.33
2023-05-23 00:32,8121.46,8121.46,2558.35,709.46,117.79,150.99,212.02,746.95
2023-05-23 00:33,8124.48,8124.48,2505.79,709.60,118.32,150.61,194.41,694.39
2023-05-23 00:34,8127.97,8127.97,2560.15,709.18,118.85,150.16,223.00,748.75
2023-05-23 00:35,8132.20,8132.20,2739.72,706.11,119.35,149.66,268.01,928.31
2023-05-23 00:36,8136.52,8136.52,2791.11,704.71,119.84,149.31,262.30,979.71
2023-05-23 00:37,8140.87,8140.87,2762.67,706.25,120.35,148.97,267.17,951.27
2023-05-23 00:38,8145.39,8145.39,2756.37,705.83,120.92,148.73,281.69,944.97
2023-05-23 00:39,8149.94,8149.94,2760.38,705.41,121.34,148.54,276.06,948.98
2023-05-23 00:40,8152.89,8149.56,2482.06,705.85,121.83,148.38,146.08,670.65
2023-05-23 00:41,8152.94,8137.77,405.39,69.82,122.05,150.04,0.00,-1406.01
2023-05-23 00:42,8152.94,8137.77,77.19,0.00,122.36,151.34,0.00,-1734.22
2023-05-23 00:43,8152.94,8137.77,211.20,127.70,122.63,148.78,0.00,-1600.20
2023-05-23 00:44,8152.94,8137.77,1334.50,619.09,123.10,145.90,0.00,-476.90
2023-05-23 00:45,8152.94,8137.77,1509.49,613.63,123.49,144.79,0.00,-301.90
2023-05-23 00:46,8152.94,8137.77,1504.54,613.49,123.69,145.28,0.00,-306.86
2023-05-23 00:47,8152.94,8137.77,1504.71,612.79,123.86,145.38,0.00,-306.69
2023-05-23 00:48,8152.94,8137.77,1496.62,612.65,124.04,145.20,0.00,-314.78
2023-05-23 00:49,8152.94,8141.69,1828.33,708.26,124.17,145.01,0.00,16.93
2023-05-23 00:50,8152.94,8149.54,1897.58,709.34,124.30,144.73,0.00,86.18
2023-05-23 00:51,8152.98,8152.14,1909.45,709.21,124.46,144.78,6.86,98.05
2023-05-23 00:52,8155.90,8155.90,2395.83,706.97,109.83,144.69,265.87,584.43
2023-05-23 00:53,8159.77,8159.77,2554.27,703.48,84.64,144.59,232.60,742.87
2023-05-23 00:54,8163.59,8163.59,2549.60,704.17,84.44,144.53,231.58,738.20
2023-05-23 00:55,8167.32,8167.32,2505.39,705.01,84.80,144.38,226.78,693.99
2023-05-23 00:56,8170.79,8170.78,2489.28,705.29,85.20,144.09,212.03,677.88
2023-05-23 00:57,8174.30,8174.30,2522.30,704.73,85.97,143.90,217.33,710.90
2023-05-23 00:58,8177.89,8177.89,2546.23,705.43,118.55,143.50,221.03,734.83
2023-05-23 00:59,8181.42,8181.42,2590.82,704.32,125.21,143.43,217.65,779.42
2023-05-23 01:00,8185.28,8185.28,2624.14,705.43,125.49,142.72,242.27,812.74
2023-05-23 01:01,8189.01,8189.01,2595.05,705.01,125.55,141.82,226.84,783.64
2023-05-23 01:02,8192.61,8192.61,2593.34,704.88,125.46,142.12,223.09,781.94
2023-05-23 01:03,8196.02,8196.02,2550.59,702.79,125.36,142.15,204.64,739.19
2023-05-23 01:04,8197.41,8195.76,1216.45,279.52,125.29,143.16,34.20,-594.95
2023-05-23 01:05,8197.41,8195.04,0.00,0.00,125.30,142.98,0.00,-1811.40
2023-05-23 01:06,8197.41,8195.04,0.00,0.00,125.16,139.29,0.00,-1811.40
2023-05-23 01:07,8197.41,8194.77,0.00,0.00,125.10,137.05,0.00,-1811.40
2023-05-23 01:08,8197.41,8194.24,6.95,117.56,125.02,135.19,0.00,-1804.45
2023-05-23 01:09,8197.41,8194.24,54.73,73.44,125.20,133.42,0.00,-1756.67
2023-05-23 01:10,8197.41,8194.24,72.89,41.45,125.21,131.78,0.00,-1738.51
2023-05-23 01:11,8197.41,8194.24,1372.53,645.04,125.14,130.59,0.00,-438.87
2023-05-23 01:12,8197.41,8194.24,1884.68,711.89,124.98,133.72,0.00,73.28
2023-05-23 01:13,8197.41,8194.24,1910.33,711.20,124.69,135.52,0.00,98.92
2023-05-23 01:14,8197.41,8194.24,1915.59,710.78,124.40,135.74,0.00,104.19
2023-05-23 01:15,8197.41,8194.24,1903.07,710.64,124.12,137.44,0.00,91.67
2023-05-23 01:16,8197.41,8194.24,1904.37,711.76,123.86,138.75,0.00,92.96
2023-05-23 01:17,8197.41,8194.32,1895.19,711.34,123.61,140.37,0.00,83.79
2023-05-23 01:18,8197.41,8195.42,1777.90,666.68,123.40,142.50,0.00,-33.50
2023-05-23 01:19,8197.49,8196.98,1502.13,605.36,123.19,144.81,11.68,-309.28
2023-05-23 01:20,8198.56,8198.56,1632.33,603.41,123.03,145.06,93.35,-179.07
2023-05-23 01:21,8199.24,8199.24,1621.25,601.05,122.91,145.18,45.17,-190.15
2023-05-23 01:22,8199.94,8199.94,1603.17,602.86,122.82,145.21,46.58,-208.24
2023-05-23 01:23,8200.38,8200.38,1580.41,602.16,122.76,145.32,27.26,-230.99
2023-05-23 01:24,8200.91,8200.91,1586.42,600.91,122.76,145.39,30.70,-224.97
2023-05-23 01:25,8201.48,8201.48,1615.58,601.05,122.76,145.45,35.57,-195.82
2023-05-23 01:26,8202.04,8202.04,1646.24,601.33,122.76,145.51,34.18,-165.16
2023-05-23 01:27,8202.66,8202.66,1631.16,599.80,122.76,145.59,37.17,-180.24
2023-05-23 01:28,8203.18,8203.18,1593.69,599.80,122.80,145.66,33.73,-217.71
2023-05-23 01:29,8203.71,8203.71,1574.08,599.25,122.83,145.72,31.21,-237.33
2023-05-23 01:30,8204.29,8204.29,1580.94,600.08,122.90,145.80,35.93,-230.47
2023-05-23 01:31,8204.74,8204.74,1588.28,599.94,122.94,145.86,28.81,-223.12
2023-05-23 01:32,8205.30,8205.30,1580.96,600.50,122.96,145.91,32.75,-230.44
2023-05-23 01:33,8205.91,8205.91,1586.70,597.30,123.02,145.98,37.23,-224.70
2023-05-23 01:34,8206.48,8206.48,1598.01,597.85,123.10,146.03,34.51,-213.39
2023-05-23 01:35,8207.11,8207.11,1576.48,596.32,123.11,146.06,38.49,-234.92
2023-05-23 01:36,8207.59,8207.59,1585.06,597.30,123.21,146.12,31.36,-226.35
2023-05-23 01:37,8208.19,8208.19,1587.15,597.58,123.24,146.13,35.26,-224.25
2023-05-23 01:38,8208.74,8208.74,1575.05,598.41,123.30,146.13,35.07,-236.36
2023-05-23 01:39,8209.24,8209.24,1572.26,598.27,123.30,146.13,30.27,-239.14
2023-05-23 01:40,8209.76,8209.76,1578.95,598.41,123.35,146.13,31.38,-232.45
2023-05-23 01:41,8210.21,8210.21,1566.77,598.55,123.42,146.12,29.84,-244.63
2023-05-23 01:42,8210.67,8210.67,1559.02,598.13,123.48,146.13,27.07,-252.38
2023-05-23 01:43,8211.18,8211.18,1577.54,598.00,123.52,146.13,30.21,-233.86
2023-05-23 01:44,8211.63,8211.63,1573.81,599.11,123.57,146.13,29.45,-237.59
2023-05-23 01:45,8212.10,8212.10,1570.06,600.77,123.62,146.19,27.03,-241.34
2023-05-23 01:46,8212.32,8211.46,1557.77,623.09,123.65,146.26,19.09,-253.62
2023-05-23 01:47,8212.71,8211.57,2088.70,716.42,123.70,146.37,61.37,277.30
2023-05-23 01:48,8215.67,8215.67,2546.68,712.80,123.80,146.48,230.85,735.28
2023-05-23 01:49,8219.12,8219.12,2531.81,713.23,123.83,146.65,212.83,720.41
2023-05-23 01:50,8222.64,8222.64,2521.16,706.32,123.83,146.74,215.58,709.76
2023-05-23 01:51,8226.36,8226.36,2520.38,705.76,123.83,146.47,232.25,708.98
2023-05-23 01:52,8229.99,8229.99,2520.55,705.62,123.84,145.79,221.80,709.15
2023-05-23 01:53,8233.46,8233.46,2507.90,704.51,123.90,146.13,212.15,696.50
2023-05-23 01:54,8237.04,8237.04,2541.95,708.13,123.97,145.85,222.68,730.55
2023-05-23 01:55,8240.80,8240.80,2601.12,725.37,124.03,147.29,231.66,789.72
2023-05-23 01:56,8244.35,8244.35,2566.21,731.21,124.04,147.57,217.33,754.81
2023-05-23 01:57,8247.85,8247.85,2575.35,731.90,124.17,147.72,213.18,763.95
2023-05-23 01:58,8251.30,8251.30,2595.04,730.24,124.30,147.81,211.92,783.64
2023-05-23 01:59,8254.67,8254.67,2590.51,729.82,124.38,147.24,206.30,779.11
2023-05-23 02:00,8257.34,8256.24,2435.87,726.06,124.45,144.54,135.53,624.46
2023-05-23 02:01,8257.58,8254.28,214.14,24.54,124.56,145.68,0.00,-1597.26
2023-05-23 02:02,8257.58,8254.28,438.47,259.50,124.55,146.31,0.00,-1372.93
2023-05-23 02:03,8257.58,8254.28,1756.58,719.24,124.76,141.83,0.00,-54.82
2023-05-23 02:04,8257.58,8254.28,1901.83,720.07,124.91,140.84,0.00,90.43
2023-05-23 02:05,8257.58,8254.28,1899.77,718.55,124.95,141.28,0.00,88.37
2023-05-23 02:06,8257.58,8254.28,1894.20,718.55,125.02,141.56,0.00,82.80
2023-05-23 02:07,8257.58,8254.28,1884.44,720.76,125.02,141.88,0.00,73.05
2023-05-23 02:20,,,1887.84,712.44,125.82,,,76.43
2023-05-23 02:21,8257.58,8254.28,1890.88,718.13,125.88,147.46,0.00,79.48
2023-05-23 02:22,8257.58,8254.28,1889.83,722.72,125.95,147.46,0.00,78.43
2023-05-23 02:23,8257.58,8254.94,1920.97,729.11,126.02,147.46,0.00,109.57
2023-05-23 02:24,8257.58,8255.64,1926.93,730.77,126.07,147.47,0.00,115.53
2023-05-23 02:25,8257.58,8255.72,1923.20,726.88,126.12,147.50,0.00,111.80
2023-05-23 02:26,8257.58,8256.70,1897.71,725.22,126.24,147.52,1.93,86.30
2023-05-23 02:27,8258.22,8258.22,1980.37,719.66,126.33,147.52,61.92,168.97
2023-05-23 02:28,8258.98,8258.98,1994.58,714.24,126.35,147.52,49.84,183.18
2023-05-23 02:29,8259.73,8259.73,2011.80,712.57,126.29,147.52,49.08,200.40
2023-05-23 02:30,8260.23,8260.23,1974.56,714.10,126.13,147.56,33.08,163.16
2023-05-23 02:31,8260.72,8260.72,1969.55,713.68,126.01,147.58,28.99,158.14
2023-05-23 02:32,8261.25,8261.25,1962.45,712.15,126.06,147.62,32.10,151.04
2023-05-23 02:33,8261.71,8261.71,1956.30,712.98,126.06,147.66,31.32,144.90
2023-05-23 02:34,8262.15,8262.15,1964.16,709.24,126.08,147.35,24.97,152.76
2023-05-23 02:35,8262.61,8262.61,1952.25,708.68,126.15,147.24,28.70,140.85
2023-05-23 02:36,8263.05,8263.05,1930.25,708.27,126.22,147.77,28.77,118.85
2023-05-23 02:37,8263.39,8263.39,1943.21,708.40,126.27,147.87,21.26,131.81
2023-05-23 02:38,8263.91,8263.91,1874.50,688.59,126.29,148.03,29.50,63.10
2023-05-23 02:39,8264.34,8264.34,1828.74,677.77,126.41,148.16,27.83,17.34
2023-05-23 02:40,8264.67,8264.67,1827.50,678.33,126.50,148.22,22.61,16.10
2023-05-23 02:41,8265.06,8265.06,1804.10,678.88,126.64,148.26,22.86,-7.30
2023-05-23 02:42,8265.45,8265.45,1784.55,679.85,126.77,148.31,22.63,-26.86
2023-05-23 02:43,8265.83,8265.83,1795.48,680.96,126.83,148.34,23.61,-15.92
2023-05-23 02:44,8266.15,8266.15,1808.71,679.72,126.93,148.37,20.92,-2.69
2023-05-23 02:45,8266.55,8266.55,1819.90,678.05,127.01,148.39,22.00,8.50
2023-05-23 02:46,8266.96,8266.96,1823.10,677.49,127.19,148.33,24.12,11.70
2023-05-23 02:47,8267.33,8267.33,1806.10,677.22,127.27,148.26,25.09,-5.30
2023-05-23 02:48,8267.70,8267.70,1794.20,676.94,127.46,148.26,21.32,-17.20
2023-05-23 02:49,8268.10,8268.10,1813.99,677.63,127.51,148.20,24.29,2.59
2023-05-23 02:50,8268.50,8268.50,1824.49,678.32,127.57,148.11,23.33,13.09
2023-05-23 02:51,8268.84,8268.84,1814.74,677.49,127.70,148.07,23.90,3.34
2023-05-23 02:52,8269.23,8269.23,1796.88,678.74,127.82,147.96,21.59,-14.52
2023-05-23 02:53,8269.63,8269.63,1814.55,678.05,127.84,147.92,24.33,3.14
2023-05-23 02:54,8270.04,8270.04,1802.46,679.02,127.94,147.86,24.82,-8.94
2023-05-23 02:55,8270.36,8270.36,1808.21,678.33,128.07,147.80,21.38,-3.19
2023-05-23 02:56,8270.77,8270.77,1831.18,678.61,128.12,147.72,22.79,19.78
2023-05-23 02:57,8271.16,8271.16,1811.46,677.07,128.22,147.66,24.21,0.06
2023-05-23 02:58,8271.54,8271.54,1801.12,676.66,128.31,147.59,24.58,-10.28
2023-05-23 02:59,8271.86,8271.86,1805.55,677.77,128.31,147.52,20.03,-5.85
2023-05-23 03:00,8272.25,8272.25,1813.32,677.21,128.39,147.49,22.27,1.92
2023-05-23 03:01,8272.64,8272.64,1810.17,677.49,128.44,147.45,22.80,-1.23
2023-05-23 03:02,8273.00,8273.00,1787.13,677.63,128.58,147.38,24.82,-24.27
2023-05-23 03:03,8273.36,8273.36,1803.18,676.38,128.68,147.34,20.23,-8.22
2023-05-23 03:04,8273.77,8273.77,1788.54,678.19,128.73,147.28,24.62,-22.87
2023-05-23 03:05,8274.16,8274.16,1802.18,679.30,128.93,147.26,24.22,-9.22
2023-05-23 03:06,8274.49,8274.49,1822.06,677.36,129.00,147.22,22.50,10.66
2023-05-23 03:07,8274.86,8274.86,1808.44,679.44,129.07,147.21,20.32,-2.96
2023-05-23 03:08,8275.26,8275.26,1794.12,679.02,129.13,147.18,24.33,-17.28
2023-05-23 03:09,8275.69,8275.69,1808.86,678.74,129.17,147.13,25.46,-2.54
2023-05-23 03:10,8276.03,8276.03,1806.93,678.75,129.19,147.13,22.52,-4.47
2023-05-23 03:11,8276.46,8276.46,1806.46,679.85,129.19,147.13,23.97,-4.94
2023-05-23 03:12,8276.86,8276.86,1811.00,680.83,129.26,147.13,25.52,-0.40
2023-05-23 03:13,8277.24,8277.24,1823.90,680.27,129.19,147.13,24.50,12.50
2023-05-23 03:14,8277.61,8277.61,1841.64,678.33,129.20,147.13,21.39,30.24
2023-05-23 03:15,8278.09,8278.09,1859.93,679.44,129.23,147.13,27.41,48.53
2023-05-23 03:16,8278.56,8278.56,1834.21,678.47,129.27,147.13,30.06,22.81
2023-05-23 03:17,8278.88,8278.88,1833.84,678.88,129.32,147.16,22.12,22.43
2023-05-23 03:18,8279.28,8279.28,1844.21,679.86,129.27,147.13,22.70,32.81
2023-05-23 03:19,8279.73,8279.73,1827.81,680.41,129.36,147.13,26.13,16.42
2023-05-23 03:20,8280.11,8280.11,1829.19,680.27,129.38,147.13,26.52,17.79
2023-05-23 03:21,8280.52,8280.52,1839.35,679.71,129.41,147.14,21.96,27.95
2023-05-23 03:22,8280.95,8280.95,1834.90,679.58,129.40,147.19,26.93,23.50
2023-05-23 03:23,8281.42,8281.42,1838.69,678.33,129.39,147.19,28.55,27.29
2023-05-23 03:24,8281.57,8281.56,1790.56,677.91,129.37,147.21,21.43,-20.84
2023-05-23 03:25,8281.59,8279.50,1810.97,698.55,129.38,147.20,0.00,-0.43
2023-05-23 03:26,8283.57,8283.57,2422.02,716.56,129.45,147.19,191.91,610.62
2023-05-23 03:27,8286.37,8286.37,2421.71,715.73,129.47,147.24,174.15,610.31
2023-05-23 03:28,8287.29,8285.51,859.67,252.57,129.42,147.25,26.39,-951.73
2023-05-23 03:29,8287.29,8285.25,0.00,0.00,129.47,143.93,0.00,-1811.40
2023-05-23 03:30,8287.29,8285.25,0.00,0.00,129.39,141.94,0.00,-1811.40
2023-05-23 03:31,8287.29,8285.25,0.00,0.00,129.39,139.68,0.00,-1811.40
2023-05-23 03:32,8287.29,8285.25,0.00,0.00,129.31,137.44,0.00,-1811.40
2023-05-23 03:33,8287.29,8285.25,0.00,0.00,129.17,135.80,0.00,-1811.40
2023-05-23 03:34,8287.29,8285.25,0.00,0.00,129.07,134.25,0.00,-1811.40
2023-05-23 03:35,8287.29,8285.27,57.72,150.09,129.00,132.60,0.00,-1753.68
2023-05-23 03:36,8287.29,8285.29,1543.43,716.18,128.86,131.13,0.00,-267.97
2023-05-23 03:37,8287.29,8285.29,1792.28,711.18,128.75,133.31,0.00,-19.12
2023-05-23 03:38,8287.29,8285.29,1817.94,710.34,128.62,136.35,0.00,6.54
2023-05-23 03:39,8287.29,8285.29,1812.48,711.04,128.51,137.90,0.00,1.08
2023-05-23 03:40,8287.29,8285.29,1815.84,710.62,128.36,139.16,0.00,4.43
2023-05-23 03:41,8287.29,8285.29,1812.09,710.35,128.24,141.38,0.00,0.68
2023-05-23 03:42,8287.29,8285.29,1819.60,710.07,128.15,144.16,0.00,8.21
2023-05-23 03:43,8287.29,8285.29,1756.41,689.82,128.03,145.56,0.00,-54.99
2023-05-23 03:44,8287.29,8285.60,1590.04,655.30,127.93,146.13,0.00,-147.99
2023-05-23 03:45,8287.42,8287.20,1618.91,656.97,127.81,146.28,24.10,27.61
2023-05-23 03:46,8287.70,8287.70,1667.95,659.34,127.72,146.40,37.35,76.66
2023-05-23 03:47,8287.97,8287.97,1674.30,660.58,127.69,146.46,19.21,83.01
2023-05-23 03:48,8287.97,8287.97,1671.63,664.62,127.64,146.47,16.67,80.33
2023-05-23 03:49,8287.98,8287.14,1692.24,668.92,127.56,146.59,4.86,100.94
2023-05-23 03:50,8287.99,8285.49,1631.63,664.48,127.60,146.64,0.00,40.33
2023-05-23 03:51,8287.99,8285.49,1641.27,669.48,127.56,146.72,0.00,49.97
2023-05-23 03:52,8287.99,8285.49,1664.71,672.26,127.62,146.76,0.00,73.41
2023-05-23 03:53,8287.99,8285.49,1662.64,673.24,127.56,146.80,0.00,71.34
2023-05-23 03:54,8287.99,8286.60,1656.66,672.40,127.55,146.86,0.00,65.36
2023-05-23 03:55,8288.27,8288.22,1694.49,661.55,127.60,146.92,35.30,103.20
2023-05-23 03:56,8289.00,8289.00,1748.52,660.44,127.68,146.94,50.98,157.22
2023-05-23 03:57,8289.23,8289.22,1750.66,660.86,127.67,146.98,17.79,159.37
2023-05-23 03:58,8289.92,8289.92,1746.11,661.28,127.71,147.01,36.01,154.81
2023-05-23 03:59,8290.58,8290.58,1775.57,660.17,127.75,147.06,44.53,184.27
2023-05-23 04:00,8290.98,8290.98,1738.31,658.23,127.84,147.08,26.59,147.01
2023-05-23 04:01,8291.28,8291.28,1752.07,658.78,127.88,147.12,19.52,160.77
2023-05-23 04:02,8291.81,8291.81,1757.37,659.20,127.93,147.13,30.53,166.07
2023-05-23 04:03,8292.21,8292.20,1742.50,661.70,127.93,147.19,27.37,151.20
2023-05-23 04:04,8292.50,8292.50,1763.89,660.03,127.88,147.19,21.25,172.59
2023-05-23 04:05,8292.94,8292.94,1765.79,659.48,127.83,147.24,22.95,174.50
2023-05-23 04:06,8293.23,8293.23,1753.65,660.03,127.87,147.26,24.21,162.35
2023-05-23 04:07,8293.36,8293.36,1744.95,660.86,127.99,147.32,13.66,153.65
2023-05-23 04:08,8293.94,8293.94,1761.79,660.86,128.09,147.40,25.59,170.50
2023-05-23 04:09,8294.35,8294.35,1736.90,660.59,128.10,147.49,26.36,145.60
2023-05-23 04:10,8294.64,8294.64,1749.96,664.21,128.14,147.59,21.16,158.66
2023-05-23 04:11,8294.96,8294.96,1753.16,665.74,128.14,147.68,18.66,161.86
2023-05-23 04:12,8295.27,8295.27,1752.56,662.40,128.14,147.77,18.23,161.26
2023-05-23 04:13,8295.65,8295.65,1751.82,661.70,128.25,147.86,21.74,160.52
2023-05-23 04:14,8295.94,8295.94,1745.77,661.84,128.29,147.97,21.19,154.47
2023-05-23 04:15,8296.12,8295.03,1780.77,659.06,128.34,148.04,21.28,189.47
2023-05-23 04:16,8298.20,8298.20,2375.19,700.66,128.35,148.07,179.08,783.89
2023-05-23 04:17,8301.01,8301.01,2485.16,722.03,128.41,148.20,176.66,893.87
2023-05-23 04:18,8303.89,8303.89,2466.69,723.84,128.42,148.32,176.14,875.40
2023-05-23 04:19,8306.69,8306.69,2464.69,725.37,128.52,148.44,171.06,873.40
2023-05-23 04:20,8309.55,8309.55,2470.59,725.50,128.46,148.60,180.55,879.30
2023-05-23 04:21,8312.39,8312.39,2479.40,725.23,128.42,148.71,174.17,888.11
2023-05-23 04:22,8315.22,8315.22,2492.71,725.64,128.52,148.60,171.80,901.41
2023-05-23 04:23,8316.44,8313.94,1356.76,387.74,128.54,146.74,28.20,-234.54
2023-05-23 04:24,8316.44,8313.14,67.30,36.74,128.66,148.70,0.00,-1523.99
2023-05-23 04:25,8316.44,8313.14,1491.55,724.39,128.74,146.06,0.00,-99.74
2023-05-23 04:26,8316.44,8313.14,1861.89,725.09,128.75,143.37,0.00,270.59
2023-05-23 04:27,8316.44,8313.14,1895.06,724.26,128.80,144.07,0.00,303.76
2023-05-23 04:28,8316.44,8313.14,1888.24,723.84,128.80,144.66,0.00,296.94
2023-05-23 04:29,8316.44,8313.14,1890.87,725.09,128.76,145.66,0.00,299.57
2023-05-23 04:30,8316.44,8313.14,1897.60,725.09,128.74,147.43,0.00,306.30
2023-05-23 04:31,8316.44,8313.14,1890.05,720.93,128.73,148.25,0.00,298.75
2023-05-23 04:32,8316.44,8313.14,1624.61,653.24,128.74,148.43,0.00,33.31
2023-05-23 04:33,8316.44,8313.44,1597.97,655.73,128.78,148.45,0.00,6.68
2023-05-23 04:34,8316.44,8314.13,1608.03,655.32,128.83,148.42,0.00,16.73
2023-05-23 04:35,8316.45,8315.72,1595.74,650.74,128.87,148.37,5.18,4.44
2023-05-23 04:36,8317.03,8317.03,1655.05,645.46,128.88,148.32,56.74,63.75
2023-05-23 04:37,8317.64,8317.64,1690.63,643.93,128.89,148.28,37.68,99.33
2023-05-23 04:38,8317.93,8317.93,1690.33,643.78,128.95,148.21,22.38,99.04
2023-05-23 04:39,8318.29,8318.29,1690.82,642.54,129.01,148.16,18.29,99.52
2023-05-23 04:40,8318.64,8318.64,1688.68,643.09,129.06,148.09,22.69,97.38
2023-05-23 04:41,8318.96,8318.96,1705.08,644.06,129.08,148.06,19.72,113.78
2023-05-23 04:42,8319.34,8319.34,1675.47,645.87,129.12,148.03,21.39,84.17
2023-05-23 04:43,8319.74,8319.74,1672.20,646.84,129.16,147.99,24.11,80.91
2023-05-23 04:44,8320.08,8320.08,1695.45,645.46,129.21,147.96,23.05,104.15
2023-05-23 04:45,8320.38,8320.38,1698.03,645.18,129.21,147.90,18.79,106.73
2023-05-23 04:46,8320.72,8320.72,1681.08,644.90,129.20,147.87,19.48,89.78
2023-05-23 04:47,8321.07,8321.07,1679.48,644.34,129.22,147.86,20.91,88.18
2023-05-23 04:48,8321.43,8321.43,1689.76,645.45,129.23,147.86,21.73,98.46
2023-05-23 04:49,8321.71,8321.71,1694.22,646.43,129.18,147.80,19.80,102.92
2023-05-23 04:50,8322.11,8322.11,1682.32,645.04,129.22,147.79,20.04,91.03
2023-05-23 04:51,8322.49,8322.49,1686.57,645.87,129.21,147.74,24.79,95.27
2023-05-23 04:52,8322.83,8322.83,1680.64,646.15,129.19,147.72,20.64,89.35
2023-05-23 04:53,8323.09,8323.09,1688.79,644.76,129.14,147.73,19.32,97.49
2023-05-23 04:54,8323.39,8323.39,1685.08,645.32,129.20,147.72,16.44,93.79
2023-05-23 04:55,8323.74,8323.74,1687.63,645.32,129.21,147.72,19.35,96.34
2023-05-23 04:56,8324.07,8324.07,1668.73,644.76,129.19,147.71,21.15,77.43
2023-05-23 04:57,8324.38,8324.38,1660.60,645.32,129.19,147.72,19.39,69.30
2023-05-23 04:58,8324.77,8324.77,1674.32,645.60,129.20,147.74,20.99,83.02
2023-05-23 04:59,8325.30,8325.30,1692.19,646.85,129.26,147.73,31.29,100.89
2023-05-23 05:00,8325.76,8325.76,1688.92,645.05,129.29,147.78,33.08,97.62
2023-05-23 05:01,8326.12,8326.12,1691.64,647.96,129.33,147.79,20.64,100.35
2023-05-23 05:02,8326.56,8326.56,1696.28,648.24,129.27,147.81,25.43,104.99
2023-05-23 05:03,8327.00,8327.00,1695.65,648.93,129.34,147.86,26.96,104.35
2023-05-23 05:04,8327.40,8327.40,1714.74,648.51,129.37,147.90,25.46,123.44
2023-05-23 05:05,8327.87,8327.87,1709.45,647.13,129.35,147.98,27.05,118.15
2023-05-23 05:06,8328.32,8328.32,1722.84,649.77,129.40,148.05,28.10,131.54
2023-05-23 05:07,8328.72,8328.72,1732.41,649.21,129.34,148.09,25.86,141.12
2023-05-23 05:08,8329.17,8329.17,1722.08,649.91,129.31,148.17,25.49,130.78
2023-05-23 05:09,8329.64,8329.64,1731.76,651.30,129.27,148.22,28.81,140.46
2023-05-23 05:10,8330.06,8330.06,1718.97,648.94,129.34,148.26,27.83,127.67
2023-05-23 05:11,8330.50,8330.50,1710.12,647.68,129.38,148.31,24.51,118.82
2023-05-23 05:12,8330.89,8330.89,1715.55,648.24,129.36,148.32,28.31,124.25
2023-05-23 05:13,8330.93,8329.29,1649.34,649.90,129.33,148.32,7.82,58.04
2023-05-23 05:14,8330.93,8328.64,1755.64,688.45,129.31,148.32,0.00,164.34
2023-05-23 05:15,8330.93,8329.31,1940.16,715.08,129.32,148.32,2.09,199.42
2023-05-23 05:16,8333.06,8333.06,2393.88,717.58,129.39,148.32,199.82,503.70
2023-05-23 05:17,8335.70,8335.70,2402.57,723.00,129.40,148.32,163.63,512.39
2023-05-23 05:18,8338.52,8338.52,2399.26,723.41,129.40,148.32,177.54,509.08
2023-05-23 05:19,8341.36,8341.36,2414.53,723.69,129.40,148.32,176.34,524.35
2023-05-23 05:20,8344.32,8344.32,2397.45,723.56,129.40,148.33,184.08,507.27
2023-05-23 05:21,8346.33,8345.90,2325.79,722.86,129.40,148.34,113.19,435.61
2023-05-23 05:22,8346.39,8343.78,143.54,23.04,129.37,148.22,0.00,-1746.64
2023-05-23 05:23,8346.39,8343.78,265.14,199.03,129.46,149.10,0.00,-1625.04
2023-05-23 05:24,8346.39,8343.78,1654.21,716.88,129.49,146.12,0.00,-235.97
2023-05-23 05:25,8346.39,8343.78,1821.30,717.44,129.34,144.38,0.00,-68.88
2023-05-23 05:26,8355.23,8347.19,1867.53,722.72,128.90,144.87,0.00,-22.65
2023-05-23 05:27,8357.00,8354.00,1857.25,722.44,128.31,145.40,0.00,-32.93
2023-05-23 05:28,8357.00,8354.00,1854.38,723.00,127.75,146.41,0.00,-35.80
2023-05-23 05:29,8357.00,8354.00,1845.23,722.72,127.08,147.47,0.00,-44.95
2023-05-23 05:30,8357.00,8354.01,1691.16,672.92,126.50,147.83,0.00,-199.02
2023-05-23 05:31,8357.00,8354.87,1566.35,647.65,126.03,147.90,0.00,14.22
2023-05-23 05:32,8357.12,8356.71,1604.34,650.29,125.60,147.89,16.40,54.35
2023-05-23 05:33,8358.72,8358.72,1725.01,653.91,125.27,147.86,127.51,174.07
2023-05-23 05:34,8359.79,8359.79,1756.09,655.02,124.99,147.86,60.77,205.15
2023-05-23 05:35,8360.41,8360.41,1769.63,653.08,124.67,147.86,35.02,218.70
2023-05-23 05:36,8360.97,8360.97,1773.05,651.97,124.44,147.79,34.01,222.11
2023-05-23 05:37,8361.62,8361.62,1745.72,650.43,124.24,147.79,39.03,194.78
2023-05-23 05:38,8362.14,8362.14,1723.16,649.04,124.02,147.73,33.47,172.22
2023-05-23 05:39,8362.71,8362.71,1742.67,646.96,123.87,147.66,33.57,191.73
2023-05-23 05:40,8363.27,8363.27,1723.68,646.96,123.70,147.65,35.83,172.74
2023-05-23 05:41,8363.73,8363.73,1733.89,645.99,123.54,147.59,27.91,182.95
2023-05-23 05:42,8364.27,8364.27,1727.63,645.85,123.42,147.52,32.91,176.69
2023-05-23 05:43,8364.81,8364.81,1718.62,646.54,123.28,147.48,33.52,167.68
2023-05-23 05:44,8365.34,8365.34,1706.59,647.51,123.11,147.45,31.06,155.65
2023-05-23 05:45,8365.91,8365.91,1715.81,647.79,122.98,147.39,34.43,164.87
2023-05-23 05:46,8366.39,8366.39,1717.10,647.79,122.87,147.36,31.23,166.16
2023-05-23 05:47,8366.91,8366.91,1711.56,647.52,122.67,147.33,30.21,160.62
2023-05-23 05:48,8367.43,8367.43,1714.34,645.85,122.47,147.27,31.87,163.40
2023-05-23 05:49,8367.88,8367.88,1717.89,646.68,122.17,147.26,29.27,166.95
2023-05-23 05:50,8368.43,8368.43,1718.13,645.71,121.94,147.19,32.20,167.19
2023-05-23 05:51,8369.01,8369.01,1713.76,646.40,121.68,147.13,37.07,162.82
2023-05-23 05:52,8369.51,8369.51,1716.86,645.85,121.48,147.07,30.44,165.92
2023-05-23 05:53,8370.11,8370.11,1721.65,645.71,121.27,147.01,36.77,170.71
2023-05-23 05:54,8370.62,8370.62,1736.40,644.87,121.12,146.99,31.60,185.46
2023-05-23 05:55,8371.31,8371.31,1768.49,646.96,120.97,146.93,41.00,217.54
2023-05-23 05:56,8371.89,8371.51,2072.54,336.07,120.83,146.65,48.41,521.60
2023-05-23 05:57,8371.90,8365.63,126.79,0.00,120.77,146.71,0.00,-1424.15
2023-05-23 05:58,8371.90,8365.63,137.60,0.00,120.70,145.42,0.00,-1413.34
2023-05-23 05:59,8371.90,8365.63,142.93,0.00,120.62,142.53,0.00,-1408.01
2023-05-23 06:00,8371.90,8365.63,138.32,0.00,120.48,140.33,0.00,-1412.62
2023-05-23 06:01,8371.90,8365.63,489.83,264.79,120.45,138.45,0.00,-1061.11
2023-05-23 06:02,8371.90,8365.63,1677.47,699.14,119.93,136.64,0.00,126.52
2023-05-23 06:03,8371.90,8365.63,1847.43,701.63,119.47,137.44,0.00,296.49
2023-05-23 06:04,8371.90,8365.63,1812.09,703.02,119.08,138.95,0.00,261.15
2023-05-23 06:05,8371.90,8365.63,1792.65,701.35,118.68,141.04,0.00,241.71
2023-05-23 06:06,8371.90,8365.63,1802.25,700.51,118.36,144.01,0.00,251.31
2023-05-23 06:07,8371.90,8365.63,1765.19,702.04,118.06,144.04,0.00,214.25
2023-05-23 06:08,8371.90,8365.63,1791.69,700.38,117.81,144.88,0.00,240.74
2023-05-23 06:09,8371.90,8365.64,1784.65,701.34,117.62,145.40,0.00,233.71
2023-05-23 06:10,8371.90,8368.35,1821.94,700.79,117.41,145.63,0.00,132.57
2023-05-23 06:11,8373.41,8373.34,2221.98,699.26,117.28,145.75,178.01,394.19
2023-05-23 06:12,8376.46,8376.46,2391.00,701.07,117.19,145.82,178.33,563.21
2023-05-23 06:13,8379.42,8379.42,2381.88,701.62,117.19,145.89,186.85,554.09
2023-05-23 06:14,8382.49,8382.49,2400.49,701.62,117.19,145.92,185.23,572.70
2023-05-23 06:15,8385.44,8385.44,2425.75,702.18,117.23,145.93,187.46,597.96
2023-05-23 06:16,8388.82,8387.83,1901.11,586.10,117.28,145.97,58.51,73.32
2023-05-23 06:17,8388.82,8387.00,0.00,0.00,117.19,144.78,0.00,-1827.79
2023-05-23 06:18,8388.82,8387.00,0.00,0.00,117.10,142.03,0.00,-1827.79
2023-05-23 06:19,8388.82,8387.00,0.00,0.00,117.17,139.69,0.00,-1827.79
2023-05-23 06:20,8388.82,8387.02,0.00,0.00,117.12,137.50,0.00,-1827.79
2023-05-23 06:21,8388.82,8386.69,992.62,646.62,117.18,135.69,0.00,-835.17
2023-05-23 06:22,8388.82,8386.69,1685.84,698.98,117.05,135.25,0.00,-141.95
2023-05-23 06:23,8388.82,8386.69,1756.48,697.87,116.82,137.64,0.00,-71.31
2023-05-23 06:24,8388.82,8386.69,1771.93,698.29,116.58,138.97,0.00,-55.85
2023-05-23 06:25,8388.82,8386.69,1761.35,697.73,116.34,140.85,0.00,-66.44
2023-05-23 06:26,8388.82,8386.69,1746.97,698.43,116.15,143.01,0.00,-80.81
2023-05-23 06:27,8388.82,8386.69,1754.36,699.26,116.04,144.21,0.00,-73.44
2023-05-23 06:28,8388.82,8385.32,1703.55,680.25,115.97,144.60,0.00,-124.25
2023-05-23 06:29,8388.82,8386.07,1571.45,651.51,115.93,144.69,0.00,-36.28
2023-05-23 06:30,8388.83,8388.04,1564.05,650.40,115.93,144.67,4.38,6.26
2023-05-23 06:31,8390.22,8390.22,1681.71,648.73,115.93,144.61,123.92,130.44
2023-05-23 06:32,8391.47,8391.47,1765.45,648.18,115.96,144.60,64.46,214.18
2023-05-23 06:33,8391.95,8391.95,1764.74,648.31,116.00,144.58,32.74,213.47
2023-05-23 06:34,8392.61,8392.61,1760.44,650.12,116.06,144.54,42.70,209.17
2023-05-23 06:35,8393.11,8393.11,1758.70,649.56,116.09,144.54,30.28,207.43
2023-05-23 06:36,8393.53,8393.53,1763.88,648.87,116.21,144.50,26.69,212.61
2023-05-23 06:37,8394.00,8394.00,1762.62,647.76,116.28,144.53,28.63,211.35
2023-05-23 06:38,8394.49,8394.49,1749.69,647.34,116.38,144.47,28.83,198.41
2023-05-23 06:39,8394.85,8394.85,1735.41,647.48,116.45,144.46,25.57,184.14
2023-05-23 06:40,8395.24,8395.24,1743.88,648.31,116.44,144.43,22.08,192.61
2023-05-23 06:41,8395.67,8395.67,1721.78,649.15,116.58,144.42,24.77,170.51
2023-05-23 06:42,8396.12,8396.12,1708.69,651.09,116.66,144.41,29.51,157.42
2023-05-23 06:43,8396.57,8396.57,1733.79,650.81,116.69,144.41,25.02,182.52
2023-05-23 06:44,8397.07,8397.07,1735.54,650.26,116.75,144.41,30.93,184.27
2023-05-23 06:45,8397.52,8397.52,1730.92,649.56,116.78,144.35,30.09,179.65
2023-05-23 06:46,8398.00,8398.00,1723.80,648.87,116.89,144.34,27.28,172.52
2023-05-23 06:47,8398.50,8398.50,1715.18,647.76,116.92,144.34,29.29,163.91
2023-05-23 06:48,8398.96,8398.96,1720.90,649.01,116.97,144.34,31.21,169.63
2023-05-23 06:49,8399.41,8399.41,1732.25,648.87,117.00,144.34,25.67,180.97
2023-05-23 06:50,8399.93,8399.93,1723.93,648.04,117.02,144.35,31.70,172.66
2023-05-23 06:51,8400.36,8400.36,1718.16,648.59,117.09,144.38,29.05,166.88
2023-05-23 06:52,8400.75,8400.75,1716.11,647.76,117.12,144.41,22.73,164.84
2023-05-23 06:53,8401.21,8401.21,1715.47,647.48,117.14,144.45,27.71,164.20
2023-05-23 06:54,8401.65,8401.65,1720.81,647.34,117.19,144.46,26.41,169.54
2023-05-23 06:55,8402.00,8402.00,1732.37,648.45,117.19,144.44,24.45,181.09
2023-05-23 06:56,8402.46,8402.46,1730.09,647.90,117.19,144.42,25.59,178.82
2023-05-23 06:57,8402.93,8402.93,1722.37,649.28,117.19,144.41,27.71,171.10
2023-05-23 06:58,8403.35,8403.35,1703.94,649.15,117.26,144.40,27.71,152.66
2023-05-23 06:59,8403.79,8403.79,1703.71,648.31,117.24,144.34,25.50,152.44
2023-05-23 07:00,8404.20,8404.20,1704.69,649.01,117.25,144.34,25.55,153.41
2023-05-23 07:01,8404.59,8404.59,1704.00,650.95,117.26,144.28,26.01,152.73
2023-05-23 07:02,8404.95,8404.95,1701.15,649.42,117.31,144.27,20.78,149.88
2023-05-23 07:03,8405.37,8405.37,1709.53,649.56,117.29,144.22,24.71,158.26
2023-05-23 07:04,8405.81,8405.81,1704.88,649.84,117.31,144.21,26.27,153.61
2023-05-23 07:05,8406.15,8406.15,1707.50,648.45,117.28,144.21,24.99,156.23
2023-05-23 07:06,8406.52,8406.52,1722.57,647.62,117.24,144.14,20.26,171.29
2023-05-23 07:07,8406.92,8406.92,1725.91,647.62,117.14,144.13,23.96,174.64
2023-05-23 07:08,8407.32,8407.32,1720.20,648.31,117.13,144.08,24.30,168.94
2023-05-23 07:09,8407.65,8407.65,1716.65,647.90,117.17,143.82,22.32,165.38
2023-05-23 07:10,8408.06,8408.06,1726.36,647.07,117.21,141.93,22.50,175.09
2023-05-23 07:11,8408.51,8408.51,1724.96,647.76,117.27,140.25,27.12,173.68
2023-05-23 07:12,8408.92,8408.92,1730.84,646.79,117.33,139.88,26.77,179.56
2023-05-23 07:13,8409.33,8409.33,1724.24,648.31,117.40,140.03,22.82,172.96
2023-05-23 07:14,8409.77,8409.77,1728.05,647.76,117.45,140.88,26.73,176.78
2023-05-23 07:15,8410.24,8410.24,1734.85,647.21,117.48,142.10,28.77,183.58
2023-05-23 07:16,8410.66,8410.66,1726.09,647.20,117.52,142.80,25.59,174.82
2023-05-23 07:17,8411.14,8411.14,1722.51,647.20,117.52,142.94,29.69,171.23
2023-05-23 07:18,8411.61,8411.61,1737.04,648.18,117.52,142.89,28.92,185.76
2023-05-23 07:19,8412.12,8412.12,1726.88,647.62,117.52,142.87,29.70,175.61
2023-05-23 07:20,8412.65,8412.65,1716.80,646.51,117.52,142.80,32.72,165.53
2023-05-23 07:21,8413.11,8413.11,1741.01,647.06,117.52,142.69,30.00,189.74
2023-05-23 07:22,8413.56,8413.56,1746.86,648.04,117.52,142.60,25.96,195.59
2023-05-23 07:23,8414.06,8414.06,1716.36,648.31,117.52,142.54,30.84,165.09
2023-05-23 07:24,8414.53,8414.53,1735.18,649.28,117.52,142.44,30.03,183.91
2023-05-23 07:25,8415.00,8415.00,1738.29,649.15,117.45,142.36,27.65,187.01
2023-05-23 07:26,8415.53,8415.53,1752.63,647.62,117.45,142.28,31.33,201.36
2023-05-23 07:27,8416.01,8416.01,1754.10,647.20,117.44,142.16,30.79,202.83
2023-05-23 07:28,8416.48,8416.48,1742.61,647.21,117.43,142.07,27.61,191.34
2023-05-23 07:29,8416.96,8416.96,1751.37,647.20,117.31,142.02,30.38,200.10
2023-05-23 07:30,8417.43,8417.43,1747.56,648.03,117.29,141.93,29.82,196.29
2023-05-23 07:31,8417.91,8417.91,1741.60,648.04,117.26,141.86,27.38,190.33
2023-05-23 07:32,8418.43,8418.43,1739.10,649.01,117.19,141.80,32.09,187.83
2023-05-23 07:33,8418.87,8418.87,1728.23,648.59,117.12,141.69,29.83,176.96
2023-05-23 07:34,8419.31,8419.31,1724.37,648.73,117.12,141.63,24.78,173.10
2023-05-23 07:35,8419.79,8419.79,1743.75,646.93,117.10,141.54,28.74,192.48
2023-05-23 07:36,8419.99,8417.44,1715.33,645.96,116.99,141.48,14.17,164.06
2023-05-23 07:37,8419.99,8414.79,108.47,21.79,116.77,141.24,0.00,-1442.81
2023-05-23 07:38,8419.99,8414.79,30.19,0.00,116.95,141.63,0.00,-1521.09
2023-05-23 07:39,8419.99,8414.79,392.10,250.27,116.92,138.86,0.00,-1159.17
2023-05-23 07:40,8419.99,8414.79,1574.97,690.39,116.83,135.29,0.00,23.70
2023-05-23 07:41,8419.99,8414.79,1762.28,694.61,116.72,134.36,0.00,211.01
2023-05-23 07:42,8419.99,8414.79,1764.03,694.89,116.56,134.81,0.00,212.76
2023-05-23 07:43,8419.99,8414.79,1753.62,695.31,116.40,136.09,0.00,202.35
2023-05-23 07:44,8419.99,8414.79,1761.39,695.59,116.20,138.55,0.00,210.12
2023-05-23 07:45,8419.99,8414.79,1763.66,694.21,116.05,139.84,0.00,212.38
2023-05-23 07:46,8419.99,8415.55,1800.38,699.17,115.95,139.66,0.00,248.85
2023-05-23 07:47,8420.44,8419.73,2041.58,700.41,115.81,140.05,69.95,251.06
2023-05-23 07:48,8423.00,8423.00,2356.36,700.25,115.73,140.34,176.95,565.84
2023-05-23 07:49,8425.66,8425.66,2363.44,700.67,115.65,140.44,168.00,572.92
2023-05-23 07:50,8428.20,8428.20,2356.63,700.95,115.60,140.44,156.25,566.11
2023-05-23 07:51,8430.75,8430.75,2395.96,700.95,115.60,140.49,157.78,605.44
2023-05-23 07:52,8433.38,8433.38,2383.81,700.39,115.60,140.49,165.30,593.29
2023-05-23 07:53,8435.91,8435.91,2383.52,700.11,115.60,140.49,160.41,593.00
2023-05-23 07:54,8438.44,8438.44,2410.62,701.09,115.61,140.49,156.05,620.10
2023-05-23 07:55,8441.02,8441.02,2363.45,701.37,115.66,140.49,158.23,572.93
2023-05-23 07:56,8443.52,8443.52,2369.01,698.99,115.68,140.48,154.33,578.49
2023-05-23 07:57,8446.10,8446.10,2406.74,699.98,115.73,140.42,161.33,616.22
2023-05-23 07:58,8448.63,8448.63,2382.49,699.15,115.75,140.42,165.12,591.97
2023-05-23 07:59,8449.55,8447.91,2059.85,613.06,115.79,140.42,41.54,269.33
2023-05-23 08:00,8449.55,8445.89,17.93,9.17,115.81,140.60,0.00,-1772.60
2023-05-23 08:01,8449.55,8445.89,8.08,0.00,115.87,141.23,0.00,-1782.44
2023-05-23 08:02,8449.55,8445.89,714.34,415.57,115.93,139.10,0.00,-1076.18
2023-05-23 08:03,8449.55,8445.89,1636.33,681.36,115.89,136.95,0.00,-154.19
2023-05-23 08:04,8449.55,8445.89,1721.32,680.23,115.83,136.53,0.00,-69.20
2023-05-23 08:05,8449.55,8445.89,1713.17,680.79,115.76,136.65,0.00,-77.35
2023-05-23 08:06,8449.55,8445.89,1711.26,680.66,115.62,136.77,0.00,-79.26
2023-05-23 08:07,8449.55,8445.89,1707.66,680.38,115.53,137.34,0.00,-82.86
2023-05-23 08:08,8449.55,8445.89,1707.98,680.94,115.41,138.47,0.00,-82.54
2023-05-23 08:09,8449.55,8445.89,1775.22,701.13,115.30,139.25,0.00,-15.30
2023-05-23 08:10,8449.55,8447.07,1815.32,703.78,115.22,139.19,0.00,15.48
2023-05-23 08:11,8453.68,8453.68,2217.29,699.55,115.15,139.35,250.26,398.82
2023-05-23 08:12,8457.22,8457.22,2368.57,699.00,115.07,139.55,174.59,550.10
2023-05-23 08:13,8459.86,8459.86,2361.08,698.44,114.98,139.62,162.55,542.60
2023-05-23 08:14,8462.59,8462.59,2367.23,700.25,114.86,139.66,171.46,548.75
2023-05-23 08:15,8465.51,8465.51,2332.76,698.99,114.80,139.72,182.85,514.29
2023-05-23 08:16,8468.36,8468.36,2354.44,698.99,114.83,139.77,175.30,535.97
2023-05-23 08:17,8471.21,8471.21,2354.45,699.13,114.87,139.81,176.42,535.98
2023-05-23 08:18,8474.05,8474.05,2325.47,698.15,114.92,139.87,175.87,507.00
2023-05-23 08:19,8477.02,8477.02,2325.57,698.71,115.01,139.89,183.90,507.10
2023-05-23 08:20,8479.88,8479.88,2324.01,698.71,115.06,139.91,176.16,505.54
2023-05-23 08:21,8481.58,8481.58,2256.65,702.37,115.13,139.91,96.46,438.18
2023-05-23 08:22,8481.60,8479.15,840.15,257.42,115.19,139.75,0.00,-978.32
2023-05-23 08:23,8481.60,8479.30,0.00,0.00,115.20,136.14,0.00,-1818.47
2023-05-23 08:24,8481.60,8479.30,0.00,0.00,115.23,133.88,0.00,-1818.47
2023-05-23 08:25,8481.60,8479.28,252.69,259.54,115.26,131.38,0.00,-1565.78
2023-05-23 08:26,8481.60,8479.27,1606.75,697.49,115.20,129.22,0.00,-211.72
2023-05-23 08:27,8481.60,8479.47,1793.67,696.52,115.12,130.44,0.00,-24.80
2023-05-23 08:28,8484.32,8484.27,2058.44,697.35,114.95,131.89,224.99,239.97
2023-05-23 08:29,8487.68,8487.68,2303.41,695.52,114.80,132.92,158.23,484.94
2023-05-23 08:30,8488.03,8482.33,1127.06,374.33,114.63,136.25,0.00,-691.41
2023-05-23 08:31,8488.03,8481.65,47.32,0.00,114.53,138.18,0.00,-1771.15
2023-05-23 08:32,8488.03,8481.65,136.63,64.95,114.48,136.19,0.00,-1681.84
2023-05-23 08:33,8488.03,8481.65,1395.56,676.44,114.26,131.94,0.00,-422.92
2023-05-23 08:34,8488.03,8481.65,1695.81,675.76,114.04,130.08,0.00,-122.67
2023-05-23 08:35,8488.03,8481.65,1698.65,675.90,113.83,130.78,0.00,-119.82
2023-05-23 08:36,8488.03,8481.65,1707.02,674.92,113.60,131.93,0.00,-111.45
2023-05-23 08:37,8488.03,8481.65,1691.55,675.48,113.36,134.66,0.00,-126.93
2023-05-23 08:38,8488.03,8481.65,1695.46,674.64,113.16,137.83,0.00,-123.01
2023-05-23 08:39,8488.03,8481.65,1716.22,684.52,112.96,138.52,0.00,-102.25
2023-05-23 08:40,8488.03,8482.80,1771.89,693.99,112.83,138.53,0.00,-36.00
2023-05-23 08:41,8488.52,8487.73,1863.16,693.29,111.75,138.58,70.20,89.24
2023-05-23 08:42,8491.80,8491.80,2228.70,702.94,107.54,138.76,243.64,461.17
2023-05-23 08:43,8494.78,8494.78,2273.03,704.51,107.59,138.85,186.96,505.50
2023-05-23 08:44,8497.58,8497.58,2308.28,705.22,107.74,138.89,175.24,540.75
2023-05-23 08:45,8500.34,8500.34,2315.90,706.49,107.85,138.91,172.08,548.37
2023-05-23 08:46,8502.95,8502.95,2291.75,705.92,108.35,139.02,158.87,524.23
2023-05-23 08:47,8505.56,8505.56,2266.68,705.22,112.12,139.09,164.87,499.15
2023-05-23 08:48,8508.18,8508.18,2248.32,705.36,112.49,139.12,162.00,480.79
2023-05-23 08:49,8510.79,8510.79,2258.41,704.94,112.54,139.18,162.08,490.88
2023-05-23 08:50,8513.34,8513.34,2250.73,704.10,112.56,139.26,156.94,483.20
2023-05-23 08:51,8514.88,8513.70,2098.51,614.35,112.59,139.34,80.75,330.98
2023-05-23 08:52,8514.90,8511.36,60.17,0.00,112.55,139.13,0.00,-1707.36
2023-05-23 08:53,8514.90,8511.36,100.56,0.00,112.55,139.51,0.00,-1666.97
2023-05-23 08:54,8514.90,8511.36,804.05,423.24,112.53,136.83,0.00,-963.48
2023-05-23 08:55,8514.90,8511.36,1644.18,686.89,112.43,133.16,0.00,-123.35
2023-05-23 08:56,8514.90,8511.36,1756.71,687.31,112.34,133.06,0.00,-10.81
2023-05-23 08:57,8514.90,8511.36,1752.22,686.47,112.14,133.72,0.00,-15.31
2023-05-23 08:58,8514.90,8511.36,252.47,26.75,111.96,136.55,0.00,-1515.05
2023-05-23 08:59,8514.90,8511.36,50.20,0.00,111.90,137.67,0.00,-1717.33
2023-05-23 09:00,8514.90,8511.36,533.88,323.04,111.80,134.30,0.00,-1233.65
2023-05-23 09:01,8514.90,8511.36,1222.60,588.91,111.48,130.47,0.00,-544.93
2023-05-23 09:02,8514.90,8511.36,1208.88,588.06,111.28,130.69,0.00,-558.65
2023-05-23 09:03,8514.90,8511.36,1209.19,588.21,111.05,131.33,0.00,-558.34
2023-05-23 09:04,8514.90,8511.36,686.35,314.49,110.83,132.63,0.00,-1081.17
2023-05-23 09:05,8514.90,8511.36,0.00,0.00,110.73,132.53,0.00,-1767.53
2023-05-23 09:06,8514.90,8511.36,0.00,0.00,110.63,128.65,0.00,-1767.53
2023-05-23 09:07,8514.90,8511.36,368.47,289.19,110.49,126.31,0.00,-1399.06
2023-05-23 09:08,8514.90,8511.36,1614.53,698.07,110.25,124.77,0.00,-153.00
2023-05-23 09:09,8514.90,8511.36,1760.51,697.65,110.00,127.11,0.00,-7.02
2023-05-23 09:10,8514.90,8511.36,1736.89,697.79,109.78,129.29,0.00,-30.64
2023-05-23 09:11,8514.90,8511.36,1750.71,697.79,109.59,131.36,0.00,-16.82
2023-05-23 09:12,8514.90,8511.36,1742.67,698.91,109.43,134.87,0.00,-24.86
2023-05-23 09:13,8514.90,8511.36,807.00,256.28,109.33,136.92,0.00,-960.52
2023-05-23 09:14,8514.90,8511.36,0.00,0.00,109.29,135.99,0.00,-1767.53
2023-05-23 09:15,8514.90,8511.36,0.00,0.00,109.23,133.34,0.00,-1767.53
2023-05-23 09:16,8514.90,8511.36,1180.64,643.71,109.22,130.44,0.00,-586.89
2023-05-23 09:17,8514.90,8511.36,1716.41,701.61,109.21,129.43,0.00,-51.11
2023-05-23 09:18,8514.90,8511.36,1706.52,701.05,109.11,131.24,0.00,-61.01
2023-05-23 09:19,8514.90,8511.36,1704.50,701.05,109.07,132.47,0.00,-63.02
2023-05-23 09:20,8514.90,8511.36,1684.66,701.47,109.07,134.19,0.00,-82.87
2023-05-23 09:21,8514.90,8511.36,1704.66,701.75,109.07,136.27,0.00,-62.87
2023-05-23 09:22,8514.90,8512.82,1663.74,697.52,109.10,136.15,1.22,-24.78
2023-05-23 09:23,8517.18,8517.18,1970.88,690.47,109.19,136.45,217.12,365.76
2023-05-23 09:24,8519.64,8519.64,2052.53,697.10,109.27,136.68,149.52,447.40
2023-05-23 09:25,8522.19,8522.19,2100.96,700.76,109.42,136.91,159.35,495.83
2023-05-23 09:26,8524.74,8524.74,2148.64,701.75,109.57,136.62,156.91,543.51
2023-05-23 09:27,8527.19,8527.19,2174.68,702.45,109.72,134.28,153.66,569.55
2023-05-23 09:28,8529.59,8529.59,2170.31,702.16,109.93,134.02,151.78,565.18
2023-05-23 09:29,8531.85,8531.85,2179.20,703.01,110.14,134.42,136.53,574.08
2023-05-23 09:30,8534.08,8534.08,2154.89,702.45,110.36,134.75,140.65,549.76
2023-05-23 09:31,8536.37,8536.37,2150.80,703.43,110.67,135.48,143.48,545.68
2023-05-23 09:32,8538.76,8538.76,2186.20,702.87,110.96,136.45,149.50,581.07
2023-05-23 09:33,8541.10,8541.10,2153.30,702.03,111.26,137.53,142.93,548.17
2023-05-23 09:34,8544.38,8543.31,2122.87,700.91,111.59,138.14,122.82,517.75
2023-05-23 09:35,8547.00,8546.57,1984.81,701.88,111.88,138.50,0.00,379.69
2023-05-23 09:36,8547.00,8544.23,724.34,250.82,112.11,138.78,0.00,-880.80
2023-05-23 09:37,8547.00,8544.23,0.00,0.00,112.17,139.44,0.00,-1605.13
2023-05-23 09:38,8547.00,8544.23,286.33,197.62,112.23,138.64,0.00,-1318.80
2023-05-23 09:39,8547.00,8544.23,1593.86,697.89,112.53,135.21,0.00,-11.27
2023-05-23 09:40,8547.00,8544.23,1763.04,695.66,112.73,134.03,0.00,157.91
2023-05-23 09:41,8547.00,8544.23,1753.00,695.93,112.85,134.85,0.00,147.88
2023-05-23 09:42,8547.00,8544.23,1780.01,695.38,112.95,136.04,0.00,174.89
2023-05-23 09:43,8547.00,8544.23,1708.27,694.96,113.01,137.63,0.00,103.15
2023-05-23 09:44,8547.00,8530.16,1698.24,656.45,113.05,137.89,0.00,93.12
2023-05-23 09:45,8547.00,8515.05,66.66,20.21,113.07,138.64,0.00,-1538.47
2023-05-23 09:46,8547.00,8515.05,0.00,0.00,113.04,139.27,0.00,-1605.13
2023-05-23 09:47,8547.00,8515.05,862.85,487.28,113.01,136.77,0.00,-742.28
2023-05-23 09:48,8547.00,8515.05,1685.76,697.56,113.03,133.57,0.00,80.64
2023-05-23 09:49,8547.00,8515.05,1757.75,696.44,113.02,133.72,0.00,152.63
2023-05-23 09:50,8547.00,8515.05,1735.50,696.72,112.94,134.23,0.00,130.37
2023-05-23 09:51,8547.00,8515.05,1763.74,696.72,112.86,134.74,0.00,158.62
2023-05-23 09:52,8547.00,8515.05,1556.19,602.51,112.81,135.77,0.00,-48.94
2023-05-23 09:53,8547.00,8515.05,0.00,0.00,112.76,137.99,0.00,-1605.13
2023-05-23 09:54,8547.00,8515.05,0.00,0.00,112.73,138.06,0.00,-1605.13
2023-05-23 09:55,8547.00,8515.05,1040.83,558.86,112.63,134.75,0.00,-564.30
2023-05-23 09:56,8547.00,8515.05,1676.41,699.64,112.55,131.79,0.00,71.29
2023-05-23 09:57,8547.00,8515.05,1722.76,699.50,112.49,132.65,0.00,117.63
2023-05-23 09:58,8547.00,8515.37,1757.93,699.36,112.38,133.54,0.00,152.80
2023-05-23 09:59,8547.00,8525.48,1650.30,699.08,112.28,134.39,0.00,45.17
2023-05-23 10:00,8547.00,8540.87,1645.11,699.92,112.27,135.09,0.00,39.98
2023-05-23 10:01,8547.00,8544.84,1661.72,700.47,112.22,135.30,1.97,31.17
2023-05-23 10:02,8549.65,8549.65,1889.49,700.62,112.28,135.58,268.17,233.51
2023-05-23 10:03,8552.29,8552.29,2095.73,702.83,112.31,136.53,179.22,439.76
2023-05-23 10:04,8554.50,8554.50,2110.18,703.64,112.34,137.28,141.10,454.21
2023-05-23 10:05,8556.75,8556.75,2109.74,703.92,112.44,137.81,140.68,453.77
2023-05-23 10:06,8559.03,8559.03,2172.16,705.05,112.52,138.49,144.91,516.18
2023-05-23 10:07,8561.57,8561.57,2203.81,704.90,112.60,138.79,155.88,547.84
2023-05-23 10:08,8564.03,8564.03,2158.61,703.36,112.70,138.93,154.47,502.64
2023-05-23 10:09,8566.44,8566.44,2100.96,701.96,112.83,139.01,147.07,444.98
2023-05-23 10:10,8568.75,8568.75,2100.44,702.52,112.94,138.97,142.79,444.47
2023-05-23 10:11,8571.17,8571.17,2100.14,702.66,113.09,138.98,153.90,444.16
2023-05-23 10:12,8573.64,8573.64,2157.35,703.64,113.23,139.03,151.38,501.38
2023-05-23 10:13,8576.05,8576.05,2200.41,704.48,113.33,139.03,146.50,544.44
2023-05-23 10:14,8577.61,8576.78,1929.91,596.18,113.50,139.03,83.90,273.94
2023-05-23 10:15,8577.66,8575.27,0.00,5.26,113.67,137.40,0.00,-1655.97
2023-05-23 10:16,8577.66,8575.27,0.00,0.00,113.61,134.83,0.00,-1655.97
2023-05-23 10:17,8577.66,8575.27,0.00,0.00,113.53,132.52,0.00,-1655.97
2023-05-23 10:18,8577.66,8574.56,955.85,547.27,113.54,130.23,0.00,-700.12
2023-05-23 10:19,8577.66,8574.45,1646.36,702.45,113.53,129.13,0.00,-9.61
2023-05-23 10:20,8577.66,8574.45,1649.57,702.59,113.45,130.49,0.00,-6.41
2023-05-23 10:21,8577.66,8574.45,1649.71,702.59,113.34,131.38,0.00,-6.26
2023-05-23 10:22,8577.66,8574.45,1649.23,703.29,113.26,132.27,0.00,-6.75
2023-05-23 10:23,8577.66,8575.24,1681.46,705.24,113.21,133.15,0.00,21.44
2023-05-23 10:24,8579.34,8579.34,2033.19,702.16,113.14,133.68,186.23,356.75
2023-05-23 10:25,8581.81,8581.81,2115.99,701.74,113.12,134.21,145.29,439.55
2023-05-23 10:26,8584.17,8584.17,2113.89,701.74,113.07,134.78,149.90,437.44
2023-05-23 10:27,8585.02,8584.11,1972.69,703.04,113.07,135.10,42.24,296.25
2023-05-23 10:28,8585.02,8580.36,1674.80,705.71,113.01,138.08,0.00,-1.64
2023-05-23 10:29,8585.02,8580.36,1672.78,704.88,113.01,138.42,0.00,-3.66
2023-05-23 10:30,8585.02,8580.36,1677.25,705.16,112.99,138.54,0.00,0.80
2023-05-23 10:31,8585.02,8580.36,1687.60,705.72,112.69,138.62,0.00,11.15
2023-05-23 10:32,8585.02,8580.36,1702.39,705.43,112.42,138.70,0.00,25.94
2023-05-23 10:33,8585.02,8580.36,1695.26,706.13,112.19,138.75,0.00,18.82
2023-05-23 10:34,8585.02,8580.36,1670.88,704.88,112.01,138.77,0.00,-5.57
2023-05-23 10:35,8585.02,8580.36,1665.92,705.02,111.83,138.78,0.00,-10.53
2023-05-23 10:36,8585.02,8580.36,1659.92,704.46,111.70,138.79,0.00,-16.52
2023-05-23 10:37,8585.02,8580.36,1659.00,705.44,111.65,138.78,0.00,-17.45
2023-05-23 10:38,8585.02,8580.36,1658.52,705.16,111.55,138.81,0.00,-17.92
2023-05-23 10:39,8585.02,8580.36,1657.94,705.16,111.54,138.78,0.00,-18.50
2023-05-23 10:40,8585.02,8580.36,1659.68,704.75,111.55,138.76,0.00,-16.76
2023-05-23 10:41,8585.02,8580.36,1659.40,705.17,111.56,138.76,0.00,-17.05
2023-05-23 10:42,8585.02,8580.36,1655.86,705.30,111.58,138.75,0.00,-20.59
2023-05-23 10:43,8585.02,8580.36,1654.20,705.02,111.68,138.72,0.00,-22.25
2023-05-23 10:44,8585.02,8580.36,1652.88,705.29,111.68,138.71,0.00,-23.56
2023-05-23 10:45,8585.02,8580.36,1651.34,705.16,111.68,138.70,0.00,-25.11
2023-05-23 10:46,8585.02,8580.36,1648.37,705.30,111.68,138.69,0.00,-28.07
2023-05-23 10:47,8585.02,8580.36,1645.26,705.02,111.25,138.69,0.00,-31.19
2023-05-23 10:48,8585.02,8580.36,1639.66,704.89,110.24,138.70,0.00,-36.78
2023-05-23 10:49,8585.02,8580.36,1638.35,705.02,109.89,138.70,0.00,-38.10
2023-05-23 10:50,8585.02,8580.36,1636.15,705.03,109.69,138.66,0.00,-40.30
2023-05-23 10:51,8585.02,8580.36,1634.02,704.88,109.48,138.63,0.00,-42.42
2023-05-23 10:52,8585.02,8580.36,1631.65,705.44,109.29,138.63,0.00,-44.80
2023-05-23 10:53,8585.02,8580.36,1640.68,706.00,109.20,138.62,0.00,-35.76
2023-05-23 10:54,8585.02,8580.36,1632.36,705.16,109.10,138.56,0.00,-44.08
2023-05-23 10:55,8585.02,8580.36,1628.24,705.16,109.03,138.56,0.00,-48.20
2023-05-23 10:56,8585.02,8580.36,1626.60,705.58,109.02,138.56,0.00,-49.84
2023-05-23 10:57,8585.02,8580.36,1624.97,705.30,109.01,138.54,0.00,-51.48
2023-05-23 10:58,8585.02,8580.36,1623.54,705.43,109.06,138.50,0.00,-52.91
2023-05-23 10:59,8585.02,8580.36,1623.56,705.44,109.07,138.50,0.00,-52.89
2023-05-23 11:00,8585.02,8580.36,1622.93,705.15,109.09,138.50,0.00,-53.51
2023-05-23 11:01,8585.02,8580.36,1620.63,705.57,109.13,138.50,0.00,-55.81
2023-05-23 11:02,8585.02,8580.36,1625.37,705.72,109.19,138.50,0.00,-51.07
2023-05-23 11:03,8585.02,8580.36,1618.80,705.72,109.22,138.44,0.00,-57.64
2023-05-23 11:04,8585.02,8580.36,1630.31,705.99,109.29,137.96,0.00,-46.13
2023-05-23 11:05,8585.02,8580.36,1617.43,705.86,109.36,136.73,0.00,-59.01
2023-05-23 11:06,8585.02,8580.36,1617.51,705.72,109.41,136.33,0.00,-58.94
2023-05-23 11:07,8585.02,8580.36,1616.22,705.72,109.48,136.35,0.00,-60.22
2023-05-23 11:08,8585.02,8580.36,1615.61,705.58,109.57,136.52,0.00,-60.83
2023-05-23 11:09,8585.02,8580.36,1616.16,705.72,109.62,136.13,0.00,-60.28
2023-05-23 11:10,8585.02,8580.36,1648.60,706.13,109.69,137.00,0.00,-27.85
2023-05-23 11:11,8585.02,8580.36,1616.10,705.86,109.76,137.27,0.00,-60.34
2023-05-23 11:12,8585.02,8580.36,1618.22,705.72,109.83,137.63,0.00,-58.22
2023-05-23 11:13,8585.02,8580.36,1616.22,705.44,109.95,137.75,0.00,-60.23
2023-05-23 11:14,8585.02,8580.36,1614.48,705.72,110.06,137.71,0.00,-61.97
2023-05-23 11:15,8585.02,8578.16,1614.50,705.88,110.19,137.65,0.00,-61.95
2023-05-23 11:16,8585.02,8571.48,1317.63,583.61,110.31,137.60,0.00,-358.81
2023-05-23 11:17,8585.02,8571.48,698.87,435.28,110.44,137.48,0.00,-977.57
2023-05-23 11:18,8585.02,8571.48,672.77,435.15,110.48,137.28,0.00,-1003.67
2023-05-23 11:19,8585.02,8571.48,676.40,435.29,110.47,137.08,0.00,-1000.04
2023-05-23 11:20,8585.02,8571.48,688.17,435.43,110.46,136.88,0.00,-988.28
2023-05-23 11:21,8585.02,8571.48,687.35,435.43,110.43,136.69,0.00,-989.09
2023-05-23 11:22,8585.02,8571.48,672.98,435.15,110.34,136.53,0.00,-1003.46
2023-05-23 11:23,8585.02,8571.48,672.51,435.15,110.25,136.37,0.00,-1003.93
2023-05-23 11:24,8585.02,8571.48,672.50,435.15,110.15,136.24,0.00,-1003.95
2023-05-23 11:25,8585.02,8571.48,672.53,435.15,110.07,136.09,0.00,-1003.92
2023-05-23 11:26,8585.02,8571.48,672.53,435.15,109.97,135.94,0.00,-1003.91
2023-05-23 11:27,8585.02,8571.48,672.66,435.15,109.82,135.82,0.00,-1003.78
2023-05-23 11:28,8585.02,8571.48,672.52,435.15,109.66,135.70,0.00,-1003.92
2023-05-23 11:29,8585.02,8571.48,672.14,435.29,109.54,135.53,0.00,-1004.30
2023-05-23 11:30,8585.02,8571.48,672.04,435.29,109.39,135.41,0.00,-1004.41
2023-05-23 11:31,8585.02,8571.48,672.10,435.29,109.22,135.29,0.00,-1004.34
2023-05-23 11:32,8585.02,8571.48,671.97,435.43,109.04,135.19,0.00,-1004.48
2023-05-23 11:33,8585.02,8571.48,671.80,435.29,108.90,135.06,0.00,-1004.64
2023-05-23 11:34,8585.02,8571.48,671.55,435.29,108.70,134.94,0.00,-1004.89
2023-05-23 11:35,8585.02,8571.48,671.29,435.15,108.57,134.80,0.00,-1005.16
2023-05-23 11:36,8585.02,8571.48,671.61,435.29,108.39,134.70,0.00,-1004.83
2023-05-23 11:37,8585.02,8571.48,671.58,435.29,108.23,134.60,0.00,-1004.86
2023-05-23 11:38,8585.02,8571.48,671.40,435.29,108.02,134.47,0.00,-1005.04
2023-05-23 11:39,8585.02,8571.48,671.71,435.15,107.89,134.35,0.00,-1004.74
2023-05-23 11:40,8585.02,8571.48,671.78,435.43,107.73,134.27,0.00,-1004.66
2023-05-23 11:41,8585.02,8571.48,672.02,435.57,107.56,134.15,0.00,-1004.43
2023-05-23 11:42,8585.02,8571.48,671.60,435.29,107.42,134.04,0.00,-1004.84
2023-05-23 11:43,8585.02,8571.48,671.44,435.43,107.27,133.95,0.00,-1005.00
2023-05-23 11:44,8585.02,8571.48,469.62,310.25,107.11,133.85,0.00,-1206.82
2023-05-23 11:45,8585.02,8571.48,0.00,4.84,107.06,133.78,0.00,-1676.44
2023-05-23 11:46,8585.02,8571.48,411.37,303.03,106.82,133.74,0.00,-1265.08
2023-05-23 11:47,8585.02,8571.48,633.61,418.98,106.58,130.99,0.00,-1042.83
2023-05-23 11:48,8585.02,8571.48,639.77,422.04,106.46,130.24,0.00,-1036.68
2023-05-23 11:49,8585.02,8571.48,634.63,419.95,106.26,130.23,0.00,-1041.82
2023-05-23 11:50,8585.02,8571.48,635.54,420.79,106.14,129.93,0.00,-1040.90
2023-05-23 11:51,8585.02,8571.48,640.95,423.02,105.96,129.47,0.00,-1035.49
2023-05-23 11:52,8585.02,8571.48,672.39,434.28,105.78,129.04,0.00,-1004.05
2023-05-23 11:53,8585.02,8571.48,656.59,428.72,105.62,128.94,0.00,-1019.85
2023-05-23 11:54,8585.02,8571.48,640.48,421.90,105.44,128.82,0.00,-1035.96
2023-05-23 11:55,8585.02,8571.48,634.81,420.93,105.26,128.81,0.00,-1041.63
2023-05-23 11:56,8585.02,8571.48,636.20,420.51,105.13,128.75,0.00,-1040.24
2023-05-23 11:57,8585.02,8571.48,639.92,422.60,104.96,128.74,0.00,-1036.53
2023-05-23 11:58,8585.02,8571.48,631.88,419.54,104.83,128.52,0.00,-1044.57
2023-05-23 11:59,8585.02,8571.48,629.82,417.87,104.67,128.39,0.00,-1046.62
2023-05-23 12:00,8585.02,8571.48,635.69,420.23,104.55,128.44,0.00,-1040.75
2023-05-23 12:01,8585.02,8571.48,636.60,420.51,104.39,128.56,0.00,-1039.85
2023-05-23 12:02,8585.02,8571.48,637.20,420.79,104.30,128.49,0.00,-1039.25
2023-05-23 12:03,8585.02,8571.48,637.88,420.93,104.16,128.38,0.00,-1038.56
2023-05-23 12:04,8585.02,8571.48,634.55,418.98,104.02,128.40,0.00,-1041.89
2023-05-23 12:05,8585.02,8571.48,628.65,417.73,103.92,128.31,0.00,-1047.79
2023-05-23 12:06,8585.02,8571.48,629.88,417.31,103.77,128.31,0.00,-1046.56
2023-05-23 12:07,8585.02,8571.48,640.02,422.46,103.67,128.19,0.00,-1036.42
2023-05-23 12:08,8585.02,8571.48,665.46,417.04,103.57,128.13,0.00,-1010.99
2023-05-23 12:09,8585.02,8571.48,685.97,415.79,103.44,127.96,0.00,-990.48
2023-05-23 12:10,8585.02,8571.48,679.96,415.38,103.29,128.59,0.00,-996.49
2023-05-23 12:11,8585.02,8571.48,623.05,415.24,103.17,127.91,0.00,-1053.40
2023-05-23 12:12,8585.02,8571.48,623.16,414.96,103.08,127.52,0.00,-1053.28
2023-05-23 12:13,8585.02,8571.48,618.03,413.71,102.93,127.55,0.00,-1058.41
2023-05-23 12:14,8585.02,8571.48,626.15,417.05,102.83,127.48,0.00,-1050.29
2023-05-23 12:15,8585.02,8571.48,624.92,416.07,102.69,127.36,0.00,-1051.52
2023-05-23 12:16,8585.02,8571.48,624.71,415.38,102.54,127.11,0.00,-1051.73
2023-05-23 12:17,8585.02,8571.48,622.33,414.68,102.44,126.98,0.00,-1054.11
2023-05-23 12:18,8585.02,8571.48,622.52,415.65,102.33,127.01,0.00,-1053.92
2023-05-23 12:19,8585.02,8571.48,651.53,420.24,102.23,126.97,0.00,-1024.91
2023-05-23 12:20,8585.02,8571.48,635.99,420.25,102.13,127.01,0.00,-1040.45
2023-05-23 12:21,8585.02,8571.48,640.79,421.77,102.07,127.16,0.00,-1035.65
2023-05-23 12:22,8585.02,8571.48,663.26,421.22,101.96,127.30,0.00,-1013.18
2023-05-23 12:23,8585.02,8571.48,665.86,420.39,101.84,127.50,0.00,-1010.59
2023-05-23 12:24,8585.02,8571.48,653.43,419.55,101.72,128.15,0.00,-1023.02
2023-05-23 12:25,8585.02,8571.48,634.67,419.13,101.54,128.54,0.00,-1041.77
2023-05-23 12:26,8585.02,8571.48,632.98,418.72,101.22,128.47,0.00,-1043.46
2023-05-23 12:27,8585.02,8571.48,633.98,418.72,100.95,128.05,0.00,-1042.46
2023-05-23 12:28,8585.02,8571.48,629.04,418.30,100.74,127.70,0.00,-1047.41
2023-05-23 12:29,8585.02,8571.48,640.20,416.77,100.40,127.12,0.00,-1036.24
2023-05-23 12:30,8585.02,8571.48,617.91,416.07,100.37,127.33,0.00,-1058.54
2023-05-23 12:31,8585.02,8571.48,614.43,415.24,99.97,127.23,0.00,-1062.01
2023-05-23 12:32,8585.02,8571.48,613.02,415.10,99.91,126.65,0.00,-1063.42
2023-05-23 12:33,8585.02,8569.78,630.62,418.43,99.79,126.41,0.00,-1045.82
2023-05-23 12:34,8585.02,8566.30,625.91,418.01,99.58,126.59,0.00,-1050.54
2023-05-23 12:35,8585.02,8566.30,622.15,416.07,99.45,126.73,0.00,-1054.29
2023-05-23 12:36,8585.02,8566.30,619.89,415.24,99.27,126.73,0.00,-1056.55
2023-05-23 12:37,8585.02,8566.30,620.01,415.24,99.03,126.59,0.00,-1056.43
2023-05-23 12:38,8585.02,8566.30,618.37,415.24,98.55,126.71,0.00,-1058.08
2023-05-23 12:39,8585.02,8566.30,617.09,415.10,98.11,126.61,0.00,-1059.36
2023-05-23 12:40,8585.02,8566.30,615.71,414.54,97.81,126.42,0.00,-1060.74
2023-05-23 12:41,8585.02,8566.30,614.83,414.40,97.51,126.23,0.00,-1061.61
2023-05-23 12:42,8585.02,8566.30,613.61,414.12,97.14,126.21,0.00,-1062.84
2023-05-23 12:43,8585.02,8566.30,612.02,413.85,96.93,126.23,0.00,-1064.42
2023-05-23 12:44,8585.02,8566.30,611.11,413.57,96.72,126.27,0.00,-1065.34
2023-05-23 12:45,8585.02,8566.30,610.32,413.43,96.52,126.24,0.00,-1066.13
2023-05-23 12:46,8585.02,8566.30,610.28,413.57,96.33,126.23,0.00,-1066.16
2023-05-23 12:47,8585.02,8566.30,609.65,413.29,96.20,126.36,0.00,-1066.79
2023-05-23 12:48,8585.02,8566.30,609.44,413.29,96.08,126.42,0.00,-1067.00
2023-05-23 12:49,8585.02,8566.30,608.92,413.02,95.98,126.46,0.00,-1067.52
2023-05-23 12:50,8585.02,8566.30,607.53,412.32,95.92,126.50,0.00,-1068.91
2023-05-23 12:51,8585.02,8566.30,607.90,412.74,95.86,126.60,0.00,-1068.55
2023-05-23 12:52,8585.02,8566.30,608.06,412.74,95.86,126.61,0.00,-1068.38
2023-05-23 12:53,8585.02,8566.30,607.25,412.04,95.82,126.60,0.00,-1069.19
2023-05-23 12:54,8585.02,8566.30,607.79,412.46,95.78,126.61,0.00,-1068.65
2023-05-23 12:55,8585.02,8566.30,606.65,412.04,95.85,126.61,0.00,-1069.79
2023-05-23 12:56,8585.02,8566.30,606.48,411.90,95.87,126.49,0.00,-1069.96
2023-05-23 12:57,8585.02,8566.30,605.97,411.90,95.88,126.18,0.00,-1070.47
2023-05-23 12:58,8585.02,8566.30,605.73,411.90,95.92,125.96,0.00,-1070.71
2023-05-23 12:59,8585.02,8566.30,598.91,409.81,95.90,125.88,0.00,-1077.53
2023-05-23 13:00,8585.02,8566.30,599.23,409.81,95.92,125.93,0.00,-1077.22
2023-05-23 13:01,8585.02,8566.30,600.47,410.92,95.95,126.13,0.00,-1075.97
2023-05-23 13:02,8585.02,8566.30,604.77,410.64,95.98,125.85,0.00,-1071.68
2023-05-23 13:03,8585.02,8566.30,599.46,408.84,96.02,125.54,0.00,-1076.98
2023-05-23 13:04,8585.02,8566.30,595.90,408.01,96.10,125.40,0.00,-1080.55
2023-05-23 13:05,8585.02,8566.30,595.53,408.01,96.08,125.32,0.00,-1080.91
2023-05-23 13:06,8585.02,8566.30,594.30,407.31,96.12,125.13,0.00,-1082.14
2023-05-23 13:07,8585.02,8566.30,594.08,407.45,96.15,125.30,0.00,-1082.36
2023-05-23 13:08,8585.02,8566.30,593.43,407.31,96.18,125.42,0.00,-1083.02
2023-05-23 13:09,8585.02,8566.30,593.02,406.89,96.21,125.44,0.00,-1083.42
2023-05-23 13:10,8585.02,8566.30,591.66,406.89,96.25,125.47,0.00,-1084.79
2023-05-23 13:11,8585.02,8566.30,591.20,406.89,96.28,125.40,0.00,-1085.24
2023-05-23 13:12,8585.02,8566.30,590.65,406.61,96.33,125.19,0.00,-1085.79
2023-05-23 13:13,8585.02,8566.30,590.31,406.47,96.35,125.01,0.00,-1086.13
2023-05-23 13:14,8585.02,8566.30,589.51,406.06,96.40,124.80,0.00,-1086.94
2023-05-23 13:15,8585.02,8566.30,589.53,406.34,96.40,124.75,0.00,-1086.91
2023-05-23 13:16,8585.02,8566.30,597.76,407.03,96.41,124.80,0.00,-1078.69
2023-05-23 13:17,8585.02,8566.30,590.35,406.89,96.46,124.78,0.00,-1086.09
2023-05-23 13:18,8585.02,8566.30,589.92,406.89,96.48,124.70,0.00,-1086.52
2023-05-23 13:19,8585.02,8566.30,589.04,406.20,96.43,124.76,0.00,-1087.40
2023-05-23 13:20,8585.02,8566.30,588.56,406.06,96.43,124.97,0.00,-1087.89
2023-05-23 13:21,8585.02,8566.30,587.96,406.06,96.47,124.94,0.00,-1088.48
2023-05-23 13:22,8585.02,8566.30,588.66,406.06,96.44,124.86,0.00,-1087.79
2023-05-23 13:23,8585.02,8566.30,587.71,405.92,96.44,124.95,0.00,-1088.73
2023-05-23 13:24,8585.02,8566.30,588.44,406.06,96.43,125.01,0.00,-1088.01
2023-05-23 13:25,8585.02,8566.30,587.62,406.20,96.48,124.97,0.00,-1088.83
2023-05-23 13:26,8585.02,8566.30,585.31,405.51,96.48,124.98,0.00,-1091.14
2023-05-23 13:27,8585.02,8566.30,585.93,405.51,96.51,124.86,0.00,-1090.52
2023-05-23 13:28,8585.02,8566.30,584.79,405.23,96.56,124.79,0.00,-1091.65
2023-05-23 13:29,8585.02,8566.30,584.96,405.23,96.56,124.64,0.00,-1091.49
2023-05-23 13:30,8585.02,8566.30,586.01,405.92,96.52,124.50,0.00,-1090.43
2023-05-23 13:31,8585.02,8566.30,587.16,406.20,96.54,124.27,0.00,-1089.28
2023-05-23 13:32,8585.02,8566.30,588.48,406.61,96.54,124.17,0.00,-1087.96
2023-05-23 13:33,8585.02,8566.30,588.71,407.03,96.54,124.06,0.00,-1087.74
2023-05-23 13:34,8585.02,8566.30,588.24,406.89,96.55,124.06,0.00,-1088.20
2023-05-23 13:35,8585.02,8566.30,587.69,406.61,96.59,124.03,0.00,-1088.76
2023-05-23 13:36,8585.02,8566.30,587.39,406.34,96.61,124.07,0.00,-1089.05
2023-05-23 13:37,8585.02,8566.30,588.64,406.89,96.54,124.12,0.00,-1087.80
2023-05-23 13:38,8585.02,8566.30,589.65,407.17,96.59,124.09,0.00,-1086.79
2023-05-23 13:39,8585.02,8566.30,589.39,407.45,96.58,123.95,0.00,-1087.06
2023-05-23 13:40,8585.02,8566.30,588.45,407.03,96.55,123.78,0.00,-1088.00
2023-05-23 13:41,8585.02,8566.30,587.81,406.75,96.52,123.66,0.00,-1088.63
2023-05-23 13:42,8585.02,8566.30,587.51,406.75,96.52,123.45,0.00,-1088.93
2023-05-23 13:43,8585.02,8566.30,588.07,406.89,96.49,123.39,0.00,-1088.37
2023-05-23 13:44,8585.02,8566.30,587.45,406.89,96.48,123.42,0.00,-1088.99
2023-05-23 13:45,8585.02,8566.30,585.80,406.20,96.48,123.49,0.00,-1090.64
2023-05-23 13:46,8585.02,8566.30,585.45,405.92,96.48,123.50,0.00,-1091.00
2023-05-23 13:47,8585.02,8566.30,585.12,405.92,96.48,123.51,0.00,-1091.32
2023-05-23 13:48,8585.02,8566.30,582.91,405.37,96.44,123.54,0.00,-1093.53
2023-05-23 13:49,8585.02,8566.30,583.41,405.23,96.47,123.68,0.00,-1093.03
2023-05-23 13:50,8585.02,8566.30,582.90,405.37,96.47,123.76,0.00,-1093.54
2023-05-23 13:51,8585.02,8566.30,583.15,405.51,96.43,123.73,0.00,-1093.29
2023-05-23 13:52,8585.02,8566.30,584.66,405.92,96.46,123.75,0.00,-1091.78
2023-05-23 13:53,8585.02,8566.30,584.74,406.06,96.46,123.67,0.00,-1091.71
2023-05-23 13:54,8585.02,8566.30,583.74,405.78,96.41,123.63,0.00,-1092.71
2023-05-23 13:55,8585.02,8566.30,583.64,405.23,96.43,123.48,0.00,-1092.81
2023-05-23 13:56,8585.02,8566.30,582.78,405.09,96.41,123.45,0.00,-1093.66
2023-05-23 13:57,8585.02,8566.30,581.50,405.23,96.41,123.39,0.00,-1094.94
2023-05-23 13:58,8585.02,8566.30,583.60,405.92,96.41,123.39,0.00,-1092.84
2023-05-23 13:59,8585.02,8566.30,583.00,405.23,96.41,123.33,0.00,-1093.44
2023-05-23 14:00,8585.02,8566.30,581.49,404.95,96.35,123.32,0.00,-1094.96
2023-05-23 14:01,8585.02,8566.30,582.23,405.09,96.35,123.36,0.00,-1094.22
2023-05-23 14:02,8585.02,8566.30,580.32,404.25,96.36,123.35,0.00,-1096.12
2023-05-23 14:03,8585.02,8566.30,581.98,404.81,96.39,123.22,0.00,-1094.46
2023-05-23 14:04,8585.02,8566.30,580.31,404.39,96.35,123.15,0.00,-1096.14
2023-05-23 14:05,8585.02,8566.30,581.21,404.81,96.35,122.90,0.00,-1095.24
2023-05-23 14:06,8585.02,8566.30,581.24,404.39,96.35,122.72,0.00,-1095.21
2023-05-23 14:07,8585.02,8566.30,580.51,404.39,96.30,122.25,0.00,-1095.93
2023-05-23 14:08,8585.02,8566.30,581.45,404.39,96.29,121.89,0.00,-1094.99
2023-05-23 14:09,8585.02,8566.30,580.78,403.97,96.23,121.60,0.00,-1095.66
2023-05-23 14:10,8585.02,8566.30,578.34,403.56,96.05,121.38,0.00,-1098.11
2023-05-23 14:11,8585.02,8566.30,579.48,403.70,96.00,121.29,0.00,-1096.96
2023-05-23 14:12,8585.02,8566.30,579.00,403.56,95.98,121.14,0.00,-1097.44
2023-05-23 14:13,8585.02,8566.30,578.66,403.42,95.95,121.17,0.00,-1097.79
2023-05-23 14:14,8585.02,8566.30,579.40,403.56,95.95,121.11,0.00,-1097.05
2023-05-23 14:15,8585.02,8566.30,579.22,403.56,95.93,120.92,0.00,-1097.22
2023-05-23 14:16,8585.02,8566.30,579.32,403.56,95.93,120.81,0.00,-1097.12
2023-05-23 14:17,8585.02,8566.30,579.39,403.56,95.88,120.64,0.00,-1097.06
2023-05-23 14:18,8585.02,8566.30,577.86,402.86,95.88,120.49,0.00,-1098.58
2023-05-23 14:19,8585.02,8566.30,578.81,403.42,95.88,120.34,0.00,-1097.62
2023-05-23 14:20,8585.02,8566.30,579.05,403.42,95.86,120.19,0.00,-1097.39
2023-05-23 14:21,8585.02,8566.30,579.73,403.70,95.87,120.00,0.00,-1096.71
2023-05-23 14:22,8585.02,8566.30,580.45,403.70,95.84,119.79,0.00,-1096.00
2023-05-23 14:23,8585.02,8566.30,580.05,403.70,95.76,119.73,0.00,-1096.39
2023-05-23 14:24,8585.02,8566.30,579.53,403.28,95.76,119.58,0.00,-1096.91
2023-05-23 14:25,8585.02,8566.30,573.51,400.64,95.75,119.42,0.00,-1102.93
2023-05-23 14:26,8585.02,8566.30,577.09,402.17,95.75,119.40,0.00,-1099.35
2023-05-23 14:27,8585.02,8566.30,578.40,402.58,95.74,119.38,0.00,-1098.05
2023-05-23 14:28,8585.02,8566.30,578.01,402.44,95.69,119.38,0.00,-1098.43
2023-05-23 14:29,8585.02,8566.30,578.30,402.72,95.75,119.38,0.00,-1098.14
2023-05-23 14:30,8585.02,8566.30,578.14,402.72,95.68,119.44,0.00,-1098.30
2023-05-23 14:31,8585.02,8566.30,577.59,402.72,95.66,119.33,0.00,-1098.85
2023-05-23 14:32,8585.02,8566.30,579.15,403.00,95.67,119.19,0.00,-1097.30
2023-05-23 14:33,8585.02,8566.30,580.56,403.56,95.70,119.10,0.00,-1095.89
2023-05-23 14:34,8585.02,8566.30,579.38,403.14,95.64,118.98,0.00,-1097.06
2023-05-23 14:35,8585.02,8566.30,579.19,403.28,95.55,118.93,0.00,-1097.25
2023-05-23 14:36,8585.02,8566.30,578.32,403.00,95.55,119.05,0.00,-1098.12
2023-05-23 14:37,8585.02,8566.30,578.21,402.58,95.55,118.98,0.00,-1098.23
2023-05-23 14:38,8585.02,8566.30,577.34,403.00,95.50,118.91,0.00,-1099.10
2023-05-23 14:39,8585.02,8566.30,577.41,402.44,95.52,118.92,0.00,-1099.02
2023-05-23 14:40,8585.02,8566.30,575.91,401.89,95.45,118.76,0.00,-1100.54
2023-05-23 14:41,8585.02,8566.30,574.33,401.61,95.38,118.67,0.00,-1102.11
2023-05-23 14:42,8585.02,8566.30,573.28,401.33,95.21,118.74,0.00,-1103.16
2023-05-23 14:43,8585.02,8566.30,570.52,399.94,95.04,118.84,0.00,-1105.92
2023-05-23 14:44,8585.02,8566.30,569.63,400.22,94.85,118.92,0.00,-1106.82
2023-05-23 14:45,8585.02,8566.30,572.51,401.05,94.75,119.37,0.00,-1103.94
2023-05-23 14:46,8585.02,8566.30,568.86,400.22,94.63,119.73,0.00,-1107.58
2023-05-23 14:47,8585.02,8566.30,569.14,400.08,94.53,119.90,0.00,-1107.30
2023-05-23 14:48,8585.02,8566.30,569.98,400.22,94.44,119.98,0.00,-1106.46
2023-05-23 14:49,8585.02,8566.30,569.66,400.22,94.40,120.07,0.00,-1106.79
2023-05-23 14:50,8585.02,8566.30,568.96,400.08,94.35,120.27,0.00,-1107.48
2023-05-23 14:51,8585.02,8566.30,570.18,400.22,94.35,120.42,0.00,-1106.27
2023-05-23 14:52,8585.02,8566.30,570.80,400.63,94.33,120.34,0.00,-1105.64
2023-05-23 14:53,8585.02,8566.30,571.94,400.78,94.29,120.11,0.00,-1104.51
2023-05-23 14:54,8585.02,8566.30,570.15,400.22,94.29,119.89,0.00,-1106.29
2023-05-23 14:55,8585.02,8566.30,571.21,400.78,94.29,119.84,0.00,-1105.24
2023-05-23 14:56,8585.02,8566.30,567.22,399.39,94.34,119.96,0.00,-1109.22
2023-05-23 14:57,8585.02,8566.30,570.12,399.94,94.33,119.84,0.00,-1106.33
2023-05-23 14:58,8585.02,8566.30,566.68,398.69,94.25,119.69,0.00,-1109.77
2023-05-23 14:59,8585.02,8566.30,565.84,398.83,94.28,119.48,0.00,-1110.61
2023-05-23 15:00,8585.02,8566.30,567.51,399.39,94.29,119.28,0.00,-1108.93
2023-05-23 15:01,8585.02,8566.30,568.72,399.25,94.29,119.20,0.00,-1107.72
2023-05-23 15:02,8585.02,8566.30,567.99,399.67,94.29,119.26,0.00,-1108.46
2023-05-23 15:03,8585.02,8566.30,567.04,398.97,94.35,119.17,0.00,-1109.40
2023-05-23 15:04,8585.02,8566.30,567.91,399.39,94.33,119.16,0.00,-1108.54
2023-05-23 15:05,8585.02,8566.30,566.75,398.83,94.28,119.00,0.00,-1109.70
2023-05-23 15:06,8585.02,8566.30,566.41,398.27,94.29,118.88,0.00,-1110.04
2023-05-23 15:07,8585.02,8566.30,565.85,398.55,94.28,118.76,0.00,-1110.59
2023-05-23 15:08,8585.02,8566.30,566.29,398.69,94.27,118.77,0.00,-1110.15
2023-05-23 15:09,8585.02,8566.30,568.62,399.25,94.29,118.88,0.00,-1107.83
2023-05-23 15:10,8585.02,8566.30,565.65,398.69,94.30,118.89,0.00,-1110.79
2023-05-23 15:11,8585.02,8566.30,565.53,398.00,94.29,118.75,0.00,-1110.91
2023-05-23 15:12,8585.02,8566.30,566.61,398.55,94.31,118.65,0.00,-1109.83
2023-05-23 15:13,8585.02,8566.30,566.22,398.55,94.30,118.52,0.00,-1110.22
2023-05-23 15:14,8585.02,8566.30,565.66,398.41,94.29,118.50,0.00,-1110.78
2023-05-23 15:15,8585.02,8566.30,567.06,398.83,94.29,118.44,0.00,-1109.39
2023-05-23 15:16,8585.02,8566.30,567.01,398.69,94.29,118.39,0.00,-1109.43
2023-05-23 15:17,8585.02,8566.30,567.43,399.25,94.27,118.43,0.00,-1109.02
2023-05-23 15:18,8585.02,8566.30,566.82,398.83,94.28,118.38,0.00,-1109.63
2023-05-23 15:19,8585.02,8566.30,567.49,398.97,94.27,118.40,0.00,-1108.96
2023-05-23 15:20,8585.02,8566.30,567.02,399.11,94.29,118.42,0.00,-1109.42
2023-05-23 15:21,8585.02,8566.30,579.01,399.67,94.30,118.50,0.00,-1097.43
2023-05-23 15:22,8585.02,8566.30,567.68,399.11,94.23,118.56,0.00,-1108.77
2023-05-23 15:23,8585.02,8566.30,565.84,398.55,94.29,118.62,0.00,-1110.60
2023-05-23 15:24,8585.02,8566.30,565.44,398.27,94.25,118.81,0.00,-1111.00
2023-05-23 15:25,8585.02,8566.30,565.22,398.27,94.30,118.96,0.00,-1111.22
2023-05-23 15:26,8585.02,8566.30,565.57,398.55,94.29,119.11,0.00,-1110.87
2023-05-23 15:27,8585.02,8566.30,565.95,398.55,94.25,119.27,0.00,-1110.50
2023-05-23 15:28,8585.02,8566.30,565.53,398.41,94.22,119.43,0.00,-1110.92
2023-05-23 15:29,8585.02,8566.30,565.97,398.55,94.22,119.42,0.00,-1110.48
2023-05-23 15:30,8585.02,8566.30,565.48,398.55,94.22,119.21,0.00,-1110.96
2023-05-23 15:31,8585.02,8566.30,565.32,398.41,94.28,119.18,0.00,-1111.12
2023-05-23 15:32,8585.02,8566.30,565.25,398.41,94.22,119.08,0.00,-1111.19
2023-05-23 15:33,8585.02,8566.30,565.03,398.41,94.22,119.02,0.00,-1111.41
2023-05-23 15:34,8585.02,8566.30,565.66,398.55,94.22,118.86,0.00,-1110.78
2023-05-23 15:35,8585.02,8566.30,566.49,398.55,94.22,118.67,0.00,-1109.96
2023-05-23 15:36,8585.02,8566.30,567.13,399.11,94.22,118.60,0.00,-1109.31
2023-05-23 15:37,8585.02,8566.30,567.56,399.39,94.22,118.74,0.00,-1108.88
2023-05-23 15:38,8585.02,8566.30,567.54,399.39,94.20,119.01,0.00,-1108.90
2023-05-23 15:39,8585.02,8566.30,567.18,399.39,94.20,119.11,0.00,-1109.26
2023-05-23 15:40,8585.02,8566.30,566.74,398.69,94.16,119.08,0.00,-1109.71
2023-05-23 15:41,8585.02,8566.30,566.32,398.69,94.15,119.11,0.00,-1110.12
2023-05-23 15:42,8585.02,8566.30,566.08,398.69,94.12,119.02,0.00,-1110.36
2023-05-23 15:43,8585.02,8566.30,566.04,398.55,94.23,119.03,0.00,-1110.40
2023-05-23 15:44,8585.02,8566.30,565.20,398.13,94.36,118.91,0.00,-1111.25
2023-05-23 15:45,8585.02,8566.30,565.89,398.83,94.48,118.99,0.00,-1110.56
2023-05-23 15:46,8585.02,8566.30,565.81,398.27,94.60,118.99,0.00,-1110.63
2023-05-23 15:47,8585.02,8566.30,564.90,397.86,94.69,118.84,0.00,-1111.54
2023-05-23 15:48,8585.02,8566.30,564.53,398.13,94.74,118.81,0.00,-1111.91
2023-05-23 15:49,8585.02,8566.30,565.00,398.27,94.84,118.86,0.00,-1111.44
2023-05-23 15:50,8585.02,8566.30,565.96,398.55,94.88,118.90,0.00,-1110.48
2023-05-23 15:51,8585.02,8566.30,566.62,398.83,94.94,118.91,0.00,-1109.82
2023-05-23 15:52,8585.02,8566.30,568.11,399.24,94.93,118.98,0.00,-1108.33
2023-05-23 15:53,8585.02,8566.30,567.31,399.38,94.95,119.18,0.00,-1109.13
2023-05-23 15:54,8585.02,8566.30,567.10,398.96,94.98,119.19,0.00,-1109.35
2023-05-23 15:55,8585.02,8566.30,567.31,398.96,94.95,119.06,0.00,-1109.13
2023-05-23 15:56,8585.02,8566.30,567.15,398.83,94.94,118.94,0.00,-1109.29
2023-05-23 15:57,8585.02,8566.30,567.25,398.55,94.89,118.81,0.00,-1109.19
2023-05-23 15:58,8585.02,8566.30,567.23,398.55,94.88,118.71,0.00,-1109.21
2023-05-23 15:59,8585.02,8566.30,566.86,398.55,94.87,118.58,0.00,-1109.58
2023-05-23 16:00,8585.02,8566.30,566.75,398.55,94.89,118.52,0.00,-1109.70
2023-05-23 16:01,8585.02,8566.30,566.83,398.41,94.88,118.53,0.00,-1109.62
2023-05-23 16:02,8585.02,8566.70,568.74,398.55,94.93,118.65,0.00,-1107.70
2023-05-23 16:03,8585.02,8574.63,443.12,305.31,94.88,118.78,0.00,-1233.32
2023-05-23 16:04,8585.02,8575.53,4.09,4.15,94.90,118.35,0.00,-1672.35
2023-05-23 16:05,8585.02,8575.57,36.01,0.00,94.95,116.74,0.00,-1640.43
2023-05-23 16:06,8585.02,8575.58,0.00,0.00,94.90,115.36,0.00,-1676.44
2023-05-23 16:07,8585.02,8575.58,0.00,0.00,94.80,114.13,0.00,-1676.44
2023-05-23 16:08,8585.02,8575.58,0.00,0.00,94.65,111.78,0.00,-1676.44
2023-05-23 16:09,8585.02,8575.58,0.00,0.00,94.50,110.11,0.00,-1676.44
2023-05-23 16:10,8585.02,8575.58,0.00,0.00,94.43,108.83,0.00,-1676.44
2023-05-23 16:11,8585.02,8575.58,0.00,0.00,94.17,107.75,0.00,-1676.44
2023-05-23 16:12,8585.02,8575.58,0.00,0.00,94.43,106.67,0.00,-1676.44
2023-05-23 16:13,8585.02,8575.58,0.00,0.00,94.36,105.66,0.00,-1676.44
2023-05-23 16:14,8585.02,8575.58,0.00,0.00,94.37,104.69,0.00,-1676.44
2023-05-23 16:15,8585.02,8575.58,0.00,0.00,94.22,103.80,0.00,-1676.44
2023-05-23 16:16,8585.02,8575.58,0.00,0.00,93.88,102.97,0.00,-1676.44
2023-05-23 16:17,8585.02,8575.58,0.00,0.00,93.62,102.19,0.00,-1676.44
2023-05-23 16:18,8585.02,8575.58,0.00,0.00,93.63,101.39,0.00,-1676.44
2023-05-23 16:19,8585.02,8575.58,0.00,0.00,94.13,100.57,0.00,-1676.44
2023-05-23 16:20,8585.02,8575.58,0.00,0.00,94.23,99.74,0.00,-1676.44
2023-05-23 16:21,8585.02,8575.58,0.00,0.00,93.67,98.90,0.00,-1676.44
2023-05-23 16:22,8585.02,8575.58,0.00,0.00,93.21,98.06,0.00,-1676.44
2023-05-23 16:23,8585.02,8575.58,0.00,0.00,93.28,97.27,0.00,-1676.44
2023-05-23 16:24,8585.02,8575.58,0.00,0.00,94.02,96.51,0.00,-1676.44
2023-05-23 16:25,8585.02,8575.58,0.00,0.00,93.89,95.81,0.00,-1676.44
2023-05-23 16:26,8585.02,8575.58,0.00,0.00,93.61,95.09,0.00,-1676.44
2023-05-23 16:27,8585.02,8575.58,0.00,0.00,92.42,94.42,0.00,-1676.44
2023-05-23 16:28,8585.02,8575.58,0.00,0.00,92.08,93.80,0.00,-1676.44
2023-05-23 16:29,8585.02,8575.58,0.00,0.00,93.43,93.23,0.00,-1676.44
2023-05-23 16:30,8585.02,8575.58,0.00,0.00,93.31,92.67,0.00,-1676.44
2023-05-23 16:31,8585.02,8575.58,0.00,0.00,92.35,92.16,0.00,-1676.44
2023-05-23 16:32,8585.02,8575.58,0.00,0.00,91.41,91.62,0.00,-1676.44
2023-05-23 16:33,8585.02,8575.58,0.00,0.00,91.93,91.08,0.00,-1676.44
2023-05-23 16:34,8585.02,8575.58,0.00,0.00,91.63,90.57,0.00,-1676.44
2023-05-23 16:35,8585.02,8575.58,0.00,0.00,90.68,90.02,0.00,-1676.44
2023-05-23 16:36,8585.02,8575.58,0.00,0.00,90.88,89.52,0.00,-1676.44
2023-05-23 16:37,8585.02,8575.58,0.00,0.00,91.40,89.05,0.00,-1676.44
2023-05-23 16:38,8585.02,8575.58,0.00,0.00,90.12,88.60,0.00,-1676.44
2023-05-23 16:39,8585.02,8575.58,0.00,0.00,92.15,88.13,0.00,-1676.44
2023-05-23 16:40,8585.02,8575.58,0.00,0.00,91.35,87.74,0.00,-1676.44
2023-05-23 16:41,8585.02,8575.58,0.00,0.00,90.83,87.35,0.00,-1676.44
2023-05-23 16:42,8585.02,8575.58,0.00,0.00,91.62,87.04,0.00,-1676.44
2023-05-23 16:43,8585.02,8575.58,24.75,30.31,90.08,86.81,0.00,-1651.69
2023-05-23 16:44,8585.02,8575.58,194.67,174.41,86.45,87.34,0.00,-1481.78
2023-05-23 16:45,8585.02,8575.58,242.90,226.19,85.61,90.86,0.00,-1433.54
2023-05-23 16:46,8585.02,8575.58,237.18,225.77,85.33,96.58,0.00,-1439.26
2023-05-23 16:47,8585.02,8575.58,349.35,295.95,85.18,101.60,0.00,-1327.09
2023-05-23 16:48,8585.02,8575.58,378.64,314.78,85.13,105.86,0.00,-1297.80
2023-05-23 16:49,8585.02,8575.58,376.92,314.78,84.88,107.80,0.00,-1299.53
2023-05-23 16:50,8585.02,8575.18,372.06,314.23,84.77,108.76,0.00,-1304.38
2023-05-23 16:51,8585.02,8574.78,371.04,316.44,84.61,109.58,0.00,-1305.40
2023-05-23 16:52,8585.02,8574.78,390.99,315.19,84.38,110.24,0.00,-1285.45
2023-05-23 16:53,8585.02,8574.78,502.30,351.46,84.26,110.62,0.00,-1174.15
2023-05-23 16:54,8585.02,8574.78,520.89,357.13,84.22,110.94,0.00,-1155.55
2023-05-23 16:55,8585.02,8574.78,520.02,357.13,84.20,111.44,0.00,-1156.43
2023-05-23 16:56,8585.02,8574.78,516.85,357.41,84.02,111.68,0.00,-1159.60
2023-05-23 16:57,8585.02,8574.78,516.36,357.69,83.91,111.89,0.00,-1160.09
2023-05-23 16:58,8585.02,8574.78,516.66,357.97,83.90,112.05,0.00,-1159.78
2023-05-23 16:59,8585.02,8574.78,518.92,357.97,83.87,112.01,0.00,-1157.52
2023-05-23 17:00,8585.02,8574.78,515.43,358.11,83.86,112.20,0.00,-1161.01
2023-05-23 17:01,8585.02,8574.78,100.16,77.10,83.89,112.38,0.00,-1576.28
2023-05-23 17:02,8585.02,8574.78,50.20,0.00,85.66,110.95,0.00,-1626.25
2023-05-23 17:03,8585.02,8574.78,61.42,0.00,86.25,109.05,0.00,-1615.02
2023-05-23 17:04,8585.02,8574.78,31.47,0.00,86.86,107.61,0.00,-1644.98
2023-05-23 17:05,8585.02,8574.78,53.68,0.00,85.33,106.40,0.00,-1622.76
2023-05-23 17:06,8585.02,8574.78,64.70,0.00,85.87,105.44,0.00,-1611.74
2023-05-23 17:07,8585.02,8574.78,76.31,0.00,85.07,104.64,0.00,-1600.13
2023-05-23 17:08,8585.02,8574.78,77.15,0.00,85.75,103.85,0.00,-1599.29
2023-05-23 17:09,8585.02,8574.78,75.52,0.00,85.77,102.97,0.00,-1600.92
2023-05-23 17:10,8585.02,8574.78,53.44,0.00,85.71,101.88,0.00,-1623.00
2023-05-23 17:11,8585.02,8574.78,65.99,0.00,86.59,100.76,0.00,-1610.45
2023-05-23 17:12,8585.02,8574.78,77.91,0.00,87.11,99.65,0.00,-1598.54
2023-05-23 17:13,8585.02,8575.78,26.25,0.00,86.98,98.72,0.00,-1650.20
2023-05-23 17:14,8585.02,8557.14,0.00,0.00,86.72,97.45,0.00,-1676.44
2023-05-23 17:15,8585.02,8492.66,0.00,0.00,86.04,95.67,0.00,-1676.44
2023-05-23 17:16,8585.02,8484.35,0.00,0.00,87.23,94.48,0.00,-1676.44
2023-05-23 17:17,8585.02,8484.35,0.00,0.00,86.19,93.78,0.00,-1676.44
2023-05-23 17:18,8585.02,8454.68,0.00,0.00,85.46,93.09,0.00,-1676.44
2023-05-23 17:19,8585.02,8396.13,0.00,0.00,85.07,92.21,0.00,-1676.44
2023-05-23 17:20,8585.02,8393.47,0.00,0.00,85.20,91.65,0.00,-1676.44
2023-05-23 17:21,8585.02,8387.35,0.00,0.00,85.88,91.20,0.00,-1676.44
2023-05-23 17:22,8585.02,8324.62,0.00,0.00,85.97,90.64,0.00,-1676.44
2023-05-23 17:23,8585.02,8302.26,0.00,0.00,85.15,90.05,0.00,-1676.44
2023-05-23 17:24,8585.02,8293.44,0.00,0.00,87.35,89.66,0.00,-1676.44
2023-05-23 17:25,8585.02,8229.25,0.00,0.00,87.57,89.17,0.00,-1676.44
2023-05-23 17:26,8585.02,8211.69,0.00,0.00,86.61,88.67,0.00,-1676.44
2023-05-23 17:27,8585.02,8207.89,0.00,0.00,85.20,88.33,0.00,-1676.44
2023-05-23 17:28,8585.02,8148.41,0.00,0.00,87.15,87.90,0.00,-1676.44
2023-05-23 17:29,8585.02,8120.97,0.00,0.00,87.64,87.46,0.00,-1676.44
2023-05-23 17:30,8585.02,8118.91,0.00,0.00,86.84,87.12,0.00,-1676.44
2023-05-23 17:31,8585.02,8062.27,0.00,0.00,86.29,86.77,0.00,-1676.44
2023-05-23 17:32,8585.02,8029.92,0.00,0.00,84.53,86.39,0.00,-1676.44
2023-05-23 17:33,8585.02,8029.92,0.00,0.00,86.28,86.12,0.00,-1676.44
2023-05-23 17:34,8585.02,8025.23,0.00,0.00,87.27,85.89,0.00,-1676.44
2023-05-23 17:35,8585.02,7964.22,0.00,0.00,84.65,85.59,0.00,-1676.44
2023-05-23 17:36,8585.02,7939.48,0.00,0.00,84.75,85.27,0.00,-1676.44
2023-05-23 17:37,8585.02,7928.75,0.00,0.00,86.77,85.09,0.00,-1676.44
2023-05-23 17:38,8585.02,7863.67,0.00,0.00,84.63,84.84,0.00,-1676.44
2023-05-23 17:39,8585.02,7849.58,0.00,0.00,85.09,84.65,0.00,-1676.44
2023-05-23 17:40,8585.02,7848.25,0.00,0.00,84.61,84.50,0.00,-1676.44
2023-05-23 17:41,8585.02,7779.56,0.00,0.00,84.88,84.32,0.00,-1676.44
2023-05-23 17:42,8585.02,7757.69,0.00,0.00,86.24,84.13,0.00,-1676.44
2023-05-23 17:43,8585.02,7752.17,0.00,0.00,85.86,84.00,0.00,-1676.44
2023-05-23 17:44,8585.02,7678.05,0.00,0.00,85.04,83.83,0.00,-1676.44
2023-05-23 17:45,8585.02,7663.37,0.00,0.00,84.49,83.64,0.00,-1676.44
2023-05-23 17:46,8585.02,7591.12,0.00,0.00,84.22,83.49,0.00,-1676.44
2023-05-23 17:47,8585.02,7574.49,0.00,0.00,83.28,83.34,0.00,-1676.44
2023-05-23 17:48,8585.02,7506.49,0.00,0.00,84.09,83.26,0.00,-1676.44
2023-05-23 17:49,8585.02,7484.12,0.00,0.00,85.44,83.00,0.00,-1676.44
2023-05-23 17:50,8585.02,7439.72,0.00,0.00,82.39,82.88,0.00,-1676.44
2023-05-23 17:51,8585.02,7392.05,0.00,0.00,77.59,82.74,0.00,-1676.44
2023-05-23 17:52,8585.02,7373.66,0.00,0.00,81.77,82.69,0.00,-1676.44
2023-05-23 17:53,8585.02,7303.08,0.00,0.00,83.18,82.52,0.00,-1676.44
2023-05-23 17:54,8585.02,7301.06,0.00,0.00,83.01,82.43,0.00,-1676.44
2023-05-23 17:55,8585.02,7296.01,0.00,0.00,82.97,82.27,0.00,-1676.44
2023-05-23 17:56,8585.02,7221.45,0.00,0.00,82.67,81.96,0.00,-1676.44
2023-05-23 17:57,8585.02,7209.37,0.00,0.00,83.48,81.76,0.00,-1676.44
2023-05-23 17:58,8585.02,7156.94,0.00,0.00,83.53,81.56,0.00,-1676.44
2023-05-23 17:59,8585.02,7118.62,0.00,0.00,80.52,81.31,0.00,-1676.44
2023-05-23 18:00,8585.02,7102.84,0.00,0.00,81.40,81.14,0.00,-1676.44
2023-05-23 18:01,8585.02,7030.33,0.00,0.00,82.13,80.90,0.00,-1676.44
2023-05-23 18:02,8585.02,7027.50,0.00,0.00,81.63,80.79,0.00,-1676.44
2023-05-23 18:03,8585.02,7027.50,0.00,0.00,81.30,80.68,0.00,-1676.44
2023-05-23 18:04,8585.02,7026.80,0.00,0.00,79.39,80.55,0.00,-1676.44
2023-05-23 18:05,8585.02,6959.15,0.00,0.00,81.61,80.37,0.00,-1676.44
2023-05-23 18:06,8585.02,6935.38,0.00,0.00,81.10,80.23,0.00,-1676.44
2023-05-23 18:07,8585.02,6888.32,0.00,0.00,81.84,80.12,0.00,-1676.44
2023-05-23 18:08,8585.02,6844.64,0.00,0.00,81.71,80.01,0.00,-1676.44
2023-05-23 18:09,8585.02,6829.28,0.00,0.00,82.01,80.00,0.00,-1676.44
2023-05-23 18:10,8585.02,6756.71,0.00,0.00,81.74,79.85,0.00,-1676.44
2023-05-23 18:11,8585.02,6753.67,0.00,0.00,82.46,79.75,0.00,-1676.44
2023-05-23 18:12,8585.02,6702.85,0.00,0.00,81.24,79.70,0.00,-1676.44
2023-05-23 18:13,8585.02,6661.71,0.00,0.00,82.87,79.53,0.00,-1676.44
2023-05-23 18:14,8585.02,6622.46,0.00,0.00,83.70,79.52,0.00,-1676.44
2023-05-23 18:15,8585.02,6571.23,0.00,0.00,79.61,79.41,0.00,-1676.44
2023-05-23 18:16,8585.02,6546.89,0.00,0.00,81.12,79.33,0.00,-1676.44
2023-05-23 18:17,8585.02,6481.12,0.00,0.00,82.31,79.19,0.00,-1676.44
2023-05-23 18:18,8585.02,6459.34,0.22,90.67,79.30,79.14,0.00,-1676.22
2023-05-23 18:19,8585.02,6390.89,0.00,93.85,73.69,79.04,0.00,-1676.44
2023-05-23 18:20,8585.02,6372.22,0.00,36.41,73.94,79.02,0.00,-1676.44
2023-05-23 18:21,8585.02,6302.31,0.00,0.00,77.70,78.90,0.00,-1676.44
2023-05-23 18:22,8585.02,6273.55,0.00,0.00,80.42,78.89,0.00,-1676.44
2023-05-23 18:23,8585.02,6209.67,0.00,0.00,78.92,78.76,0.00,-1676.44
2023-05-23 18:24,8585.02,6183.71,0.00,0.00,75.97,78.76,0.00,-1676.44
2023-05-23 18:25,8585.02,6119.77,0.00,0.00,78.33,78.63,0.00,-1676.44
2023-05-23 18:26,8585.02,6083.35,0.00,0.00,77.24,78.60,0.00,-1676.44
2023-05-23 18:27,8585.02,6028.21,0.00,107.28,75.75,78.43,0.00,-1676.44
2023-05-23 18:28,8585.02,6012.62,0.00,102.16,72.46,78.30,0.00,-1676.44
2023-05-23 18:29,8585.02,5940.23,0.00,57.72,72.27,78.05,0.00,-1676.44
2023-05-23 18:30,8585.02,5919.58,0.00,0.00,74.64,77.95,0.00,-1676.44
2023-05-23 18:31,8585.02,5847.02,0.00,0.00,78.50,77.83,0.00,-1676.44
2023-05-23 18:32,8585.02,5825.05,0.00,0.00,78.99,77.81,0.00,-1676.44
2023-05-23 18:33,8585.02,5756.37,0.00,0.00,77.39,77.57,0.00,-1676.44
2023-05-23 18:34,8585.02,5746.56,0.00,0.00,75.51,77.34,0.00,-1676.44
2023-05-23 18:35,8585.02,5674.52,0.00,0.00,78.27,76.92,0.00,-1676.44
2023-05-23 18:36,8585.02,5657.56,0.00,0.00,78.73,76.49,0.00,-1676.44
2023-05-23 18:37,8585.02,5585.35,0.00,0.00,77.15,76.01,0.00,-1676.44
2023-05-23 18:38,8585.02,5562.44,0.00,0.00,79.31,75.55,0.00,-1676.44
2023-05-23 18:39,8585.02,5494.51,0.00,64.92,77.65,75.00,0.00,-1676.44
2023-05-23 18:40,8585.02,5462.43,0.00,97.17,71.61,74.42,0.00,-1676.44
2023-05-23 18:41,8585.02,5404.76,0.00,98.83,70.85,73.75,0.00,-1676.44
2023-05-23 18:42,8585.02,5384.73,0.00,85.13,70.81,73.32,0.00,-1676.44
2023-05-23 18:43,8585.02,5316.94,0.00,5.40,72.24,72.78,0.00,-1676.44
2023-05-23 18:44,8585.02,5307.53,0.00,0.00,75.61,72.70,0.00,-1676.44
2023-05-23 18:45,8585.02,5230.09,0.00,0.00,77.46,72.40,0.00,-1676.44
2023-05-23 18:46,8585.02,5217.52,0.00,0.00,76.00,72.43,0.00,-1676.44
2023-05-23 18:47,8585.02,5141.58,0.00,0.00,75.64,72.21,0.00,-1676.44
2023-05-23 18:48,8585.02,5140.86,0.00,0.00,76.49,72.30,0.00,-1676.44
2023-05-23 18:49,8585.02,5071.71,0.00,0.00,75.26,72.19,0.00,-1676.44
2023-05-23 18:50,8585.02,5052.91,0.00,0.00,77.00,72.10,0.00,-1676.44
2023-05-23 18:51,8585.02,4997.28,0.00,0.00,75.97,72.04,0.00,-1676.44
2023-05-23 18:52,8585.02,4965.60,0.00,0.00,74.51,71.93,0.00,-1676.44
2023-05-23 18:53,8585.02,4923.33,0.00,0.00,77.03,71.95,0.00,-1676.44
2023-05-23 18:54,8585.02,4876.58,0.00,0.00,78.81,71.79,0.00,-1676.44
2023-05-23 18:55,8585.02,4825.02,0.00,0.00,76.82,71.78,0.00,-1676.44
2023-05-23 18:56,8585.02,4786.06,0.00,0.00,76.52,71.69,0.00,-1676.44
2023-05-23 18:57,8585.02,4707.78,0.00,0.00,75.99,71.62,0.00,-1676.44
2023-05-23 18:58,8585.02,4671.41,0.00,0.00,75.98,71.61,0.00,-1676.44
2023-05-23 18:59,8585.02,4611.55,0.00,0.00,74.78,71.52,0.00,-1676.44
2023-05-23 19:00,8585.02,4557.91,0.00,0.00,76.89,71.54,0.00,-1676.44
2023-05-23 19:01,8585.02,4523.39,0.00,0.00,75.34,71.52,0.00,-1676.44
2023-05-23 19:02,8585.02,4460.76,0.00,14.12,75.44,71.53,0.00,-1676.44
2023-05-23 19:03,8585.02,4431.01,0.00,94.68,73.99,71.50,0.00,-1676.44
2023-05-23 19:04,8585.02,4351.20,0.00,98.97,69.30,71.32,0.00,-1676.44
2023-05-23 19:05,8585.02,4321.82,0.00,54.40,68.94,71.24,0.00,-1676.44
2023-05-23 19:06,8585.02,4257.19,0.00,0.00,71.13,71.21,0.00,-1676.44
2023-05-23 19:07,8585.02,4200.54,0.00,0.00,73.01,71.34,0.00,-1676.44
2023-05-23 19:08,8585.02,4158.28,0.00,0.00,74.97,71.44,0.00,-1676.44
2023-05-23 19:09,8585.02,4080.30,0.00,0.00,75.14,71.52,0.00,-1676.44
2023-05-23 19:10,8585.02,4044.95,0.00,0.00,73.66,71.67,0.00,-1676.44
2023-05-23 19:11,8585.02,3991.08,0.00,0.00,74.73,71.67,0.00,-1676.44
2023-05-23 19:12,8585.02,3919.83,0.00,0.00,75.83,71.75,0.00,-1676.44
2023-05-23 19:13,8585.02,3878.83,0.00,0.00,73.20,71.80,0.00,-1676.44
2023-05-23 19:14,8585.02,3812.64,0.00,0.00,73.60,71.78,0.00,-1676.44
2023-05-23 19:15,8585.02,3769.86,0.00,0.00,75.24,71.91,0.00,-1676.44
2023-05-23 19:16,8585.02,3721.67,0.00,0.00,73.95,71.86,0.00,-1676.44
2023-05-23 19:17,8585.02,3641.80,0.00,0.00,75.42,71.85,0.00,-1676.44
2023-05-23 19:18,8585.02,3611.39,0.00,0.00,74.22,71.90,0.00,-1676.44
2023-05-23 19:19,8585.02,3546.64,0.00,0.00,73.48,71.81,0.00,-1676.44
2023-05-23 19:20,8585.02,3485.32,0.44,30.59,74.57,71.85,0.00,-1676.00
2023-05-23 19:21,8585.02,3457.12,0.00,101.88,71.38,71.77,0.00,-1676.44
2023-05-23 19:22,8585.02,3379.04,0.00,104.23,67.81,71.63,0.00,-1676.44
2023-05-23 19:23,8585.02,3352.30,0.00,104.37,67.71,71.55,0.00,-1676.44
2023-05-23 19:24,8585.02,3278.59,0.00,57.17,67.70,71.41,0.00,-1676.44
2023-05-23 19:25,8585.02,3227.56,0.00,0.00,68.86,71.39,0.00,-1676.44
2023-05-23 19:26,8585.02,3189.24,0.00,0.00,70.47,71.55,0.00,-1676.44
2023-05-23 19:27,8585.02,3125.48,0.00,0.00,71.05,71.71,0.00,-1676.44
2023-05-23 19:28,8585.02,3098.00,0.00,0.00,72.05,71.77,0.00,-1676.44
2023-05-23 19:29,8585.02,3017.81,0.00,0.00,71.45,71.81,0.00,-1676.44
2023-05-23 19:30,8585.02,2997.45,0.00,0.00,71.26,71.92,0.00,-1676.44
2023-05-23 19:31,8585.02,2921.24,0.00,0.00,70.93,71.92,0.00,-1676.44
2023-05-23 19:32,8585.02,2888.97,0.00,0.00,71.76,72.02,0.00,-1676.44
2023-05-23 19:33,8585.02,2833.00,0.00,0.00,72.20,71.96,0.00,-1676.44
2023-05-23 19:34,8585.02,2773.61,0.00,0.00,72.16,72.03,0.00,-1676.44
2023-05-23 19:35,8585.02,2745.34,0.00,0.00,71.92,72.00,0.00,-1676.44
2023-05-23 19:36,8585.02,2669.33,0.00,0.00,72.09,72.02,0.00,-1676.44
2023-05-23 19:37,8585.02,2627.07,0.00,0.00,71.70,72.02,0.00,-1676.44
2023-05-23 19:38,8585.02,2567.66,0.00,0.00,70.78,71.99,0.00,-1676.44
2023-05-23 19:39,8585.02,2498.76,0.00,0.00,72.42,72.04,0.00,-1676.44
2023-05-23 19:40,8585.02,2472.95,0.00,0.00,71.91,72.07,0.00,-1676.44
2023-05-23 19:41,8585.02,2393.72,0.00,30.73,70.71,72.06,0.00,-1676.44
2023-05-23 19:42,8585.02,2347.32,0.00,88.59,68.54,72.06,0.00,-1676.44
2023-05-23 19:43,8585.02,2299.51,0.00,98.14,66.89,71.92,0.00,-1676.44
2023-05-23 19:44,8585.02,2218.50,0.00,100.22,66.42,71.83,0.00,-1676.44
2023-05-23 19:45,8585.02,2174.75,0.00,35.85,66.52,71.77,0.00,-1676.44
2023-05-23 19:46,8585.02,2123.36,0.00,0.00,67.94,71.74,0.00,-1676.44
2023-05-23 19:47,8585.02,2051.88,0.00,0.00,68.26,71.89,0.00,-1676.44
2023-05-23 19:48,8585.02,2023.20,0.00,0.00,67.85,72.02,0.00,-1676.44
2023-05-23 19:49,8585.02,1943.69,0.00,0.00,67.93,72.08,0.00,-1676.44
2023-05-23 19:50,8585.02,1943.62,0.00,0.00,68.58,72.24,0.00,-1676.44
2023-05-23 19:51,8585.02,1943.53,0.00,0.00,68.74,72.39,0.00,-1676.44
2023-05-23 19:52,8585.02,1943.51,0.00,0.00,68.23,72.45,0.00,-1676.44
2023-05-23 19:53,8585.02,1943.51,0.00,0.00,69.11,72.45,0.00,-1676.44
2023-05-23 19:54,8585.02,1903.00,0.00,0.00,69.09,72.42,0.00,-1676.44
2023-05-23 19:55,8585.02,1853.83,0.00,0.00,69.39,72.32,0.00,-1676.44
2023-05-23 19:56,8585.02,1795.65,0.00,0.00,69.55,72.42,0.00,-1676.44
2023-05-23 19:57,8585.02,1764.12,0.00,0.00,69.76,72.42,0.00,-1676.44
2023-05-23 19:58,8585.02,1747.18,0.00,0.00,70.16,72.51,0.00,-1676.44
2023-05-23 19:59,8585.02,1688.55,0.00,0.00,70.31,72.45,0.00,-1676.44
2023-05-23 20:00,8585.02,1673.33,0.00,0.00,70.19,72.50,0.00,-1676.44
2023-05-23 20:01,8585.02,1698.29,0.00,0.00,70.82,72.58,0.00,-1676.44
2023-05-23 20:02,8585.02,1761.38,0.00,0.00,69.61,72.71,0.00,-1676.44
2023-05-23 20:03,8585.02,1695.48,0.00,0.00,69.89,72.68,0.00,-1676.44
2023-05-23 20:04,8585.02,1672.46,0.00,0.00,69.45,72.73,0.00,-1676.44
2023-05-23 20:05,8585.02,1671.08,0.00,0.00,68.98,72.78,0.00,-1676.44
2023-05-23 20:06,8585.02,1671.08,0.00,0.00,67.99,72.73,0.00,-1676.44
2023-05-23 20:07,8585.02,1662.21,0.00,26.44,67.83,72.65,0.00,-1676.44
2023-05-23 20:08,8585.02,1584.83,0.00,76.83,65.91,72.61,0.00,-1676.44
2023-05-23 20:09,8585.02,1584.39,0.00,91.22,65.38,72.51,0.00,-1676.44
2023-05-23 20:10,8585.02,1537.34,0.00,94.82,65.26,72.43,0.00,-1676.44
2023-05-23 20:11,8585.02,1498.40,0.00,95.23,65.08,72.35,0.00,-1676.44
2023-05-23 20:12,8585.02,1498.40,0.00,95.51,65.10,72.27,0.00,-1676.44
2023-05-23 20:13,8585.02,1498.40,0.00,95.51,65.17,72.24,0.00,-1676.44
2023-05-23 20:14,8585.02,1498.40,0.00,95.51,65.15,72.16,0.00,-1676.44
2023-05-23 20:15,8585.02,1498.40,0.00,36.54,65.24,71.88,0.00,-1676.44
2023-05-23 20:16,8585.02,1473.50,0.00,0.00,65.29,71.73,0.00,-1676.44
2023-05-23 20:17,8585.02,1461.23,0.00,0.00,64.79,71.72,0.00,-1676.44
2023-05-23 20:18,8585.02,1384.83,0.00,0.00,64.96,71.72,0.00,-1676.44
2023-05-23 20:19,8585.02,1384.44,0.00,0.00,64.94,71.72,0.00,-1676.44
2023-05-23 20:20,8585.02,1340.70,0.00,0.00,64.80,71.65,0.00,-1676.44
2023-05-23 20:21,8585.02,1300.32,0.00,0.00,64.73,71.61,0.00,-1676.44
2023-05-23 20:22,8585.02,1250.26,0.00,0.00,65.29,71.59,0.00,-1676.44
2023-05-23 20:23,8585.02,1216.67,0.00,0.00,66.48,71.52,0.00,-1676.44
2023-05-23 20:24,8585.02,1205.70,0.00,0.00,66.95,71.51,0.00,-1676.44
2023-05-23 20:25,8585.02,1130.91,0.00,0.00,66.95,71.45,0.00,-1676.44
2023-05-23 20:26,8585.02,1124.27,0.00,0.00,66.63,71.39,0.00,-1676.44
2023-05-23 20:27,8585.02,1046.55,0.00,0.00,66.41,71.39,0.00,-1676.44
2023-05-23 20:28,8585.02,1038.43,0.00,0.00,65.77,71.36,0.00,-1676.44
2023-05-23 20:29,8585.02,962.66,0.00,0.00,65.29,71.31,0.00,-1676.44
2023-05-23 20:30,8585.02,956.59,0.00,0.00,64.85,71.28,0.00,-1676.44
2023-05-23 20:31,8585.02,876.49,0.00,0.00,66.05,71.25,0.00,-1676.44
2023-05-23 20:32,8585.02,874.49,0.00,0.00,66.16,71.25,0.00,-1676.44
2023-05-23 20:33,8585.02,874.49,0.00,0.00,65.70,71.20,0.00,-1676.44
2023-05-23 20:34,8585.02,874.49,0.00,0.00,65.49,71.19,0.00,-1676.44
2023-05-23 20:35,8585.02,841.54,0.00,0.00,66.16,71.19,0.00,-1676.44
2023-05-23 20:36,8585.02,789.00,0.00,0.00,66.63,71.19,0.00,-1676.44
2023-05-23 20:37,8585.02,789.00,0.00,0.00,64.79,71.19,0.00,-1676.44
2023-05-23 20:38,8585.02,789.00,0.00,0.00,65.32,71.19,0.00,-1676.44
2023-05-23 20:39,8585.02,789.00,0.00,0.00,65.53,71.19,0.00,-1676.44
2023-05-23 20:40,8585.02,789.00,0.00,0.00,65.91,71.13,0.00,-1676.44
2023-05-23 20:41,8585.02,789.00,0.00,0.00,66.48,71.13,0.00,-1676.44
2023-05-23 20:42,8585.02,789.00,0.00,0.00,64.99,71.11,0.00,-1676.44
2023-05-23 20:43,8585.02,789.00,0.00,0.00,65.25,71.05,0.00,-1676.44
2023-05-23 20:44,8585.02,789.00,0.00,0.00,65.31,71.04,0.00,-1676.44
2023-05-23 20:45,8585.02,789.00,0.00,0.00,65.64,71.05,0.00,-1676.44
2023-05-23 20:46,8585.02,789.00,0.00,0.00,65.30,70.99,0.00,-1676.44
2023-05-23 20:47,8585.02,789.00,0.00,0.00,66.75,70.99,0.00,-1676.44
2023-05-23 20:48,8585.02,789.00,0.00,0.00,66.92,70.93,0.00,-1676.44
2023-05-23 20:49,8585.02,731.96,0.00,0.00,65.32,70.91,0.00,-1676.44
2023-05-23 20:50,8585.02,704.68,0.00,0.00,65.52,70.86,0.00,-1676.44
2023-05-23 20:51,8585.02,704.68,0.00,0.00,64.76,70.85,0.00,-1676.44
2023-05-23 20:52,8585.02,704.68,0.00,0.00,66.03,70.82,0.00,-1676.44
2023-05-23 20:53,8585.02,666.78,0.00,14.67,67.36,70.79,0.00,-1676.44
2023-05-23 20:54,8585.02,653.93,0.00,87.35,66.83,70.73,0.00,-1676.44
2023-05-23 20:55,8585.02,653.93,0.00,87.21,64.13,70.72,0.00,-1676.44
2023-05-23 20:56,8585.02,653.93,0.00,87.62,64.21,70.66,0.00,-1676.44
2023-05-23 20:57,8585.02,653.93,0.00,91.22,62.85,70.53,0.00,-1676.44
2023-05-23 20:58,8585.02,653.93,0.00,93.99,62.71,70.44,0.00,-1676.44
2023-05-23 20:59,8585.02,649.83,0.00,94.68,62.66,70.38,0.00,-1676.44
2023-05-23 21:00,8585.02,631.53,0.00,94.68,62.69,70.31,0.00,-1676.44
2023-05-23 21:01,8585.02,631.53,0.00,94.68,62.60,70.23,0.00,-1676.44
2023-05-23 21:02,8585.02,631.53,0.00,94.68,62.58,70.14,0.00,-1676.44
2023-05-23 21:03,8585.02,631.53,0.00,94.68,62.50,69.84,0.00,-1676.44
2023-05-23 21:04,8585.02,631.53,0.00,94.68,62.36,69.49,0.00,-1676.44
2023-05-23 21:05,8585.02,631.53,0.00,94.96,62.28,69.22,0.00,-1676.44
2023-05-23 21:06,8585.02,631.53,0.00,95.51,62.29,69.01,0.00,-1676.44
2023-05-23 21:07,8585.02,631.53,0.00,95.51,62.28,68.81,0.00,-1676.44
2023-05-23 21:08,8585.02,631.53,0.00,91.77,62.25,68.58,0.00,-1676.44
2023-05-23 21:09,8585.02,631.53,0.00,9.83,62.35,68.39,0.00,-1676.44
2023-05-23 21:10,8585.02,631.53,0.00,0.00,63.56,68.33,0.00,-1676.44
2023-05-23 21:11,8585.02,631.53,0.00,0.00,63.28,68.34,0.00,-1676.44
2023-05-23 21:12,8585.02,631.53,0.00,0.00,62.90,68.32,0.00,-1676.44
2023-05-23 21:13,8585.02,631.53,0.00,0.00,63.70,68.28,0.00,-1676.44
2023-05-23 21:14,8585.02,631.53,0.00,0.00,65.64,68.27,0.00,-1676.44
2023-05-23 21:15,8585.02,631.53,0.00,0.00,67.26,68.21,0.00,-1676.44
2023-05-23 21:16,8585.02,631.53,0.00,0.00,68.18,68.19,0.00,-1676.44
2023-05-23 21:17,8585.02,631.53,0.00,0.00,67.19,68.14,0.00,-1676.44
2023-05-23 21:18,8585.02,631.53,0.00,0.00,68.72,68.07,0.00,-1676.44
2023-05-23 21:19,8585.02,631.53,0.00,0.00,68.91,68.07,0.00,-1676.44
2023-05-23 21:20,8585.02,631.53,0.00,0.00,67.22,68.02,0.00,-1676.44
2023-05-23 21:21,8585.02,631.53,0.00,0.00,67.56,68.00,0.00,-1676.44
2023-05-23 21:22,8585.02,631.53,0.00,0.00,68.44,67.97,0.00,-1676.44
2023-05-23 21:23,8585.02,631.53,0.00,0.00,67.48,67.93,0.00,-1676.44
2023-05-23 21:24,8585.02,631.53,0.00,0.00,68.06,67.89,0.00,-1676.44
2023-05-23 21:25,8585.02,631.53,0.00,0.00,66.15,67.87,0.00,-1676.44
2023-05-23 21:26,8585.02,631.53,0.00,0.00,65.69,67.86,0.00,-1676.44
2023-05-23 21:27,8585.02,631.53,0.00,0.00,66.10,67.80,0.00,-1676.44
2023-05-23 21:28,8585.02,631.53,0.00,0.00,66.92,67.76,0.00,-1676.44
2023-05-23 21:29,8585.02,631.53,0.00,0.00,65.04,67.74,0.00,-1676.44
2023-05-23 21:30,8585.02,631.53,0.00,0.00,65.14,67.73,0.00,-1676.44
2023-05-23 21:31,8585.02,631.53,0.00,0.00,65.49,67.67,0.00,-1676.44
2023-05-23 21:32,8585.02,631.53,0.00,0.00,68.00,67.67,0.00,-1676.44
2023-05-23 21:33,8585.02,631.53,0.00,0.00,68.07,67.60,0.00,-1676.44
2023-05-23 21:34,8585.02,631.53,0.00,0.00,69.54,67.55,0.00,-1676.44
2023-05-23 21:35,8585.02,631.53,0.00,0.00,70.80,67.54,0.00,-1676.44
2023-05-23 21:36,8585.02,631.53,0.00,0.00,71.01,67.52,0.00,-1676.44
2023-05-23 21:37,8585.02,631.53,0.00,0.00,69.74,67.46,0.00,-1676.44
2023-05-23 21:38,8585.02,631.53,0.00,0.00,69.28,67.40,0.00,-1676.44
2023-05-23 21:39,8585.02,631.53,0.00,0.00,69.67,67.40,0.00,-1676.44
2023-05-23 21:40,8585.02,631.53,0.00,0.00,71.06,67.36,0.00,-1676.44
2023-05-23 21:41,8585.02,631.53,0.00,0.00,71.43,67.34,0.00,-1676.44
2023-05-23 21:42,8585.02,631.53,0.00,0.00,68.29,67.33,0.00,-1676.44
2023-05-23 21:43,8585.02,631.53,0.00,16.89,68.31,67.27,0.00,-1676.44
2023-05-23 21:44,8585.02,631.53,0.00,99.95,69.19,67.20,0.00,-1676.44
2023-05-23 21:45,8585.02,631.53,0.00,100.50,63.95,67.18,0.00,-1676.44
2023-05-23 21:46,8585.02,631.53,0.00,100.92,61.44,67.15,0.00,-1676.44
2023-05-23 21:47,8585.02,631.53,0.00,104.93,60.96,67.06,0.00,-1676.44
2023-05-23 21:48,8585.02,631.53,0.00,38.07,60.84,66.85,0.00,-1676.44
2023-05-23 21:49,8585.02,631.53,0.00,0.00,61.17,66.70,0.00,-1676.44
2023-05-23 21:50,8585.02,631.53,0.00,0.00,61.42,66.67,0.00,-1676.44
2023-05-23 21:51,8585.02,631.53,0.00,0.00,61.33,66.67,0.00,-1676.44
2023-05-23 21:52,8585.02,631.53,0.00,0.00,61.38,66.62,0.00,-1676.44
2023-05-23 21:53,8585.02,631.53,0.00,0.00,61.44,66.61,0.00,-1676.44
2023-05-23 21:54,8585.02,631.53,0.00,0.00,61.78,66.60,0.00,-1676.44
2023-05-23 21:55,8585.02,631.53,0.00,0.00,62.25,66.58,0.00,-1676.44
2023-05-23 21:56,8585.02,631.53,0.00,0.00,61.72,66.55,0.00,-1676.44
2023-05-23 21:57,8585.02,631.53,0.00,0.00,62.00,66.54,0.00,-1676.44
2023-05-23 21:58,8585.02,631.53,0.00,0.00,61.32,66.54,0.00,-1676.44
2023-05-23 21:59,8585.02,631.53,0.00,0.00,64.47,66.51,0.00,-1676.44
2023-05-23 22:00,8585.02,631.53,0.00,0.00,66.48,66.54,0.00,-1676.44
2023-05-23 22:01,8585.02,631.53,0.00,0.00,64.03,66.51,0.00,-1676.44
2023-05-23 22:02,8585.02,631.53,0.00,0.00,63.59,66.51,0.00,-1676.44
2023-05-23 22:03,8585.02,631.53,0.00,0.00,66.22,66.47,0.00,-1676.44
2023-05-23 22:04,8585.02,631.53,0.00,0.00,67.30,66.47,0.00,-1676.44
2023-05-23 22:05,8585.02,631.53,0.00,0.00,66.25,66.47,0.00,-1676.44
2023-05-23 22:06,8585.02,631.53,0.00,0.00,68.73,66.44,0.00,-1676.44
2023-05-23 22:07,8585.02,631.53,0.00,0.00,67.42,66.41,0.00,-1676.44
2023-05-23 22:08,8585.02,631.53,0.00,0.00,67.54,66.35,0.00,-1676.44
2023-05-23 22:09,8585.02,631.53,0.00,0.00,66.34,66.33,0.00,-1676.44
2023-05-23 22:10,8585.02,631.53,0.00,0.00,64.15,66.32,0.00,-1676.44
2023-05-23 22:11,8585.02,631.53,0.00,0.00,64.23,66.27,0.00,-1676.44
2023-05-23 22:12,8585.02,631.53,0.00,0.00,64.29,66.24,0.00,-1676.44
2023-05-23 22:13,8585.02,631.53,0.00,0.00,64.68,66.20,0.00,-1676.44
2023-05-23 22:14,8585.02,631.53,0.00,0.00,65.91,66.14,0.00,-1676.44
2023-05-23 22:15,8585.02,631.53,0.00,0.00,65.95,66.11,0.00,-1676.44
2023-05-23 22:16,8585.02,631.53,0.00,0.00,65.75,66.05,0.00,-1676.44
2023-05-23 22:17,8585.02,631.53,0.00,0.00,66.22,66.01,0.00,-1676.44
2023-05-23 22:18,8585.02,631.53,0.00,0.00,66.66,65.95,0.00,-1676.44
2023-05-23 22:19,8585.02,631.53,0.00,0.00,66.97,65.93,0.00,-1676.44
2023-05-23 22:20,8585.02,631.53,0.00,0.00,67.91,65.87,0.00,-1676.44
2023-05-23 22:21,8585.02,631.53,0.00,0.00,67.31,65.82,0.00,-1676.44
2023-05-23 22:22,8585.02,631.53,0.00,0.00,67.64,65.81,0.00,-1676.44
2023-05-23 22:23,8585.02,631.53,0.00,0.00,67.83,65.76,0.00,-1676.44
2023-05-23 22:24,8585.02,631.53,0.00,0.00,67.15,65.74,0.00,-1676.44
2023-05-23 22:25,8585.02,631.53,0.00,0.00,66.40,65.72,0.00,-1676.44
2023-05-23 22:26,8585.02,631.53,0.00,0.00,67.07,65.69,0.00,-1676.44
2023-05-23 22:27,8585.02,631.53,0.00,0.00,66.19,65.63,0.00,-1676.44
2023-05-23 22:28,8585.02,631.53,0.00,0.00,67.00,65.60,0.00,-1676.44
2023-05-23 22:29,8585.02,631.53,0.00,0.00,66.34,65.54,0.00,-1676.44
2023-05-23 22:30,8585.02,631.53,0.00,0.00,65.00,65.48,0.00,-1676.44
2023-05-23 22:31,8585.02,631.53,0.00,0.00,63.93,65.45,0.00,-1676.44
2023-05-23 22:32,8585.02,631.53,0.00,0.00,65.75,65.41,0.00,-1676.44
2023-05-23 22:33,8585.02,631.53,0.00,0.00,67.20,65.34,0.00,-1676.44
2023-05-23 22:34,8585.02,631.53,0.00,0.00,67.55,65.28,0.00,-1676.44
2023-05-23 22:35,8585.02,631.53,0.00,0.00,67.61,65.28,0.00,-1676.44
2023-05-23 22:36,8585.02,631.53,0.00,43.74,66.42,65.23,0.00,-1676.44
2023-05-23 22:37,8585.02,631.53,0.00,95.23,63.09,65.13,0.00,-1676.44
2023-05-23 22:38,8585.02,631.53,0.00,94.68,60.68,65.06,0.00,-1676.44
2023-05-23 22:39,8585.02,631.53,0.00,94.68,59.94,64.99,0.00,-1676.44
2023-05-23 22:40,8585.02,631.53,0.00,95.65,59.74,64.93,0.00,-1676.44
2023-05-23 22:41,8585.02,631.53,0.00,98.55,59.47,64.79,0.00,-1676.44
2023-05-23 22:42,8585.02,631.53,0.00,98.83,59.48,64.55,0.00,-1676.44
2023-05-23 22:43,8585.02,631.53,0.00,98.83,59.45,64.26,0.00,-1676.44
2023-05-23 22:44,8585.02,631.53,0.00,98.83,59.50,64.00,0.00,-1676.44
2023-05-23 22:45,8585.02,631.53,0.00,98.83,59.49,63.77,0.00,-1676.44
2023-05-23 22:46,8585.02,631.53,0.00,99.53,59.44,63.57,0.00,-1676.44
2023-05-23 22:47,8585.02,631.53,0.00,99.67,59.51,63.34,0.00,-1676.44
2023-05-23 22:48,8585.02,631.53,0.00,99.67,59.46,63.13,0.00,-1676.44
2023-05-23 22:49,8585.02,631.53,0.00,99.67,59.42,62.98,0.00,-1676.44
2023-05-23 22:50,8585.02,631.53,0.00,99.67,59.44,62.80,0.00,-1676.44
2023-05-23 22:51,8585.02,631.53,0.00,99.67,59.42,62.66,0.00,-1676.44
2023-05-23 22:52,8585.02,631.53,0.00,99.67,59.41,62.51,0.00,-1676.44
2023-05-23 22:53,8585.02,631.53,0.00,99.67,59.36,62.38,0.00,-1676.44
2023-05-23 22:54,8585.02,631.53,0.00,99.67,59.36,62.26,0.00,-1676.44
2023-05-23 22:55,8585.02,631.53,0.00,99.67,59.31,62.15,0.00,-1676.44
2023-05-23 22:56,8585.02,631.53,0.00,99.67,59.30,62.05,0.00,-1676.44
2023-05-23 22:57,8585.02,631.53,0.00,99.67,59.29,61.93,0.00,-1676.44
2023-05-23 22:58,8585.02,631.53,0.00,99.67,59.24,61.80,0.00,-1676.44
2023-05-23 22:59,8585.02,631.53,0.00,99.67,59.24,61.74,0.00,-1676.44
2023-05-23 23:00,8585.02,631.53,0.00,99.67,59.26,61.63,0.00,-1676.44
2023-05-23 23:01,8585.02,631.53,0.00,99.67,59.21,61.53,0.00,-1676.44
2023-05-23 23:02,8585.02,631.53,0.00,99.67,59.14,61.44,0.00,-1676.44
2023-05-23 23:03,8585.02,631.53,0.00,99.67,59.11,61.36,0.00,-1676.44
2023-05-23 23:04,8585.02,631.53,0.00,99.67,59.03,61.24,0.00,-1676.44
2023-05-23 23:05,8585.02,631.53,0.00,99.67,59.14,61.16,0.00,-1676.44
2023-05-23 23:06,8585.02,631.53,0.00,99.67,59.11,61.05,0.00,-1676.44
2023-05-23 23:07,8585.02,631.53,0.00,99.67,59.02,60.96,0.00,-1676.44
2023-05-23 23:08,8585.02,631.53,0.00,99.67,58.97,60.90,0.00,-1676.44
2023-05-23 23:09,8585.02,631.53,0.00,99.67,58.97,60.83,0.00,-1676.44
2023-05-23 23:10,8585.02,631.53,0.00,99.67,58.97,60.76,0.00,-1676.44
2023-05-23 23:11,8585.02,631.53,0.00,99.67,58.96,60.70,0.00,-1676.44
2023-05-23 23:12,8585.02,631.53,0.00,99.25,58.97,60.66,0.00,-1676.44
2023-05-23 23:13,8585.02,631.53,0.00,99.39,58.94,60.61,0.00,-1676.44
2023-05-23 23:14,8585.02,631.53,0.00,99.67,58.92,60.57,0.00,-1676.44
2023-05-23 23:15,8585.02,631.53,0.00,99.67,58.89,60.56,0.00,-1676.44
2023-05-23 23:16,8585.02,631.53,0.00,99.67,58.90,60.51,0.00,-1676.44
2023-05-23 23:17,8585.02,631.53,0.00,99.67,58.91,60.50,0.00,-1676.44
2023-05-23 23:18,8585.02,631.53,0.00,98.83,58.81,60.44,0.00,-1676.44
2023-05-23 23:19,8585.02,631.53,0.00,98.83,58.75,60.38,0.00,-1676.44
2023-05-23 23:20,8585.02,631.53,0.00,98.83,58.75,60.37,0.00,-1676.44
2023-05-23 23:21,8585.02,631.53,0.00,98.83,58.71,60.31,0.00,-1676.44
2023-05-23 23:22,8585.02,631.53,0.00,98.83,58.68,60.28,0.00,-1676.44
2023-05-23 23:23,8585.02,631.53,0.00,98.83,58.64,60.23,0.00,-1676.44
2023-05-23 23:24,8585.02,631.53,0.00,98.97,58.58,60.18,0.00,-1676.44
2023-05-23 23:25,8585.02,631.53,0.00,98.97,58.59,60.12,0.00,-1676.44
2023-05-23 23:26,8585.02,631.53,0.00,98.83,58.55,60.06,0.00,-1676.44
2023-05-23 23:27,8585.02,631.53,0.00,98.83,58.52,60.00,0.00,-1676.44
2023-05-23 23:28,8585.02,631.53,0.00,98.83,58.50,59.97,0.00,-1676.44
2023-05-23 23:29,8585.02,631.53,0.00,98.83,58.54,59.89,0.00,-1676.44
2023-05-23 23:30,8585.02,631.53,0.00,98.83,58.44,59.83,0.00,-1676.44
2023-05-23 23:31,8585.02,631.53,0.00,95.37,58.42,59.79,0.00,-1676.44
2023-05-23 23:32,8585.02,631.53,0.00,53.29,58.36,59.76,0.00,-1676.44
2023-05-23 23:33,8585.02,631.53,0.00,47.34,58.31,59.69,0.00,-1676.44
2023-05-23 23:34,8585.02,631.53,0.00,47.34,58.24,59.64,0.00,-1676.44
2023-05-23 23:35,8585.02,631.53,0.00,47.34,58.24,59.57,0.00,-1676.44
2023-05-23 23:36,8585.02,631.53,0.00,47.34,58.24,59.52,0.00,-1676.44
2023-05-23 23:37,8585.02,631.53,0.00,47.34,58.24,59.50,0.00,-1676.44
2023-05-23 23:38,8585.02,631.53,0.00,47.34,58.21,59.45,0.00,-1676.44
2023-05-23 23:39,8585.02,631.53,0.00,47.34,58.18,59.43,0.00,-1676.44
2023-05-23 23:40,8585.02,631.53,0.00,47.34,58.15,59.37,0.00,-1676.44
2023-05-23 23:41,8585.02,631.53,0.00,47.34,58.16,59.34,0.00,-1676.44
2023-05-23 23:42,8585.02,631.53,0.00,47.34,58.11,59.30,0.00,-1676.44
2023-05-23 23:43,8585.02,631.53,0.00,47.34,58.07,59.29,0.00,-1676.44
2023-05-23 23:44,8585.02,631.53,0.00,47.34,58.04,59.26,0.00,-1676.44
2023-05-23 23:45,8585.02,631.53,0.00,47.06,58.00,59.24,0.00,-1676.44
2023-05-23 23:46,8585.02,631.53,0.00,46.79,57.99,59.17,0.00,-1676.44
2023-05-23 23:47,8585.02,631.53,0.00,47.34,58.02,59.13,0.00,-1676.44
2023-05-23 23:48,8585.02,631.53,0.00,46.65,57.91,59.07,0.00,-1676.44
2023-05-23 23:49,8585.02,210.51,0.00,46.51,57.91,59.00,0.00,-1676.44
2023-05-23 23:50,8585.02,0.00,0.00,45.68,57.85,58.96,0.00,-1676.44
2023-05-23 23:51,8585.02,0.00,0.00,45.68,57.81,58.90,0.00,-1676.44
2023-05-23 23:52,8585.02,0.00,0.00,45.68,57.79,58.82,0.00,-1676.44
2023-05-23 23:53,8585.02,0.00,0.00,45.68,57.71,58.77,0.00,-1676.44
2023-05-23 23:54,8585.02,0.00,0.00,45.68,57.70,58.75,0.00,-1676.44
2023-05-23 23:55,8585.02,0.00,0.00,45.68,57.68,58.66,0.00,-1676.44
2023-05-23 23:56,8585.02,0.00,0.00,45.68,57.59,58.62,0.00,-1676.44
2023-05-23 23:57,8585.02,0.00,0.00,45.68,57.58,58.58,0.00,-1676.44
2023-05-23 23:58,8585.02,0.00,0.00,45.68,57.54,58.53,0.00,-1676.44
2023-05-23 23:59,8585.02,0.00,0.00,45.68,57.50,58.46,0.00,-1676.44
2023-05-24 00:00,8585.02,0.00,0.00,45.68,57.45,58.42,0.00,-1676.44
2023-05-24 00:01,8585.02,0.00,0.00,45.68,57.40,58.38,0.00,-1676.44
2023-05-24 00:02,8585.02,0.00,0.00,45.68,57.40,58.33,0.00,-1676.44
2023-05-24 00:03,8585.02,0.00,0.00,45.68,57.33,58.25,0.00,-1676.44
2023-05-24 00:04,8585.02,0.00,0.00,45.68,57.29,58.21,0.00,-1676.44
2023-05-24 00:05,8585.02,0.00,0.00,45.68,57.28,58.16,0.00,-1676.44
2023-05-24 00:06,8585.02,0.00,0.00,45.68,57.20,58.11,0.00,-1676.44
2023-05-24 00:07,8585.02,0.00,0.00,45.68,57.22,58.05,0.00,-1676.44
2023-05-24 00:08,8585.02,0.00,0.00,45.68,57.17,58.04,0.00,-1676.44
2023-05-24 00:09,8585.02,0.00,0.00,45.68,57.16,57.99,0.00,-1676.44
2023-05-24 00:10,8585.02,0.00,0.00,45.68,57.08,57.96,0.00,-1676.44
2023-05-24 00:11,8585.02,0.00,0.00,45.68,57.06,57.91,0.00,-1676.44
2023-05-24 00:12,8585.02,0.00,0.00,45.68,57.05,57.88,0.00,-1676.44
2023-05-24 00:13,8585.02,0.00,0.00,45.68,57.03,57.84,0.00,-1676.44
2023-05-24 00:14,8585.02,0.00,0.00,45.68,57.00,57.84,0.00,-1676.44
2023-05-24 00:15,8585.02,0.00,0.00,45.68,56.98,57.80,0.00,-1676.44
2023-05-24 00:16,8585.02,0.00,0.00,45.68,56.93,57.77,0.00,-1676.44
2023-05-24 00:17,8585.02,0.00,0.00,45.68,56.89,57.71,0.00,-1676.44
2023-05-24 00:18,8585.02,0.00,0.00,45.68,56.87,57.69,0.00,-1676.44
2023-05-24 00:19,8585.02,0.00,0.00,45.68,56.81,57.64,0.00,-1676.44
2023-05-24 00:20,8585.02,0.00,0.00,45.68,56.81,57.58,0.00,-1676.44
2023-05-24 00:21,8585.02,0.00,0.00,45.68,56.76,57.57,0.00,-1676.44
2023-05-24 00:22,8585.02,0.00,0.00,45.68,56.71,57.52,0.00,-1676.44
2023-05-24 00:23,8585.02,0.00,0.00,45.68,56.71,57.48,0.00,-1676.44
2023-05-24 00:24,8585.02,0.00,0.00,45.68,56.74,57.48,0.00,-1676.44
2023-05-24 00:25,8585.02,0.00,0.00,45.68,56.66,57.44,0.00,-1676.44
2023-05-24 00:26,8585.02,0.00,0.00,45.68,56.64,57.41,0.00,-1676.44
2023-05-24 00:27,8585.02,0.00,0.00,45.68,56.60,57.38,0.00,-1676.44
2023-05-24 00:28,8585.02,0.00,0.00,45.68,56.62,57.38,0.00,-1676.44
2023-05-24 00:29,8585.02,0.00,0.00,45.68,56.53,57.38,0.00,-1676.44
2023-05-24 00:30,8585.02,0.00,0.00,45.68,56.55,57.37,0.00,-1676.44
2023-05-24 00:31,8585.02,0.00,0.00,45.68,56.52,57.34,0.00,-1676.44
2023-05-24 00:32,8585.02,0.00,0.00,45.68,56.51,57.34,0.00,-1676.44
2023-05-24 00:33,8585.02,0.00,0.00,45.68,56.45,57.33,0.00,-1676.44
2023-05-24 00:34,8585.02,0.00,0.00,45.68,56.46,57.31,0.00,-1676.44
2023-05-24 00:35,8585.02,0.00,0.00,45.68,56.43,57.31,0.00,-1676.44
2023-05-24 00:36,8585.02,0.00,0.00,45.68,56.44,57.29,0.00,-1676.44
2023-05-24 00:37,8585.02,0.00,0.00,45.68,56.38,57.28,0.00,-1676.44
2023-05-24 00:38,8585.02,0.00,0.00,45.68,56.34,57.26,0.00,-1676.44
2023-05-24 00:39,8585.02,0.00,0.00,45.68,56.32,57.25,0.00,-1676.44
2023-05-24 00:40,8585.02,0.00,0.00,45.68,56.32,57.24,0.00,-1676.44
2023-05-24 00:41,8585.02,0.00,0.00,45.68,56.32,57.20,0.00,-1676.44
2023-05-24 00:42,8585.02,0.00,0.00,45.68,56.25,57.18,0.00,-1676.44
2023-05-24 00:43,8585.02,0.00,0.00,45.68,56.20,57.18,0.00,-1676.44
2023-05-24 00:44,8585.02,0.00,0.00,45.68,56.18,57.13,0.00,-1676.44
2023-05-24 00:45,8585.02,0.00,0.00,45.68,56.17,57.10,0.00,-1676.44
2023-05-24 00:46,8585.02,0.00,0.00,45.68,56.12,57.05,0.00,-1676.44
2023-05-24 00:47,8585.02,0.00,0.00,45.68,56.12,57.05,0.00,-1676.44
2023-05-24 00:48,8585.02,0.00,0.00,45.68,56.12,57.01,0.00,-1676.44
2023-05-24 00:49,8585.02,0.00,0.00,45.68,56.11,56.98,0.00,-1676.44
2023-05-24 00:50,8585.02,0.00,0.00,45.68,56.10,56.96,0.00,-1676.44
2023-05-24 00:51,8585.02,0.00,0.00,45.68,56.04,56.93,0.00,-1676.44
2023-05-24 00:52,8585.02,0.00,0.00,45.68,56.02,56.87,0.00,-1676.44
2023-05-24 00:53,8585.02,0.00,0.00,45.68,56.00,56.85,0.00,-1676.44
2023-05-24 00:54,8585.02,0.00,0.00,45.68,55.99,56.85,0.00,-1676.44
2023-05-24 00:55,8585.02,0.00,0.00,45.68,55.97,56.84,0.00,-1676.44
2023-05-24 00:56,8585.02,0.00,0.00,45.27,55.93,56.80,0.00,-1676.44
2023-05-24 00:57,8585.02,0.00,0.00,45.40,55.92,56.78,0.00,-1676.44
2023-05-24 00:58,8585.02,0.00,0.00,45.13,55.90,56.78,0.00,-1676.44
2023-05-24 00:59,8585.02,0.00,0.00,44.85,55.90,56.78,0.00,-1676.44
2023-05-24 01:00,8585.02,0.00,0.00,45.13,55.88,56.76,0.00,-1676.44
2023-05-24 01:01,8585.02,0.00,0.00,44.85,55.84,56.75,0.00,-1676.44
2023-05-24 01:02,8585.02,0.00,0.00,44.85,55.81,56.75,0.00,-1676.44
2023-05-24 01:03,8585.02,0.00,0.00,44.85,55.79,56.71,0.00,-1676.44
2023-05-24 01:04,8585.02,0.00,0.00,44.85,55.81,56.67,0.00,-1676.44
2023-05-24 01:05,8585.02,0.00,0.00,44.85,55.78,56.65,0.00,-1676.44
2023-05-24 01:06,8585.02,0.00,0.00,44.85,55.75,56.65,0.00,-1676.44
2023-05-24 01:07,8585.02,0.00,0.00,44.85,55.73,56.62,0.00,-1676.44
2023-05-24 01:08,8585.02,0.00,0.00,44.85,55.72,56.58,0.00,-1676.44
2023-05-24 01:09,8585.02,0.00,0.00,44.85,55.71,56.58,0.00,-1676.44
2023-05-24 01:10,8585.02,0.00,0.00,44.85,55.69,56.53,0.00,-1676.44
2023-05-24 01:11,8585.02,0.00,0.00,44.85,55.71,56.52,0.00,-1676.44
2023-05-24 01:12,8585.02,0.00,0.00,44.85,55.69,56.52,0.00,-1676.44
2023-05-24 01:13,8585.02,0.00,0.00,44.85,55.69,56.52,0.00,-1676.44
2023-05-24 01:14,8585.02,0.00,0.00,44.85,55.65,56.50,0.00,-1676.44
2023-05-24 01:15,8585.02,0.00,0.00,44.85,55.65,56.45,0.00,-1676.44
2023-05-24 01:16,8585.02,0.00,0.00,44.85,55.64,56.45,0.00,-1676.44
2023-05-24 01:17,8585.02,0.00,0.00,44.85,55.64,56.44,0.00,-1676.44
2023-05-24 01:18,8585.02,0.00,0.00,44.85,55.62,56.40,0.00,-1676.44
2023-05-24 01:19,8585.02,0.00,0.00,44.85,55.59,56.38,0.00,-1676.44
2023-05-24 01:20,8585.02,0.00,0.00,44.85,55.59,56.38,0.00,-1676.44
2023-05-24 01:21,8585.02,0.00,0.00,44.85,55.59,56.32,0.00,-1676.44
2023-05-24 01:22,8585.02,0.00,0.00,44.85,55.54,56.32,0.00,-1676.44
2023-05-24 01:23,8585.02,0.00,0.00,44.85,55.56,56.25,0.00,-1676.44
2023-05-24 01:24,8585.02,0.00,0.00,44.16,55.53,56.20,0.00,-1676.44
2023-05-24 01:25,8585.02,0.00,0.00,44.02,55.47,56.18,0.00,-1676.44
2023-05-24 01:26,8585.02,0.00,0.00,44.02,55.46,56.15,0.00,-1676.44
2023-05-24 01:27,8585.02,0.00,0.00,44.02,55.45,56.12,0.00,-1676.44
2023-05-24 01:28,8585.02,0.00,0.00,44.02,55.45,56.12,0.00,-1676.44
2023-05-24 01:29,8585.02,0.00,0.00,44.02,55.45,56.10,0.00,-1676.44
2023-05-24 01:30,8585.02,0.00,0.00,44.02,55.45,56.05,0.00,-1676.44
2023-05-24 01:31,8585.02,0.00,0.00,44.02,55.45,56.06,0.00,-1676.44
2023-05-24 01:32,8585.02,0.00,0.00,44.02,55.42,56.05,0.00,-1676.44
2023-05-24 01:33,8585.02,0.00,0.00,44.02,55.39,56.02,0.00,-1676.44
2023-05-24 01:34,8585.02,0.00,0.00,44.02,55.39,56.01,0.00,-1676.44
2023-05-24 01:35,8585.02,0.00,0.00,44.02,55.39,55.99,0.00,-1676.44
2023-05-24 01:36,8585.02,0.00,0.00,44.02,55.35,55.99,0.00,-1676.44
2023-05-24 01:37,8585.02,0.00,0.00,44.02,55.34,55.94,0.00,-1676.44
2023-05-24 01:38,8585.02,0.00,0.00,44.02,55.31,55.92,0.00,-1676.44
2023-05-24 01:39,8585.02,0.00,0.00,44.02,55.26,55.92,0.00,-1676.44
2023-05-24 01:40,8585.02,0.00,0.00,44.02,55.26,55.91,0.00,-1676.44
2023-05-24 01:41,8585.02,0.00,0.00,44.02,55.21,55.85,0.00,-1676.44
2023-05-24 01:42,8585.02,0.00,0.00,44.02,55.20,55.83,0.00,-1676.44
2023-05-24 01:43,8585.02,0.00,0.00,44.02,55.13,55.79,0.00,-1676.44
2023-05-24 01:44,8585.02,0.00,0.00,44.02,55.12,55.78,0.00,-1676.44
2023-05-24 01:45,8585.02,0.00,0.00,44.02,55.12,55.70,0.00,-1676.44
2023-05-24 01:46,8585.02,0.00,0.00,44.02,55.07,55.65,0.00,-1676.44
2023-05-24 01:47,8585.02,0.00,0.00,44.02,55.06,55.60,0.00,-1676.44
2023-05-24 01:48,8585.02,0.00,0.00,44.02,55.03,55.57,0.00,-1676.44
2023-05-24 01:49,8585.02,0.00,0.00,44.02,54.98,55.51,0.00,-1676.44
2023-05-24 01:50,8585.02,0.00,0.00,44.02,54.92,55.45,0.00,-1676.44
2023-05-24 01:51,8585.02,0.00,0.00,44.02,54.90,55.41,0.00,-1676.44
2023-05-24 01:52,8585.02,0.00,0.00,44.02,54.87,55.34,0.00,-1676.44
2023-05-24 01:53,8585.02,0.00,0.00,44.02,54.86,55.25,0.00,-1676.44
2023-05-24 01:54,8585.02,0.00,0.00,44.02,54.82,55.21,0.00,-1676.44
2023-05-24 01:55,8585.02,0.00,0.00,44.02,54.79,55.13,0.00,-1676.44
2023-05-24 01:56,8585.02,0.00,0.00,44.02,54.74,55.10,0.00,-1676.44
2023-05-24 01:57,8585.02,0.00,0.00,44.02,54.72,55.04,0.00,-1676.44
2023-05-24 01:58,8585.02,0.00,0.00,44.02,54.72,54.98,0.00,-1676.44
2023-05-24 01:59,8585.02,0.00,0.00,44.02,54.71,54.93,0.00,-1676.44
2023-05-24 02:00,8585.02,0.00,0.00,44.02,54.66,54.92,0.00,-1676.44
2023-05-24 02:01,8585.02,0.00,0.00,44.02,54.66,54.88,0.00,-1676.44
2023-05-24 02:02,8585.02,0.00,0.00,44.02,54.61,54.86,0.00,-1676.44
2023-05-24 02:03,8585.02,0.00,0.00,44.02,54.61,54.84,0.00,-1676.44
2023-05-24 02:04,8585.02,0.00,0.00,43.88,54.59,54.78,0.00,-1676.44
2023-05-24 02:05,8585.02,0.00,0.00,43.74,54.59,54.74,0.00,-1676.44
2023-05-24 02:06,8585.02,0.00,0.00,43.60,54.59,54.72,0.00,-1676.44
2023-05-24 02:07,8585.02,0.00,0.00,43.60,54.58,54.71,0.00,-1676.44
2023-05-24 02:08,8585.02,0.00,0.00,43.88,54.55,54.70,0.00,-1676.44
2023-05-24 02:09,8585.02,0.00,0.00,43.60,54.53,54.66,0.00,-1676.44
2023-05-24 02:10,8585.02,0.00,0.00,43.47,54.51,54.66,0.00,-1676.44
2023-05-24 02:11,8585.02,0.00,0.00,43.33,54.48,54.59,0.00,-1676.44
2023-05-24 02:12,8585.02,0.00,0.00,43.19,54.46,54.59,0.00,-1676.44
2023-05-24 02:13,8585.02,0.00,0.00,43.19,54.43,54.59,0.00,-1676.44
2023-05-24 02:14,8585.02,0.00,0.00,43.19,54.39,54.53,0.00,-1676.44
2023-05-24 02:15,8585.02,0.00,0.00,43.19,54.39,54.53,0.00,-1676.44
2023-05-24 02:16,8585.02,0.00,0.00,43.19,54.37,54.51,0.00,-1676.44
2023-05-24 02:17,8585.02,0.00,0.00,43.19,54.35,54.47,0.00,-1676.44
2023-05-24 02:18,8585.02,0.00,0.00,43.19,54.33,54.46,0.00,-1676.44
2023-05-24 02:19,8585.02,0.00,0.00,43.19,54.33,54.45,0.00,-1676.44
2023-05-24 02:20,8585.02,0.00,0.00,43.19,54.33,54.43,0.00,-1676.44
2023-05-24 02:21,8585.02,0.00,0.00,30.87,54.33,54.40,0.00,-1676.44
2023-05-24 02:22,8585.02,0.00,0.00,0.00,54.39,54.39,0.00,-1676.44
2023-05-24 02:23,8585.02,0.00,0.00,0.00,54.69,54.33,0.00,-1676.44
2023-05-24 02:24,8585.02,0.00,0.00,11.08,54.79,54.31,0.00,-1676.44
2023-05-24 02:25,8585.02,0.00,0.00,25.33,54.66,54.24,0.00,-1676.44
2023-05-24 02:26,8585.02,0.00,0.00,25.75,54.37,54.19,0.00,-1676.44
2023-05-24 02:27,8585.02,0.00,0.00,25.75,54.80,54.15,0.00,-1676.44
2023-05-24 02:28,8585.02,0.00,0.00,25.75,54.62,54.07,0.00,-1676.44
2023-05-24 02:29,8585.02,0.00,0.00,25.75,54.17,54.05,0.00,-1676.44
2023-05-24 02:30,8585.02,0.00,0.00,25.89,54.12,53.99,0.00,-1676.44
2023-05-24 02:31,8585.02,0.00,0.00,26.58,54.07,53.92,0.00,-1676.44
2023-05-24 02:32,8585.02,0.00,0.00,26.58,54.22,53.88,0.00,-1676.44
2023-05-24 02:33,8585.02,0.00,0.00,26.58,54.57,53.86,0.00,-1676.44
2023-05-24 02:34,8585.02,0.00,0.00,26.58,54.46,53.84,0.00,-1676.44
2023-05-24 02:35,8585.02,0.00,0.00,26.58,54.60,53.84,0.00,-1676.44
2023-05-24 02:36,8585.02,0.00,0.00,26.58,54.46,53.79,0.00,-1676.44
2023-05-24 02:37,8585.02,0.00,0.00,26.44,54.14,53.85,0.00,-1676.44
2023-05-24 02:38,8585.02,0.00,0.00,26.44,54.02,53.86,0.00,-1676.44
2023-05-24 02:39,8585.02,0.00,0.00,26.30,53.88,53.86,0.00,-1676.44
2023-05-24 02:40,8585.02,0.00,0.00,25.75,53.78,53.88,0.00,-1676.44
2023-05-24 02:41,8585.02,0.00,0.00,25.89,53.73,53.93,0.00,-1676.44
2023-05-24 02:42,8585.02,0.00,0.00,25.75,53.75,54.04,0.00,-1676.44
2023-05-24 02:43,8585.02,0.00,0.00,25.75,53.73,54.11,0.00,-1676.44
2023-05-24 02:44,8585.02,0.00,0.00,25.75,53.72,54.13,0.00,-1676.44
2023-05-24 02:45,8585.02,0.00,0.00,25.75,53.71,54.07,0.00,-1676.44
2023-05-24 02:46,8585.02,0.00,0.00,25.75,53.66,54.06,0.00,-1676.44
2023-05-24 02:47,8585.02,0.00,0.00,25.75,53.66,53.99,0.00,-1676.44
2023-05-24 02:48,8585.02,0.00,0.00,25.75,53.66,53.99,0.00,-1676.44
2023-05-24 02:49,8585.02,0.00,0.00,25.75,53.66,53.94,0.00,-1676.44
2023-05-24 02:50,8585.02,0.00,0.00,25.75,53.65,53.87,0.00,-1676.44
2023-05-24 02:51,8585.02,0.00,0.00,25.75,53.62,53.86,0.00,-1676.44
2023-05-24 02:52,8585.02,0.00,0.00,25.75,53.61,53.78,0.00,-1676.44
2023-05-24 02:53,8585.02,0.00,0.00,25.75,53.60,53.73,0.00,-1676.44
2023-05-24 02:54,8585.02,0.00,0.00,25.75,53.58,53.71,0.00,-1676.44
2023-05-24 02:55,8585.02,0.00,0.00,25.75,53.54,53.69,0.00,-1676.44
2023-05-24 02:56,8585.02,0.00,0.00,25.75,53.53,53.66,0.00,-1676.44
2023-05-24 02:57,8585.02,0.00,0.00,25.75,53.53,53.65,0.00,-1676.44
2023-05-24 02:58,8585.02,0.00,0.00,25.75,53.53,53.56,0.00,-1676.44
2023-05-24 02:59,8585.02,0.00,0.00,25.75,53.48,53.53,0.00,-1676.44
2023-05-24 03:00,8585.02,0.00,0.00,25.75,53.46,53.52,0.00,-1676.44
2023-05-24 03:01,8585.02,0.00,0.00,25.61,53.46,53.47,0.00,-1676.44
2023-05-24 03:02,8585.02,0.00,0.00,25.33,53.46,53.45,0.00,-1676.44
2023-05-24 03:03,8585.02,0.00,0.00,25.75,53.43,53.40,0.00,-1676.44
2023-05-24 03:04,8585.02,0.00,0.00,25.75,53.37,53.37,0.00,-1676.44
2023-05-24 03:05,8585.02,0.00,0.00,25.75,53.33,53.33,0.00,-1676.44
2023-05-24 03:06,8585.02,0.00,0.00,25.61,53.33,53.33,0.00,-1676.44
2023-05-24 03:07,8585.02,0.00,0.00,24.92,53.33,53.26,0.00,-1676.44
2023-05-24 03:08,8585.02,0.00,0.00,24.92,53.27,53.25,0.00,-1676.44
2023-05-24 03:09,8585.02,0.00,0.00,24.92,53.22,53.20,0.00,-1676.44
2023-05-24 03:10,8585.02,0.00,0.00,24.92,53.20,53.20,0.00,-1676.44
2023-05-24 03:11,8585.02,0.00,0.00,24.92,53.20,53.19,0.00,-1676.44
2023-05-24 03:12,8585.02,0.00,0.00,24.92,53.20,53.13,0.00,-1676.44
2023-05-24 03:13,8585.02,0.00,0.00,24.92,53.13,53.13,0.00,-1676.44
2023-05-24 03:14,8585.02,0.00,0.00,24.92,53.13,53.13,0.00,-1676.44
2023-05-24 03:15,8585.02,0.00,0.00,24.92,53.08,53.07,0.00,-1676.44
2023-05-24 03:16,8585.02,0.00,0.00,24.92,53.04,53.06,0.00,-1676.44
2023-05-24 03:17,8585.02,0.00,0.00,24.92,53.02,53.03,0.00,-1676.44
2023-05-24 03:18,8585.02,0.00,0.00,24.92,53.01,53.00,0.00,-1676.44
2023-05-24 03:19,8585.02,0.00,0.00,24.92,52.97,53.00,0.00,-1676.44
2023-05-24 03:20,8585.02,0.00,0.00,24.92,52.93,52.93,0.00,-1676.44
2023-05-24 03:21,8585.02,0.00,0.00,24.92,52.93,52.93,0.00,-1676.44
2023-05-24 03:22,8585.02,0.00,0.00,24.50,52.93,52.92,0.00,-1676.44
2023-05-24 03:23,8585.02,0.00,0.00,24.09,52.89,52.87,0.00,-1676.44
2023-05-24 03:24,8585.02,0.00,0.00,24.37,52.85,52.87,0.00,-1676.44
2023-05-24 03:25,8585.02,0.00,0.00,24.50,52.84,52.85,0.00,-1676.44
2023-05-24 03:26,8585.02,0.00,0.00,24.92,52.81,52.82,0.00,-1676.44
2023-05-24 03:27,8585.02,0.00,0.00,24.78,52.80,52.80,0.00,-1676.44
2023-05-24 03:28,8585.02,0.00,0.00,24.23,52.76,52.80,0.00,-1676.44
2023-05-24 03:29,8585.02,0.00,0.00,24.92,52.75,52.80,0.00,-1676.44
2023-05-24 03:30,8585.02,0.00,0.00,24.78,52.73,52.78,0.00,-1676.44
2023-05-24 03:31,8585.02,0.00,0.00,24.78,52.72,52.73,0.00,-1676.44
2023-05-24 03:32,8585.02,0.00,0.00,24.64,52.67,52.73,0.00,-1676.44
2023-05-24 03:33,8585.02,0.00,0.00,24.23,52.67,52.72,0.00,-1676.44
2023-05-24 03:34,8585.02,0.00,0.00,24.23,52.63,52.73,0.00,-1676.44
2023-05-24 03:35,8585.02,0.00,0.00,24.23,52.60,52.69,0.00,-1676.44
2023-05-24 03:36,8585.02,0.00,0.00,24.37,52.60,52.67,0.00,-1676.44
2023-05-24 03:37,8585.02,0.00,0.00,24.23,52.55,52.67,0.00,-1676.44
2023-05-24 03:38,8585.02,0.00,0.00,24.23,52.52,52.67,0.00,-1676.44
2023-05-24 03:39,8585.02,0.00,0.00,24.09,52.50,52.67,0.00,-1676.44
2023-05-24 03:40,8585.02,0.00,0.00,24.37,52.51,52.67,0.00,-1676.44
2023-05-24 03:41,8585.02,0.00,0.00,24.09,52.50,52.67,0.00,-1676.44
2023-05-24 03:42,8585.02,0.00,0.00,24.09,52.47,52.67,0.00,-1676.44
2023-05-24 03:43,8585.02,0.00,0.00,24.09,52.46,52.66,0.00,-1676.44
2023-05-24 03:44,8585.02,0.00,0.00,24.50,52.47,52.67,0.00,-1676.44
2023-05-24 03:45,8585.02,0.00,0.00,24.64,52.44,52.67,0.00,-1676.44
2023-05-24 03:46,8585.02,0.00,0.00,24.50,52.40,52.67,0.00,-1676.44
2023-05-24 03:47,8585.02,0.00,0.00,24.64,52.40,52.67,0.00,-1676.44
2023-05-24 03:48,8585.02,0.00,0.00,24.64,52.40,52.67,0.00,-1676.44
2023-05-24 03:49,8585.02,0.00,0.00,24.64,52.40,52.67,0.00,-1676.44
2023-05-24 03:50,8585.02,0.00,0.00,24.64,52.35,52.67,0.00,-1676.44
2023-05-24 03:51,8585.02,0.00,0.00,24.09,52.32,52.65,0.00,-1676.44
2023-05-24 03:52,8585.02,0.00,0.00,24.09,52.31,52.60,0.00,-1676.44
2023-05-24 03:53,8585.02,0.00,0.00,24.09,52.27,52.60,0.00,-1676.44
2023-05-24 03:54,8585.02,0.00,0.00,24.09,52.27,52.60,0.00,-1676.44
2023-05-24 03:55,8585.02,0.00,0.00,24.09,52.25,52.60,0.00,-1676.44
2023-05-24 03:56,8585.02,0.00,0.00,24.09,52.20,52.59,0.00,-1676.44
2023-05-24 03:57,8585.02,0.00,0.00,24.09,52.19,52.59,0.00,-1676.44
2023-05-24 03:58,8585.02,0.00,0.00,24.09,52.19,52.56,0.00,-1676.44
2023-05-24 03:59,8585.02,0.00,0.00,24.09,52.16,52.53,0.00,-1676.44
2023-05-24 04:00,8585.02,0.00,0.00,24.09,52.16,52.47,0.00,-1676.44
2023-05-24 04:01,8585.02,0.00,0.00,24.09,52.14,52.47,0.00,-1676.44
2023-05-24 04:02,8585.02,0.00,0.00,24.09,52.14,52.46,0.00,-1676.44
2023-05-24 04:03,8585.02,0.00,0.00,24.09,52.14,52.40,0.00,-1676.44
2023-05-24 04:04,8585.02,0.00,0.00,24.09,52.08,52.38,0.00,-1676.44
2023-05-24 04:05,8585.02,0.00,0.00,24.09,52.10,52.33,0.00,-1676.44
2023-05-24 04:06,8585.02,0.00,0.00,24.09,52.08,52.27,0.00,-1676.44
2023-05-24 04:07,8585.02,0.00,0.00,24.09,52.07,52.27,0.00,-1676.44
2023-05-24 04:08,8585.02,0.00,0.00,24.09,52.07,52.26,0.00,-1676.44
2023-05-24 04:09,8585.02,0.00,0.00,24.09,52.07,52.20,0.00,-1676.44
2023-05-24 04:10,8585.02,0.00,0.00,24.09,52.07,52.16,0.00,-1676.44
2023-05-24 04:11,8585.02,0.00,0.00,24.09,52.03,52.14,0.00,-1676.44
2023-05-24 04:12,8585.02,0.00,0.00,24.09,52.02,52.14,0.00,-1676.44
2023-05-24 04:13,8585.02,0.00,0.00,24.09,51.99,52.12,0.00,-1676.44
2023-05-24 04:14,8585.02,0.00,0.00,24.09,51.98,52.07,0.00,-1676.44
2023-05-24 04:15,8585.02,0.00,0.00,24.09,51.99,52.07,0.00,-1676.44
2023-05-24 04:16,8585.02,0.00,0.00,24.09,51.97,52.03,0.00,-1676.44
2023-05-24 04:17,8585.02,0.00,0.00,24.09,51.94,52.00,0.00,-1676.44
2023-05-24 04:18,8585.02,0.00,0.00,24.09,51.94,51.99,0.00,-1676.44
2023-05-24 04:19,8585.02,0.00,0.00,24.09,51.89,51.96,0.00,-1676.44
2023-05-24 04:20,8585.02,0.00,0.00,24.09,51.91,51.94,0.00,-1676.44
2023-05-24 04:21,8585.02,0.00,0.00,24.09,51.89,51.92,0.00,-1676.44
2023-05-24 04:22,8585.02,0.00,0.00,24.09,51.87,51.87,0.00,-1676.44
2023-05-24 04:23,8585.02,0.00,0.00,24.09,51.87,51.87,0.00,-1676.44
2023-05-24 04:24,8585.02,0.00,0.00,24.09,51.87,51.87,0.00,-1676.44
2023-05-24 04:25,8585.02,0.00,0.00,24.09,51.87,51.85,0.00,-1676.44
2023-05-24 04:26,8585.02,0.00,0.00,24.09,51.87,51.81,0.00,-1676.44
2023-05-24 04:27,8585.02,0.00,0.00,24.09,51.86,51.80,0.00,-1676.44
2023-05-24 04:28,8585.02,0.00,0.00,24.09,51.87,51.80,0.00,-1676.44
2023-05-24 04:29,8585.02,0.00,0.00,24.09,51.81,51.76,0.00,-1676.44
2023-05-24 04:30,8585.02,0.00,0.00,24.09,51.80,51.78,0.00,-1676.44
2023-05-24 04:31,8585.02,0.00,0.00,24.09,51.79,51.75,0.00,-1676.44
2023-05-24 04:32,8585.02,0.00,0.00,24.09,51.74,51.74,0.00,-1676.44
2023-05-24 04:33,8585.02,0.00,0.00,24.09,51.74,51.74,0.00,-1676.44
2023-05-24 04:34,8585.02,0.00,0.00,24.09,51.73,51.74,0.00,-1676.44
2023-05-24 04:35,8585.02,0.00,0.00,24.09,51.74,51.74,0.00,-1676.44
2023-05-24 04:36,8585.02,0.00,0.00,24.09,51.69,51.73,0.00,-1676.44
2023-05-24 04:37,8585.02,0.00,0.00,24.09,51.67,51.72,0.00,-1676.44
2023-05-24 04:38,8585.02,0.00,0.00,24.09,51.61,51.68,0.00,-1676.44
2023-05-24 04:39,8585.02,0.00,0.00,24.09,51.60,51.67,0.00,-1676.44
2023-05-24 04:40,8585.02,0.00,0.00,24.09,51.60,51.67,0.00,-1676.44
2023-05-24 04:41,8585.02,0.00,0.00,24.09,51.61,51.60,0.00,-1676.44
2023-05-24 04:42,8585.02,0.00,0.00,24.09,51.60,51.60,0.00,-1676.44
2023-05-24 04:43,8585.02,0.00,0.00,24.09,51.58,51.60,0.00,-1676.44
2023-05-24 04:44,8585.02,0.00,0.00,24.09,51.54,51.60,0.00,-1676.44
2023-05-24 04:45,8585.02,0.00,0.00,24.09,51.54,51.60,0.00,-1676.44
2023-05-24 04:46,8585.02,0.00,0.00,24.09,51.54,51.58,0.00,-1676.44
2023-05-24 04:47,8585.02,0.00,0.00,24.09,51.54,51.54,0.00,-1676.44
2023-05-24 04:48,8585.02,0.00,0.00,24.09,51.52,51.54,0.00,-1676.44
2023-05-24 04:49,8585.02,0.00,0.00,24.09,51.47,51.54,0.00,-1676.44
2023-05-24 04:50,8585.02,0.00,0.00,24.09,51.46,51.54,0.00,-1676.44
2023-05-24 04:51,8585.02,0.00,0.00,24.09,51.45,51.54,0.00,-1676.44
2023-05-24 04:52,8585.02,0.00,0.00,24.09,51.42,51.54,0.00,-1676.44
2023-05-24 04:53,8585.02,0.00,0.00,24.09,51.41,51.50,0.00,-1676.44
2023-05-24 04:54,8585.02,0.00,0.00,24.09,51.41,51.49,0.00,-1676.44
2023-05-24 04:55,8585.02,0.00,0.00,24.09,51.41,51.47,0.00,-1676.44
2023-05-24 04:56,8585.02,0.00,0.00,24.09,51.41,51.47,0.00,-1676.44
2023-05-24 04:57,8585.02,0.00,0.00,24.09,51.41,51.47,0.00,-1676.44
2023-05-24 04:58,8585.02,0.00,0.00,24.09,51.41,51.47,0.00,-1676.44
2023-05-24 04:59,8585.02,0.00,0.00,23.95,51.41,51.47,0.00,-1676.44
2023-05-24 05:00,8585.02,0.00,0.00,24.09,51.41,51.47,0.00,-1676.44
2023-05-24 05:01,8585.02,0.00,0.00,24.09,51.41,51.49,0.00,-1676.44
2023-05-24 05:02,8585.02,0.00,0.00,24.09,51.41,51.49,0.00,-1676.44
2023-05-24 05:03,8585.02,0.00,0.00,24.09,51.41,51.52,0.00,-1676.44
2023-05-24 05:04,8585.02,0.00,0.00,24.09,51.41,51.48,0.00,-1676.44
2023-05-24 05:05,8585.02,0.00,0.00,24.09,51.41,51.54,0.00,-1676.44
2023-05-24 05:06,8585.02,0.00,0.00,24.09,51.41,51.54,0.00,-1676.44
2023-05-24 05:07,8585.02,0.00,0.00,24.09,51.41,51.53,0.00,-1676.44
2023-05-24 05:08,8585.02,0.00,0.00,24.09,51.41,51.54,0.00,-1676.44
2023-05-24 05:09,8585.02,0.00,0.00,24.09,51.39,51.54,0.00,-1676.44
2023-05-24 05:10,8585.02,0.00,0.00,24.09,51.41,51.52,0.00,-1676.44
2023-05-24 05:11,8585.02,0.00,0.00,24.09,51.41,51.52,0.00,-1676.44
2023-05-24 05:12,8585.02,0.00,0.00,23.81,51.39,51.47,0.00,-1676.44
2023-05-24 05:13,8585.02,0.00,0.00,23.54,51.34,51.47,0.00,-1676.44
2023-05-24 05:14,8585.02,0.00,0.00,23.40,51.34,51.44,0.00,-1676.44
2023-05-24 05:15,8585.02,0.00,0.00,23.40,51.29,51.42,0.00,-1676.44
2023-05-24 05:16,8585.02,0.00,0.00,23.26,51.33,51.41,0.00,-1676.44
2023-05-24 05:17,8585.02,0.00,0.00,23.40,51.31,51.41,0.00,-1676.44
2023-05-24 05:18,8585.02,0.00,0.00,23.26,51.28,51.41,0.00,-1676.44
2023-05-24 05:19,8585.02,0.00,0.00,23.26,51.27,51.38,0.00,-1676.44
2023-05-24 05:20,8585.02,0.00,0.00,23.26,51.27,51.35,0.00,-1676.44
2023-05-24 05:21,8585.02,0.00,0.00,23.26,51.27,51.34,0.00,-1676.44
2023-05-24 05:22,8585.02,0.00,0.00,23.26,51.26,51.31,0.00,-1676.44
2023-05-24 05:23,8585.02,0.00,0.00,23.40,51.25,51.27,0.00,-1676.44
2023-05-24 05:24,8585.02,0.00,0.00,23.26,51.21,51.27,0.00,-1676.44
2023-05-24 05:25,8585.02,0.00,0.00,23.26,51.21,51.27,0.00,-1676.44
2023-05-24 05:26,8585.02,0.00,0.00,23.26,51.21,51.27,0.00,-1676.44
2023-05-24 05:27,8585.02,0.00,0.00,23.26,51.21,51.28,0.00,-1676.44
2023-05-24 05:28,8585.02,0.00,0.00,23.26,51.21,51.27,0.00,-1676.44
2023-05-24 05:29,8585.02,0.00,0.00,23.26,51.21,51.27,0.00,-1676.44
2023-05-24 05:30,8585.02,0.00,0.00,23.26,51.20,51.27,0.00,-1676.44
2023-05-24 05:31,8585.02,0.00,0.00,23.26,51.21,51.27,0.00,-1676.44
2023-05-24 05:32,8585.02,0.00,0.00,23.26,51.19,51.27,0.00,-1676.44
2023-05-24 05:33,8585.02,0.00,0.00,23.26,51.14,51.27,0.00,-1676.44
2023-05-24 05:34,8585.02,0.00,0.00,23.26,51.12,51.27,0.00,-1676.44
2023-05-24 05:35,8585.02,0.00,0.00,23.26,51.12,51.25,0.00,-1676.44
2023-05-24 05:36,8585.02,0.00,0.00,23.26,51.07,51.24,0.00,-1676.44
2023-05-24 05:37,8585.02,0.00,0.00,23.26,51.08,51.22,0.00,-1676.44
2023-05-24 05:38,8585.02,0.00,0.00,23.26,51.07,51.21,0.00,-1676.44
2023-05-24 05:39,8585.02,0.00,0.00,23.26,51.01,51.21,0.00,-1676.44
2023-05-24 05:40,8585.02,0.00,0.00,23.40,51.01,51.21,0.00,-1676.44
2023-05-24 05:41,8585.02,0.00,0.00,23.40,51.01,51.21,0.00,-1676.44
2023-05-24 05:42,8585.02,0.00,0.00,23.68,50.95,51.21,0.00,-1676.44
2023-05-24 05:43,8585.02,0.00,0.00,23.95,50.94,51.20,0.00,-1676.44
2023-05-24 05:44,8585.02,0.00,0.00,23.81,50.91,51.14,0.00,-1676.44
2023-05-24 05:45,8585.02,0.00,0.00,23.95,50.95,51.13,0.00,-1676.44
2023-05-24 05:46,8585.02,0.00,0.00,23.81,50.89,51.12,0.00,-1676.44
2023-05-24 05:47,8585.02,0.00,0.00,23.68,50.89,51.12,0.00,-1676.44
2023-05-24 05:48,8585.02,0.00,0.00,23.81,50.87,51.07,0.00,-1676.44
2023-05-24 05:49,8585.02,0.00,0.00,23.81,50.87,51.07,0.00,-1676.44
2023-05-24 05:50,8585.02,0.00,0.00,23.40,50.87,51.07,0.00,-1676.44
2023-05-24 05:51,8585.02,0.00,0.00,23.26,50.87,51.07,0.00,-1676.44
2023-05-24 05:52,8585.02,0.00,0.00,23.54,50.87,51.07,0.00,-1676.44
2023-05-24 05:53,8585.02,0.00,0.00,23.54,50.85,51.05,0.00,-1676.44
2023-05-24 05:54,8585.02,0.00,0.00,23.81,50.81,51.03,0.00,-1676.44
2023-05-24 05:55,8585.02,0.00,0.00,23.81,50.80,51.01,0.00,-1676.44
2023-05-24 05:56,8585.02,0.00,0.00,23.81,50.79,50.99,0.00,-1676.44
2023-05-24 05:57,8585.02,0.00,0.00,24.09,50.74,50.95,0.00,-1676.44
2023-05-24 05:58,8585.02,0.00,0.00,23.95,50.74,50.93,0.00,-1676.44
2023-05-24 05:59,8585.02,0.00,0.00,23.68,50.73,50.87,0.00,-1676.44
2023-05-24 06:00,8585.02,0.00,0.00,23.81,50.74,50.87,0.00,-1676.44
2023-05-24 06:01,8585.02,0.00,0.00,23.40,50.69,50.84,0.00,-1676.44
2023-05-24 06:02,8585.02,0.00,0.00,23.26,50.68,50.81,0.00,-1676.44
2023-05-24 06:03,8585.02,0.00,0.00,23.26,50.68,50.75,0.00,-1676.44
2023-05-24 06:04,8585.02,0.00,0.00,23.26,50.65,50.74,0.00,-1676.44
2023-05-24 06:05,8585.02,0.00,0.00,23.26,50.63,50.73,0.00,-1676.44
2023-05-24 06:06,8585.02,0.00,0.00,23.26,50.57,50.68,0.00,-1676.44
2023-05-24 06:07,8585.02,0.00,0.00,23.26,50.61,50.68,0.00,-1676.44
2023-05-24 06:08,8585.02,0.00,0.00,23.26,50.57,50.65,0.00,-1676.44
2023-05-24 06:09,8585.02,0.00,0.00,23.26,50.54,50.60,0.00,-1676.44
2023-05-24 06:10,8585.02,0.00,0.00,23.26,50.54,50.61,0.00,-1676.44
2023-05-24 06:11,8585.02,0.00,0.00,23.26,50.54,50.55,0.00,-1676.44
2023-05-24 06:12,8585.02,0.00,0.00,23.26,50.54,50.55,0.00,-1676.44
2023-05-24 06:13,8585.02,0.00,0.00,23.26,50.54,50.54,0.00,-1676.44
2023-05-24 06:14,8585.02,0.00,0.00,23.26,50.52,50.54,0.00,-1676.44
2023-05-24 06:15,8585.02,0.00,0.00,23.26,50.48,50.54,0.00,-1676.44
2023-05-24 06:16,8585.02,0.00,0.00,23.26,50.48,50.54,0.00,-1676.44
2023-05-24 06:17,8585.02,0.00,0.00,23.26,50.48,50.53,0.00,-1676.44
2023-05-24 06:18,8585.02,0.00,0.00,23.26,50.41,50.50,0.00,-1676.44
2023-05-24 06:19,8585.02,0.00,0.00,23.26,50.43,50.48,0.00,-1676.44
2023-05-24 06:20,8585.02,0.00,0.00,23.26,50.40,50.48,0.00,-1676.44
2023-05-24 06:21,8585.02,0.00,0.00,23.26,50.36,50.47,0.00,-1676.44
2023-05-24 06:22,8585.02,0.00,0.00,23.26,50.39,50.41,0.00,-1676.44
2023-05-24 06:23,8585.02,0.00,0.00,23.26,50.35,50.39,0.00,-1676.44
2023-05-24 06:24,8585.02,0.00,0.00,23.26,50.34,50.34,0.00,-1676.44
2023-05-24 06:25,8585.02,0.00,0.00,23.26,50.34,50.34,0.00,-1676.44
2023-05-24 06:26,8585.02,0.00,0.00,23.26,50.34,50.31,0.00,-1676.44
2023-05-24 06:27,8585.02,0.00,0.00,23.26,50.33,50.28,0.00,-1676.44
2023-05-24 06:28,8585.02,0.00,0.00,23.26,50.34,50.28,0.00,-1676.44
2023-05-24 06:29,8585.02,0.00,0.00,23.26,50.31,50.27,0.00,-1676.44
2023-05-24 06:30,8585.02,0.00,0.00,23.26,50.32,50.22,0.00,-1676.44
2023-05-24 06:31,8585.02,0.00,0.00,23.26,50.32,50.21,0.00,-1676.44
2023-05-24 06:32,8585.02,0.00,0.00,23.26,50.28,50.21,0.00,-1676.44
2023-05-24 06:33,8585.02,0.00,0.00,23.26,50.28,50.21,0.00,-1676.44
2023-05-24 06:34,8585.02,0.00,0.00,23.26,50.30,50.21,0.00,-1676.44
2023-05-24 06:35,8585.02,0.00,0.00,23.26,50.28,50.21,0.00,-1676.44
2023-05-24 06:36,8585.02,0.00,0.00,23.26,50.30,50.21,0.00,-1676.44
2023-05-24 06:37,8585.02,0.00,0.00,23.26,50.30,50.21,0.00,-1676.44
2023-05-24 06:38,8585.02,0.00,0.00,23.26,50.29,50.21,0.00,-1676.44
2023-05-24 06:39,8585.02,0.00,0.00,23.26,50.28,50.22,0.00,-1676.44
2023-05-24 06:40,8585.02,0.00,0.00,23.26,50.28,50.21,0.00,-1676.44
2023-05-24 06:41,8585.02,0.00,0.00,23.26,50.25,50.21,0.00,-1676.44
2023-05-24 06:42,8585.02,0.00,0.00,23.26,50.21,50.23,0.00,-1676.44
2023-05-24 06:43,8585.02,0.00,0.00,23.26,50.21,50.28,0.00,-1676.44
2023-05-24 06:44,8585.02,0.00,0.00,23.26,50.21,50.31,0.00,-1676.44
2023-05-24 06:45,8585.02,0.00,0.00,23.26,50.21,50.35,0.00,-1676.44
2023-05-24 06:46,8585.02,0.00,0.00,23.26,50.21,50.42,0.00,-1676.44
2023-05-24 06:47,8585.02,0.00,0.00,23.26,50.20,50.48,0.00,-1676.44
2023-05-24 06:48,8585.02,0.00,0.00,23.26,50.20,50.56,0.00,-1676.44
2023-05-24 06:49,8585.02,0.00,0.00,23.26,50.16,50.65,0.00,-1676.44
2023-05-24 06:50,8585.02,0.00,0.00,23.26,50.18,50.72,0.00,-1676.44
2023-05-24 06:51,8585.02,0.00,0.00,23.26,50.16,50.82,0.00,-1676.44
2023-05-24 06:52,8585.02,0.00,0.00,23.26,50.18,50.94,0.00,-1676.44
2023-05-24 06:53,8585.02,0.00,0.00,23.26,50.16,51.02,0.00,-1676.44
2023-05-24 06:54,8585.02,0.00,0.00,23.26,50.14,51.08,0.00,-1676.44
2023-05-24 06:55,8585.02,0.00,0.00,23.26,50.14,51.20,0.00,-1676.44
2023-05-24 06:56,8585.02,0.00,0.00,23.26,50.14,51.28,0.00,-1676.44
2023-05-24 06:57,8585.02,0.00,0.00,23.26,50.14,51.41,0.00,-1676.44
2023-05-24 06:58,8585.02,0.00,0.00,23.26,50.11,51.47,0.00,-1676.44
2023-05-24 06:59,8585.02,0.00,0.00,23.26,50.14,51.55,0.00,-1676.44
2023-05-24 07:00,8585.02,0.00,0.00,23.26,50.13,51.62,0.00,-1676.44
2023-05-24 07:01,8585.02,0.00,0.00,23.26,50.12,51.74,0.00,-1676.44
2023-05-24 07:02,8585.02,0.00,0.00,23.26,50.12,51.84,0.00,-1676.44
2023-05-24 07:03,8585.02,0.00,0.00,23.26,50.12,51.92,0.00,-1676.44
2023-05-24 07:04,8585.02,0.00,0.00,23.26,50.14,52.03,0.00,-1676.44
2023-05-24 07:05,8585.02,0.00,0.00,23.26,50.14,52.10,0.00,-1676.44
2023-05-24 07:06,8585.02,0.00,0.00,23.26,50.14,52.20,0.00,-1676.44
2023-05-24 07:07,8585.02,0.00,0.00,23.26,50.14,52.31,0.00,-1676.44
2023-05-24 07:08,8585.02,0.00,0.00,23.26,50.14,52.45,0.00,-1676.44
2023-05-24 07:09,8585.02,0.00,0.00,23.26,50.14,52.52,0.00,-1676.44
2023-05-24 07:10,8585.02,0.00,0.00,23.26,50.18,52.61,0.00,-1676.44
2023-05-24 07:11,8585.02,0.00,0.00,23.26,50.16,52.71,0.00,-1676.44
2023-05-24 07:12,8585.02,0.00,0.00,23.26,50.18,52.80,0.00,-1676.44
2023-05-24 07:13,8585.02,0.00,0.00,23.26,50.19,52.90,0.00,-1676.44
2023-05-24 07:14,8585.02,0.00,0.00,23.26,50.20,52.99,0.00,-1676.44
2023-05-24 07:15,8585.02,0.00,0.00,23.26,50.21,53.07,0.00,-1676.44
2023-05-24 07:16,8585.02,0.00,0.00,23.26,50.21,53.18,0.00,-1676.44
2023-05-24 07:17,8585.02,0.00,0.00,23.26,50.25,53.24,0.00,-1676.44
2023-05-24 07:18,8585.02,0.00,0.00,23.26,50.28,53.35,0.00,-1676.44
2023-05-24 07:19,8585.02,0.00,0.00,23.26,50.34,53.45,0.00,-1676.44
2023-05-24 07:20,8585.02,0.00,0.00,23.26,50.34,53.55,0.00,-1676.44
2023-05-24 07:21,8585.02,0.00,0.00,23.26,50.36,53.65,0.00,-1676.44
2023-05-24 07:22,8585.02,0.00,0.00,23.26,50.34,53.75,0.00,-1676.44
2023-05-24 07:23,8585.02,0.00,0.00,23.26,50.39,53.85,0.00,-1676.44
2023-05-24 07:24,8585.02,0.00,0.00,23.26,50.41,53.96,0.00,-1676.44
2023-05-24 07:25,8585.02,0.00,0.00,23.26,50.44,54.06,0.00,-1676.44
2023-05-24 07:26,8585.02,0.00,0.00,23.26,50.49,54.16,0.00,-1676.44
2023-05-24 07:27,8585.02,0.00,0.00,23.26,50.50,54.21,0.00,-1676.44
2023-05-24 07:28,8585.02,0.00,0.00,23.26,50.54,54.34,0.00,-1676.44
2023-05-24 07:29,8585.02,0.00,0.00,23.26,50.61,54.40,0.00,-1676.44
2023-05-24 07:30,8585.02,0.00,0.00,23.26,50.65,54.53,0.00,-1676.44
2023-05-24 07:31,8585.02,0.00,0.00,23.26,50.68,54.61,0.00,-1676.44
2023-05-24 07:32,8585.02,0.00,0.00,23.26,50.69,54.72,0.00,-1676.44
2023-05-24 07:33,8585.02,0.00,0.00,23.26,50.74,54.81,0.00,-1676.44
2023-05-24 07:34,8585.02,0.00,0.00,23.26,50.81,54.88,0.00,-1676.44
2023-05-24 07:35,8585.02,0.00,0.00,23.26,50.85,54.98,0.00,-1676.44
2023-05-24 07:36,8585.02,0.00,0.00,23.40,50.87,55.09,0.00,-1676.44
2023-05-24 07:37,8585.02,0.00,0.00,23.40,50.93,55.14,0.00,-1676.44
2023-05-24 07:38,8585.02,0.00,0.00,23.68,50.96,55.28,0.00,-1676.44
2023-05-24 07:39,8585.02,0.00,0.00,23.68,51.01,55.34,0.00,-1676.44
2023-05-24 07:40,8585.02,0.00,0.00,23.40,51.05,55.43,0.00,-1676.44
2023-05-24 07:41,8585.02,0.00,0.00,23.26,51.05,55.56,0.00,-1676.44
2023-05-24 07:42,8585.02,0.00,0.00,23.26,51.07,55.63,0.00,-1676.44
2023-05-24 07:43,8585.02,0.00,0.00,23.26,51.12,55.72,0.00,-1676.44
2023-05-24 07:44,8585.02,0.00,0.00,23.26,51.18,55.82,0.00,-1676.44
2023-05-24 07:45,8585.02,0.00,0.00,23.26,51.21,55.91,0.00,-1676.44
2023-05-24 07:46,8585.02,0.00,0.00,23.26,51.24,56.04,0.00,-1676.44
2023-05-24 07:47,8585.02,0.00,0.00,23.26,51.27,56.15,0.00,-1676.44
2023-05-24 07:48,8585.02,0.00,0.00,23.26,51.27,56.26,0.00,-1676.44
2023-05-24 07:49,8585.02,0.00,0.00,23.26,51.31,56.38,0.00,-1676.44
2023-05-24 07:50,8585.02,0.00,0.00,23.26,51.34,56.50,0.00,-1676.44
2023-05-24 07:51,8585.02,0.00,0.00,23.26,51.41,56.63,0.00,-1676.44
2023-05-24 07:52,8585.02,0.00,0.00,23.26,51.44,56.72,0.00,-1676.44
2023-05-24 07:53,8585.02,0.00,0.00,23.26,51.47,56.80,0.00,-1676.44
2023-05-24 07:54,8585.02,0.00,0.00,23.26,51.54,56.90,0.00,-1676.44
2023-05-24 07:55,8585.02,0.00,0.00,23.68,51.54,56.99,0.00,-1676.44
2023-05-24 07:56,8585.02,0.00,0.00,23.68,51.57,57.10,0.00,-1676.44
2023-05-24 07:57,8585.02,0.00,0.00,23.81,51.60,57.24,0.00,-1676.44
2023-05-24 07:58,8585.02,0.00,0.00,23.81,51.61,57.34,0.00,-1676.44
2023-05-24 07:59,8585.02,0.00,0.00,23.26,51.67,57.39,0.00,-1676.44
2023-05-24 08:00,8585.02,0.00,0.00,23.26,51.71,57.47,0.00,-1676.44
2023-05-24 08:01,8585.02,0.00,0.00,23.26,51.74,57.52,0.00,-1676.44
2023-05-24 08:02,8585.02,0.00,0.00,23.26,51.79,57.62,0.00,-1676.44
2023-05-24 08:03,8585.02,0.00,0.00,23.26,51.81,57.59,0.00,-1676.44
2023-05-24 08:04,8585.02,0.00,0.00,23.26,51.87,57.66,0.00,-1676.44
2023-05-24 08:05,8585.02,0.00,0.00,23.26,51.87,57.76,0.00,-1676.44
2023-05-24 08:06,8585.02,0.00,0.00,23.26,51.93,57.85,0.00,-1676.44
2023-05-24 08:07,8585.02,0.00,0.00,23.26,51.94,57.92,0.00,-1676.44
2023-05-24 08:08,8585.02,0.00,0.00,23.26,51.98,58.02,0.00,-1676.44
2023-05-24 08:09,8585.02,0.00,0.00,21.32,51.99,58.09,0.00,-1676.44
2023-05-24 08:10,8585.02,0.00,0.00,22.70,52.02,58.19,0.00,-1676.44
2023-05-24 08:11,8585.02,0.00,0.00,23.26,52.07,58.28,0.00,-1676.44
2023-05-24 08:12,8585.02,0.00,0.00,23.26,52.07,58.34,0.00,-1676.44
2023-05-24 08:13,8585.02,0.00,0.00,23.26,52.08,58.40,0.00,-1676.44
2023-05-24 08:14,8585.02,0.00,0.00,23.26,52.14,58.46,0.00,-1676.44
2023-05-24 08:15,8585.02,0.00,0.00,23.26,52.14,58.54,0.00,-1676.44
2023-05-24 08:16,8585.02,0.00,0.00,23.26,52.19,58.60,0.00,-1676.44
2023-05-24 08:17,8585.02,0.00,0.00,23.26,52.24,58.66,0.00,-1676.44
2023-05-24 08:18,8585.02,0.00,0.00,23.26,52.27,58.76,0.00,-1676.44
2023-05-24 08:19,8585.02,0.00,0.00,23.26,52.29,58.81,0.00,-1676.44
2023-05-24 08:20,8585.02,0.00,0.00,23.26,52.30,58.82,0.00,-1676.44
2023-05-24 08:21,8585.02,0.00,0.00,23.26,52.34,58.85,0.00,-1676.44
2023-05-24 08:22,8585.02,0.00,0.00,23.26,52.38,58.93,0.00,-1676.44
2023-05-24 08:23,8585.02,0.00,0.00,23.26,52.40,59.07,0.00,-1676.44
2023-05-24 08:24,8585.02,0.00,0.00,23.26,52.40,59.17,0.00,-1676.44
2023-05-24 08:25,8585.02,0.00,0.00,23.26,52.41,59.27,0.00,-1676.44
2023-05-24 08:26,8585.02,0.00,0.00,23.26,52.47,59.35,0.00,-1676.44
2023-05-24 08:27,8585.02,0.00,0.00,23.26,52.47,59.48,0.00,-1676.44
2023-05-24 08:28,8585.02,0.00,0.00,23.26,52.49,59.52,0.00,-1676.44
2023-05-24 08:29,8585.02,0.00,0.00,23.26,52.53,59.53,0.00,-1676.44
2023-05-24 08:30,8585.02,0.00,0.00,23.26,52.58,59.57,0.00,-1676.44
2023-05-24 08:31,8585.02,0.00,0.00,23.26,52.60,59.63,0.00,-1676.44
2023-05-24 08:32,8585.02,0.00,0.00,23.26,52.62,59.64,0.00,-1676.44
2023-05-24 08:33,8585.02,0.00,0.00,23.26,52.67,59.70,0.00,-1676.44
2023-05-24 08:34,8585.02,0.00,0.00,23.26,52.67,59.77,0.00,-1676.44
2023-05-24 08:35,8585.02,0.00,0.00,23.26,52.67,59.83,0.00,-1676.44
2023-05-24 08:36,8585.02,0.00,0.00,23.26,52.69,59.93,0.00,-1676.44
2023-05-24 08:37,8585.02,0.00,0.00,23.26,52.73,59.97,0.00,-1676.44
2023-05-24 08:38,8585.02,0.00,0.00,23.26,52.74,59.97,0.00,-1676.44
2023-05-24 08:39,8585.02,0.00,0.00,23.26,52.80,59.97,0.00,-1676.44
2023-05-24 08:40,8585.02,0.00,0.00,23.26,52.80,60.00,0.00,-1676.44
2023-05-24 08:41,8585.02,0.00,0.00,23.26,52.87,60.03,0.00,-1676.44
2023-05-24 08:42,8585.02,0.00,0.00,23.26,52.87,60.01,0.00,-1676.44
2023-05-24 08:43,8585.02,0.00,0.00,23.26,52.92,60.04,0.00,-1676.44
2023-05-24 08:44,8585.02,0.00,0.00,23.26,52.91,60.10,0.00,-1676.44
2023-05-24 08:45,8585.02,0.00,0.00,23.26,52.93,60.15,0.00,-1676.44
2023-05-24 08:46,8585.02,0.00,0.00,23.26,52.94,60.17,0.00,-1676.44
2023-05-24 08:47,8585.02,0.00,0.00,23.26,52.98,60.23,0.00,-1676.44
2023-05-24 08:48,8585.02,0.00,0.00,23.54,53.00,60.32,0.00,-1676.44
2023-05-24 08:49,8585.02,0.00,0.00,23.26,53.00,60.40,0.00,-1676.44
2023-05-24 08:50,8585.02,0.00,0.00,23.26,53.06,60.48,0.00,-1676.44
2023-05-24 08:51,8585.02,0.00,0.00,23.95,53.06,60.52,0.00,-1676.44
2023-05-24 08:52,8585.02,0.00,0.00,23.68,53.09,60.57,0.00,-1676.44
2023-05-24 08:53,8585.02,0.00,0.00,23.95,53.13,60.62,0.00,-1676.44
2023-05-24 08:54,8585.02,0.00,0.00,24.09,53.13,60.68,0.00,-1676.44
2023-05-24 08:55,8585.02,0.00,0.00,24.09,53.15,60.72,0.00,-1676.44
2023-05-24 08:56,8585.02,0.00,0.00,24.09,53.19,60.79,0.00,-1676.44
2023-05-24 08:57,8585.02,0.00,0.00,24.09,53.20,60.91,0.00,-1676.44
2023-05-24 08:58,8585.02,0.00,0.00,24.09,53.20,61.01,0.00,-1676.44
2023-05-24 08:59,8585.02,0.00,0.00,24.09,53.22,61.11,0.00,-1676.44
2023-05-24 09:00,8585.02,0.00,0.00,24.09,53.26,61.17,0.00,-1676.44
2023-05-24 09:01,8585.02,0.00,0.00,24.09,53.28,61.23,0.00,-1676.44
2023-05-24 09:02,8585.02,0.00,0.00,23.95,53.32,61.23,0.00,-1676.44
2023-05-24 09:03,8585.02,0.00,0.00,23.95,53.33,61.26,0.00,-1676.44
2023-05-24 09:04,8585.02,0.00,0.00,24.09,53.37,61.42,0.00,-1676.44
2023-05-24 09:05,8585.02,0.00,0.00,24.09,53.40,61.55,0.00,-1676.44
2023-05-24 09:06,8585.02,0.00,0.00,24.09,53.43,61.57,0.00,-1676.44
2023-05-24 09:07,8585.02,0.00,0.00,24.09,53.46,61.69,0.00,-1676.44
2023-05-24 09:08,8585.02,0.00,0.00,23.68,53.47,61.75,0.00,-1676.44
2023-05-24 09:09,8585.02,0.00,0.00,23.68,53.53,61.78,0.00,-1676.44
2023-05-24 09:10,8585.02,0.00,0.00,23.68,53.53,61.93,0.00,-1676.44
2023-05-24 09:11,8585.02,0.00,0.00,23.54,53.53,62.04,0.00,-1676.44
2023-05-24 09:12,8585.02,0.00,0.00,23.81,53.59,62.14,0.00,-1676.44
2023-05-24 09:13,8585.02,0.00,0.00,23.81,53.62,62.30,0.00,-1676.44
2023-05-24 09:14,8585.02,0.00,0.00,23.81,53.65,62.35,0.00,-1676.44
2023-05-24 09:15,8585.02,0.00,0.00,23.81,53.66,62.36,0.00,-1676.44
2023-05-24 09:16,8585.02,0.00,0.00,23.81,53.67,62.29,0.00,-1676.44
2023-05-24 09:17,8585.02,0.00,0.00,23.95,53.73,62.37,0.00,-1676.44
2023-05-24 09:18,8585.02,0.00,0.00,23.81,53.73,62.44,0.00,-1676.44
2023-05-24 09:19,8585.02,0.00,0.00,23.95,53.78,62.49,0.00,-1676.44
2023-05-24 09:20,8585.02,0.00,0.00,23.81,53.80,62.54,0.00,-1676.44
2023-05-24 09:21,8585.02,0.00,0.00,23.26,53.85,62.63,0.00,-1676.44
2023-05-24 09:22,8585.02,0.00,0.00,23.54,53.86,62.75,0.00,-1676.44
2023-05-24 09:23,8585.02,0.00,0.00,23.95,53.86,62.80,0.00,-1676.44
2023-05-24 09:24,8585.02,0.00,0.00,24.09,53.92,62.91,0.00,-1676.44
2023-05-24 09:25,8585.02,0.00,0.00,24.09,53.94,62.99,0.00,-1676.44
2023-05-24 09:26,8585.02,0.00,0.00,24.09,53.93,63.06,0.00,-1676.44
2023-05-24 09:27,8585.02,0.00,0.00,24.09,53.97,63.15,0.00,-1676.44
2023-05-24 09:28,8585.02,0.00,0.00,24.09,53.99,63.25,0.00,-1676.44
2023-05-24 09:29,8585.02,0.00,0.00,24.09,54.00,63.31,0.00,-1676.44
2023-05-24 09:30,8585.02,0.00,0.00,24.09,54.06,63.35,0.00,-1676.44
2023-05-24 09:31,8585.02,0.00,0.00,24.09,54.06,63.46,0.00,-1676.44
2023-05-24 09:32,8585.02,0.00,0.00,24.09,54.06,63.55,0.00,-1676.44
2023-05-24 09:33,8585.02,0.00,0.00,24.09,54.07,63.73,0.00,-1676.44
2023-05-24 09:34,8585.02,0.00,0.00,24.09,54.12,63.88,0.00,-1676.44
2023-05-24 09:35,8585.02,0.00,0.00,24.09,54.13,64.04,0.00,-1676.44
2023-05-24 09:36,8585.02,0.00,0.00,24.09,54.18,64.19,0.00,-1676.44
2023-05-24 09:37,8585.02,0.00,0.00,24.09,54.19,64.28,0.00,-1676.44
2023-05-24 09:38,8585.02,0.00,0.00,24.09,54.19,64.41,0.00,-1676.44
2023-05-24 09:39,8585.02,0.00,0.00,24.09,54.24,64.58,0.00,-1676.44
2023-05-24 09:40,8585.02,0.00,0.00,24.09,54.26,64.72,0.00,-1676.44
2023-05-24 09:41,8585.02,0.00,0.00,24.09,54.27,64.74,0.00,-1676.44
2023-05-24 09:42,8585.02,0.00,0.00,24.09,54.33,64.68,0.00,-1676.44
2023-05-24 09:43,8585.02,0.00,0.00,24.09,54.33,64.62,0.00,-1676.44
2023-05-24 09:44,8585.02,0.00,0.00,24.09,54.34,64.65,0.00,-1676.44
2023-05-24 09:45,8585.02,0.00,0.00,24.09,54.38,64.68,0.00,-1676.44
2023-05-24 09:46,8585.02,0.00,0.00,24.09,54.39,64.75,0.00,-1676.44
2023-05-24 09:47,8585.02,0.00,0.00,24.09,54.39,64.81,0.00,-1676.44
2023-05-24 09:48,8585.02,0.00,0.00,24.09,54.43,64.79,0.00,-1676.44
2023-05-24 09:49,8585.02,0.00,0.00,24.09,54.46,64.87,0.00,-1676.44
2023-05-24 09:50,8585.02,0.00,0.00,24.09,54.53,64.88,0.00,-1676.44
2023-05-24 09:51,8585.02,0.00,0.00,24.09,54.53,64.89,0.00,-1676.44
2023-05-24 09:52,8585.02,0.00,0.00,24.09,54.53,64.86,0.00,-1676.44
2023-05-24 09:53,8585.02,0.00,0.00,24.09,54.54,64.83,0.00,-1676.44
2023-05-24 09:54,8585.02,0.00,0.00,24.09,54.59,64.73,0.00,-1676.44
2023-05-24 09:55,8585.02,0.00,0.00,24.09,54.59,64.67,0.00,-1676.44
2023-05-24 09:56,8585.02,0.00,0.00,24.09,54.59,64.65,0.00,-1676.44
2023-05-24 09:57,8585.02,0.00,0.00,24.09,54.60,64.75,0.00,-1676.44
2023-05-24 09:58,8585.02,0.00,0.00,24.09,54.66,64.88,0.00,-1676.44
2023-05-24 09:59,8585.02,0.00,0.00,24.09,54.70,65.00,0.00,-1676.44
2023-05-24 10:00,8585.02,0.00,0.00,24.09,54.71,65.08,0.00,-1676.44
2023-05-24 10:01,8585.02,0.00,0.00,24.09,54.72,65.16,0.00,-1676.44
2023-05-24 10:02,8585.02,0.00,0.00,24.09,54.72,65.26,0.00,-1676.44
2023-05-24 10:03,8585.02,0.00,0.00,24.09,54.78,65.37,0.00,-1676.44
2023-05-24 10:04,8585.02,0.00,0.00,24.09,54.80,65.55,0.00,-1676.44
2023-05-24 10:05,8585.02,0.00,0.00,24.09,54.84,65.73,0.00,-1676.44
2023-05-24 10:06,8585.02,0.00,0.00,24.09,54.86,65.87,0.00,-1676.44
2023-05-24 10:07,8585.02,0.00,0.00,24.09,54.89,66.02,0.00,-1676.44
2023-05-24 10:08,8585.02,0.00,0.00,24.09,54.92,66.08,0.00,-1676.44
2023-05-24 10:09,8585.02,0.00,0.00,24.09,54.92,66.26,0.00,-1676.44
2023-05-24 10:10,8585.02,0.00,0.00,24.09,54.98,66.45,0.00,-1676.44
2023-05-24 10:11,8585.02,0.00,0.00,24.09,54.99,66.63,0.00,-1676.44
2023-05-24 10:12,8585.02,0.00,0.00,24.09,55.06,66.83,0.00,-1676.44
2023-05-24 10:13,8585.02,0.00,0.00,24.09,55.06,66.89,0.00,-1676.44
2023-05-24 10:14,8585.02,0.00,0.00,24.09,55.06,66.97,0.00,-1676.44
2023-05-24 10:15,8585.02,0.00,0.00,24.09,55.12,67.10,0.00,-1676.44
2023-05-24 10:16,8585.02,0.00,0.00,24.09,55.12,67.30,0.00,-1676.44
2023-05-24 10:17,8585.02,0.00,0.00,24.09,55.12,67.41,0.00,-1676.44
2023-05-24 10:18,8585.02,0.00,0.00,24.09,55.12,67.56,0.00,-1676.44
2023-05-24 10:19,8585.02,0.00,0.00,24.09,55.18,67.69,0.00,-1676.44
2023-05-24 10:20,8585.02,0.00,0.00,24.09,55.21,67.72,0.00,-1676.44
2023-05-24 10:21,8585.02,0.00,0.00,24.09,55.25,67.78,0.00,-1676.44
2023-05-24 10:22,8585.02,0.00,0.00,24.09,55.26,67.91,0.00,-1676.44
2023-05-24 10:23,8585.02,0.00,0.00,24.09,55.27,68.00,0.00,-1676.44
2023-05-24 10:24,8585.02,0.00,0.00,24.09,55.31,68.11,0.00,-1676.44
2023-05-24 10:25,8585.02,0.00,0.00,24.09,55.32,68.29,0.00,-1676.44
2023-05-24 10:26,8585.02,0.00,0.00,24.09,55.37,68.31,0.00,-1676.44
2023-05-24 10:27,8585.02,0.00,0.00,24.09,55.37,68.31,0.00,-1676.44
2023-05-24 10:28,8585.02,0.00,0.00,24.23,55.39,68.42,0.00,-1676.44
2023-05-24 10:29,8585.02,0.00,0.00,24.09,55.39,68.52,0.00,-1676.44
2023-05-24 10:30,8585.02,0.00,0.00,24.09,55.39,68.55,0.00,-1676.44
2023-05-24 10:31,8585.02,0.00,0.00,24.37,55.45,68.64,0.00,-1676.44
2023-05-24 10:32,8585.02,0.00,0.00,24.50,55.45,68.66,0.00,-1676.44
2023-05-24 10:33,8585.02,0.00,0.00,24.64,55.47,68.66,0.00,-1676.44
2023-05-24 10:34,8585.02,0.00,0.00,24.78,55.52,68.60,0.00,-1676.44
2023-05-24 10:35,8585.02,0.00,0.00,24.78,55.54,68.59,0.00,-1676.44
2023-05-24 10:36,8585.02,0.00,0.00,24.92,55.58,68.60,0.00,-1676.44
2023-05-24 10:37,8585.02,0.00,0.00,24.92,55.59,68.60,0.00,-1676.44
2023-05-24 10:38,8585.02,0.00,0.00,24.78,55.59,68.55,0.00,-1676.44
2023-05-24 10:39,8585.02,0.00,0.00,24.64,55.62,68.47,0.00,-1676.44
2023-05-24 10:40,8585.02,0.00,0.00,24.09,55.64,68.35,0.00,-1676.44
2023-05-24 10:41,8585.02,0.00,0.00,24.09,55.65,68.39,0.00,-1676.44
2023-05-24 10:42,8585.02,0.00,0.00,24.09,55.72,68.40,0.00,-1676.44
2023-05-24 10:43,8585.02,0.00,0.00,24.09,55.73,68.41,0.00,-1676.44
2023-05-24 10:44,8585.02,0.00,0.00,24.09,55.78,68.36,0.00,-1676.44
2023-05-24 10:45,8585.02,0.00,0.00,24.09,55.79,68.39,0.00,-1676.44
2023-05-24 10:46,8585.02,0.00,0.00,24.09,55.79,68.52,0.00,-1676.44
2023-05-24 10:47,8585.02,0.00,0.00,24.09,55.79,68.58,0.00,-1676.44
2023-05-24 10:48,8585.02,0.00,0.00,24.09,55.80,68.65,0.00,-1676.44
2023-05-24 10:49,8585.02,0.00,0.00,24.09,55.84,68.73,0.00,-1676.44
2023-05-24 10:50,8585.02,0.00,0.00,24.09,55.85,68.75,0.00,-1676.44
2023-05-24 10:51,8585.02,0.00,0.00,24.09,55.91,68.79,0.00,-1676.44
2023-05-24 10:52,8585.02,0.00,0.00,24.09,55.92,68.78,0.00,-1676.44
2023-05-24 10:53,8585.02,0.00,0.00,24.09,55.93,68.82,0.00,-1676.44
2023-05-24 10:54,8585.02,0.00,0.00,24.09,55.98,68.95,0.00,-1676.44
2023-05-24 10:55,8585.02,0.00,0.00,24.09,55.99,69.08,0.00,-1676.44
2023-05-24 10:56,8585.02,0.00,0.00,24.09,55.99,69.22,0.00,-1676.44
2023-05-24 10:57,8585.02,0.00,0.00,24.09,56.01,69.31,0.00,-1676.44
2023-05-24 10:58,8585.02,0.00,0.00,24.09,56.05,69.38,0.00,-1676.44
2023-05-24 10:59,8585.02,0.00,0.00,24.09,56.12,69.46,0.00,-1676.44
2023-05-24 11:00,8585.02,0.00,0.00,24.09,56.12,69.52,0.00,-1676.44
2023-05-24 11:01,8585.02,0.00,0.00,24.37,56.12,69.59,0.00,-1676.44
2023-05-24 11:02,8585.02,0.00,0.00,24.64,56.14,69.70,0.00,-1676.44
2023-05-24 11:03,8585.02,0.00,0.00,24.64,56.15,69.81,0.00,-1676.44
2023-05-24 11:04,8585.02,0.00,0.00,24.50,56.18,69.97,0.00,-1676.44
2023-05-24 11:05,8585.02,0.00,0.00,24.09,56.18,70.11,0.00,-1676.44
2023-05-24 11:06,8585.02,0.00,0.00,24.09,56.18,70.12,0.00,-1676.44
2023-05-24 11:07,8585.02,0.00,0.00,24.09,56.24,70.19,0.00,-1676.44
2023-05-24 11:08,8585.02,0.00,0.00,24.50,56.25,70.21,0.00,-1676.44
2023-05-24 11:09,8585.02,0.00,0.00,24.50,56.25,70.16,0.00,-1676.44
2023-05-24 11:10,8585.02,0.00,0.00,24.50,56.28,70.02,0.00,-1676.44
2023-05-24 11:11,8585.02,0.00,0.00,24.92,56.32,69.99,0.00,-1676.44
2023-05-24 11:12,8585.02,0.00,0.00,24.92,56.32,69.99,0.00,-1676.44
2023-05-24 11:13,8585.02,0.00,0.00,24.92,56.34,69.92,0.00,-1676.44
2023-05-24 11:14,8585.02,0.00,0.00,24.92,56.38,69.86,0.00,-1676.44
2023-05-24 11:15,8585.02,0.00,0.00,24.92,56.38,69.85,0.00,-1676.44
2023-05-24 11:16,8585.02,0.00,0.00,24.92,56.44,69.84,0.00,-1676.44
2023-05-24 11:17,8585.02,0.00,0.00,24.92,56.45,69.89,0.00,-1676.44
2023-05-24 11:18,8585.02,0.00,0.00,24.92,56.45,70.04,0.00,-1676.44
2023-05-24 11:19,8585.02,0.00,0.00,24.92,56.51,70.12,0.00,-1676.44
2023-05-24 11:20,8585.02,0.00,0.00,24.92,56.52,70.10,0.00,-1676.44
2023-05-24 11:21,8585.02,0.00,0.00,24.92,56.52,70.14,0.00,-1676.44
2023-05-24 11:22,8585.02,0.00,0.00,24.92,56.55,70.19,0.00,-1676.44
2023-05-24 11:23,8585.02,0.00,0.00,24.92,56.58,70.19,0.00,-1676.44
2023-05-24 11:24,8585.02,0.00,0.00,24.92,56.62,70.23,0.00,-1676.44
2023-05-24 11:25,8585.02,0.00,0.00,24.92,56.63,70.28,0.00,-1676.44
2023-05-24 11:26,8585.02,0.00,0.00,24.92,56.65,70.26,0.00,-1676.44
2023-05-24 11:27,8585.02,0.00,0.00,24.92,56.65,70.29,0.00,-1676.44
2023-05-24 11:28,8585.02,0.00,0.00,24.92,56.72,70.23,0.00,-1676.44
2023-05-24 11:29,8585.02,0.00,0.00,24.92,56.76,70.16,0.00,-1676.44
2023-05-24 11:30,8585.02,0.00,0.00,24.92,56.78,70.11,0.00,-1676.44
2023-05-24 11:31,8585.02,0.00,0.00,24.92,56.81,70.09,0.00,-1676.44
2023-05-24 11:32,8585.02,0.00,0.00,24.92,56.79,70.02,0.00,-1676.44
2023-05-24 11:33,8585.02,0.00,0.00,24.92,56.84,69.99,0.00,-1676.44
2023-05-24 11:34,8585.02,0.00,0.00,24.92,56.85,69.94,0.00,-1676.44
2023-05-24 11:35,8585.02,0.00,0.00,24.92,56.85,69.92,0.00,-1676.44
2023-05-24 11:36,8585.02,0.00,0.00,24.92,56.88,69.95,0.00,-1676.44
2023-05-24 11:37,8585.02,0.00,0.00,24.92,56.91,69.91,0.00,-1676.44
2023-05-24 11:38,8585.02,0.00,0.00,24.92,56.93,69.81,0.00,-1676.44
2023-05-24 11:39,8585.02,0.00,0.00,24.92,56.97,69.80,0.00,-1676.44
2023-05-24 11:40,8585.02,0.00,0.00,24.92,56.98,69.79,0.00,-1676.44
2023-05-24 11:41,8585.02,0.00,0.00,24.92,56.99,69.77,0.00,-1676.44
2023-05-24 11:42,8585.02,0.00,0.00,24.92,57.00,69.65,0.00,-1676.44
2023-05-24 11:43,8585.02,0.00,0.00,24.92,57.05,69.53,0.00,-1676.44
2023-05-24 11:44,8585.02,0.00,0.00,24.92,57.05,69.44,0.00,-1676.44
2023-05-24 11:45,8585.02,0.00,0.00,24.92,57.06,69.35,0.00,-1676.44
2023-05-24 11:46,8585.02,0.00,0.00,24.92,57.10,69.28,0.00,-1676.44
2023-05-24 11:47,8585.02,0.00,0.00,24.92,57.11,69.23,0.00,-1676.44
2023-05-24 11:48,8585.02,0.00,0.00,24.92,57.16,69.15,0.00,-1676.44
2023-05-24 11:49,8585.02,0.00,0.00,24.92,57.18,69.11,0.00,-1676.44
2023-05-24 11:50,8585.02,0.00,0.00,24.92,57.19,69.07,0.00,-1676.44
2023-05-24 11:51,8585.02,0.00,0.00,24.92,57.23,69.12,0.00,-1676.44
2023-05-24 11:52,8585.02,0.00,0.00,24.92,57.25,69.22,0.00,-1676.44
2023-05-24 11:53,8585.02,0.00,0.00,24.92,57.25,69.23,0.00,-1676.44
2023-05-24 11:54,8585.02,0.00,0.00,24.92,57.29,69.28,0.00,-1676.44
2023-05-24 11:55,8585.02,0.00,0.00,24.92,57.31,69.37,0.00,-1676.44
2023-05-24 11:56,8585.02,0.00,0.00,24.92,57.31,69.41,0.00,-1676.44
2023-05-24 11:57,8585.02,0.00,0.00,24.92,57.32,69.58,0.00,-1676.44
2023-05-24 11:58,8585.02,0.00,0.00,24.92,57.34,69.68,0.00,-1676.44
2023-05-24 11:59,8585.02,0.00,0.00,24.92,57.38,69.79,0.00,-1676.44
2023-05-24 12:00,8585.02,0.00,0.00,24.92,57.38,69.85,0.00,-1676.44
2023-05-24 12:01,8585.02,0.00,0.00,24.92,57.40,69.94,0.00,-1676.44
2023-05-24 12:02,8585.02,0.00,0.00,24.92,57.44,70.19,0.00,-1676.44
2023-05-24 12:03,8585.02,0.00,0.00,24.92,57.44,70.32,0.00,-1676.44
2023-05-24 12:04,8585.02,0.00,0.00,24.92,57.44,70.40,0.00,-1676.44
2023-05-24 12:05,8585.02,0.00,0.00,24.92,57.45,70.50,0.00,-1676.44
2023-05-24 12:06,8585.02,0.00,0.00,24.92,57.49,70.70,0.00,-1676.44
2023-05-24 12:07,8585.02,0.00,0.00,24.92,57.51,70.86,0.00,-1676.44
2023-05-24 12:08,8585.02,0.00,0.00,24.92,57.51,71.03,0.00,-1676.44
2023-05-24 12:09,8585.02,0.00,0.00,24.92,57.57,71.27,0.00,-1676.44
2023-05-24 12:10,8585.02,0.00,0.00,24.92,57.58,71.44,0.00,-1676.44
2023-05-24 12:11,8585.02,0.00,0.00,24.92,57.58,71.53,0.00,-1676.44
2023-05-24 12:12,8585.02,0.00,0.00,24.92,57.58,71.71,0.00,-1676.44
2023-05-24 12:13,8585.02,0.00,0.00,24.92,57.62,71.83,0.00,-1676.44
2023-05-24 12:14,8585.02,0.00,0.00,24.92,57.65,71.87,0.00,-1676.44
2023-05-24 12:15,8585.02,0.00,0.00,24.92,57.67,71.93,0.00,-1676.44
2023-05-24 12:16,8585.02,0.00,0.00,24.92,57.67,72.03,0.00,-1676.44
2023-05-24 12:17,8585.02,0.00,0.00,24.92,57.71,72.06,0.00,-1676.44
2023-05-24 12:18,8585.02,0.00,0.00,24.92,57.75,72.12,0.00,-1676.44
2023-05-24 12:19,8585.02,0.00,0.00,24.92,57.77,72.17,0.00,-1676.44
2023-05-24 12:20,8585.02,0.00,0.00,24.92,57.80,72.23,0.00,-1676.44
2023-05-24 12:21,8585.02,0.00,0.00,24.92,57.83,72.26,0.00,-1676.44
2023-05-24 12:22,8585.02,0.00,0.00,24.92,57.84,72.38,0.00,-1676.44
2023-05-24 12:23,8585.02,0.00,0.00,24.92,57.88,72.45,0.00,-1676.44
2023-05-24 12:24,8585.02,0.00,0.00,24.92,57.91,72.45,0.00,-1676.44
2023-05-24 12:25,8585.02,0.00,0.00,24.92,57.91,72.54,0.00,-1676.44
2023-05-24 12:26,8585.02,0.00,0.00,24.92,57.94,72.50,0.00,-1676.44
2023-05-24 12:27,8585.02,0.00,0.00,24.92,57.98,72.45,0.00,-1676.44
2023-05-24 12:28,8585.02,0.00,0.00,24.92,57.98,72.38,0.00,-1676.44
2023-05-24 12:29,8585.02,0.00,0.00,24.92,57.98,72.26,0.00,-1676.44
2023-05-24 12:30,8585.02,0.00,0.00,24.92,57.98,72.25,0.00,-1676.44
2023-05-24 12:31,8585.02,0.00,0.00,24.92,57.98,72.25,0.00,-1676.44
2023-05-24 12:32,8585.02,0.00,0.00,24.92,58.00,72.28,0.00,-1676.44
2023-05-24 12:33,8585.02,0.00,0.00,24.92,58.04,72.25,0.00,-1676.44
2023-05-24 12:34,8585.02,0.00,0.00,24.92,58.04,72.16,0.00,-1676.44
2023-05-24 12:35,8585.02,0.00,0.00,24.92,58.04,72.08,0.00,-1676.44
2023-05-24 12:36,8585.02,0.00,0.00,24.92,58.04,72.04,0.00,-1676.44
2023-05-24 12:37,8585.02,0.00,0.00,24.92,58.04,71.97,0.00,-1676.44
2023-05-24 12:38,8585.02,0.00,0.00,24.92,58.11,71.86,0.00,-1676.44
2023-05-24 12:39,8585.02,0.00,0.00,24.92,58.11,71.73,0.00,-1676.44
2023-05-24 12:40,8585.02,0.00,0.00,24.92,58.11,71.61,0.00,-1676.44
2023-05-24 12:41,8585.02,0.00,0.00,24.92,58.12,71.52,0.00,-1676.44
2023-05-24 12:42,8585.02,0.00,0.00,24.92,58.17,71.45,0.00,-1676.44
2023-05-24 12:43,8585.02,0.00,0.00,24.92,58.18,71.32,0.00,-1676.44
2023-05-24 12:44,8585.02,0.00,0.00,24.92,58.18,71.24,0.00,-1676.44
2023-05-24 12:45,8585.02,0.00,0.00,24.92,58.22,71.19,0.00,-1676.44
2023-05-24 12:46,8585.02,0.00,0.00,24.92,58.24,71.10,0.00,-1676.44
2023-05-24 12:47,8585.02,0.00,0.00,24.78,58.25,71.01,0.00,-1676.44
2023-05-24 12:48,8585.02,0.00,0.00,24.92,58.30,70.95,0.00,-1676.44
2023-05-24 12:49,8585.02,0.00,0.00,24.78,58.31,70.86,0.00,-1676.44
2023-05-24 12:50,8585.02,0.00,0.00,24.92,58.33,70.82,0.00,-1676.44
2023-05-24 12:51,8585.02,0.00,0.00,24.92,58.31,70.72,0.00,-1676.44
2023-05-24 12:52,8585.02,0.00,0.00,24.92,58.36,70.71,0.00,-1676.44
2023-05-24 12:53,8585.02,0.00,0.00,24.92,58.36,70.68,0.00,-1676.44
2023-05-24 12:54,8585.02,0.00,0.00,24.92,58.38,70.66,0.00,-1676.44
2023-05-24 12:55,8585.02,0.00,0.00,24.92,58.38,70.60,0.00,-1676.44
2023-05-24 12:56,8585.02,0.00,0.00,24.92,58.38,70.53,0.00,-1676.44
2023-05-24 12:57,8585.02,0.00,0.00,24.92,58.43,70.46,0.00,-1676.44
2023-05-24 12:58,8585.02,0.00,0.00,24.92,58.44,70.42,0.00,-1676.44
2023-05-24 12:59,8585.02,0.00,0.00,24.92,58.44,70.31,0.00,-1676.44
2023-05-24 13:00,8585.02,0.00,0.00,24.92,58.50,70.13,0.00,-1676.44
2023-05-24 13:01,8585.02,0.00,0.00,24.92,58.52,69.97,0.00,-1676.44
2023-05-24 13:02,8585.02,0.00,0.00,24.92,58.52,69.86,0.00,-1676.44
2023-05-24 13:03,8585.02,0.00,0.00,24.92,58.54,69.78,0.00,-1676.44
2023-05-24 13:04,8585.02,0.00,0.00,24.92,58.56,69.68,0.00,-1676.44
2023-05-24 13:05,8585.02,0.00,0.00,24.92,58.57,69.54,0.00,-1676.44
2023-05-24 13:06,8585.02,0.00,0.00,24.92,58.57,69.36,0.00,-1676.44
2023-05-24 13:07,8585.02,0.00,0.00,24.92,58.57,69.27,0.00,-1676.44
2023-05-24 13:08,8585.02,0.00,0.00,24.92,58.57,69.19,0.00,-1676.44
2023-05-24 13:09,8585.02,0.00,0.00,24.92,58.59,69.08,0.00,-1676.44
2023-05-24 13:10,8585.02,0.00,0.00,24.92,58.62,68.95,0.00,-1676.44
2023-05-24 13:11,8585.02,0.00,0.00,24.92,58.59,68.86,0.00,-1676.44
2023-05-24 13:12,8585.02,0.00,0.00,24.92,58.63,68.80,0.00,-1676.44
2023-05-24 13:13,8585.02,0.00,0.00,24.92,58.64,68.77,0.00,-1676.44
2023-05-24 13:14,8585.02,0.00,0.00,24.92,58.64,68.73,0.00,-1676.44
2023-05-24 13:15,8585.02,0.00,0.00,24.92,58.64,68.69,0.00,-1676.44
2023-05-24 13:16,8585.02,0.00,0.00,24.92,58.64,68.63,0.00,-1676.44
2023-05-24 13:17,8585.02,0.00,0.00,24.92,58.64,68.60,0.00,-1676.44
2023-05-24 13:18,8585.02,0.00,0.00,24.92,58.64,68.60,0.00,-1676.44
2023-05-24 13:19,8585.02,0.00,0.00,24.92,58.64,68.60,0.00,-1676.44
2023-05-24 13:20,8585.02,0.00,0.00,24.92,58.64,68.53,0.00,-1676.44
2023-05-24 13:21,8585.02,0.00,0.00,24.92,58.64,68.50,0.00,-1676.44
2023-05-24 13:22,8585.02,0.00,0.00,24.92,58.64,68.45,0.00,-1676.44
2023-05-24 13:23,8585.02,0.00,0.00,24.92,58.68,68.40,0.00,-1676.44
2023-05-24 13:24,8585.02,0.00,0.00,24.92,58.71,68.41,0.00,-1676.44
2023-05-24 13:25,8585.02,0.00,0.00,24.92,58.71,68.42,0.00,-1676.44
2023-05-24 13:26,8585.02,0.00,0.00,24.92,58.71,68.38,0.00,-1676.44
2023-05-24 13:27,8585.02,0.00,0.00,24.92,58.77,68.29,0.00,-1676.44
2023-05-24 13:28,8585.02,0.00,0.00,24.92,58.77,68.21,0.00,-1676.44
2023-05-24 13:29,8585.02,0.00,0.00,24.92,58.81,68.20,0.00,-1676.44
2023-05-24 13:30,8585.02,0.00,0.00,24.92,58.84,68.15,0.00,-1676.44
2023-05-24 13:31,8585.02,0.00,0.00,24.92,58.84,68.14,0.00,-1676.44
2023-05-24 13:32,8585.02,0.00,0.00,24.92,58.88,68.13,0.00,-1676.44
2023-05-24 13:33,8585.02,0.00,0.00,24.92,58.91,68.19,0.00,-1676.44
2023-05-24 13:34,8585.02,0.00,0.00,24.92,58.91,68.20,0.00,-1676.44
2023-05-24 13:35,8585.02,0.00,0.00,24.92,58.92,68.26,0.00,-1676.44
2023-05-24 13:36,8585.02,0.00,0.00,24.92,58.97,68.27,0.00,-1676.44
2023-05-24 13:37,8585.02,0.00,0.00,24.92,58.98,68.32,0.00,-1676.44
2023-05-24 13:38,8585.02,0.00,0.00,24.92,59.05,68.40,0.00,-1676.44
2023-05-24 13:39,8585.02,0.00,0.00,24.92,59.05,68.34,0.00,-1676.44
2023-05-24 13:40,8585.02,0.00,0.00,24.92,59.07,68.33,0.00,-1676.44
2023-05-24 13:41,8585.02,0.00,0.00,24.92,59.11,68.33,0.00,-1676.44
2023-05-24 13:42,8585.02,0.00,0.00,24.92,59.11,68.29,0.00,-1676.44
2023-05-24 13:43,8585.02,0.00,0.00,24.92,59.14,68.21,0.00,-1676.44
2023-05-24 13:44,8585.02,0.00,0.00,24.92,59.11,68.20,0.00,-1676.44
2023-05-24 13:45,8585.02,0.00,0.00,24.92,59.13,68.20,0.00,-1676.44
2023-05-24 13:46,8585.02,0.00,0.00,24.92,59.12,68.17,0.00,-1676.44
2023-05-24 13:47,8585.02,0.00,0.00,24.92,59.11,68.07,0.00,-1676.44
2023-05-24 13:48,8585.02,0.00,0.00,24.92,59.11,68.03,0.00,-1676.44
2023-05-24 13:49,8585.02,0.00,0.00,24.92,59.11,67.95,0.00,-1676.44
2023-05-24 13:50,8585.02,0.00,0.00,24.92,59.11,67.93,0.00,-1676.44
2023-05-24 13:51,8585.02,0.00,0.00,24.92,59.16,67.87,0.00,-1676.44
2023-05-24 13:52,8585.02,0.00,0.00,24.92,59.17,67.82,0.00,-1676.44
2023-05-24 13:53,8585.02,0.00,0.00,24.92,59.17,67.80,0.00,-1676.44
2023-05-24 13:54,8585.02,0.00,0.00,24.92,59.17,67.85,0.00,-1676.44
2023-05-24 13:55,8585.02,0.00,0.00,24.92,59.21,67.86,0.00,-1676.44
2023-05-24 13:56,8585.02,0.00,0.00,24.92,59.21,67.87,0.00,-1676.44
2023-05-24 13:57,8585.02,0.00,0.00,24.92,59.18,67.93,0.00,-1676.44
2023-05-24 13:58,8585.02,0.00,0.00,24.92,59.21,67.88,0.00,-1676.44
2023-05-24 13:59,8585.02,0.00,0.00,24.92,59.24,67.87,0.00,-1676.44
2023-05-24 14:00,8585.02,0.00,0.00,24.92,59.23,67.89,0.00,-1676.44
2023-05-24 14:01,8585.02,0.00,0.00,24.92,59.23,67.92,0.00,-1676.44
2023-05-24 14:02,8585.02,0.00,0.00,24.92,59.22,67.93,0.00,-1676.44
2023-05-24 14:03,8585.02,0.00,0.00,24.92,59.24,67.88,0.00,-1676.44
2023-05-24 14:04,8585.02,0.00,0.00,24.92,59.23,67.75,0.00,-1676.44
2023-05-24 14:05,8585.02,0.00,0.00,24.92,59.23,67.72,0.00,-1676.44
2023-05-24 14:06,8585.02,0.00,0.00,24.92,59.23,67.69,0.00,-1676.44
2023-05-24 14:07,8585.02,0.00,0.00,24.92,59.21,67.67,0.00,-1676.44
2023-05-24 14:08,8585.02,0.00,0.00,24.92,59.21,67.61,0.00,-1676.44
2023-05-24 14:09,8585.02,0.00,0.00,24.92,59.18,67.56,0.00,-1676.44
2023-05-24 14:10,8585.02,0.00,0.00,24.92,59.23,67.54,0.00,-1676.44
2023-05-24 14:11,8585.02,0.00,0.00,24.92,59.24,67.51,0.00,-1676.44
2023-05-24 14:12,8585.02,0.00,0.00,24.92,59.24,67.54,0.00,-1676.44
2023-05-24 14:13,8585.02,0.00,0.00,24.92,59.25,67.54,0.00,-1676.44
2023-05-24 14:14,8585.02,0.00,0.00,24.92,59.24,67.49,0.00,-1676.44
2023-05-24 14:15,8585.02,0.00,0.00,24.92,59.24,67.44,0.00,-1676.44
2023-05-24 14:16,8585.02,0.00,0.00,24.92,59.24,67.39,0.00,-1676.44
2023-05-24 14:17,8585.02,0.00,0.00,24.92,59.25,67.37,0.00,-1676.44
2023-05-24 14:18,8585.02,0.00,0.00,24.92,59.28,67.40,0.00,-1676.44
2023-05-24 14:19,8585.02,0.00,0.00,24.92,59.26,67.37,0.00,-1676.44
2023-05-24 14:20,8585.02,0.00,0.00,24.92,59.27,67.37,0.00,-1676.44
2023-05-24 14:21,8585.02,0.00,0.00,24.92,59.25,67.39,0.00,-1676.44
2023-05-24 14:22,8585.02,0.00,0.00,24.92,59.28,67.40,0.00,-1676.44
2023-05-24 14:23,8585.02,0.00,0.00,25.20,59.25,67.42,0.00,-1676.44
2023-05-24 14:24,8585.02,0.00,0.00,25.06,59.24,67.40,0.00,-1676.44
2023-05-24 14:25,8585.02,0.00,0.00,24.92,59.24,67.40,0.00,-1676.44
2023-05-24 14:26,8585.02,0.00,0.00,25.61,59.25,67.40,0.00,-1676.44
2023-05-24 14:27,8585.02,0.00,0.00,25.75,59.27,67.40,0.00,-1676.44
2023-05-24 14:28,8585.02,0.00,0.00,25.75,59.29,67.42,0.00,-1676.44
2023-05-24 14:29,8585.02,0.00,0.00,25.75,59.29,67.52,0.00,-1676.44
2023-05-24 14:30,8585.02,0.00,0.00,25.75,59.30,67.60,0.00,-1676.44
2023-05-24 14:31,8585.02,0.00,0.00,25.75,59.34,67.60,0.00,-1676.44
2023-05-24 14:32,8585.02,0.00,0.00,25.75,59.32,67.64,0.00,-1676.44
2023-05-24 14:33,8585.02,0.00,0.00,25.75,59.32,67.67,0.00,-1676.44
2023-05-24 14:34,8585.02,0.00,0.00,25.75,59.32,67.65,0.00,-1676.44
2023-05-24 14:35,8585.02,0.00,0.00,25.47,59.36,67.61,0.00,-1676.44
2023-05-24 14:36,8585.02,0.00,0.00,25.61,59.31,67.67,0.00,-1676.44
2023-05-24 14:37,8585.02,0.00,0.00,25.75,59.35,67.67,0.00,-1676.44
2023-05-24 14:38,8585.02,0.00,0.00,25.75,59.34,67.67,0.00,-1676.44
2023-05-24 14:39,8585.02,0.00,0.00,25.75,59.34,67.67,0.00,-1676.44
2023-05-24 14:40,8585.02,0.00,0.00,25.75,59.32,67.70,0.00,-1676.44
2023-05-24 14:41,8585.02,0.00,0.00,25.75,59.36,67.74,0.00,-1676.44
2023-05-24 14:42,8585.02,0.00,0.00,25.75,59.35,67.76,0.00,-1676.44
2023-05-24 14:43,8585.02,0.00,0.00,25.75,59.32,67.76,0.00,-1676.44
2023-05-24 14:44,8585.02,0.00,0.00,25.75,59.36,67.74,0.00,-1676.44
2023-05-24 14:45,8585.02,0.00,0.00,25.75,59.35,67.78,0.00,-1676.44
2023-05-24 14:46,8585.02,0.00,0.00,25.75,59.30,67.86,0.00,-1676.44
2023-05-24 14:47,8585.02,0.00,0.00,25.75,59.37,67.86,0.00,-1676.44
2023-05-24 14:48,8585.02,0.00,0.00,25.75,59.37,67.78,0.00,-1676.44
2023-05-24 14:49,8585.02,0.00,0.00,25.75,59.37,67.81,0.00,-1676.44
2023-05-24 14:50,8585.02,0.00,0.00,25.75,59.36,67.85,0.00,-1676.44
2023-05-24 14:51,8585.02,0.00,0.00,25.75,59.39,67.80,0.00,-1676.44
2023-05-24 14:52,8585.02,0.00,0.00,25.75,59.43,67.78,0.00,-1676.44
2023-05-24 14:53,8585.02,0.00,0.00,25.75,59.44,67.75,0.00,-1676.44
2023-05-24 14:54,8585.02,0.00,0.00,25.75,59.48,67.79,0.00,-1676.44
2023-05-24 14:55,8585.02,0.00,0.00,25.75,59.44,67.85,0.00,-1676.44
2023-05-24 14:56,8585.02,0.00,0.00,25.75,59.51,67.86,0.00,-1676.44
2023-05-24 14:57,8585.02,0.00,0.00,25.75,59.52,67.87,0.00,-1676.44
2023-05-24 14:58,8585.02,0.00,0.00,25.75,59.50,67.87,0.00,-1676.44
2023-05-24 14:59,8585.02,0.00,0.00,25.75,59.50,67.89,0.00,-1676.44
2023-05-24 15:00,8585.02,0.00,0.00,25.75,59.51,67.87,0.00,-1676.44
2023-05-24 15:01,8585.02,0.00,0.00,25.75,59.50,67.87,0.00,-1676.44
2023-05-24 15:02,8585.02,0.00,0.00,25.75,59.50,67.87,0.00,-1676.44
2023-05-24 15:03,8585.02,0.00,0.00,25.75,59.50,67.87,0.00,-1676.44
2023-05-24 15:04,8585.02,0.00,0.00,25.75,59.50,67.87,0.00,-1676.44
2023-05-24 15:05,8585.02,0.00,0.00,25.75,59.52,67.87,0.00,-1676.44
2023-05-24 15:06,8585.02,0.00,0.00,25.75,59.53,67.92,0.00,-1676.44
2023-05-24 15:07,8585.02,0.00,0.00,25.75,59.51,67.89,0.00,-1676.44
2023-05-24 15:08,8585.02,0.00,0.00,25.75,59.55,67.87,0.00,-1676.44
2023-05-24 15:09,8585.02,0.00,0.00,25.75,59.62,67.85,0.00,-1676.44
2023-05-24 15:10,8585.02,0.00,0.00,25.75,59.58,67.86,0.00,-1676.44
2023-05-24 15:11,8585.02,0.00,0.00,25.75,59.59,67.89,0.00,-1676.44
2023-05-24 15:12,8585.02,0.00,0.00,25.75,59.62,67.88,0.00,-1676.44
2023-05-24 15:13,8585.02,0.00,0.00,25.75,59.58,67.87,0.00,-1676.44
2023-05-24 15:14,8585.02,0.00,0.00,25.75,59.58,67.87,0.00,-1676.44
2023-05-24 15:15,8585.02,0.00,0.00,25.75,59.64,67.80,0.00,-1676.44
2023-05-24 15:16,8585.02,0.00,0.00,25.75,59.59,67.74,0.00,-1676.44
2023-05-24 15:17,8585.02,0.00,0.00,25.75,59.58,67.73,0.00,-1676.44
2023-05-24 15:18,8585.02,0.00,0.00,25.75,59.60,67.67,0.00,-1676.44
2023-05-24 15:19,8585.02,0.00,0.00,25.75,59.59,67.64,0.00,-1676.44
2023-05-24 15:20,8585.02,0.00,0.00,25.75,59.60,67.60,0.00,-1676.44
2023-05-24 15:21,8585.02,0.00,0.00,25.75,59.57,67.58,0.00,-1676.44
2023-05-24 15:22,8585.02,0.00,0.00,25.75,59.57,67.54,0.00,-1676.44
2023-05-24 15:23,8585.02,0.00,0.00,25.75,59.56,67.54,0.00,-1676.44
2023-05-24 15:24,8585.02,0.00,0.00,25.75,59.57,67.54,0.00,-1676.44
2023-05-24 15:25,8585.02,0.00,0.00,25.75,59.55,67.54,0.00,-1676.44
2023-05-24 15:26,8585.02,0.00,0.00,25.75,59.58,67.54,0.00,-1676.44
2023-05-24 15:27,8585.02,0.00,0.00,25.75,59.50,67.54,0.00,-1676.44
2023-05-24 15:28,8585.02,0.00,0.00,25.75,59.50,67.54,0.00,-1676.44
2023-05-24 15:29,8585.02,0.00,0.00,25.75,59.50,67.54,0.00,-1676.44
2023-05-24 15:30,8585.02,0.00,0.00,25.75,59.50,67.44,0.00,-1676.44
2023-05-24 15:31,8585.02,0.00,0.00,25.75,59.50,67.40,0.00,-1676.44
2023-05-24 15:32,8585.02,0.00,0.00,25.75,59.50,67.38,0.00,-1676.44
2023-05-24 15:33,8585.02,0.00,0.00,25.75,59.50,67.34,0.00,-1676.44
2023-05-24 15:34,8585.02,0.00,0.00,25.75,59.50,67.27,0.00,-1676.44
2023-05-24 15:35,8585.02,0.00,0.00,25.75,59.50,67.26,0.00,-1676.44
2023-05-24 15:36,8585.02,0.00,0.00,25.75,59.50,67.21,0.00,-1676.44
2023-05-24 15:37,8585.02,0.00,0.00,25.75,59.52,67.20,0.00,-1676.44
2023-05-24 15:38,8585.02,0.00,0.00,25.75,59.51,67.20,0.00,-1676.44
2023-05-24 15:39,8585.02,0.00,0.00,25.75,59.55,67.20,0.00,-1676.44
2023-05-24 15:40,8585.02,0.00,0.00,25.75,59.56,67.19,0.00,-1676.44
2023-05-24 15:41,8585.02,0.00,0.00,25.75,59.58,67.19,0.00,-1676.44
2023-05-24 15:42,8585.02,0.00,0.00,25.75,59.58,67.20,0.00,-1676.44
2023-05-24 15:43,8585.02,0.00,0.00,25.75,59.57,67.14,0.00,-1676.44
2023-05-24 15:44,8585.02,0.00,0.00,25.75,59.52,67.14,0.00,-1676.44
2023-05-24 15:45,8585.02,0.00,0.00,26.30,59.55,67.14,0.00,-1676.44
2023-05-24 15:46,8585.02,0.00,0.00,26.58,59.57,67.14,0.00,-1676.44
2023-05-24 15:47,8585.02,0.00,0.00,26.58,59.57,67.14,0.00,-1676.44
2023-05-24 15:48,8585.02,0.00,0.00,26.44,59.57,67.14,0.00,-1676.44
2023-05-24 15:49,8585.02,0.00,0.00,26.58,59.56,67.07,0.00,-1676.44
2023-05-24 15:50,8585.02,0.00,0.00,26.58,59.56,67.01,0.00,-1676.44
2023-05-24 15:51,8585.02,0.00,0.00,26.58,59.50,67.00,0.00,-1676.44
2023-05-24 15:52,8585.02,0.00,0.00,26.58,59.51,66.95,0.00,-1676.44
2023-05-24 15:53,8585.02,0.00,0.00,26.30,59.50,67.00,0.00,-1676.44
2023-05-24 15:54,8585.02,0.00,0.00,26.58,59.50,66.94,0.00,-1676.44
2023-05-24 15:55,8585.02,0.00,0.00,26.58,59.50,66.92,0.00,-1676.44
2023-05-24 15:56,8585.02,0.00,0.00,26.44,59.48,66.87,0.00,-1676.44
2023-05-24 15:57,8585.02,0.00,0.00,26.30,59.48,66.87,0.00,-1676.44
2023-05-24 15:58,8585.02,0.00,0.00,26.03,59.45,66.78,0.00,-1676.44
2023-05-24 15:59,8585.02,0.00,0.00,25.20,59.44,66.74,0.00,-1676.44
2023-05-24 16:00,8585.02,0.00,0.00,26.58,59.44,66.70,0.00,-1676.44
2023-05-24 16:01,8585.02,0.00,0.00,26.58,59.44,66.73,0.00,-1676.44
2023-05-24 16:02,8585.02,0.00,0.00,26.58,59.44,66.74,0.00,-1676.44
2023-05-24 16:03,8585.02,0.00,0.00,26.58,59.44,66.74,0.00,-1676.44
2023-05-24 16:04,8585.02,0.00,0.00,26.58,59.44,66.72,0.00,-1676.44
2023-05-24 16:05,8585.02,0.00,0.00,26.58,59.44,66.68,0.00,-1676.44
2023-05-24 16:06,8585.02,0.00,0.00,26.58,59.44,66.76,0.00,-1676.44
2023-05-24 16:07,8585.02,0.00,0.00,26.58,59.44,66.74,0.00,-1676.44
2023-05-24 16:08,8585.02,0.00,0.00,26.58,59.44,66.79,0.00,-1676.44
2023-05-24 16:09,8585.02,0.00,0.00,26.58,59.44,66.81,0.00,-1676.44
2023-05-24 16:10,8585.02,0.00,0.00,26.58,59.44,66.77,0.00,-1676.44
2023-05-24 16:11,8585.02,0.00,0.00,26.58,59.44,66.81,0.00,-1676.44
2023-05-24 16:12,8585.02,0.00,0.00,26.58,59.44,66.81,0.00,-1676.44
2023-05-24 16:13,8585.02,0.00,0.00,26.58,59.44,66.82,0.00,-1676.44
2023-05-24 16:14,8585.02,0.00,0.00,26.58,59.44,66.87,0.00,-1676.44
2023-05-24 16:15,8585.02,0.00,0.00,26.58,59.44,66.84,0.00,-1676.44
2023-05-24 16:16,8585.02,0.00,0.00,26.58,59.44,66.81,0.00,-1676.44
2023-05-24 16:17,8585.02,0.00,0.00,26.58,59.42,66.77,0.00,-1676.44
2023-05-24 16:18,8585.02,0.00,0.00,26.58,59.38,66.76,0.00,-1676.44
2023-05-24 16:19,8585.02,0.00,0.00,26.44,59.37,66.74,0.00,-1676.44
2023-05-24 16:20,8585.02,0.00,0.00,26.58,59.37,66.74,0.00,-1676.44
2023-05-24 16:21,8585.02,0.00,0.00,26.58,59.30,66.74,0.00,-1676.44
2023-05-24 16:22,8585.02,0.00,0.00,25.47,59.30,66.79,0.00,-1676.44
2023-05-24 16:23,8585.02,0.00,0.00,24.09,59.31,66.80,0.00,-1676.44
2023-05-24 16:24,8585.02,0.00,0.00,24.09,59.30,66.79,0.00,-1676.44
2023-05-24 16:25,8585.02,0.00,0.00,24.09,59.28,66.68,0.00,-1676.44
2023-05-24 16:26,8585.02,0.00,0.00,24.09,59.28,66.68,0.00,-1676.44
2023-05-24 16:27,8585.02,0.00,0.00,6.37,59.42,66.70,0.00,-1676.44
2023-05-24 16:28,8585.02,0.00,0.00,0.00,59.70,67.15,0.00,-1676.44
2023-05-24 16:29,8585.02,0.00,0.00,0.00,59.80,67.67,0.00,-1676.44
2023-05-24 16:30,8585.02,0.00,0.00,0.00,60.26,67.97,0.00,-1676.44
2023-05-24 16:31,8585.02,0.00,0.00,0.00,60.16,68.40,0.00,-1676.44
2023-05-24 16:32,8585.02,0.00,0.00,0.00,59.73,68.76,0.00,-1676.44
2023-05-24 16:33,8585.02,0.00,0.00,0.00,59.72,69.20,0.00,-1676.44
2023-05-24 16:34,8585.02,0.00,0.00,0.00,60.75,69.61,0.00,-1676.44
2023-05-24 16:35,8585.02,0.00,0.00,0.00,59.76,69.97,0.00,-1676.44
2023-05-24 16:36,8585.02,0.00,0.00,0.00,59.57,70.29,0.00,-1676.44
2023-05-24 16:37,8585.02,0.00,0.00,0.00,59.62,70.60,0.00,-1676.44
2023-05-24 16:38,8585.02,0.00,0.00,0.00,59.81,70.92,0.00,-1676.44
2023-05-24 16:39,8585.02,0.00,0.00,0.00,59.94,71.23,0.00,-1676.44
2023-05-24 16:40,8585.02,0.00,0.00,0.00,60.25,71.51,0.00,-1676.44
2023-05-24 16:41,8585.02,0.00,0.00,0.00,60.35,71.78,0.00,-1676.44
2023-05-24 16:42,8585.02,0.00,0.00,0.00,60.51,72.01,0.00,-1676.44
2023-05-24 16:43,8585.02,0.00,0.00,0.00,60.12,72.23,0.00,-1676.44
2023-05-24 16:44,8585.02,0.00,0.00,0.00,60.14,72.43,0.00,-1676.44
2023-05-24 16:45,8585.02,0.00,0.00,0.00,60.84,72.66,0.00,-1676.44
2023-05-24 16:46,8585.02,0.00,0.00,0.00,60.28,72.85,0.00,-1676.44
2023-05-24 16:47,8585.02,0.00,0.00,0.00,60.61,73.06,0.00,-1676.44
2023-05-24 16:48,8585.02,0.00,0.00,0.00,60.68,73.26,0.00,-1676.44
2023-05-24 16:49,8585.02,0.00,0.00,0.00,60.92,73.42,0.00,-1676.44
2023-05-24 16:50,8585.02,0.00,0.00,0.00,61.05,73.60,0.00,-1676.44
2023-05-24 16:51,8585.02,0.00,0.00,0.00,61.19,73.78,0.00,-1676.44
2023-05-24 16:52,8585.02,0.00,0.00,0.00,61.34,73.92,0.00,-1676.44
2023-05-24 16:53,8585.02,0.00,0.00,0.00,61.62,74.05,0.00,-1676.44
2023-05-24 16:54,8585.02,0.00,0.00,0.00,61.34,74.20,0.00,-1676.44
2023-05-24 16:55,8585.02,0.00,0.00,0.00,61.44,74.33,0.00,-1676.44
2023-05-24 16:56,8585.02,0.00,0.00,0.00,61.47,74.49,0.00,-1676.44
2023-05-24 16:57,8585.02,0.00,0.00,0.00,61.51,74.61,0.00,-1676.44
2023-05-24 16:58,8585.02,0.00,0.00,0.00,61.50,74.72,0.00,-1676.44
2023-05-24 16:59,8585.02,0.00,0.00,0.00,61.32,74.84,0.00,-1676.44
2023-05-24 17:00,8585.02,0.00,0.00,0.00,61.52,74.98,0.00,-1676.44
2023-05-24 17:01,8585.02,0.00,0.00,0.00,61.71,75.07,0.00,-1676.44
2023-05-24 17:02,8585.02,0.00,0.00,0.00,61.60,75.14,0.00,-1676.44
2023-05-24 17:03,8585.02,0.00,0.00,0.00,61.20,75.05,0.00,-1676.44
2023-05-24 17:04,8585.02,0.00,0.00,0.00,61.27,75.04,0.00,-1676.44
2023-05-24 17:05,8585.02,0.00,0.00,0.00,61.06,75.07,0.00,-1676.44
2023-05-24 17:06,8585.02,0.00,0.00,0.00,61.71,75.11,0.00,-1676.44
2023-05-24 17:07,8585.02,0.00,0.00,0.00,61.67,75.12,0.00,-1676.44
2023-05-24 17:08,8585.02,0.00,0.00,0.00,61.95,75.19,0.00,-1676.44
2023-05-24 17:09,8585.02,0.00,0.00,0.00,61.77,75.26,0.00,-1676.44
2023-05-24 17:10,8585.02,0.00,0.00,0.00,61.70,75.32,0.00,-1676.44
2023-05-24 17:11,8585.02,0.00,0.00,0.00,62.14,75.38,0.00,-1676.44
2023-05-24 17:12,8585.02,0.00,0.00,0.00,62.25,75.44,0.00,-1676.44
2023-05-24 17:13,8585.02,0.00,0.00,0.00,62.63,75.48,0.00,-1676.44
2023-05-24 17:14,8585.02,0.00,0.00,0.00,63.07,75.53,0.00,-1676.44
2023-05-24 17:15,8585.02,0.00,0.00,0.00,63.15,75.58,0.00,-1676.44
2023-05-24 17:16,8585.02,0.00,0.00,0.00,63.46,75.62,0.00,-1676.44
2023-05-24 17:17,8585.02,0.00,0.00,0.00,63.82,75.63,0.00,-1676.44
2023-05-24 17:18,8585.02,0.00,0.00,0.00,64.09,75.69,0.00,-1676.44
2023-05-24 17:19,8585.02,0.00,0.00,0.00,64.38,75.71,0.00,-1676.44
2023-05-24 17:20,8585.02,0.00,0.00,0.00,64.66,75.76,0.00,-1676.44
2023-05-24 17:21,8585.02,0.00,0.00,0.00,64.87,75.76,0.00,-1676.44
2023-05-24 17:22,8585.02,0.00,0.00,0.00,65.10,75.70,0.00,-1676.44
2023-05-24 17:23,8585.02,0.00,0.00,0.00,65.29,75.70,0.00,-1676.44
2023-05-24 17:24,8585.02,0.00,0.00,0.00,65.41,75.73,0.00,-1676.44
2023-05-24 17:25,8585.02,0.00,0.00,0.00,65.41,75.77,0.00,-1676.44
2023-05-24 17:26,8585.02,0.00,0.00,0.00,65.43,75.77,0.00,-1676.44
2023-05-24 17:27,8585.02,0.00,0.00,0.00,65.47,75.77,0.00,-1676.44
2023-05-24 17:28,8585.02,0.00,0.00,0.00,65.53,75.77,0.00,-1676.44
2023-05-24 17:29,8585.02,0.00,0.00,0.00,65.61,75.77,0.00,-1676.44
2023-05-24 17:30,8585.02,0.00,0.00,0.00,65.71,75.77,0.00,-1676.44
2023-05-24 17:31,8585.02,0.00,0.00,0.00,65.85,75.81,0.00,-1676.44
2023-05-24 17:32,8585.02,0.00,0.00,0.00,65.96,75.82,0.00,-1676.44
2023-05-24 17:33,8585.02,0.00,0.00,0.00,66.08,75.83,0.00,-1676.44
2023-05-24 17:34,8585.02,0.00,0.00,0.00,66.16,75.83,0.00,-1676.44
2023-05-24 17:35,8585.02,0.00,0.00,0.00,66.27,75.88,0.00,-1676.44
2023-05-24 17:36,8585.02,0.00,0.00,0.00,66.48,75.90,0.00,-1676.44
2023-05-24 17:37,8585.02,0.00,0.00,0.00,66.61,75.90,0.00,-1676.44
2023-05-24 17:38,8585.02,0.00,0.00,0.00,66.67,75.91,0.00,-1676.44
2023-05-24 17:39,8585.02,0.00,0.00,0.00,66.76,75.94,0.00,-1676.44
2023-05-24 17:40,8585.02,0.00,0.00,0.00,66.81,75.95,0.00,-1676.44
2023-05-24 17:41,8585.02,0.00,0.00,0.00,66.85,75.97,0.00,-1676.44
2023-05-24 17:42,8585.02,0.00,0.00,0.00,66.88,75.97,0.00,-1676.44
2023-05-24 17:43,8585.02,0.00,0.00,0.00,66.95,75.97,0.00,-1676.44
2023-05-24 17:44,8585.02,0.00,0.00,0.00,66.99,75.98,0.00,-1676.44
2023-05-24 17:45,8585.02,0.00,0.00,0.00,67.03,76.00,0.00,-1676.44
2023-05-24 17:46,8585.02,0.00,0.00,0.00,67.12,76.03,0.00,-1676.44
2023-05-24 17:47,8585.02,0.00,0.00,0.00,67.14,76.04,0.00,-1676.44
2023-05-24 17:48,8585.02,0.00,0.00,0.00,67.19,76.03,0.00,-1676.44
2023-05-24 17:49,8585.02,0.00,0.00,0.00,67.20,76.03,0.00,-1676.44
2023-05-24 17:50,8585.02,0.00,0.00,0.00,67.20,76.01,0.00,-1676.44
2023-05-24 17:51,8585.02,0.00,0.00,0.00,67.26,75.99,0.00,-1676.44
2023-05-24 17:52,8585.02,0.00,0.00,0.00,67.27,75.97,0.00,-1676.44
2023-05-24 17:53,8585.02,0.00,0.00,0.00,67.29,75.97,0.00,-1676.44
2023-05-24 17:54,8585.02,0.00,0.00,0.00,67.30,75.94,0.00,-1676.44
2023-05-24 17:55,8585.02,0.00,0.00,121.12,67.32,75.94,0.00,-1676.44
2023-05-24 17:56,8585.02,0.00,0.00,185.63,67.11,75.90,0.00,-1676.44
2023-05-24 17:57,8585.02,0.00,0.00,261.76,64.90,75.91,0.00,-1676.44
2023-05-24 17:58,8585.02,0.00,0.00,292.77,59.70,75.90,0.00,-1676.44
2023-05-24 17:59,8585.02,0.00,0.00,156.14,58.75,75.96,0.00,-1676.44
2023-05-24 18:00,8585.02,0.00,0.00,269.51,58.34,75.97,0.00,-1676.44
2023-05-24 18:01,8585.02,0.00,0.00,392.10,58.13,75.98,0.00,-1676.44
2023-05-24 18:02,8585.02,0.00,63.97,543.12,58.79,76.00,0.00,-1612.47
2023-05-24 18:03,8585.02,0.00,169.69,477.67,58.77,76.00,0.00,-1506.75
2023-05-24 18:04,8585.02,0.00,303.03,562.15,58.00,76.02,0.00,-1373.41
2023-05-24 18:05,8585.02,0.00,475.23,436.74,57.82,76.63,0.00,-1201.21
2023-05-24 18:06,8585.02,0.00,480.38,366.15,57.70,76.59,0.00,-1196.06
2023-05-24 18:07,8585.02,0.00,386.78,313.61,57.69,76.03,0.00,-1289.66
2023-05-24 18:08,8585.02,0.00,14.94,11.12,57.71,75.40,0.00,-1661.50
2023-05-24 18:09,8585.02,0.00,0.00,0.00,57.85,75.19,0.00,-1676.44
2023-05-24 18:10,8585.02,0.00,128.96,186.41,58.50,75.18,0.00,-1547.49
2023-05-24 18:11,8585.02,0.00,423.36,405.49,57.83,74.89,0.00,-1253.09
2023-05-24 18:12,8585.02,0.00,547.66,405.22,57.73,74.23,0.00,-1128.78
2023-05-24 18:13,8585.02,0.00,541.24,406.61,57.77,73.58,0.00,-1135.21
2023-05-24 18:14,8585.02,0.00,549.62,406.61,57.84,73.00,0.00,-1126.82
2023-05-24 18:15,8585.02,0.00,535.26,406.47,57.90,72.50,0.00,-1141.19
2023-05-24 18:16,8585.02,0.00,515.25,381.72,58.00,72.12,0.00,-1161.19
2023-05-24 18:17,8585.02,0.00,41.21,31.97,58.06,71.86,0.00,-1635.23
2023-05-24 18:18,8585.02,0.00,0.00,0.00,58.12,71.98,0.00,-1676.44
2023-05-24 18:19,8585.02,0.00,0.00,0.00,58.27,72.24,0.00,-1676.44
2023-05-24 18:20,8585.02,0.00,0.00,0.00,58.48,72.49,0.00,-1676.44
2023-05-24 18:21,8585.02,0.00,0.00,0.00,58.54,72.47,0.00,-1676.44
2023-05-24 18:22,8585.02,0.00,0.00,0.00,58.75,72.57,0.00,-1676.44
2023-05-24 18:23,8585.02,0.00,0.00,0.00,59.02,72.70,0.00,-1676.44
2023-05-24 18:24,8585.02,0.00,0.00,0.00,59.01,72.84,0.00,-1676.44
2023-05-24 18:25,8585.02,0.00,0.00,0.00,59.30,72.92,0.00,-1676.44
2023-05-24 18:26,8585.02,0.00,0.00,0.00,58.87,72.99,0.00,-1676.44
2023-05-24 18:27,8585.02,0.00,0.00,0.00,58.64,73.10,0.00,-1676.44
2023-05-24 18:28,8585.02,0.00,0.00,0.00,58.74,73.16,0.00,-1676.44
2023-05-24 18:29,8585.02,0.00,0.00,0.00,58.75,73.23,0.00,-1676.44
2023-05-24 18:30,8585.02,0.00,0.00,0.00,58.79,73.31,0.00,-1676.44
2023-05-24 18:31,8585.02,0.00,0.00,0.00,58.82,73.38,0.00,-1676.44
2023-05-24 18:32,8585.02,0.00,0.00,0.00,58.86,73.44,0.00,-1676.44
2023-05-24 18:33,8585.02,0.00,0.00,0.00,58.91,73.51,0.00,-1676.44
2023-05-24 18:34,8585.02,0.00,0.00,0.00,59.03,73.55,0.00,-1676.44
2023-05-24 18:35,8585.02,0.00,0.00,0.00,59.27,73.59,0.00,-1676.44
2023-05-24 18:36,8585.02,0.00,0.00,0.00,59.04,73.64,0.00,-1676.44
2023-05-24 18:37,8585.02,0.00,0.00,0.00,58.96,73.64,0.00,-1676.44
2023-05-24 18:38,8585.02,0.00,0.00,0.00,59.06,73.71,0.00,-1676.44
2023-05-24 18:39,8585.02,0.00,0.00,0.00,59.12,73.74,0.00,-1676.44
2023-05-24 18:40,8585.02,0.00,0.00,0.00,58.94,73.80,0.00,-1676.44
2023-05-24 18:41,8585.02,0.00,0.00,0.00,58.91,73.84,0.00,-1676.44
2023-05-24 18:42,8585.02,46.35,0.00,0.00,58.96,73.86,0.00,-1676.44
2023-05-24 18:43,8585.02,83.59,0.00,0.00,58.97,73.64,0.00,-1676.44
2023-05-24 18:44,8585.02,83.59,0.00,0.00,58.82,73.58,0.00,-1676.44
2023-05-24 18:45,8585.02,83.59,0.00,0.00,58.71,73.61,0.00,-1676.44
2023-05-24 18:46,8585.02,83.59,0.00,0.00,58.84,73.62,0.00,-1676.44
2023-05-24 18:47,8585.02,148.86,0.00,0.00,59.09,73.61,0.00,-1676.44
2023-05-24 18:48,8585.02,171.34,0.00,0.00,58.86,73.36,0.00,-1676.44
2023-05-24 18:49,8585.02,171.34,0.00,0.00,58.96,73.36,0.00,-1676.44
2023-05-24 18:50,8585.02,171.34,0.00,0.00,58.82,73.42,0.00,-1676.44
2023-05-24 18:51,8585.02,181.01,0.00,0.00,58.84,73.44,0.00,-1676.44
2023-05-24 18:52,8585.02,258.90,0.00,0.00,58.85,73.41,0.00,-1676.44
2023-05-24 18:53,8585.02,235.76,0.00,0.00,59.06,73.38,0.00,-1676.44
2023-05-24 18:54,8585.02,230.25,0.00,0.00,58.92,73.39,0.00,-1676.44
2023-05-24 18:55,8585.02,230.25,0.00,0.00,59.04,73.45,0.00,-1676.44
2023-05-24 18:56,8585.02,230.25,0.00,0.00,59.09,73.55,0.00,-1676.44
2023-05-24 18:57,8585.02,230.25,0.00,0.00,59.34,73.60,0.00,-1676.44
2023-05-24 18:58,8585.02,230.25,0.00,0.00,59.20,73.69,0.00,-1676.44
2023-05-24 18:59,8585.02,215.65,0.00,0.00,59.46,73.72,0.00,-1676.44
2023-05-24 19:00,8585.02,201.07,0.00,0.00,60.16,73.80,0.00,-1676.44
2023-05-24 19:01,8585.02,201.07,0.00,0.00,60.24,73.85,0.00,-1676.44
2023-05-24 19:02,8585.02,201.07,0.00,0.00,60.21,73.92,0.00,-1676.44
2023-05-24 19:03,8585.02,201.07,0.00,0.00,60.16,73.97,0.00,-1676.44
2023-05-24 19:04,8585.02,201.07,0.00,0.00,60.08,73.99,0.00,-1676.44
2023-05-24 19:05,8585.02,200.58,0.00,0.00,60.20,74.04,0.00,-1676.44
2023-05-24 19:06,8585.02,177.42,0.00,0.00,60.29,74.05,0.00,-1676.44
2023-05-24 19:07,8585.02,172.25,0.00,0.00,60.40,74.10,0.00,-1676.44
2023-05-24 19:08,8585.02,172.25,0.00,0.00,60.53,74.13,0.00,-1676.44
2023-05-24 19:09,8585.02,172.25,0.00,0.00,60.47,74.17,0.00,-1676.44
2023-05-24 19:10,8585.02,165.25,0.00,0.00,60.66,74.18,0.00,-1676.44
2023-05-24 19:11,8585.02,143.21,0.00,0.00,60.72,74.23,0.00,-1676.44
2023-05-24 19:12,8585.02,143.21,0.00,0.00,60.90,74.24,0.00,-1676.44
2023-05-24 19:13,8585.02,143.21,0.00,0.00,61.19,74.24,0.00,-1676.44
2023-05-24 19:14,8585.02,142.94,0.00,0.00,61.43,74.25,0.00,-1676.44
2023-05-24 19:15,8585.02,116.29,0.00,0.00,61.64,74.26,0.00,-1676.44
2023-05-24 19:16,8585.02,114.23,0.00,0.00,61.82,74.26,0.00,-1676.44
2023-05-24 19:17,8585.02,114.23,0.00,0.00,61.96,74.26,0.00,-1676.44
2023-05-24 19:18,8585.02,114.23,0.00,0.00,62.12,74.31,0.00,-1676.44
2023-05-24 19:19,8585.02,93.20,0.00,0.00,62.25,74.29,0.00,-1676.44
2023-05-24 19:20,8585.02,85.94,0.00,0.00,62.32,74.30,0.00,-1676.44
2023-05-24 19:21,8585.02,85.94,0.00,0.00,62.41,74.30,0.00,-1676.44
2023-05-24 19:22,8585.02,85.94,0.00,0.00,62.44,74.31,0.00,-1676.44
2023-05-24 19:23,8585.02,81.06,0.00,0.00,62.49,74.31,0.00,-1676.44
2023-05-24 19:24,8585.02,61.83,0.00,0.00,62.58,74.31,0.00,-1676.44
2023-05-24 19:25,8585.02,61.83,0.00,0.00,62.66,74.30,0.00,-1676.44
2023-05-24 19:26,8585.02,61.83,0.00,0.00,62.75,74.31,0.00,-1676.44
2023-05-24 19:27,8585.02,61.73,0.00,0.00,62.80,74.27,0.00,-1676.44
2023-05-24 19:28,8585.02,60.84,0.00,0.00,62.87,74.31,0.00,-1676.44
2023-05-24 19:29,8585.02,60.84,0.00,0.00,62.97,74.25,0.00,-1676.44
2023-05-24 19:30,8585.02,60.84,0.00,0.00,63.03,74.24,0.00,-1676.44
2023-05-24 19:31,8585.02,60.84,0.00,0.00,63.09,74.27,0.00,-1676.44
2023-05-24 19:32,8585.02,60.88,0.00,0.00,63.14,74.24,0.00,-1676.44
2023-05-24 19:33,8585.02,60.88,0.00,0.00,63.19,74.25,0.00,-1676.44
2023-05-24 19:34,8585.02,60.88,0.00,0.00,63.23,74.24,0.00,-1676.44
2023-05-24 19:35,8585.02,60.88,0.00,0.00,63.29,74.24,0.00,-1676.44
2023-05-24 19:36,8585.02,60.88,0.00,0.00,63.32,74.22,0.00,-1676.44
2023-05-24 19:37,8585.02,60.88,0.00,0.00,63.35,74.18,0.00,-1676.44
2023-05-24 19:38,8585.02,60.88,0.00,0.00,63.35,74.17,0.00,-1676.44
2023-05-24 19:39,8585.02,60.88,0.00,0.00,63.41,74.17,0.00,-1676.44
2023-05-24 19:40,8585.02,60.88,0.00,0.00,63.42,74.17,0.00,-1676.44
2023-05-24 19:41,8585.02,60.88,0.00,0.00,63.47,74.16,0.00,-1676.44
2023-05-24 19:42,8585.02,90.66,0.00,0.00,63.50,74.11,0.00,-1676.44
2023-05-24 19:43,8585.02,132.93,0.00,0.00,63.52,74.11,0.00,-1676.44
2023-05-24 19:44,8585.02,133.34,0.00,0.00,63.53,74.05,0.00,-1676.44
2023-05-24 19:45,8585.02,207.99,0.00,0.00,63.61,74.04,0.00,-1676.44
2023-05-24 19:46,8585.02,211.40,0.00,0.00,63.62,74.04,0.00,-1676.44
2023-05-24 19:47,8585.02,279.70,0.00,0.00,63.62,74.04,0.00,-1676.44
2023-05-24 19:48,8585.02,304.56,0.00,0.00,63.62,74.02,0.00,-1676.44
2023-05-24 19:49,8585.02,384.27,0.00,0.00,63.62,73.99,0.00,-1676.44
2023-05-24 19:50,8585.02,399.91,0.00,0.00,63.62,74.05,0.00,-1676.44
2023-05-24 19:51,8585.02,468.61,0.00,0.00,63.63,74.23,0.00,-1676.44
2023-05-24 19:52,8585.02,507.94,0.00,0.00,63.63,74.41,0.00,-1676.44
2023-05-24 19:53,8585.02,553.70,0.00,0.00,63.66,74.63,0.00,-1676.44
2023-05-24 19:54,8585.02,625.50,0.00,0.00,63.62,74.87,0.00,-1676.44
2023-05-24 19:55,8585.02,647.92,0.00,0.00,63.62,75.08,0.00,-1676.44
2023-05-24 19:56,8585.02,724.62,0.00,0.00,63.62,75.23,0.00,-1676.44
2023-05-24 19:57,8585.02,767.19,0.00,0.00,63.62,75.37,0.00,-1676.44
2023-05-24 19:58,8585.02,810.98,0.00,0.00,63.62,75.56,0.00,-1676.44
2023-05-24 19:59,8585.02,818.35,0.00,0.00,63.57,75.70,0.00,-1676.44
2023-05-24 20:00,8585.02,839.85,0.00,0.00,63.56,75.84,0.00,-1676.44
2023-05-24 20:01,8585.02,839.85,0.00,0.00,63.51,75.90,0.00,-1676.44
2023-05-24 20:02,8585.02,878.66,0.00,0.00,63.49,75.91,0.00,-1676.44
2023-05-24 20:03,8585.02,930.97,0.00,0.00,63.49,75.97,0.00,-1676.44
2023-05-24 20:04,8585.02,994.12,0.00,0.00,63.47,76.01,0.00,-1676.44
2023-05-24 20:05,8585.02,1020.47,0.00,0.00,63.47,76.11,0.00,-1676.44
2023-05-24 20:06,8585.02,1020.47,0.00,0.00,63.42,76.19,0.00,-1676.44
2023-05-24 20:07,8585.02,1082.21,0.00,0.00,63.36,76.25,0.00,-1676.44
2023-05-24 20:08,8585.02,1110.13,0.00,0.00,63.32,76.34,0.00,-1676.44
2023-05-24 20:09,8585.02,1144.67,0.00,0.00,63.29,76.43,0.00,-1676.44
2023-05-24 20:10,8585.02,1201.30,0.00,0.00,63.22,76.49,0.00,-1676.44
2023-05-24 20:11,8585.02,1220.10,0.00,0.00,63.20,76.59,0.00,-1676.44
2023-05-24 20:12,8585.02,1290.73,0.00,0.00,63.15,76.70,0.00,-1676.44
2023-05-24 20:13,8585.02,1326.76,0.00,0.00,63.15,76.81,0.00,-1676.44
2023-05-24 20:14,8585.02,1379.11,0.00,0.00,63.09,77.00,0.00,-1676.44
2023-05-24 20:15,8585.02,1413.61,0.00,0.00,63.11,77.18,0.00,-1676.44
2023-05-24 20:16,8585.02,1469.52,0.00,0.00,63.07,77.38,0.00,-1676.44
2023-05-24 20:17,8585.02,1542.73,0.00,0.00,63.03,77.52,0.00,-1676.44
2023-05-24 20:18,8585.02,1558.95,0.00,0.00,63.02,77.73,0.00,-1676.44
2023-05-24 20:19,8585.02,1613.35,0.00,0.00,63.00,77.87,0.00,-1676.44
2023-05-24 20:20,8585.02,1648.37,0.00,0.00,62.91,78.01,0.00,-1676.44
2023-05-24 20:21,8585.02,1710.24,0.00,0.00,62.83,78.10,0.00,-1676.44
2023-05-24 20:22,8585.02,1737.87,0.00,0.00,62.76,78.18,0.00,-1676.44
2023-05-24 20:23,8585.02,1809.96,0.00,0.00,62.70,78.27,0.00,-1676.44
2023-05-24 20:24,8585.02,1829.15,0.00,0.00,62.61,78.31,0.00,-1676.44
2023-05-24 20:25,8585.02,1877.64,0.00,0.00,62.54,78.29,0.00,-1676.44
2023-05-24 20:26,8585.02,1919.03,0.00,0.00,62.46,78.36,0.00,-1676.44
2023-05-24 20:27,8585.02,1997.19,0.00,0.00,62.39,78.48,0.00,-1676.44
2023-05-24 20:28,8585.02,2008.99,0.00,0.00,62.34,78.61,0.00,-1676.44
2023-05-24 20:29,8585.02,2097.04,0.00,0.00,62.25,78.77,0.00,-1676.44
2023-05-24 20:30,8585.02,2097.35,0.00,0.00,62.22,78.83,0.00,-1676.44
2023-05-24 20:31,8585.02,2120.39,0.00,0.00,62.10,78.84,0.00,-1676.44
2023-05-24 20:32,8585.02,2186.96,0.00,0.00,62.02,78.89,0.00,-1676.44
2023-05-24 20:33,8585.02,2226.36,0.00,0.00,61.95,78.91,0.00,-1676.44
2023-05-24 20:34,8585.02,2275.74,0.00,0.00,61.86,78.95,0.00,-1676.44
2023-05-24 20:35,8585.02,2339.04,0.00,0.00,61.78,78.97,0.00,-1676.44
2023-05-24 20:36,8585.02,2363.80,0.00,0.00,61.74,78.98,0.00,-1676.44
2023-05-24 20:37,8585.02,2387.08,0.00,0.00,61.64,79.02,0.00,-1676.44
2023-05-24 20:38,8585.02,2452.53,0.00,0.00,61.58,79.07,0.00,-1676.44
2023-05-24 20:39,8585.02,2452.53,0.00,0.00,61.52,79.03,0.00,-1676.44
2023-05-24 20:40,8585.02,2540.09,0.00,0.00,61.44,78.95,0.00,-1676.44
2023-05-24 20:41,8585.02,2583.02,0.00,0.00,61.35,78.96,0.00,-1676.44
2023-05-24 20:42,8585.02,2631.87,0.00,0.00,61.24,79.09,0.00,-1676.44
2023-05-24 20:43,8585.02,2698.70,0.00,0.00,61.19,79.14,0.00,-1676.44
2023-05-24 20:44,8585.02,2721.30,0.00,0.00,61.14,79.27,0.00,-1676.44
2023-05-24 20:45,8585.02,2721.30,0.00,0.00,61.08,79.22,0.00,-1676.44
2023-05-24 20:46,8585.02,2806.31,0.00,0.00,61.00,79.15,0.00,-1676.44
2023-05-24 20:47,8585.02,2819.76,0.00,0.00,60.94,79.10,0.00,-1676.44
2023-05-24 20:48,8585.02,2901.62,0.00,0.00,60.88,79.10,0.00,-1676.44
2023-05-24 20:49,8585.02,2916.56,0.00,0.00,60.81,79.10,0.00,-1676.44
2023-05-24 20:50,8585.02,2990.54,0.00,0.00,60.73,79.16,0.00,-1676.44
2023-05-24 20:51,8585.02,3014.99,0.00,0.00,60.66,79.19,0.00,-1676.44
2023-05-24 20:52,8585.02,3079.76,0.00,0.00,60.58,79.26,0.00,-1676.44
2023-05-24 20:53,8585.02,3079.76,0.00,0.00,60.53,79.27,0.00,-1676.44
2023-05-24 20:54,8585.02,3079.76,0.00,0.00,60.47,79.09,0.00,-1676.44
2023-05-24 20:55,8585.02,3079.76,0.00,0.00,60.40,78.82,0.00,-1676.44
2023-05-24 20:56,8585.02,3079.76,0.00,0.00,60.35,78.55,0.00,-1676.44
2023-05-24 20:57,8585.02,3079.76,0.00,0.00,60.30,78.27,0.00,-1676.44
2023-05-24 20:58,8585.02,3080.49,0.00,0.00,60.21,77.94,0.00,-1676.44
2023-05-24 20:59,8585.02,3090.92,0.00,0.00,60.17,77.61,0.00,-1676.44
2023-05-24 21:00,8585.02,3099.28,0.00,0.00,60.10,77.18,0.00,-1676.44
2023-05-24 21:01,8585.02,3146.50,0.00,0.00,60.09,76.72,0.00,-1676.44
2023-05-24 21:02,8585.02,3173.14,0.00,0.00,60.03,76.51,0.00,-1676.44
2023-05-24 21:03,8585.02,3173.14,0.00,0.00,59.99,75.98,0.00,-1676.44
2023-05-24 21:04,8585.02,3173.14,0.00,0.00,59.91,75.49,0.00,-1676.44
2023-05-24 21:05,8585.02,3162.67,0.00,0.00,59.85,75.05,0.00,-1676.44
2023-05-24 21:06,8585.02,3144.27,0.00,0.00,59.78,74.37,0.00,-1676.44
2023-05-24 21:07,8585.02,3144.27,0.00,0.00,59.72,73.97,0.00,-1676.44
2023-05-24 21:08,8585.02,3144.32,0.00,0.00,59.65,73.78,0.00,-1676.44
2023-05-24 21:09,8585.02,3144.31,0.00,0.00,59.62,73.56,0.00,-1676.44
2023-05-24 21:10,8585.02,3143.82,0.00,2.78,59.51,73.31,0.00,-1676.44
2023-05-24 21:11,8585.02,3143.61,0.00,148.05,59.46,73.09,0.00,-1676.44
2023-05-24 21:12,8585.02,3143.61,0.00,306.80,59.30,72.88,0.00,-1676.44
2023-05-24 21:13,8585.02,3143.61,0.00,154.03,59.01,72.64,0.00,-1676.44
2023-05-24 21:14,8585.02,3143.61,0.00,34.34,58.43,72.41,0.00,-1676.44
2023-05-24 21:15,8585.02,3143.61,0.00,66.58,58.11,72.16,0.00,-1676.44
2023-05-24 21:16,8585.02,3143.61,0.00,197.53,57.80,71.96,0.00,-1676.44
2023-05-24 21:17,8585.02,3143.61,0.00,240.76,57.35,71.73,0.00,-1676.44
2023-05-24 21:18,8585.02,3143.61,0.00,191.84,57.08,71.50,0.00,-1676.44
2023-05-24 21:19,8585.02,3191.34,0.00,21.13,56.94,71.27,0.00,-1676.44
2023-05-24 21:20,8585.02,3430.00,0.00,190.31,56.83,71.03,0.00,-1676.44
2023-05-24 21:21,8585.02,3430.00,0.00,173.49,56.61,70.81,0.00,-1676.44
2023-05-24 21:22,8585.02,3430.00,0.00,253.42,56.52,70.58,0.00,-1676.44
2023-05-24 21:23,8585.02,3430.00,0.00,310.83,56.49,70.39,0.00,-1676.44
2023-05-24 21:24,8585.02,3430.00,0.00,310.27,56.45,70.17,0.00,-1676.44
2023-05-24 21:25,8585.02,3430.00,0.00,310.55,56.43,69.97,0.00,-1676.44
2023-05-24 21:26,8585.02,3430.00,0.00,311.11,56.35,69.80,0.00,-1676.44
2023-05-24 21:27,8585.02,3430.00,256.68,326.54,56.31,69.72,0.00,-1419.77
2023-05-24 21:28,8585.02,3434.70,542.57,355.73,56.18,70.32,0.00,-1133.87
2023-05-24 21:29,8585.02,3445.61,621.47,355.31,56.17,70.96,0.00,-1054.97
2023-05-24 21:30,8585.02,3455.61,612.95,358.93,56.12,73.14,0.00,-1063.49
2023-05-24 21:31,8585.02,3451.97,604.49,359.62,56.12,75.92,0.00,-1071.95
2023-05-24 21:32,8585.02,3444.98,618.47,359.90,56.12,78.12,0.00,-1057.97
2023-05-24 21:33,8585.02,3438.03,602.76,359.76,56.09,79.93,0.00,-1073.68
2023-05-24 21:34,8585.02,3445.62,366.30,215.19,56.11,81.32,0.00,-1310.15
2023-05-24 21:35,8585.02,3460.27,8.42,0.00,56.11,81.86,0.00,-1668.02
2023-05-24 21:36,8585.02,3460.28,0.00,0.00,56.13,81.11,0.00,-1676.44
2023-05-24 21:37,8585.02,3460.28,0.00,0.00,56.32,79.66,0.00,-1676.44
2023-05-24 21:38,8585.02,3460.28,0.00,0.00,56.26,78.52,0.00,-1676.44
2023-05-24 21:39,8585.02,3460.28,0.00,0.00,56.43,77.50,0.00,-1676.44
2023-05-24 21:40,8585.02,3506.71,0.00,0.00,56.82,76.69,0.00,-1676.44
2023-05-24 21:41,8585.02,3549.19,0.00,0.00,57.13,77.12,0.00,-1676.44
2023-05-24 21:42,8585.02,3615.07,0.00,0.00,57.29,77.87,0.00,-1676.44
2023-05-24 21:43,8585.02,3647.06,0.00,0.00,57.36,78.81,0.00,-1676.44
2023-05-24 21:44,8585.02,3729.95,0.00,0.00,57.84,81.00,0.00,-1676.44
2023-05-24 21:45,8585.02,3739.85,0.00,0.00,58.08,81.43,0.00,-1676.44
2023-05-24 21:46,8585.02,3819.69,0.00,0.00,57.82,83.62,0.00,-1676.44
2023-05-24 21:47,8585.02,3819.69,0.00,0.00,58.27,84.12,0.00,-1676.44
2023-05-24 21:48,8585.02,3907.14,0.00,0.00,58.15,84.53,0.00,-1676.44
2023-05-24 21:49,8585.02,3909.60,0.00,0.00,57.74,84.58,0.00,-1676.44
2023-05-24 21:50,8585.02,3987.29,0.00,0.00,58.06,83.81,0.00,-1676.44
2023-05-24 21:51,8585.02,3999.03,0.00,0.00,57.98,83.11,0.00,-1676.44
2023-05-24 21:52,8585.02,4085.77,0.00,0.00,57.79,83.41,0.00,-1676.44
2023-05-24 21:53,8585.02,4130.62,0.00,0.00,58.03,83.57,0.00,-1676.44
2023-05-24 21:54,8585.02,4178.82,0.00,0.00,58.11,84.62,0.00,-1676.44
2023-05-24 21:55,8585.02,4178.82,0.00,0.00,57.83,83.59,0.00,-1676.44
2023-05-24 21:56,8585.02,4254.62,0.00,0.00,57.81,83.38,0.00,-1676.44
2023-05-24 21:57,8585.02,4267.70,0.00,0.00,57.71,83.50,0.00,-1676.44
2023-05-24 21:58,8585.02,4267.70,0.00,0.00,57.71,82.68,0.00,-1676.44
2023-05-24 21:59,8585.02,4267.70,0.00,0.00,57.80,82.06,0.00,-1676.44
2023-05-24 22:00,8585.02,4267.70,0.00,0.00,57.94,81.55,0.00,-1676.44
2023-05-24 22:01,8585.02,4267.70,0.00,0.00,58.02,80.99,0.00,-1676.44
2023-05-24 22:02,8585.02,4267.70,0.00,0.00,58.03,80.46,0.00,-1676.44
2023-05-24 22:03,8585.02,4267.70,0.00,0.00,58.06,79.83,0.00,-1676.44
2023-05-24 22:04,8585.02,4267.70,0.00,0.00,58.03,79.19,0.00,-1676.44
2023-05-24 22:05,8585.02,4267.70,0.00,0.00,57.86,78.59,0.00,-1676.44
2023-05-24 22:06,8585.02,4267.70,0.00,0.00,57.84,78.05,0.00,-1676.44
2023-05-24 22:07,8585.02,4327.70,0.00,0.00,57.92,77.61,0.00,-1676.44
2023-05-24 22:08,8585.02,4357.03,0.00,0.00,58.14,77.35,0.00,-1676.44
2023-05-24 22:09,8585.02,4424.40,0.00,0.00,58.15,77.33,0.00,-1676.44
2023-05-24 22:10,8585.02,4445.86,0.00,0.00,58.16,77.52,0.00,-1676.44
2023-05-24 22:11,8585.02,4509.84,0.00,0.00,57.96,77.73,0.00,-1676.44
2023-05-24 22:12,8585.02,4541.17,0.00,0.00,57.98,78.38,0.00,-1676.44
2023-05-24 22:13,8585.02,4626.11,0.00,0.00,57.94,78.79,0.00,-1676.44
2023-05-24 22:14,8585.02,4626.11,0.00,0.00,57.99,78.74,0.00,-1676.44
2023-05-24 22:15,8585.02,4620.17,0.00,0.00,57.85,78.47,0.00,-1676.44
2023-05-24 22:16,8585.02,4595.94,0.00,0.00,57.80,78.09,0.00,-1676.44
2023-05-24 22:17,8585.02,4595.94,0.00,0.00,57.58,77.76,0.00,-1676.44
2023-05-24 22:18,8585.02,4595.94,0.00,0.00,57.59,77.52,0.00,-1676.44
2023-05-24 22:19,8585.02,4595.94,0.00,0.00,57.53,77.36,0.00,-1676.44
2023-05-24 22:20,8585.02,4595.94,0.00,0.00,57.82,77.06,0.00,-1676.44
2023-05-24 22:21,8585.02,4595.94,0.00,0.00,57.98,76.62,0.00,-1676.44
2023-05-24 22:22,8585.02,4677.00,0.00,0.00,57.82,76.36,0.00,-1676.44
2023-05-24 22:23,8585.02,4684.75,0.00,0.00,57.67,76.27,0.00,-1676.44
2023-05-24 22:24,8585.02,4753.73,0.00,0.00,57.82,76.11,0.00,-1676.44
2023-05-24 22:25,8585.02,4786.97,0.00,0.00,57.80,75.96,0.00,-1676.44
2023-05-24 22:26,8585.02,4864.94,0.00,0.00,57.62,76.98,0.00,-1676.44
2023-05-24 22:27,8585.02,4898.13,0.00,0.00,57.39,77.24,0.00,-1676.44
2023-05-24 22:28,8585.02,4955.01,0.00,0.00,57.73,77.42,0.00,-1676.44
2023-05-24 22:29,8585.02,5022.77,0.00,0.00,58.34,77.67,0.00,-1676.44
2023-05-24 22:30,8585.02,5046.16,0.00,0.00,58.04,78.30,0.00,-1676.44
2023-05-24 22:31,8585.02,5134.00,0.00,0.00,57.46,78.37,0.00,-1676.44
2023-05-24 22:32,8585.02,5164.82,0.00,0.00,57.45,78.41,0.00,-1676.44
2023-05-24 22:33,8585.02,5224.85,0.00,0.00,57.26,78.68,0.00,-1676.44
2023-05-24 22:34,8585.02,5244.10,0.00,0.00,57.31,78.39,0.00,-1676.44
2023-05-24 22:35,8585.02,5315.09,0.00,0.00,57.55,78.58,0.00,-1676.44
2023-05-24 22:36,8585.02,5358.07,0.00,0.00,57.63,78.67,0.00,-1676.44
2023-05-24 22:37,8585.02,5404.66,0.00,0.00,57.19,80.44,0.00,-1676.44
2023-05-24 22:38,8585.02,5391.82,0.00,0.00,57.15,79.92,0.00,-1676.44
2023-05-24 22:39,8585.02,5374.22,0.00,0.00,57.27,79.14,0.00,-1676.44
2023-05-24 22:40,8585.02,5374.22,0.00,0.00,57.12,78.61,0.00,-1676.44
2023-05-24 22:41,8585.02,5374.22,0.00,0.00,57.15,78.20,0.00,-1676.44
2023-05-24 22:42,8585.02,5374.22,0.00,0.00,57.25,77.76,0.00,-1676.44
2023-05-24 22:43,8585.02,5374.22,0.00,0.00,57.41,77.33,0.00,-1676.44
2023-05-24 22:44,8585.02,5374.22,0.00,0.00,57.54,76.90,0.00,-1676.44
2023-05-24 22:45,8585.02,5398.20,0.00,0.00,57.31,76.56,0.00,-1676.44
2023-05-24 22:46,8585.02,5462.33,0.00,0.00,57.54,76.64,0.00,-1676.44
2023-05-24 22:47,8585.02,5462.33,0.00,0.00,57.71,76.35,0.00,-1676.44
2023-05-24 22:48,8585.02,5436.18,0.00,0.00,57.17,75.91,0.00,-1676.44
2023-05-24 22:49,8585.02,5432.95,0.00,0.00,57.12,75.40,0.00,-1676.44
2023-05-24 22:50,8585.02,5432.95,0.00,0.00,57.04,75.10,0.00,-1676.44
2023-05-24 22:51,8585.02,5432.95,0.00,0.00,56.99,74.84,0.00,-1676.44
2023-05-24 22:52,8585.02,5513.20,0.00,0.00,57.11,74.77,0.00,-1676.44
2023-05-24 22:53,8585.02,5524.14,0.00,0.00,57.28,74.62,0.00,-1676.44
2023-05-24 22:54,8585.02,5611.15,0.00,0.00,57.48,74.46,0.00,-1676.44
2023-05-24 22:55,8585.02,5638.14,0.00,0.00,57.80,74.70,0.00,-1676.44
2023-05-24 22:56,8585.02,5700.33,0.00,0.00,57.07,75.28,0.00,-1676.44
2023-05-24 22:57,8585.02,5753.54,0.00,0.00,56.88,75.52,0.00,-1676.44
2023-05-24 22:58,8585.02,5790.45,0.00,0.00,56.85,75.92,0.00,-1676.44
2023-05-24 22:59,8585.02,5859.10,0.00,0.00,56.97,76.00,0.00,-1676.44
2023-05-24 23:00,8585.02,5880.09,0.00,0.00,57.03,76.13,0.00,-1676.44
2023-05-24 23:01,8585.02,5960.65,0.00,0.00,57.41,76.28,0.00,-1676.44
2023-05-24 23:02,8585.02,5961.76,0.00,0.00,57.75,76.16,0.00,-1676.44
2023-05-24 23:03,8585.02,5961.29,0.00,276.49,58.09,75.91,0.00,-1676.44
2023-05-24 23:04,8585.02,5961.29,0.00,238.82,56.87,76.05,0.00,-1676.44
2023-05-24 23:05,8585.02,5961.29,0.00,259.12,56.59,76.10,0.00,-1676.44
2023-05-24 23:06,8585.02,5961.29,0.00,237.98,56.37,76.03,0.00,-1676.44
2023-05-24 23:07,8585.02,5961.29,0.00,275.66,56.39,75.92,0.00,-1676.44
2023-05-24 23:08,8585.02,5961.29,0.00,327.79,56.45,75.67,0.00,-1676.44
2023-05-24 23:09,8585.02,5961.29,0.00,327.79,56.45,75.35,0.00,-1676.44
2023-05-24 23:10,8585.02,5961.29,0.00,327.79,56.43,75.08,0.00,-1676.44
2023-05-24 23:11,8585.02,5961.29,77.73,327.79,56.38,74.78,0.00,-1598.71
2023-05-24 23:12,8585.02,5961.29,535.06,359.06,56.36,74.83,0.00,-1141.38
2023-05-24 23:13,8585.02,5961.29,749.30,379.22,56.33,74.94,0.00,-927.14
2023-05-24 23:14,8585.02,5961.29,743.18,378.66,56.25,75.14,0.00,-933.26
2023-05-24 23:15,8585.02,5961.29,730.38,379.36,56.20,75.90,0.00,-946.06
2023-05-24 23:16,8585.02,5961.29,732.30,380.19,56.18,77.07,0.00,-944.14
2023-05-24 23:17,8585.02,5961.29,728.74,381.03,56.18,78.49,0.00,-947.70
2023-05-24 23:18,8585.02,5961.29,730.02,380.06,56.18,80.15,0.00,-946.42
2023-05-24 23:19,8585.02,5961.29,722.34,381.86,56.19,81.64,0.00,-954.11
2023-05-24 23:20,8585.02,5961.29,707.82,382.56,56.30,83.15,0.00,-968.62
2023-05-24 23:21,8585.02,5961.29,705.30,382.56,56.47,84.60,0.00,-971.14
2023-05-24 23:22,8585.02,5961.29,708.59,381.58,56.67,86.08,0.00,-967.86
2023-05-24 23:23,8585.02,5961.29,698.37,383.53,56.94,87.49,0.00,-978.07
2023-05-24 23:24,8585.02,5961.29,703.28,383.53,57.20,88.89,0.00,-973.16
2023-05-24 23:25,8585.02,5961.29,697.00,383.25,57.59,90.48,0.00,-979.45
2023-05-24 23:26,8585.02,5961.29,681.87,384.64,57.83,96.00,0.00,-994.57
2023-05-24 23:27,8585.02,5961.29,689.69,383.95,58.22,101.47,0.00,-986.75
2023-05-24 23:28,8585.02,5961.29,689.92,383.95,58.60,102.91,0.00,-986.52
2023-05-24 23:29,8585.02,5961.29,687.06,385.34,59.28,103.36,0.00,-989.39
2023-05-24 23:30,8585.02,5967.84,449.59,242.85,59.67,103.54,0.00,-1226.86
2023-05-24 23:31,8585.02,5971.08,0.00,0.00,60.46,102.65,0.00,-1676.44
2023-05-24 23:32,8585.02,5971.08,0.00,0.00,60.57,99.86,0.00,-1676.44
2023-05-24 23:33,8585.02,5971.08,0.00,0.00,60.56,97.43,0.00,-1676.44
2023-05-24 23:34,8585.02,5971.08,0.00,0.00,60.82,95.75,0.00,-1676.44
2023-05-24 23:35,8585.02,6003.89,0.00,0.00,61.23,94.17,0.00,-1676.44
2023-05-24 23:36,8585.02,6060.25,0.00,0.00,61.36,92.11,0.00,-1676.44
2023-05-24 23:37,8585.02,6137.60,0.00,0.00,61.43,91.43,0.00,-1676.44
2023-05-24 23:38,8585.02,6150.04,0.00,0.00,62.08,92.38,0.00,-1676.44
2023-05-24 23:39,8585.02,6233.80,0.00,0.00,62.70,94.94,0.00,-1676.44
2023-05-24 23:40,8585.02,6238.72,0.00,0.00,62.49,96.44,0.00,-1676.44
2023-05-24 23:41,8585.02,6314.52,0.00,0.00,63.22,95.20,0.00,-1676.44
2023-05-24 23:42,8585.02,6352.86,0.00,0.00,63.63,94.61,0.00,-1676.44
2023-05-24 23:43,8585.02,6413.41,0.00,0.00,63.56,94.33,0.00,-1676.44
2023-05-24 23:44,8585.02,6412.39,0.00,23.95,63.55,93.53,0.00,-1676.44
2023-05-24 23:45,8585.02,6412.19,91.85,461.94,63.73,92.46,0.00,-1584.59
2023-05-24 23:46,8585.02,6412.19,1079.55,597.96,63.73,91.99,0.00,-596.90
2023-05-24 23:47,8585.02,6412.19,1235.02,597.55,63.81,94.09,0.00,-441.42
2023-05-24 23:48,8585.02,6412.19,1248.68,597.13,63.88,97.65,0.00,-427.76
2023-05-24 23:49,8585.02,6412.19,1267.32,604.91,63.97,100.77,0.00,-409.13
2023-05-24 23:50,8585.02,6412.19,1276.94,604.08,64.08,103.53,0.00,-399.51
2023-05-24 23:51,8585.02,6412.19,1268.60,604.08,64.24,105.80,0.00,-407.84
2023-05-24 23:52,8585.02,6412.19,1272.01,604.08,64.41,107.79,0.00,-404.44
2023-05-24 23:53,8585.02,6412.19,1252.15,604.92,64.70,109.64,0.00,-424.30
2023-05-24 23:54,8585.02,6412.19,1261.61,605.61,65.11,111.12,0.00,-414.84
2023-05-24 23:55,8585.02,6412.19,1272.53,604.91,65.60,112.61,0.00,-403.92
2023-05-24 23:56,8585.02,6412.19,1269.17,605.05,66.05,113.69,0.00,-407.27
2023-05-24 23:57,8585.02,6415.44,462.63,213.57,66.87,117.34,0.00,-1213.81
2023-05-24 23:58,8585.02,6419.97,0.00,0.00,67.43,117.67,0.00,-1676.44
2023-05-24 23:59,8585.02,6419.97,0.00,0.00,67.70,113.15,0.00,-1676.44
2023-05-25 00:00,8585.02,6459.37,0.00,0.00,68.07,110.51,0.00,-1676.44
2023-05-25 00:01,8585.02,6509.61,0.00,0.00,68.43,109.50,0.00,-1676.44
2023-05-25 00:02,8585.02,6592.28,0.00,0.00,69.18,111.45,0.00,-1676.44
2023-05-25 00:03,8585.02,6599.29,0.00,0.00,69.11,112.87,0.00,-1676.44
2023-05-25 00:04,8585.02,6599.29,0.00,0.00,68.99,110.63,0.00,-1676.44
2023-05-25 00:05,8585.02,6599.29,0.00,0.00,69.35,108.65,0.00,-1676.44
2023-05-25 00:06,8585.02,6599.29,0.00,0.00,69.98,106.94,0.00,-1676.44
2023-05-25 00:07,8585.02,6630.39,0.00,0.00,70.49,105.38,0.00,-1676.44
2023-05-25 00:08,8585.02,6688.59,0.00,0.00,70.45,104.92,0.00,-1676.44
2023-05-25 00:09,8585.02,6720.55,0.00,0.00,70.58,104.34,0.00,-1676.44
2023-05-25 00:10,8585.02,6778.18,0.00,0.00,70.98,104.65,0.00,-1676.44
2023-05-25 00:11,8585.02,6841.68,0.00,0.00,71.13,104.36,0.00,-1676.44
2023-05-25 00:12,8585.02,6861.87,0.00,157.19,70.92,104.17,0.00,-1676.44
2023-05-25 00:13,8585.02,6862.99,426.67,536.35,71.63,103.10,0.00,-1249.77
2023-05-25 00:14,8585.02,6963.49,1163.75,598.43,71.72,102.58,0.00,-512.69
2023-05-25 00:15,8585.02,7065.55,1281.73,601.33,71.72,104.35,0.00,-394.71
2023-05-25 00:16,8585.02,7068.08,1286.41,601.33,71.60,106.71,0.00,-390.03
2023-05-25 00:17,8585.02,7068.08,1282.54,600.63,71.52,108.17,0.00,-393.90
2023-05-25 00:18,8585.02,7068.08,1288.02,600.77,71.52,109.12,0.00,-388.43
2023-05-25 00:19,8585.02,7068.08,1282.98,600.63,71.57,109.77,0.00,-393.46
2023-05-25 00:20,8585.02,7068.08,1283.43,602.44,71.73,110.39,0.00,-393.02
2023-05-25 00:21,8585.02,7068.08,1259.47,603.27,72.02,110.91,0.00,-416.97
2023-05-25 00:22,8585.02,7068.08,1278.51,601.75,72.38,111.52,0.00,-397.93
2023-05-25 00:23,8585.02,7068.08,1278.08,602.58,72.78,112.21,0.00,-398.37
2023-05-25 00:24,8585.02,7068.08,1247.99,603.27,73.17,114.59,0.00,-428.45
2023-05-25 00:25,8585.02,7068.41,68.48,24.98,73.93,116.61,0.00,-1607.97
2023-05-25 00:26,8585.02,7068.48,0.00,0.00,74.27,114.26,0.00,-1676.44
2023-05-25 00:27,8585.02,7068.48,0.00,0.00,74.43,110.63,0.00,-1676.44
2023-05-25 00:28,8585.02,7107.61,0.00,0.00,74.67,107.97,0.00,-1676.44
2023-05-25 00:29,8585.02,7156.63,0.00,0.00,74.86,106.52,0.00,-1676.44
2023-05-25 00:30,8585.02,7220.17,0.00,0.00,75.04,105.67,0.00,-1676.44
2023-05-25 00:31,8585.02,7247.24,0.00,0.00,75.19,105.32,0.00,-1676.44
2023-05-25 00:32,8585.02,7333.87,0.00,0.00,75.64,104.37,0.00,-1676.44
2023-05-25 00:33,8585.02,7339.79,0.00,0.00,75.56,103.13,0.00,-1676.44
2023-05-25 00:34,8585.02,7423.81,0.00,0.00,75.77,102.33,0.00,-1676.44
2023-05-25 00:35,8585.02,7446.51,0.00,0.00,75.63,101.67,0.00,-1676.44
2023-05-25 00:36,8585.02,7506.44,0.00,0.00,76.19,101.45,0.00,-1676.44
2023-05-25 00:37,8585.02,7512.63,0.00,220.70,76.09,100.57,0.00,-1676.44
2023-05-25 00:38,8585.02,7513.33,518.50,489.94,76.27,99.87,0.00,-1157.95
2023-05-25 00:39,8585.02,7513.33,1197.68,598.38,76.20,99.69,0.00,-478.76
2023-05-25 00:40,8585.02,7513.33,1324.47,604.37,76.27,101.15,0.00,-351.97
2023-05-25 00:41,8585.02,7513.33,1313.47,605.20,76.31,104.39,0.00,-362.97
2023-05-25 00:42,8585.02,7513.33,1325.25,604.50,76.40,107.62,0.00,-351.19
2023-05-25 00:43,8585.02,7513.33,1304.54,605.89,76.48,109.83,0.00,-371.90
2023-05-25 00:44,8585.02,7513.33,1311.21,605.47,76.59,111.30,0.00,-365.24
2023-05-25 00:45,8585.02,7513.33,1307.95,603.95,76.75,112.33,0.00,-368.49
2023-05-25 00:46,8585.02,7513.33,1277.69,600.74,76.98,113.07,0.00,-398.76
2023-05-25 00:47,8585.02,7513.33,1283.58,600.47,77.27,113.95,0.00,-392.86
2023-05-25 00:48,8585.02,7513.33,1291.33,600.75,77.75,114.59,0.00,-385.11
2023-05-25 00:49,8585.02,7513.45,970.11,416.84,78.17,115.91,0.00,-706.34
2023-05-25 00:50,8585.02,7514.06,0.00,0.00,78.71,118.93,0.00,-1676.44
2023-05-25 00:51,8585.02,7514.06,0.00,0.00,78.86,113.80,0.00,-1676.44
2023-05-25 00:52,8585.02,7514.06,0.00,0.00,79.03,110.65,0.00,-1676.44
2023-05-25 00:53,8585.02,7569.97,0.00,0.00,79.15,108.56,0.00,-1676.44
2023-05-25 00:54,8585.02,7603.99,0.00,0.00,79.20,107.91,0.00,-1676.44
2023-05-25 00:55,8585.02,7677.25,0.00,0.00,79.17,107.79,0.00,-1676.44
2023-05-25 00:56,8585.02,7700.99,0.00,0.00,79.28,108.02,0.00,-1676.44
2023-05-25 00:57,8585.02,7783.77,0.00,0.00,79.48,107.41,0.00,-1676.44
2023-05-25 00:58,8585.02,7811.10,0.00,0.00,79.42,106.52,0.00,-1676.44
2023-05-25 00:59,8585.02,7873.19,0.00,0.00,79.26,106.09,0.00,-1676.44
2023-05-25 01:00,8585.02,7915.40,0.00,0.00,79.29,105.19,0.00,-1676.44
2023-05-25 01:01,8585.02,7955.16,0.00,0.00,79.27,104.71,0.00,-1676.44
2023-05-25 01:02,8585.02,7959.82,0.00,220.78,79.46,103.78,0.00,-1676.44
2023-05-25 01:03,8585.02,7963.35,549.37,471.65,79.81,102.53,0.00,-1127.08
2023-05-25 01:04,8585.02,7981.57,1251.28,604.44,79.68,102.21,0.00,-425.16
2023-05-25 01:05,8585.02,8018.00,1333.57,602.91,79.58,104.95,0.00,-342.88
2023-05-25 01:06,8585.02,8018.00,1338.40,602.91,79.55,107.91,0.00,-338.05
2023-05-25 01:07,8585.02,8018.00,1322.63,600.13,79.53,110.22,0.00,-353.81
2023-05-25 01:08,8585.02,8018.00,1318.08,598.46,79.54,112.56,0.00,-358.37
2023-05-25 01:09,8585.02,8018.00,1322.46,598.46,79.62,113.79,0.00,-353.98
2023-05-25 01:10,8585.02,8018.00,1317.42,597.91,79.77,113.35,0.00,-359.03
2023-05-25 01:11,8585.02,8018.00,1304.22,599.01,79.96,113.81,0.00,-372.22
2023-05-25 01:12,8585.02,8018.00,1318.56,599.15,80.22,115.57,0.00,-357.88
2023-05-25 01:13,8585.02,8018.00,1311.43,598.18,80.64,117.03,0.00,-365.01
2023-05-25 01:14,8585.02,8018.00,1310.61,598.32,80.92,117.95,0.00,-365.83
2023-05-25 01:15,8585.02,8018.00,1309.44,599.56,81.35,118.38,0.00,-367.00
2023-05-25 01:16,8585.02,8018.00,1308.45,598.60,81.71,118.95,0.00,-367.99
2023-05-25 01:17,8585.02,8018.00,1299.34,598.04,82.03,119.47,0.00,-377.11
2023-05-25 01:18,8585.02,8018.00,1293.84,599.57,82.57,119.95,0.00,-382.61
2023-05-25 01:19,8585.02,8018.00,1308.26,599.43,82.85,120.43,0.00,-368.18
2023-05-25 01:20,8585.02,8018.00,1293.77,598.87,83.54,120.85,0.00,-382.67
2023-05-25 01:21,8585.02,8018.19,912.97,413.86,84.02,122.32,0.00,-763.48
2023-05-25 01:22,8585.02,8018.58,0.00,0.00,84.99,124.35,0.00,-1676.44
2023-05-25 01:23,8585.02,8018.58,0.00,0.00,85.05,118.53,0.00,-1676.44
2023-05-25 01:24,8585.02,8018.58,0.00,0.00,85.02,115.46,0.00,-1676.44
2023-05-25 01:25,8585.02,8018.58,0.00,0.00,85.02,113.44,0.00,-1676.44
2023-05-25 01:26,8585.02,8018.58,0.00,0.00,85.09,111.88,0.00,-1676.44
2023-05-25 01:27,8585.02,8018.58,0.00,0.00,85.23,110.46,0.00,-1676.44
2023-05-25 01:28,8585.02,8097.26,0.00,0.00,85.11,109.19,0.00,-1676.44
2023-05-25 01:29,8585.02,8108.39,0.00,0.00,85.18,108.44,0.00,-1676.44
2023-05-25 01:30,8585.02,8108.39,0.00,0.00,84.84,107.50,0.00,-1676.44
2023-05-25 01:31,8585.02,8149.23,0.00,0.00,84.71,106.59,0.00,-1676.44
2023-05-25 01:32,8585.02,8198.67,0.00,0.00,84.69,107.19,0.00,-1676.44
2023-05-25 01:33,8585.02,8211.27,0.00,0.00,84.77,106.67,0.00,-1676.44
2023-05-25 01:34,8585.02,8286.00,0.00,0.00,84.77,105.99,0.00,-1676.44
2023-05-25 01:35,8585.02,8293.17,0.00,0.00,85.13,105.78,0.00,-1676.44
2023-05-25 01:36,8585.02,8373.30,0.00,0.00,84.65,105.19,0.00,-1676.44
2023-05-25 01:37,8585.02,8378.16,0.00,0.00,84.09,104.90,0.00,-1676.44
2023-05-25 01:38,8585.02,8378.16,0.00,0.00,84.01,103.80,0.00,-1676.44
2023-05-25 01:39,8585.02,8378.16,0.00,0.00,83.78,102.75,0.00,-1676.44
2023-05-25 01:40,8585.02,8378.16,0.00,0.00,83.54,101.56,0.00,-1676.44
2023-05-25 01:41,8585.02,8378.16,0.00,0.00,83.45,100.30,0.00,-1676.44
2023-05-25 01:42,8585.02,8378.16,0.00,0.00,83.18,98.94,0.00,-1676.44
2023-05-25 01:43,8585.02,8376.30,0.00,0.00,83.00,97.71,0.00,-1676.44
2023-05-25 01:44,8585.02,8372.58,0.00,78.58,82.90,96.59,0.00,-1676.44
2023-05-25 01:45,8585.02,8371.67,434.26,503.73,82.74,95.67,0.00,-1242.18
2023-05-25 01:46,8585.02,8371.67,1130.10,566.64,82.69,96.47,0.00,-546.34
2023-05-25 01:47,8585.02,8371.67,1294.45,589.76,82.44,101.62,0.00,-381.99
2023-05-25 01:48,8585.02,8371.67,1336.92,594.08,82.14,105.45,0.00,-339.53
2023-05-25 01:49,8585.02,8371.67,1335.16,594.08,81.87,107.96,0.00,-341.29
2023-05-25 01:50,8585.02,8371.67,1323.87,595.88,81.84,110.95,0.00,-352.57
2023-05-25 01:51,8585.02,8371.67,1317.53,596.57,81.74,113.44,0.00,-358.92
2023-05-25 01:52,8585.02,8377.41,1328.56,594.77,81.70,115.26,0.00,-347.88
2023-05-25 01:53,8585.02,8377.81,1319.36,595.74,81.75,116.61,0.00,-357.08
2023-05-25 01:54,8585.02,8377.81,1323.01,595.74,81.88,117.45,0.00,-353.44
2023-05-25 01:55,8585.02,8377.81,1321.22,595.60,82.05,118.21,0.00,-355.22
2023-05-25 01:56,8585.02,8377.81,1311.17,595.05,82.35,119.02,0.00,-365.27
2023-05-25 01:57,8585.02,8377.96,1078.99,439.69,82.57,120.20,0.00,-597.46
2023-05-25 01:58,8585.02,8378.25,0.00,2.63,82.98,122.51,0.00,-1676.44
2023-05-25 01:59,8585.02,8378.25,0.00,0.00,83.23,116.54,0.00,-1676.44
2023-05-25 02:00,8585.02,8380.12,0.00,0.00,83.12,113.65,0.00,-1676.44
2023-05-25 02:01,8585.02,8455.23,0.00,0.00,82.86,112.10,0.00,-1676.44
2023-05-25 02:02,8585.02,8468.40,0.00,0.00,82.79,111.78,0.00,-1676.44
2023-05-25 02:03,8585.02,8468.40,0.00,0.00,82.98,110.88,0.00,-1676.44
2023-05-25 02:04,8585.02,8468.40,0.00,0.00,83.06,109.88,0.00,-1676.44
2023-05-25 02:05,8585.02,8468.40,0.00,0.00,83.19,108.87,0.00,-1676.44
2023-05-25 02:06,8585.02,8470.11,1.70,65.15,83.31,107.87,0.00,-1674.74
2023-05-25 02:07,8585.02,8471.43,598.87,468.32,83.48,106.79,0.00,-1077.57
2023-05-25 02:08,8585.02,8471.43,1276.75,603.12,83.53,107.20,0.00,-399.70
2023-05-25 02:09,8585.02,8487.14,1357.82,603.12,83.50,111.09,0.00,-318.63
2023-05-25 02:10,8585.02,8495.00,1362.66,601.87,83.47,114.14,0.00,-313.79
2023-05-25 02:11,8585.02,8495.00,1363.82,602.85,83.40,116.35,0.00,-312.62
2023-05-25 02:12,8585.02,8495.02,1238.46,526.49,83.34,117.32,0.00,-437.98
2023-05-25 02:13,8585.02,8506.17,652.44,337.89,83.32,117.31,0.00,-1024.00
2023-05-25 02:14,8585.02,8530.41,646.32,338.72,83.34,117.36,0.00,-1030.12
2023-05-25 02:15,8585.02,8552.58,629.42,339.14,83.33,118.64,0.00,-1047.03
2023-05-25 02:16,8585.02,8559.80,1236.41,597.61,83.45,119.79,0.00,-440.03
2023-05-25 02:17,8585.02,8562.24,1674.69,687.73,83.58,120.38,0.00,0.11
2023-05-25 02:18,8585.02,8565.99,1674.97,686.34,83.67,121.29,0.00,4.12
2023-05-25 02:19,8585.02,8570.81,1681.53,686.06,83.84,122.70,0.00,13.18
2023-05-25 02:20,8585.02,8575.75,1677.83,686.61,84.02,124.51,0.00,1.68
2023-05-25 02:21,8585.02,8497.60,1907.40,685.36,76.09,127.71,0.00,230.86
2023-05-25 02:22,8586.67,8086.85,2140.19,683.83,73.17,130.20,0.00,463.65
2023-05-25 02:23,8590.55,8589.67,1676.12,580.37,73.81,131.37,0.00,-0.41
2023-05-25 02:24,8590.55,8588.22,0.00,0.00,74.36,129.97,0.00,-1676.54
2023-05-25 02:25,8590.55,8588.22,0.00,0.00,74.46,126.01,0.00,-1676.54
2023-05-25 02:26,8590.55,8588.22,0.00,0.00,74.31,124.28,0.00,-1676.54
2023-05-25 02:27,8590.55,8588.22,0.00,0.00,74.31,122.49,0.00,-1676.54
2023-05-25 02:28,8590.55,8588.22,0.00,0.00,74.41,120.72,0.00,-1676.54
2023-05-25 02:29,8590.55,8588.19,594.40,474.53,77.64,119.06,0.00,-1082.14
2023-05-25 02:30,8590.55,8588.18,1532.68,680.93,76.30,117.93,0.00,-143.86
2023-05-25 02:31,8590.55,8588.21,1662.26,689.00,75.35,121.06,0.00,-14.28
2023-05-25 02:32,8590.55,8588.22,1679.24,691.36,75.34,122.36,0.00,2.70
2023-05-25 02:33,8590.55,8588.22,1705.55,696.36,80.15,122.32,0.00,29.01
2023-05-25 02:34,8590.55,8588.24,1726.21,698.03,86.20,122.64,0.00,49.67
2023-05-25 02:35,8590.55,8588.56,1740.95,696.78,86.53,124.70,0.00,64.41
2023-05-25 02:36,8590.55,8588.82,1732.08,696.36,86.79,126.14,0.00,55.53
2023-05-25 02:37,8590.55,8588.87,1738.50,696.08,87.04,127.38,0.00,61.96
2023-05-25 02:38,8590.55,8588.87,1733.97,696.36,87.34,128.80,0.00,57.43
2023-05-25 02:39,8590.55,8589.09,1726.13,696.50,87.64,130.53,0.00,49.59
2023-05-25 02:40,8592.47,8592.44,2050.80,692.06,87.89,132.27,205.30,374.25
2023-05-25 02:41,8597.77,8597.77,2813.47,680.40,88.21,134.13,338.23,1136.93
2023-05-25 02:42,8603.24,8603.24,2831.93,680.40,88.55,135.63,331.09,1155.39
2023-05-25 02:43,8608.54,8608.54,2738.76,681.09,89.00,136.55,325.36,1062.22
2023-05-25 02:44,8613.45,8613.45,2667.22,682.62,89.35,136.93,293.54,990.68
2023-05-25 02:45,8617.86,8617.85,2544.29,684.15,89.70,136.91,266.74,867.75
2023-05-25 02:46,8622.00,8622.00,2501.98,685.67,90.23,136.71,252.39,825.44
2023-05-25 02:47,8626.06,8626.06,2557.10,685.12,90.69,136.42,260.78,880.56
2023-05-25 02:48,8630.73,8630.73,2684.46,683.18,91.18,136.41,285.51,1007.92
2023-05-25 02:49,8635.55,8635.55,2736.48,682.34,91.65,137.60,300.43,1059.94
2023-05-25 02:50,8640.68,8640.68,2783.77,681.79,92.13,138.98,318.02,1107.23
2023-05-25 02:51,8645.78,8645.78,2789.24,682.62,92.64,137.80,307.97,1112.70
2023-05-25 02:52,8650.17,8650.17,2697.90,685.40,93.05,135.59,276.81,1021.36
2023-05-25 02:53,8650.97,8647.41,986.71,253.30,93.21,136.81,9.65,-689.83
2023-05-25 02:54,8650.97,8646.73,269.67,123.62,93.70,139.52,0.00,-1406.88
2023-05-25 02:55,8650.97,8646.73,1252.99,611.15,94.24,136.64,0.00,-423.55
2023-05-25 02:56,8650.97,8646.73,1590.23,652.79,94.58,134.55,0.00,-86.31
2023-05-25 02:57,8650.97,8646.73,1602.73,653.91,94.89,134.92,0.00,-73.81
2023-05-25 02:58,8650.97,8646.73,1592.57,653.35,95.14,135.21,0.00,-83.98
2023-05-25 02:59,8650.97,8646.73,1579.21,653.49,95.33,135.60,0.00,-97.33
2023-05-25 03:00,8650.97,8646.73,1576.99,654.74,95.65,135.97,0.00,-99.55
2023-05-25 03:01,8650.97,8647.29,1596.12,656.13,95.89,136.72,0.00,-80.42
2023-05-25 03:02,8652.26,8651.98,1957.98,650.72,96.12,137.81,165.66,281.44
2023-05-25 03:03,8656.87,8656.87,2618.88,638.50,96.23,139.03,297.49,942.34
2023-05-25 03:04,8661.51,8661.51,2600.93,639.89,96.63,139.60,283.67,924.39
2023-05-25 03:05,8666.18,8666.18,2634.13,640.45,96.87,139.11,283.82,957.59
2023-05-25 03:06,8670.80,8670.80,2559.85,641.69,97.13,137.20,285.88,883.31
2023-05-25 03:07,8675.29,8675.29,2576.85,644.06,97.45,136.99,272.95,900.31
2023-05-25 03:08,8679.28,8679.28,2513.47,647.39,97.68,137.07,256.13,836.93
2023-05-25 03:09,8680.14,8677.37,916.73,258.73,97.94,137.84,0.00,-759.81
2023-05-25 03:10,8680.14,8677.24,0.00,0.00,98.23,137.20,0.00,-1676.54
2023-05-25 03:11,8680.14,8677.24,0.00,0.00,98.36,134.45,0.00,-1676.54
2023-05-25 03:12,8680.14,8677.24,0.00,0.00,98.49,132.34,0.00,-1676.54
2023-05-25 03:13,8680.14,8677.24,0.00,0.00,98.47,130.60,0.00,-1676.54
2023-05-25 03:14,8680.14,8677.24,0.00,0.00,98.53,129.05,0.00,-1676.54
2023-05-25 03:15,8680.14,8677.24,0.00,0.00,98.59,127.55,0.00,-1676.54
2023-05-25 03:16,8680.14,8676.93,283.07,260.15,98.49,126.20,0.00,-1393.47
2023-05-25 03:17,8680.14,8676.78,1363.61,642.67,98.55,125.05,0.00,-312.93
2023-05-25 03:18,8680.14,8676.78,1569.83,651.14,98.50,127.10,0.00,-106.71
2023-05-25 03:19,8680.14,8676.78,1566.18,649.75,98.40,129.44,0.00,-110.36
2023-05-25 03:20,8680.14,8676.78,1573.11,650.02,98.25,130.71,0.00,-103.44
2023-05-25 03:21,8680.14,8676.78,1568.07,651.41,98.14,131.98,0.00,-108.48
2023-05-25 03:22,8680.14,8677.52,1742.38,702.61,98.02,132.98,0.00,65.83
2023-05-25 03:23,8688.52,8688.52,2507.34,697.89,97.95,133.95,287.69,830.80
2023-05-25 03:24,8693.07,8693.07,2712.74,695.12,97.87,134.64,263.37,1036.19
2023-05-25 03:25,8697.48,8697.48,2707.02,694.70,97.89,135.55,273.11,1030.48
2023-05-25 03:26,8701.96,8701.96,2637.81,696.23,97.97,136.44,276.19,961.27
2023-05-25 03:27,8706.29,8706.29,2678.16,696.51,98.11,136.76,265.65,1001.62
2023-05-25 03:28,8710.26,8710.26,2649.16,696.92,98.31,135.11,242.80,972.62
2023-05-25 03:29,8714.39,8714.39,2684.81,696.51,98.47,134.91,253.30,1008.27
2023-05-25 03:30,8718.62,8718.62,2676.92,695.67,98.76,134.87,259.86,1000.38
2023-05-25 03:31,8722.94,8722.94,2663.77,695.95,99.04,134.89,266.50,987.23
2023-05-25 03:32,8727.29,8727.28,2674.43,697.06,99.22,135.06,269.69,997.89
2023-05-25 03:33,8731.74,8731.74,2670.58,696.64,99.50,135.69,270.79,994.04
2023-05-25 03:34,8736.31,8736.31,2721.79,695.39,99.75,136.77,282.07,1045.25
2023-05-25 03:35,8740.53,8740.53,2672.26,697.34,99.96,137.21,257.88,995.72
2023-05-25 03:36,8744.58,8744.58,2656.14,697.61,100.19,137.27,251.44,979.59
2023-05-25 03:37,8746.05,8742.40,1388.55,377.86,100.32,137.27,35.91,-288.00
2023-05-25 03:38,8746.05,8740.88,171.87,0.00,100.46,138.07,0.00,-1504.67
2023-05-25 03:39,8746.05,8740.88,271.45,55.69,100.52,137.69,0.00,-1405.09
2023-05-25 03:40,8746.05,8740.88,1467.03,674.29,100.65,135.25,0.00,-209.51
2023-05-25 03:41,8746.05,8740.88,1748.83,680.68,100.66,132.84,0.00,72.29
2023-05-25 03:42,8746.05,8740.88,1743.42,680.12,100.65,133.13,0.00,66.89
2023-05-25 03:43,8746.05,8740.88,1750.99,679.15,100.65,133.55,0.00,74.45
2023-05-25 03:44,8746.05,8740.88,1744.17,679.29,100.69,134.29,0.00,67.63
2023-05-25 03:45,8746.05,8741.46,1747.07,682.76,100.68,135.16,0.00,70.53
2023-05-25 03:46,8746.69,8746.02,2080.50,714.60,100.66,135.80,89.85,403.96
2023-05-25 03:47,8750.94,8750.94,2732.31,712.25,100.19,136.24,300.46,1055.77
2023-05-25 03:48,8755.06,8755.06,2713.75,712.11,85.66,136.44,255.49,1037.21
2023-05-25 03:49,8759.42,8759.42,2721.10,712.53,84.91,136.68,266.94,1044.56
2023-05-25 03:50,8763.87,8763.87,2722.53,712.39,85.66,136.83,271.07,1045.99
2023-05-25 03:51,8768.08,8768.08,2692.69,712.25,90.16,136.83,259.11,1016.15
2023-05-25 03:52,8772.19,8772.19,2706.36,712.25,99.67,136.77,251.13,1029.82
2023-05-25 03:53,8778.60,8777.91,2601.76,714.19,99.73,136.78,157.73,925.22
2023-05-25 03:54,8780.50,8777.42,291.11,41.04,99.61,136.42,0.00,-1385.43
2023-05-25 03:55,8780.50,8777.42,0.00,0.00,99.67,133.85,0.00,-1676.54
2023-05-25 03:56,8780.50,8777.42,0.00,0.00,99.81,132.47,0.00,-1676.54
2023-05-25 03:57,8780.50,8777.42,0.00,0.00,99.96,131.02,0.00,-1676.54
2023-05-25 03:58,8780.50,8777.42,0.00,0.00,99.89,129.40,0.00,-1676.54
2023-05-25 03:59,8780.50,8777.42,0.45,61.94,100.12,127.86,0.00,-1676.09
2023-05-25 04:00,8780.50,8777.33,999.36,590.44,100.36,126.36,0.00,-677.18
2023-05-25 04:01,8780.50,8777.33,1383.89,512.69,100.27,126.17,0.00,-292.65
2023-05-25 04:02,8780.50,8777.33,77.77,0.00,100.08,131.48,0.00,-1598.77
2023-05-25 04:03,8780.50,8777.33,1058.26,522.34,99.93,130.78,0.00,-618.28
2023-05-25 04:04,8780.50,8777.33,1645.31,673.73,99.89,127.66,0.00,-31.23
2023-05-25 04:05,8780.50,8777.33,1705.40,673.18,99.74,128.40,0.00,28.86
2023-05-25 04:06,8780.50,8777.33,1706.73,672.21,99.59,129.50,0.00,30.19
2023-05-25 04:07,8780.50,8777.33,1698.76,673.59,99.46,131.18,0.00,22.22
2023-05-25 04:08,8780.50,8777.33,1702.63,674.15,99.28,133.32,0.00,26.09
2023-05-25 04:09,8780.50,8777.33,1696.45,673.74,99.11,134.40,0.00,19.91
2023-05-25 04:10,8780.50,8777.33,1692.56,672.07,98.98,134.85,0.00,16.02
2023-05-25 04:11,8780.50,8778.17,1645.77,660.95,98.90,135.03,0.00,-30.77
2023-05-25 04:12,8780.65,8780.24,1651.06,653.16,98.85,135.05,22.11,-25.48
2023-05-25 04:13,8782.03,8782.03,2344.99,553.44,98.78,135.08,112.81,668.44
2023-05-25 04:14,8782.21,8777.61,591.42,295.42,98.69,135.26,0.00,-1085.12
2023-05-25 04:15,8782.21,8776.65,1298.77,464.26,98.77,134.38,0.00,-377.78
2023-05-25 04:16,8782.21,8776.65,88.94,0.00,98.63,134.02,0.00,-1587.60
2023-05-25 04:17,8782.21,8776.65,881.61,479.36,98.57,133.25,0.00,-794.93
2023-05-25 04:18,8782.21,8776.65,1581.71,658.22,98.69,130.32,0.00,-94.83
2023-05-25 04:19,8782.21,8776.65,1629.10,657.67,98.73,129.19,0.00,-47.44
2023-05-25 04:20,8782.21,8776.65,1631.52,657.53,98.72,129.56,0.00,-45.02
2023-05-25 04:21,8782.21,8776.65,1623.96,657.39,98.70,130.37,0.00,-41.29
2023-05-25 04:22,8782.21,8776.98,1609.43,653.78,98.69,131.35,0.00,2.95
2023-05-25 04:23,8782.21,8778.63,1596.09,650.02,98.69,132.83,0.00,-3.25
2023-05-25 04:24,8782.21,8780.56,1567.65,650.16,98.72,133.85,0.00,-33.80
2023-05-25 04:25,8782.21,8781.49,1582.43,651.97,98.71,134.28,0.00,-19.02
2023-05-25 04:26,8782.21,8781.88,1623.36,651.83,98.73,134.43,0.00,21.91
2023-05-25 04:27,8782.45,8782.43,1659.88,651.69,98.83,134.51,24.22,58.43
2023-05-25 04:28,8783.01,8783.01,1713.52,651.27,98.89,134.58,36.70,112.07
2023-05-25 04:29,8783.49,8783.49,1696.25,651.13,98.93,134.67,32.87,94.80
2023-05-25 04:30,8783.93,8783.93,1714.69,651.69,99.06,134.75,27.43,113.24
2023-05-25 04:31,8784.31,8784.31,1712.40,651.69,99.18,134.85,24.59,110.95
2023-05-25 04:32,8784.73,8784.73,1731.36,652.25,99.31,134.93,26.09,129.91
2023-05-25 04:33,8785.16,8785.16,1730.82,651.83,99.38,135.03,24.32,129.37
2023-05-25 04:34,8785.66,8785.66,1717.25,651.14,99.45,135.07,31.51,115.80
2023-05-25 04:35,8786.10,8786.10,1715.40,652.67,99.65,135.16,29.86,113.94
2023-05-25 04:36,8786.45,8786.45,1728.80,652.67,99.82,135.19,20.56,127.35
2023-05-25 04:37,8786.94,8786.94,1751.68,654.05,100.00,135.24,27.44,150.22
2023-05-25 04:38,8787.45,8787.45,1710.72,653.36,100.05,135.30,33.73,109.27
2023-05-25 04:39,8787.79,8787.79,1695.37,653.92,100.19,135.38,22.26,93.92
2023-05-25 04:40,8788.26,8788.26,1703.87,653.50,100.39,135.43,26.01,102.41
2023-05-25 04:41,8788.71,8788.71,1700.17,653.64,100.52,135.51,27.92,98.72
2023-05-25 04:42,8789.07,8789.07,1694.72,653.77,100.62,135.50,25.76,93.26
2023-05-25 04:43,8789.59,8789.59,1714.76,653.50,100.78,135.48,28.96,113.31
2023-05-25 04:44,8789.99,8789.99,1698.88,653.92,100.89,135.51,27.52,97.42
2023-05-25 04:45,8790.34,8790.34,1678.24,652.80,101.00,135.51,22.97,76.78
2023-05-25 04:46,8790.68,8790.68,1701.27,653.36,101.07,135.62,19.50,99.81
2023-05-25 04:47,8791.14,8791.14,1705.72,654.48,101.21,135.53,26.07,104.27
2023-05-25 04:48,8791.57,8791.57,1695.04,654.61,101.34,135.50,26.76,93.58
2023-05-25 04:49,8791.93,8791.93,1704.11,653.64,101.44,135.72,24.39,102.65
2023-05-25 04:50,8792.39,8792.39,1711.18,653.50,101.52,135.75,26.09,109.73
2023-05-25 04:51,8792.86,8792.86,1722.80,654.05,101.63,135.71,27.52,121.34
2023-05-25 04:52,8793.25,8793.25,1703.83,654.75,101.74,135.71,27.70,102.37
2023-05-25 04:53,8793.68,8793.68,1710.59,652.81,101.85,135.66,23.79,109.13
2023-05-25 04:54,8794.18,8794.18,1699.15,654.89,101.86,135.63,30.60,97.70
2023-05-25 04:55,8794.61,8794.61,1690.27,655.03,101.87,135.42,28.08,88.81
2023-05-25 04:56,8795.03,8795.03,1699.82,654.05,101.92,133.78,24.76,98.37
2023-05-25 04:57,8795.54,8795.54,1712.59,654.19,101.95,132.88,29.49,111.14
2023-05-25 04:58,8796.03,8796.03,1718.67,654.05,101.98,132.84,32.02,117.22
2023-05-25 04:59,8796.51,8796.51,1716.10,655.58,102.08,133.65,28.68,114.65
2023-05-25 05:00,8797.07,8797.07,1750.87,653.36,102.14,134.70,33.73,149.41
2023-05-25 05:01,8797.57,8797.57,1750.81,654.20,102.17,135.03,31.60,149.36
2023-05-25 05:02,8798.09,8798.09,1738.36,654.33,102.29,135.12,31.41,136.91
2023-05-25 05:03,8798.64,8798.64,1760.58,654.61,102.40,135.18,32.86,159.12
2023-05-25 05:04,8799.13,8799.13,1758.31,653.22,102.47,135.18,30.58,156.86
2023-05-25 05:05,8799.72,8799.72,1734.26,652.95,102.47,135.11,35.97,132.80
2023-05-25 05:06,8800.26,8800.26,1771.38,651.97,102.57,135.06,34.29,169.93
2023-05-25 05:07,8800.84,8800.84,1771.73,653.36,102.71,134.98,34.46,170.27
2023-05-25 05:08,8801.49,8801.49,1771.10,653.36,102.72,134.88,39.33,169.64
2023-05-25 05:09,8802.05,8802.05,1744.49,652.53,102.78,134.81,34.78,143.03
2023-05-25 05:10,8802.61,8802.61,1749.52,653.64,102.79,134.71,34.02,148.07
2023-05-25 05:11,8803.15,8803.15,1744.20,653.78,102.86,134.64,33.09,142.75
2023-05-25 05:12,8803.72,8803.72,1736.03,653.08,102.92,134.53,35.91,134.57
2023-05-25 05:13,8804.31,8804.31,1768.16,652.67,102.95,134.48,35.70,166.71
2023-05-25 05:14,8804.85,8804.85,1774.99,654.20,102.98,134.39,33.16,173.54
2023-05-25 05:15,8805.45,8805.45,1735.94,653.36,102.99,134.31,36.51,134.48
2023-05-25 05:16,8805.96,8805.96,1754.60,651.98,103.03,134.22,34.00,153.14
2023-05-25 05:17,8806.49,8806.49,1756.43,652.53,103.02,134.15,30.23,154.98
2023-05-25 05:18,8807.03,8807.03,1759.15,652.39,103.06,134.07,33.24,157.69
2023-05-25 05:19,8807.53,8807.53,1749.66,653.09,103.12,133.99,31.97,148.20
2023-05-25 05:20,8808.11,8808.11,1769.88,653.23,103.13,133.94,34.29,168.42
2023-05-25 05:21,8808.70,8808.70,1754.70,652.67,103.14,133.85,37.85,153.25
2023-05-25 05:22,8809.25,8809.25,1742.26,653.78,103.19,133.79,33.70,140.80
2023-05-25 05:23,8809.94,8809.94,1765.75,654.20,103.20,133.74,40.88,164.29
2023-05-25 05:24,8810.56,8810.56,1768.33,652.67,103.16,133.64,38.63,166.88
2023-05-25 05:25,8811.19,8811.19,1765.56,653.64,103.18,133.58,38.58,164.10
2023-05-25 05:26,8811.74,8811.74,1776.84,655.03,103.19,133.55,35.34,175.38
2023-05-25 05:27,8812.36,8812.36,1766.27,654.48,103.18,133.46,36.99,164.82
2023-05-25 05:28,8812.71,8812.71,1738.79,655.03,102.39,133.41,32.17,137.34
2023-05-25 05:29,8812.71,8809.35,1619.17,657.80,89.69,133.37,3.49,17.72
2023-05-25 05:30,8812.71,8807.66,1595.85,656.70,87.11,133.30,0.00,-5.60
2023-05-25 05:31,8812.71,8808.38,1557.14,655.72,87.58,133.17,0.00,-44.32
2023-05-25 05:32,8812.71,8809.66,1635.00,682.62,88.07,133.00,0.00,26.12
2023-05-25 05:33,8812.71,8811.63,1918.95,717.84,88.31,132.82,0.00,117.34
2023-05-25 05:34,8814.55,8814.51,2316.43,714.24,91.23,132.66,204.50,501.67
2023-05-25 05:35,8817.97,8817.97,2435.33,712.85,101.89,132.44,197.58,620.57
2023-05-25 05:36,8821.08,8821.08,2495.92,720.07,102.30,132.27,191.41,681.16
2023-05-25 05:37,8824.13,8824.13,2504.57,719.66,102.46,132.26,187.27,689.81
2023-05-25 05:38,8826.99,8826.99,2446.90,719.80,102.55,132.26,177.20,632.14
2023-05-25 05:39,8829.78,8829.78,2450.83,719.10,102.48,132.22,172.29,636.07
2023-05-25 05:40,8832.75,8832.75,2446.15,718.13,102.48,132.24,184.34,631.39
2023-05-25 05:41,8835.77,8835.77,2441.24,720.35,102.47,132.20,188.92,626.48
2023-05-25 05:42,8838.96,8838.96,2480.72,724.53,102.41,132.24,197.68,665.96
2023-05-25 05:43,8841.99,8841.99,2469.46,725.36,102.27,132.26,187.68,654.70
2023-05-25 05:44,8844.99,8844.99,2436.57,726.89,102.20,132.25,190.29,621.81
2023-05-25 05:45,8847.90,8847.90,2430.40,728.14,102.11,132.22,177.31,615.64
2023-05-25 05:46,8850.87,8850.87,2428.09,728.28,101.93,132.19,184.11,613.34
2023-05-25 05:47,8853.78,8853.78,2454.34,729.39,101.82,132.19,178.91,639.57
2023-05-25 05:48,8856.58,8856.58,2466.45,729.95,101.70,132.19,172.12,651.69
2023-05-25 05:49,8859.28,8859.28,2442.03,730.50,101.61,132.19,162.52,627.27
2023-05-25 05:50,8861.91,8861.91,2432.72,731.62,101.53,132.19,162.78,617.96
2023-05-25 05:51,8864.67,8864.67,2491.50,734.53,101.49,132.18,171.75,676.74
2023-05-25 05:52,8867.52,8867.52,2461.44,734.39,101.50,132.16,178.42,646.68
2023-05-25 05:53,8870.00,8870.00,2454.80,737.03,101.52,132.11,157.73,640.03
2023-05-25 05:54,8870.65,8868.38,1757.12,540.86,101.52,132.06,14.81,-57.64
2023-05-25 05:55,8870.65,8868.25,0.00,0.00,101.58,129.25,0.00,-1814.76
2023-05-25 05:56,8870.65,8868.25,0.00,0.00,101.47,125.98,0.00,-1814.76
2023-05-25 05:57,8870.65,8868.25,0.00,0.00,101.40,124.86,0.00,-1814.76
2023-05-25 05:58,8870.65,8868.25,0.00,0.00,101.39,123.36,0.00,-1814.76
2023-05-25 05:59,8870.65,8868.25,0.00,0.00,101.41,121.83,0.00,-1814.76
2023-05-25 06:00,8870.65,8868.25,9.50,81.67,101.22,120.34,0.00,-1805.26
2023-05-25 06:01,8870.65,8867.88,586.39,372.17,100.98,118.97,0.00,-1228.37
2023-05-25 06:02,8870.65,8867.76,1711.84,703.68,100.88,118.84,0.00,-102.92
2023-05-25 06:03,8871.54,8871.15,2014.34,708.57,100.61,121.97,129.90,199.58
2023-05-25 06:04,8874.45,8874.45,2352.91,708.85,100.40,123.61,184.82,538.14
2023-05-25 06:05,8876.19,8875.61,2245.92,708.44,100.12,124.84,91.61,431.16
2023-05-25 06:06,8876.23,8868.76,1871.12,714.42,99.90,127.89,0.00,56.35
2023-05-25 06:07,8876.23,8868.50,1863.46,713.45,99.70,129.22,0.00,48.70
2023-05-25 06:08,8876.23,8868.52,1843.04,711.65,99.57,129.99,0.00,28.28
2023-05-25 06:09,8876.23,8868.54,1849.35,711.93,99.39,130.30,0.00,34.59
2023-05-25 06:10,8876.23,8868.61,1787.90,699.14,99.27,130.38,0.00,-14.13
2023-05-25 06:11,8876.23,8869.89,1774.34,692.88,99.21,130.47,0.00,1.51
2023-05-25 06:12,8876.23,8871.48,1784.18,696.22,99.13,130.49,0.00,22.65
2023-05-25 06:13,8876.23,8873.02,1767.65,698.86,99.14,130.53,0.00,9.39
2023-05-25 06:14,8876.23,8874.58,1809.55,701.77,99.18,130.53,0.00,38.38
2023-05-25 06:15,8876.48,8876.28,1807.76,703.58,99.22,130.53,31.09,10.03
2023-05-25 06:16,8878.34,8878.34,1887.36,703.16,99.29,130.52,137.39,89.63
2023-05-25 06:17,8879.37,8879.37,1991.11,705.94,99.39,130.48,67.72,193.39
2023-05-25 06:18,8879.42,8872.11,1678.52,609.83,99.46,130.47,0.00,-119.21
2023-05-25 06:19,8879.42,8870.82,15.11,0.00,99.42,130.41,0.00,-1782.62
2023-05-25 06:20,8879.42,8870.82,0.00,0.00,99.42,130.62,0.00,-1797.73
2023-05-25 06:21,8879.42,8870.82,7.00,38.49,99.38,128.92,0.00,-1790.73
2023-05-25 06:22,8879.42,8870.82,356.98,461.26,99.59,126.79,0.00,-1440.75
2023-05-25 06:23,8879.42,8870.82,42.81,48.96,99.60,125.56,0.00,-1754.91
2023-05-25 06:24,8879.42,8870.82,0.00,184.47,99.43,124.61,0.00,-1797.73
2023-05-25 06:25,8879.42,8870.82,22.00,161.62,99.09,122.90,0.00,-1775.73
2023-05-25 06:26,8879.42,8870.81,1237.46,629.13,98.83,120.94,0.00,-560.27
2023-05-25 06:27,8879.42,8870.80,1776.59,706.66,98.60,120.00,0.00,-21.14
2023-05-25 06:28,8879.42,8870.80,1793.28,706.80,98.41,121.64,0.00,-4.44
2023-05-25 06:29,8879.42,8870.80,1796.29,707.50,98.25,123.54,0.00,-1.44
2023-05-25 06:30,8879.42,8870.80,1791.04,706.95,98.02,126.54,0.00,-6.69
2023-05-25 06:31,8879.42,8871.34,1787.91,706.80,97.82,128.08,0.00,6.15
2023-05-25 06:32,8879.42,8873.11,1791.84,707.37,97.69,128.53,0.00,12.72
2023-05-25 06:33,8879.42,8875.15,1789.39,707.80,97.53,128.73,0.00,-0.60
2023-05-25 06:34,8879.42,8877.24,1814.48,707.79,97.42,128.86,0.00,24.49
2023-05-25 06:35,8879.60,8879.26,1855.15,706.53,97.34,128.93,28.07,65.15
2023-05-25 06:36,8880.96,8880.96,1982.26,705.27,97.28,128.99,104.92,192.27
2023-05-25 06:37,8881.83,8881.83,1994.62,706.26,97.28,129.14,54.25,204.63
2023-05-25 06:38,8882.72,8882.72,1999.82,706.40,97.34,129.26,54.55,209.83
2023-05-25 06:39,8883.59,8883.59,2021.48,704.86,97.43,129.39,57.60,231.49
2023-05-25 06:40,8884.38,8884.38,2005.27,704.85,97.50,129.48,46.41,215.28
2023-05-25 06:41,8885.21,8885.21,2014.74,703.87,97.63,129.59,52.05,224.75
2023-05-25 06:42,8886.03,8886.03,2021.08,706.25,97.75,129.70,50.03,231.09
2023-05-25 06:43,8886.90,8886.90,2037.50,704.58,97.89,129.81,53.77,247.50
2023-05-25 06:44,8887.71,8887.71,2031.07,705.13,98.05,129.91,50.15,241.08
2023-05-25 06:45,8888.55,8888.54,2049.44,706.81,98.20,129.99,51.42,259.45
2023-05-25 06:46,8889.38,8889.38,2031.94,703.88,98.34,130.05,55.43,241.94
2023-05-25 06:47,8890.23,8890.23,2027.09,704.01,98.45,130.16,51.49,237.09
2023-05-25 06:48,8891.09,8891.09,2051.73,704.86,98.59,130.27,53.84,261.73
2023-05-25 06:49,8892.01,8892.01,2051.52,705.98,98.75,130.42,58.67,261.53
2023-05-25 06:50,8892.85,8892.85,2045.94,703.47,98.88,130.47,51.80,255.95
2023-05-25 06:51,8893.68,8893.68,2051.50,703.61,99.01,130.52,51.32,261.51
2023-05-25 06:52,8894.57,8894.57,2049.28,705.42,99.18,130.58,55.54,259.29
2023-05-25 06:53,8895.43,8895.43,2058.30,705.00,99.33,130.61,53.88,268.31
2023-05-25 06:54,8896.32,8896.32,2055.01,704.02,99.45,130.65,56.97,265.01
2023-05-25 06:55,8897.24,8897.24,2064.16,705.14,99.59,130.66,57.53,274.17
2023-05-25 06:56,8898.08,8898.08,2071.34,705.42,99.73,130.62,52.09,281.35
2023-05-25 06:57,8898.94,8898.94,2051.93,704.58,99.88,128.91,57.78,261.94
2023-05-25 06:58,8899.77,8899.77,2065.70,704.30,99.95,127.64,48.50,275.70
2023-05-25 06:59,8900.67,8900.67,2068.93,705.70,100.07,127.91,59.57,278.93
2023-05-25 07:00,8901.52,8901.52,2059.50,705.27,100.19,129.33,53.85,269.51
2023-05-25 07:01,8902.41,8902.41,2070.43,706.25,100.28,130.34,53.47,280.44
2023-05-25 07:02,8903.27,8903.27,2070.20,706.25,100.40,130.73,56.64,280.20
2023-05-25 07:03,8904.17,8904.17,2059.62,704.58,100.51,130.88,57.84,269.62
2023-05-25 07:04,8904.98,8904.98,2058.17,705.13,100.62,130.98,50.61,268.19
2023-05-25 07:05,8905.82,8905.82,2061.97,705.00,100.77,131.00,54.40,271.98
2023-05-25 07:06,8906.59,8906.59,2072.78,705.69,100.88,131.04,47.98,282.78
2023-05-25 07:07,8907.02,8907.02,1985.26,704.16,101.01,131.04,39.13,195.27
2023-05-25 07:08,8907.02,8902.82,1874.96,707.37,101.07,131.00,3.42,84.97
2023-05-25 07:09,8907.02,8898.63,1814.44,709.49,101.18,130.97,0.00,24.45
2023-05-25 07:10,8907.02,8899.55,1834.39,710.74,101.27,130.86,0.00,22.70
2023-05-25 07:11,8907.02,8902.90,1844.78,710.32,101.38,130.81,0.00,33.09
2023-05-25 07:12,8907.12,8906.20,2007.70,709.91,101.52,130.77,14.18,196.00
2023-05-25 07:13,8909.05,8909.05,2328.25,709.62,101.58,130.63,158.37,516.55
2023-05-25 07:14,8911.21,8911.21,2302.10,709.62,101.67,130.59,133.60,490.41
2023-05-25 07:15,8913.31,8913.31,2318.16,708.78,101.73,130.51,133.52,506.47
2023-05-25 07:16,8915.58,8915.58,2283.50,709.48,101.83,130.47,138.92,471.81
2023-05-25 07:17,8917.88,8917.88,2290.97,708.92,101.91,130.42,144.05,479.28
2023-05-25 07:18,8920.04,8920.04,2295.27,710.60,101.99,130.33,131.20,483.58
2023-05-25 07:19,8922.18,8922.18,2276.34,708.64,102.07,130.28,132.07,464.65
2023-05-25 07:20,8924.47,8924.47,2284.07,708.51,102.13,130.21,143.76,472.38
2023-05-25 07:21,8926.70,8926.70,2284.65,709.63,102.19,130.14,140.83,472.95
2023-05-25 07:22,8929.00,8929.00,2246.55,709.20,102.25,130.10,142.36,434.86
2023-05-25 07:23,8931.39,8931.39,2277.10,709.34,102.29,130.05,151.54,465.41
2023-05-25 07:24,8933.62,8933.62,2271.37,710.05,102.39,129.99,138.79,459.68
2023-05-25 07:25,8935.83,8935.83,2259.00,709.62,102.39,129.93,139.51,447.30
2023-05-25 07:26,8938.18,8938.18,2289.89,710.18,102.43,129.86,147.61,478.20
2023-05-25 07:27,8940.42,8940.42,2265.91,708.65,102.45,129.80,139.61,454.22
2023-05-25 07:28,8942.50,8942.50,2258.78,710.32,102.45,129.80,127.69,447.09
2023-05-25 07:29,8944.68,8944.68,2278.27,709.07,102.51,129.79,142.81,466.58
2023-05-25 07:30,8946.86,8946.86,2266.86,709.07,102.52,129.73,132.80,455.16
2023-05-25 07:31,8949.00,8949.00,2282.94,710.18,102.52,129.73,136.92,471.24
2023-05-25 07:32,8951.20,8951.20,2286.25,709.34,102.58,129.68,138.32,474.56
2023-05-25 07:33,8953.58,8953.58,2276.15,708.79,102.58,129.63,150.68,464.45
2023-05-25 07:34,8955.80,8955.80,2276.64,709.34,102.58,129.63,135.72,464.95
2023-05-25 07:35,8958.02,8958.02,2273.92,709.34,102.60,129.60,135.47,462.22
2023-05-25 07:36,8959.83,8959.83,2207.51,709.35,102.64,129.58,113.83,395.81
2023-05-25 07:37,8959.98,8959.98,1985.11,706.82,102.69,129.56,2.44,173.41
2023-05-25 07:38,8960.00,8960.00,1887.65,707.11,102.72,129.54,0.90,75.96
2023-05-25 07:39,8960.00,8960.00,1832.02,708.09,102.72,129.52,1.02,20.33
2023-05-25 07:40,8966.93,8966.93,1826.16,708.37,102.72,129.49,0.50,14.46
2023-05-25 07:41,8970.40,8967.66,1821.77,707.65,102.72,129.47,0.12,10.07
2023-05-25 07:42,8970.40,8964.18,1837.31,707.51,102.77,129.47,0.00,25.62
2023-05-25 07:43,8970.40,8959.03,1818.74,706.67,102.78,129.45,0.00,7.05
2023-05-25 07:44,8970.40,8941.70,1828.56,706.95,102.78,129.40,0.00,16.87
2023-05-25 07:45,8970.40,8939.46,1794.59,705.15,102.78,129.40,0.00,-17.10
2023-05-25 07:46,8970.40,8957.23,1825.91,707.10,102.78,129.37,0.00,14.22
2023-05-25 07:47,8973.77,8973.67,1567.29,556.39,102.78,129.34,418.34,-244.41
2023-05-25 07:48,8975.06,8975.06,0.00,0.00,102.55,127.37,25.94,-1811.69
2023-05-25 07:49,8975.06,8975.06,0.00,0.00,102.20,124.75,0.00,-1811.69
2023-05-25 07:50,8975.06,8975.06,0.00,0.00,102.40,124.10,0.00,-1811.69
2023-05-25 07:51,8975.06,8975.06,0.00,0.00,102.40,123.20,0.00,-1811.69
2023-05-25 07:52,8975.06,8974.61,79.84,190.25,102.36,122.11,0.00,-1731.86
2023-05-25 07:53,8975.06,8974.38,1493.32,695.18,102.37,120.61,0.00,-318.38
2023-05-25 07:54,8975.06,8974.38,1801.92,710.12,102.14,121.35,0.00,-8.37
2023-05-25 07:55,8976.61,8976.48,1804.16,702.20,101.83,123.18,188.70,0.88
2023-05-25 07:56,8982.07,8982.07,2227.47,698.12,101.54,124.24,341.14,424.20
2023-05-25 07:57,8984.30,8983.91,2225.24,699.12,101.27,125.48,121.99,421.97
2023-05-25 07:58,8984.37,8975.56,1822.03,703.10,100.94,127.47,0.00,18.76
2023-05-25 07:59,8984.37,8977.01,1796.14,700.74,100.70,128.06,0.00,-7.14
2023-05-25 08:00,8984.37,8982.08,1794.77,702.97,100.46,128.21,0.00,-8.50
2023-05-25 08:01,8986.24,8986.19,2062.29,704.78,100.23,128.28,220.40,259.02
2023-05-25 08:02,8990.58,8990.58,2418.91,703.80,99.95,128.32,255.59,615.63
2023-05-25 08:03,8994.11,8994.11,2487.88,703.11,99.72,128.39,214.49,684.60
2023-05-25 08:04,8997.67,8997.67,2456.79,703.53,99.55,128.48,221.63,653.52
2023-05-25 08:05,9001.19,9001.19,2428.57,704.65,99.42,128.54,221.62,625.29
2023-05-25 08:06,9004.46,9004.46,2426.01,703.81,99.33,128.56,200.81,622.74
2023-05-25 08:07,9007.58,9007.57,2404.89,704.09,99.33,128.63,194.80,601.61
2023-05-25 08:08,9009.22,9009.22,2456.44,703.81,99.40,128.66,188.03,653.16
2023-05-25 08:09,9004.95,9004.95,2410.90,703.95,99.46,128.67,195.50,607.62
2023-05-25 08:10,9008.14,9008.14,2444.69,703.52,99.56,128.73,205.56,641.42
2023-05-25 08:11,9011.57,9011.57,2407.07,703.67,99.63,128.71,211.49,603.80
2023-05-25 08:12,9015.00,9015.00,2438.03,704.23,99.71,128.78,213.20,634.75
2023-05-25 08:13,9018.67,9018.67,2453.51,704.09,99.79,128.85,229.33,650.23
2023-05-25 08:14,9021.99,9021.99,2402.50,704.37,99.89,128.91,205.52,599.22
2023-05-25 08:15,9025.34,9025.34,2403.72,704.09,99.98,128.94,207.47,600.44
2023-05-25 08:16,9028.69,9028.69,2402.33,704.37,100.03,128.98,206.67,599.05
2023-05-25 08:17,9031.94,9031.94,2412.09,705.35,100.12,129.02,195.25,608.81
2023-05-25 08:18,9035.45,9035.45,2433.19,704.65,100.22,129.07,224.42,629.91
2023-05-25 08:19,9038.88,9038.88,2401.88,704.08,100.27,129.08,206.43,598.61
2023-05-25 08:20,9042.04,9042.04,2397.44,698.44,100.31,129.13,195.29,594.17
2023-05-25 08:21,9045.17,9045.17,2369.04,701.40,100.33,129.07,194.67,565.77
2023-05-25 08:22,9048.14,9048.14,2365.87,703.25,100.30,129.17,189.69,562.60
2023-05-25 08:23,9051.38,9051.38,2472.12,701.84,99.94,129.25,210.75,668.85
2023-05-25 08:24,9054.96,9054.96,2401.64,703.25,99.21,129.32,223.62,598.36
2023-05-25 08:25,9057.97,9057.97,2360.59,702.81,99.32,129.39,184.22,557.32
2023-05-25 08:26,9061.01,9061.01,2344.99,701.27,99.17,129.40,190.88,541.72
2023-05-25 08:27,9064.01,9064.01,2382.62,703.10,99.37,129.47,184.45,579.34
2023-05-25 08:28,9066.96,9066.96,2345.53,702.82,99.58,129.52,181.39,542.25
2023-05-25 08:29,9067.80,9067.80,2297.51,703.38,99.68,129.58,127.08,494.23
2023-05-25 08:30,9065.20,9065.20,2024.98,702.11,99.78,129.66,0.07,221.71
2023-05-25 08:31,9065.23,9065.23,1900.54,702.82,99.89,129.73,0.30,97.26
2023-05-25 08:32,9065.24,9063.36,1831.27,704.50,99.99,129.79,0.54,27.99
2023-05-25 08:33,9065.25,9033.33,1832.17,706.19,100.08,129.81,0.00,28.89
2023-05-25 08:34,9065.25,8991.85,1820.79,706.18,100.18,129.81,0.00,17.52
2023-05-25 08:35,9065.25,8968.87,1805.65,698.49,100.33,129.81,0.00,2.38
2023-05-25 08:36,9065.25,8999.93,1838.58,700.74,100.56,129.84,0.00,35.30
2023-05-25 08:37,9065.92,9056.45,1843.98,701.72,100.67,129.74,151.05,40.71
2023-05-25 08:38,9067.64,9067.64,400.95,117.57,100.56,129.62,109.97,-1402.32
2023-05-25 08:39,9067.65,9067.65,0.00,0.00,100.22,127.23,0.00,-1803.27
2023-05-25 08:40,9067.65,9067.65,0.00,0.00,100.25,126.42,0.00,-1803.27
2023-05-25 08:41,9067.65,9067.65,0.00,0.00,100.22,125.75,0.00,-1803.27
2023-05-25 08:42,9067.65,9067.65,0.00,0.00,100.18,124.90,0.00,-1803.27
2023-05-25 08:43,9067.65,9067.65,0.00,0.00,100.13,124.03,0.00,-1803.27
2023-05-25 08:44,9067.65,9066.88,175.61,248.88,100.12,123.20,0.00,-1627.66
2023-05-25 08:45,9067.65,9066.87,1580.86,700.35,100.19,122.06,0.00,-222.41
2023-05-25 08:46,9067.65,9066.87,1822.98,707.49,100.03,122.87,0.00,19.70
2023-05-25 08:47,9068.15,9067.81,1833.23,707.05,99.76,124.33,63.25,19.07
2023-05-25 08:48,9073.26,9073.26,2113.55,704.22,99.43,125.11,396.10,293.94
2023-05-25 08:49,9076.32,9076.32,2322.66,703.53,99.00,124.45,166.92,503.06
2023-05-25 08:50,9079.06,9079.06,2311.35,703.53,98.60,125.01,168.29,491.74
2023-05-25 08:51,9081.80,9081.80,2307.88,702.55,98.10,125.72,174.61,488.27
2023-05-25 08:52,9084.59,9084.59,2318.50,702.83,97.60,126.76,172.86,498.90
2023-05-25 08:53,9087.24,9087.24,2301.11,702.55,97.10,127.94,161.44,481.50
2023-05-25 08:54,9089.85,9089.85,2293.38,703.66,96.70,128.25,164.53,473.78
2023-05-25 08:55,9092.53,9092.53,2299.04,703.66,96.34,128.38,162.94,479.44
2023-05-25 08:56,9095.27,9095.27,2290.81,702.69,95.98,128.41,175.25,471.20
2023-05-25 08:57,9097.90,9097.90,2285.09,703.81,95.68,128.46,159.68,465.48
2023-05-25 08:58,9100.54,9100.54,2276.96,703.25,95.46,128.47,164.51,457.36
2023-05-25 08:59,9103.11,9103.11,2278.09,704.22,95.22,128.50,162.47,458.48
2023-05-25 09:00,9099.63,9099.63,2291.14,703.95,95.06,128.54,144.19,471.53
2023-05-25 09:01,9099.93,9098.44,2136.85,703.24,94.97,128.54,79.24,317.25
2023-05-25 09:02,9099.93,9093.49,383.18,113.18,94.93,128.40,0.00,-1436.42
2023-05-25 09:03,9099.93,9093.49,116.82,117.10,94.97,128.34,0.00,-1702.78
2023-05-25 09:04,9099.93,9093.49,1591.15,704.55,94.86,126.73,0.00,-228.45
2023-05-25 09:05,9099.93,9093.49,1801.26,704.88,94.84,125.70,0.00,-18.34
2023-05-25 09:06,9099.93,9093.49,1800.05,704.18,94.88,126.43,0.00,-19.56
2023-05-25 09:07,9099.93,9093.49,1802.88,703.62,94.88,127.14,0.00,-16.72
2023-05-25 09:08,9099.93,9093.49,1789.05,705.16,94.94,127.86,0.00,-30.56
2023-05-25 09:09,9099.93,9094.39,1809.99,706.97,94.97,127.90,0.00,18.18
2023-05-25 09:10,9099.93,9097.83,1812.57,706.25,95.01,128.05,0.00,22.49
2023-05-25 09:11,9101.67,9101.63,2049.29,704.30,94.98,128.14,210.94,277.17
2023-05-25 09:12,9104.98,9104.98,2286.04,703.33,95.02,128.16,185.94,513.92
2023-05-25 09:13,9107.83,9107.83,2285.38,701.93,95.02,128.20,176.42,513.26
2023-05-25 09:14,9110.59,9110.59,2289.01,703.05,95.05,128.24,172.41,516.89
2023-05-25 09:15,9113.52,9113.52,2356.74,702.07,95.08,128.29,191.87,584.62
2023-05-25 09:16,9116.41,9116.41,2241.15,699.55,95.20,128.34,172.22,469.03
2023-05-25 09:17,9118.98,9118.98,2255.35,700.39,95.26,128.40,159.85,483.23
2023-05-25 09:18,9121.50,9121.50,2259.05,699.41,95.34,128.42,160.15,486.93
2023-05-25 09:19,9124.17,9124.17,2280.44,700.68,95.47,128.47,165.92,508.32
2023-05-25 09:20,9126.81,9126.81,2272.39,700.95,95.60,128.53,161.97,500.27
2023-05-25 09:21,9129.47,9129.47,2258.78,700.25,95.74,128.62,170.24,486.66
2023-05-25 09:22,9132.20,9132.20,2278.05,700.11,95.89,128.68,169.71,505.93
2023-05-25 09:23,9134.86,9134.86,2288.02,700.67,96.02,128.76,160.30,515.90
2023-05-25 09:24,9137.53,9137.53,2271.65,700.26,96.16,128.86,167.21,499.53
2023-05-25 09:25,9140.54,9140.54,2291.82,700.96,96.36,128.94,190.69,519.70
2023-05-25 09:26,9143.35,9143.35,2293.12,701.09,96.49,129.03,171.43,521.00
2023-05-25 09:27,9146.11,9146.11,2297.96,700.53,96.66,129.13,169.13,525.84
2023-05-25 09:28,9148.91,9148.91,2286.48,700.68,96.79,129.20,178.67,514.36
2023-05-25 09:29,9151.78,9151.78,2301.49,699.83,96.98,129.20,179.64,529.37
2023-05-25 09:30,9154.53,9154.53,2277.27,700.95,97.11,129.23,166.97,505.15
2023-05-25 09:31,9157.23,9157.23,2281.16,701.24,97.29,129.27,171.26,509.04
2023-05-25 09:32,9160.00,9160.00,2292.00,701.52,97.48,129.27,170.66,519.88
2023-05-25 09:33,9162.67,9162.67,2273.79,699.84,97.63,129.27,161.91,501.67
2023-05-25 09:34,9164.75,9164.75,2225.33,702.91,97.85,129.23,128.21,453.21
2023-05-25 09:35,9164.91,9163.06,1880.65,618.44,98.04,129.25,1.36,108.53
2023-05-25 09:36,9164.92,9162.45,14.83,16.80,97.86,129.17,0.00,-1757.29
2023-05-25 09:37,9164.92,9162.45,0.00,0.00,97.18,127.90,0.00,-1772.12
2023-05-25 09:38,9164.92,9162.45,0.00,0.00,97.24,126.68,0.00,-1772.12
2023-05-25 09:39,9164.92,9162.45,0.00,0.00,97.30,125.45,0.00,-1772.12
2023-05-25 09:40,9164.92,9161.92,9.39,67.01,96.99,124.31,0.00,-1762.73
2023-05-25 09:41,9164.92,9161.39,1044.12,545.03,97.99,123.20,0.00,-728.00
2023-05-25 09:42,9164.92,9161.39,1768.02,705.84,98.30,122.14,0.00,-4.10
2023-05-25 09:43,9164.92,9162.01,1830.39,707.78,98.45,123.35,0.00,47.13
2023-05-25 09:44,9164.05,9163.80,1973.02,708.20,98.54,124.16,112.93,183.48
2023-05-25 09:45,9163.81,9163.81,2256.49,707.50,98.60,124.83,191.21,466.95
2023-05-25 09:46,9165.20,9163.18,2136.41,707.49,98.55,125.84,74.47,346.87
2023-05-25 09:47,9165.20,9156.92,1855.98,705.69,98.52,127.47,0.00,66.43
2023-05-25 09:48,9165.20,9157.14,1839.95,706.53,98.41,127.78,0.00,35.46
2023-05-25 09:49,9165.20,9158.79,1839.54,705.70,98.33,127.90,0.00,13.99
2023-05-25 09:50,9165.20,9160.76,1830.01,705.56,98.22,128.00,0.00,11.64
2023-05-25 09:51,9165.20,9162.76,1815.50,705.42,98.15,128.07,0.00,10.54
2023-05-25 09:52,9165.32,9164.82,1827.44,704.58,98.08,128.13,15.98,0.47
2023-05-25 09:53,9167.14,9167.14,1918.21,705.70,98.06,128.14,145.13,91.24
2023-05-25 09:54,9168.82,9168.82,1977.12,706.68,98.06,128.14,94.91,150.15
2023-05-25 09:55,9169.70,9169.70,2003.04,706.96,98.04,128.14,55.64,176.07
2023-05-25 09:56,9170.58,9170.58,1996.57,706.39,98.05,128.14,56.81,169.60
2023-05-25 09:57,9171.52,9171.52,1982.33,706.54,98.08,128.21,58.55,155.36
2023-05-25 09:58,9172.44,9172.44,2003.44,707.79,98.13,128.21,56.12,176.47
2023-05-25 09:59,9173.42,9173.42,2026.25,706.82,98.30,128.21,62.23,199.28
2023-05-25 10:00,9174.31,9174.31,2009.52,707.52,98.62,128.21,53.33,182.56
2023-05-25 10:01,9175.24,9175.24,1993.60,706.81,99.17,128.21,58.89,166.63
2023-05-25 10:02,9176.15,9176.15,2025.53,707.66,99.88,128.21,57.07,198.56
2023-05-25 10:03,9177.06,9177.06,2030.56,708.21,100.68,128.21,55.52,203.59
2023-05-25 10:04,9177.91,9177.91,2022.10,708.22,101.44,128.21,53.33,195.13
2023-05-25 10:05,9178.83,9178.83,2028.75,708.07,102.08,128.21,55.69,201.78
2023-05-25 10:06,9179.77,9179.77,2058.04,707.79,102.62,128.23,60.23,231.07
2023-05-25 10:07,9180.74,9180.74,2034.73,705.56,103.02,128.27,57.87,207.76
2023-05-25 10:08,9181.63,9181.63,2006.26,708.63,103.33,128.34,55.28,179.29
2023-05-25 10:09,9182.46,9182.46,1996.71,705.70,103.57,128.42,52.60,169.74
2023-05-25 10:10,9183.32,9183.32,2000.70,705.70,103.71,128.49,52.06,173.74
2023-05-25 10:11,9184.10,9184.10,2015.22,707.09,103.85,128.60,48.65,188.26
2023-05-25 10:12,9185.00,9185.00,2017.40,707.23,103.96,128.69,55.26,190.43
2023-05-25 10:13,9185.91,9185.91,2013.33,705.70,103.98,128.79,58.08,186.36
2023-05-25 10:14,9186.80,9186.80,1995.40,704.86,104.03,128.85,53.79,168.43
2023-05-25 10:15,9187.63,9187.63,1992.42,704.03,104.03,128.92,51.17,165.45
2023-05-25 10:16,9188.50,9188.50,2001.33,705.14,104.05,128.99,53.40,174.36
2023-05-25 10:17,9189.41,9189.41,2012.19,706.12,104.05,129.10,57.90,185.22
2023-05-25 10:18,9190.32,9190.32,1991.60,708.22,104.07,129.21,54.84,164.63
2023-05-25 10:19,9191.23,9191.23,2005.98,708.35,104.05,129.32,58.11,179.00
2023-05-25 10:20,9192.09,9192.09,2005.37,707.66,104.05,129.42,54.65,178.40
2023-05-25 10:21,9193.03,9193.03,1990.25,706.40,104.05,129.56,58.46,163.28
2023-05-25 10:22,9193.84,9193.84,1996.15,707.24,104.05,129.63,49.95,169.18
2023-05-25 10:23,9194.75,9194.75,2019.57,706.68,104.05,129.73,57.34,192.60
2023-05-25 10:24,9195.62,9195.62,2016.10,706.12,104.05,129.80,54.48,189.13
2023-05-25 10:25,9195.99,9192.60,1926.43,707.65,104.05,129.85,25.20,99.46
2023-05-25 10:26,9195.99,9186.30,1795.84,708.36,104.05,129.88,0.00,-31.13
2023-05-25 10:27,9195.99,9186.66,1817.80,709.20,104.05,129.91,0.00,3.49
2023-05-25 10:28,9195.99,9189.85,1811.24,708.92,104.05,129.93,0.00,3.28
2023-05-25 10:29,9195.99,9193.20,1870.17,708.77,104.05,129.93,0.00,59.10
2023-05-25 10:30,9196.71,9196.48,2149.24,708.49,104.05,129.98,98.69,335.06
2023-05-25 10:31,9199.39,9199.39,2315.76,708.91,104.05,129.34,170.06,501.59
2023-05-25 10:32,9202.16,9202.16,2352.55,710.04,104.05,128.97,177.19,538.38
2023-05-25 10:33,9205.14,9205.14,2370.80,709.75,104.10,129.01,191.74,556.62
2023-05-25 10:34,9208.14,9208.14,2357.27,709.76,104.12,129.27,182.40,543.09
2023-05-25 10:35,9211.09,9211.09,2359.57,709.34,104.18,129.67,182.79,545.40
2023-05-25 10:36,9214.17,9214.17,2376.39,709.34,104.18,129.85,192.39,562.22
2023-05-25 10:37,9217.22,9217.22,2371.97,709.75,104.25,129.93,191.27,557.79
2023-05-25 10:38,9220.01,9220.01,2338.77,708.36,104.31,129.92,172.38,524.59
2023-05-25 10:39,9222.69,9222.69,2303.06,708.91,100.79,129.90,163.12,488.89
2023-05-25 10:40,9225.36,9225.36,2315.78,708.64,88.87,129.89,167.10,501.60
2023-05-25 10:41,9227.89,9227.89,2298.84,709.20,89.43,129.85,158.11,484.66
2023-05-25 10:42,9230.36,9230.36,2313.30,709.20,90.24,129.74,156.55,499.13
2023-05-25 10:43,9232.84,9232.84,2306.50,708.91,90.78,129.62,156.73,492.33
2023-05-25 10:44,9235.26,9235.26,2305.94,708.92,91.46,129.45,151.08,491.77
2023-05-25 10:45,9237.70,9237.70,2349.81,709.62,102.25,129.27,155.00,535.63
2023-05-25 10:46,9240.15,9240.15,2349.88,708.35,104.05,129.15,149.34,535.71
2023-05-25 10:47,9242.53,9242.53,2358.16,709.05,104.37,129.07,149.47,543.98
2023-05-25 10:48,9245.01,9245.01,2376.70,709.61,104.50,129.07,155.84,562.53
2023-05-25 10:49,9247.49,9247.49,2364.51,708.78,104.56,129.07,155.40,550.33
2023-05-25 10:50,9249.95,9249.95,2347.55,709.05,104.65,129.07,153.64,533.37
2023-05-25 10:51,9252.36,9252.36,2337.18,709.33,104.72,129.14,153.31,523.00
2023-05-25 10:52,9254.80,9254.80,2358.30,708.78,104.84,129.18,156.67,544.12
2023-05-25 10:53,9257.21,9257.21,2318.22,709.05,104.84,129.20,152.45,504.04
2023-05-25 10:54,9259.70,9259.70,2323.24,709.34,104.91,129.20,150.81,509.06
2023-05-25 10:55,9261.79,9261.79,2300.93,709.47,104.93,129.27,128.22,486.76
2023-05-25 10:56,9255.40,9255.40,2051.37,706.96,104.97,129.29,3.48,237.20
2023-05-25 10:57,9255.40,9255.40,1949.76,708.77,105.02,129.38,0.00,135.58
2023-05-25 10:58,9255.40,9252.97,1798.12,623.82,105.04,129.40,0.00,-16.05
2023-05-25 10:59,9255.40,9251.99,30.05,15.86,104.58,129.30,0.00,-1784.12
2023-05-25 11:00,9255.40,9251.99,702.03,380.38,104.63,129.55,0.00,-1112.14
2023-05-25 11:01,9255.40,9251.99,1725.98,699.90,104.96,127.48,0.00,-88.20
2023-05-25 11:02,9255.40,9251.99,1815.83,699.75,104.94,127.41,0.00,1.65
2023-05-25 11:03,9255.40,9251.99,1807.32,699.89,104.91,127.83,0.00,-6.85
2023-05-25 11:04,9255.40,9251.99,1804.51,699.62,104.85,128.34,0.00,-9.66
2023-05-25 11:05,9255.40,9251.99,1787.97,701.72,104.82,128.88,0.00,-26.20
2023-05-25 11:06,9255.40,9247.67,1803.22,704.23,104.75,129.13,0.00,-10.95
2023-05-25 11:07,9255.40,9241.67,1788.47,700.19,104.71,129.22,0.00,-25.70
2023-05-25 11:08,9255.40,9241.67,1768.85,701.02,104.71,129.26,0.00,-45.33
2023-05-25 11:09,9255.40,9241.67,1782.41,701.72,104.69,129.28,0.00,-31.77
2023-05-25 11:10,9255.40,9241.67,1786.37,701.30,104.70,129.34,0.00,-27.81
2023-05-25 11:11,9255.40,9241.67,1771.84,700.61,104.69,129.39,0.00,-42.34
2023-05-25 11:12,9255.40,9241.67,1771.20,702.00,104.69,129.40,0.00,-42.97
2023-05-25 11:13,9255.40,9241.67,1789.61,701.86,104.71,129.41,0.00,-24.57
2023-05-25 11:14,9255.40,9241.67,1782.63,700.46,104.71,129.47,0.00,-31.54
2023-05-25 11:15,9255.40,9241.67,1761.86,701.58,104.76,129.48,0.00,-52.32
2023-05-25 11:16,9255.40,9241.67,1775.73,701.58,104.79,129.52,0.00,-38.44
2023-05-25 11:17,9255.40,9241.67,1772.07,700.05,104.82,129.54,0.00,-42.11
2023-05-25 11:18,9255.40,9241.67,1760.13,700.88,104.84,129.56,0.00,-54.05
2023-05-25 11:19,9255.40,9241.67,1760.63,702.28,104.88,129.60,0.00,-53.54
2023-05-25 11:20,9255.40,9241.67,1765.42,700.19,104.91,129.63,0.00,-48.76
2023-05-25 11:21,9255.40,9241.67,1758.80,700.19,104.93,129.67,0.00,-55.38
2023-05-25 11:22,9255.40,9241.67,1746.51,702.42,104.99,129.72,0.00,-67.67
2023-05-25 11:23,9255.40,9241.67,1758.20,701.59,105.03,129.73,0.00,-55.98
2023-05-25 11:24,9255.40,9241.67,1752.46,701.16,105.02,129.73,0.00,-61.71
2023-05-25 11:25,9255.40,9241.67,1735.26,701.59,105.05,129.73,0.00,-78.92
2023-05-25 11:26,9255.40,9241.67,1748.75,702.00,105.10,129.70,0.00,-65.42
2023-05-25 11:27,9255.40,9241.67,1755.72,700.60,105.16,129.69,0.00,-58.45
2023-05-25 11:28,9255.40,9241.67,1722.00,700.88,105.17,129.67,0.00,-92.17
2023-05-25 11:29,9255.40,9241.67,1734.07,702.14,105.20,129.67,0.00,-80.10
2023-05-25 11:30,9255.40,9241.67,1753.68,700.88,105.25,129.67,0.00,-60.49
2023-05-25 11:31,9255.40,9241.67,1736.68,700.74,105.32,129.67,0.00,-77.49
2023-05-25 11:32,9255.40,9241.67,1721.35,701.44,105.37,129.71,0.00,-92.82
2023-05-25 11:33,9255.40,9241.67,1744.13,701.44,105.42,129.73,0.00,-70.04
2023-05-25 11:34,9255.40,9238.76,1752.49,706.08,105.46,129.77,0.00,-61.69
2023-05-25 11:35,9255.40,9232.79,1755.03,706.25,105.54,129.79,0.00,-59.15
2023-05-25 11:36,9255.40,9232.79,1759.83,707.51,105.57,129.85,0.00,-54.35
2023-05-25 11:37,9255.40,9232.79,1767.97,706.25,105.64,129.90,0.00,-46.21
2023-05-25 11:38,9255.40,9232.79,1741.70,705.84,105.70,129.97,0.00,-72.47
2023-05-25 11:39,9255.40,9232.79,1747.78,707.65,105.75,130.02,0.00,-66.39
2023-05-25 11:40,9255.40,9232.79,1759.84,706.26,105.77,130.10,0.00,-54.33
2023-05-25 11:41,9255.40,9232.79,1759.44,705.98,105.81,130.19,0.00,-54.74
2023-05-25 11:42,9255.40,9232.79,1738.81,706.81,105.89,130.27,0.00,-75.36
2023-05-25 11:43,9255.40,9232.79,1758.60,707.65,105.89,130.30,0.00,-55.57
2023-05-25 11:44,9255.40,9232.79,1767.87,706.81,105.90,130.35,0.00,-46.31
2023-05-25 11:45,9255.40,9232.79,1747.70,706.53,105.97,130.41,0.00,-66.48
2023-05-25 11:46,9255.40,9232.79,1752.45,707.79,105.97,130.47,0.00,-61.72
2023-05-25 11:47,9255.40,9232.79,1767.32,705.98,106.04,130.49,0.00,-46.85
2023-05-25 11:48,9255.40,9232.79,1742.76,706.95,106.04,130.50,0.00,-71.41
2023-05-25 11:49,9255.40,9225.13,1749.30,707.63,106.10,130.51,0.00,-64.87
2023-05-25 11:50,9255.40,9222.26,1762.82,706.25,106.12,130.53,0.00,-51.35
2023-05-25 11:51,9255.40,9222.26,1759.83,705.70,106.15,130.59,0.00,-54.34
2023-05-25 11:52,9255.40,9222.26,1746.21,706.67,106.22,130.60,0.00,-67.97
2023-05-25 11:53,9255.40,9222.26,1766.89,706.25,106.23,130.60,0.00,-47.28
2023-05-25 11:54,9255.40,9222.26,1760.52,706.25,106.28,130.56,0.00,-53.65
2023-05-25 11:55,9255.40,9222.26,1742.26,705.83,106.30,130.58,0.00,-71.92
2023-05-25 11:56,9255.40,9222.26,1761.07,706.94,106.30,130.58,0.00,-53.10
2023-05-25 11:57,9255.40,9222.26,1765.24,706.67,106.25,130.59,0.00,-48.94
2023-05-25 11:58,9255.40,9222.26,1759.84,705.69,106.24,130.60,0.00,-54.33
2023-05-25 11:59,9255.40,9222.26,1756.03,707.36,106.24,130.58,0.00,-58.15
2023-05-25 12:00,9255.40,9222.26,1767.42,706.66,106.28,130.56,0.00,-46.75
2023-05-25 12:01,9255.40,9222.26,1765.10,706.39,106.30,130.56,0.00,-49.07
2023-05-25 12:02,9255.40,9223.12,1759.63,707.09,106.36,130.58,0.00,-54.54
2023-05-25 12:03,9255.40,9229.92,1768.67,707.92,106.42,130.52,0.00,-45.50
2023-05-25 12:04,9255.40,9223.22,1766.30,707.36,106.44,130.52,0.00,-47.88
2023-05-25 12:05,9255.40,9223.22,1749.96,707.22,106.50,130.53,0.00,-64.22
2023-05-25 12:06,9255.40,9223.22,1751.47,708.34,106.52,130.54,0.00,-62.70
2023-05-25 12:07,9255.40,9223.22,1765.48,707.78,106.57,130.53,0.00,-48.70
2023-05-25 12:08,9255.40,9223.22,1764.03,706.95,106.60,130.47,0.00,-50.15
2023-05-25 12:09,9255.40,9223.22,1737.43,708.20,106.65,130.47,0.00,-76.75
2023-05-25 12:10,9255.40,9223.22,1759.99,707.64,106.69,130.47,0.00,-54.19
2023-05-25 12:11,9255.40,9223.22,1756.19,707.92,106.70,130.47,0.00,-57.99
2023-05-25 12:12,9255.40,9227.93,1744.49,706.38,106.72,130.47,0.00,-69.69
2023-05-25 12:13,9255.40,9250.35,1324.79,487.13,106.73,130.38,0.00,-489.39
2023-05-25 12:14,9255.40,9253.00,0.00,0.00,106.49,128.55,0.00,-1814.17
2023-05-25 12:15,9255.40,9253.00,0.00,0.00,106.44,126.65,0.00,-1814.17
2023-05-25 12:16,9255.40,9240.17,0.00,0.00,106.47,125.32,0.00,-1814.17
2023-05-25 12:17,9255.40,9200.71,0.00,0.00,106.44,123.46,0.00,-1814.17
2023-05-25 12:18,9255.40,9159.86,0.00,0.00,106.39,121.81,0.00,-1814.17
2023-05-25 12:19,9255.40,9151.01,0.00,0.00,106.31,120.66,0.00,-1814.17
2023-05-25 12:20,9255.40,9151.01,0.00,0.00,106.26,119.75,0.00,-1814.17
2023-05-25 12:21,9255.40,9149.28,0.00,0.00,106.23,118.80,0.00,-1814.17
2023-05-25 12:22,9255.40,9118.10,0.00,0.00,106.08,117.69,0.00,-1814.17
2023-05-25 12:23,9255.40,9074.45,0.00,0.00,105.98,116.45,0.00,-1814.17
2023-05-25 12:24,9255.40,9049.21,0.00,0.00,105.90,115.20,0.00,-1814.17
2023-05-25 12:25,9255.40,9049.35,0.00,0.00,105.77,114.12,0.00,-1814.17
2023-05-25 12:26,9255.40,9049.35,0.00,0.00,105.61,113.13,0.00,-1814.17
2023-05-25 12:27,9255.40,9031.99,0.00,0.00,105.34,112.08,0.00,-1814.17
2023-05-25 12:28,9255.40,8989.73,0.00,0.00,105.18,110.97,0.00,-1814.17
2023-05-25 12:29,9255.40,8952.56,0.00,0.00,104.83,109.88,0.00,-1814.17
2023-05-25 12:30,9255.40,8947.18,0.00,0.00,104.76,108.87,0.00,-1814.17
2023-05-25 12:31,9255.40,8947.18,0.00,0.00,104.49,107.95,0.00,-1814.17
2023-05-25 12:32,9255.40,8947.18,0.00,0.00,104.20,107.03,0.00,-1814.17
2023-05-25 12:33,9255.40,8947.18,0.00,0.00,104.07,106.09,0.00,-1814.17
2023-05-25 12:34,9255.40,8947.18,0.00,0.00,104.00,105.21,0.00,-1814.17
2023-05-25 12:35,9255.40,8945.46,0.00,0.00,103.50,104.33,0.00,-1814.17
2023-05-25 12:36,9255.40,8911.81,0.00,0.00,103.09,103.53,0.00,-1814.17
2023-05-25 12:37,9255.40,8867.67,0.00,0.00,102.91,102.73,0.00,-1814.17
2023-05-25 12:38,9255.40,8846.55,0.00,0.00,102.73,102.01,0.00,-1814.17
2023-05-25 12:39,9255.40,8846.55,0.00,0.00,102.57,101.42,0.00,-1814.17
2023-05-25 12:40,9255.40,8830.24,0.00,0.00,101.71,100.75,0.00,-1814.17
2023-05-25 12:41,9255.40,8787.58,0.00,0.00,101.23,100.03,0.00,-1814.17
2023-05-25 12:42,9255.40,8749.16,0.00,0.00,100.71,99.32,0.00,-1814.17
2023-05-25 12:43,9255.40,8744.51,27.94,28.93,99.45,98.75,0.00,-1786.23
2023-05-25 12:44,9255.40,8744.51,23.96,22.01,98.60,97.99,0.00,-1790.22
2023-05-25 12:45,9255.40,8729.17,0.00,0.00,100.11,97.68,0.00,-1814.17
2023-05-25 12:46,9255.40,8686.38,0.00,0.00,100.15,97.76,0.00,-1814.17
2023-05-25 12:47,9255.40,8647.56,0.00,0.00,99.28,97.74,0.00,-1814.17
2023-05-25 12:48,9255.40,8642.64,0.00,0.00,98.59,97.85,0.00,-1814.17
2023-05-25 12:49,9255.40,8642.64,0.00,0.00,98.58,97.87,0.00,-1814.17
2023-05-25 12:50,9255.40,8632.94,0.00,0.00,98.33,97.83,0.00,-1814.17
2023-05-25 12:51,9255.40,8592.34,0.00,0.00,98.09,97.52,0.00,-1814.17
2023-05-25 12:52,9255.40,8550.17,0.00,0.00,98.18,97.21,0.00,-1814.17
2023-05-25 12:53,9255.40,8541.03,0.00,0.00,97.89,96.95,0.00,-1814.17
2023-05-25 12:54,9255.40,8541.03,0.00,0.00,97.17,96.79,0.00,-1814.17
2023-05-25 12:55,9255.40,8499.00,0.00,0.00,97.01,96.48,0.00,-1814.17
2023-05-25 12:56,9255.40,8440.67,0.00,0.00,96.67,95.94,0.00,-1814.17
2023-05-25 12:57,9255.40,8439.64,0.00,0.00,96.18,95.70,0.00,-1814.17
2023-05-25 12:58,9255.40,8416.11,0.00,0.00,95.94,95.32,0.00,-1814.17
2023-05-25 12:59,9255.40,8344.43,0.00,0.00,95.89,94.57,0.00,-1814.17
2023-05-25 13:00,9255.40,8337.37,0.00,0.00,95.81,94.09,0.00,-1814.17
2023-05-25 13:01,9255.40,8332.71,0.00,0.00,95.53,93.57,0.00,-1814.17
2023-05-25 13:02,9255.40,8268.06,0.19,0.00,95.52,92.84,0.00,-1813.98
2023-05-25 13:03,9255.40,8236.51,41.02,0.00,93.49,92.22,0.00,-1773.15
2023-05-25 13:04,9255.40,8236.51,15.35,0.00,93.08,91.21,0.00,-1798.83
2023-05-25 13:05,9255.40,8227.92,0.00,0.00,94.59,90.65,0.00,-1814.17
2023-05-25 13:06,9255.40,8202.44,0.00,0.00,94.40,90.58,0.00,-1814.17
2023-05-25 13:07,9255.40,8201.38,0.00,0.00,93.40,90.22,0.00,-1814.17
2023-05-25 13:08,9255.40,8170.11,0.00,0.00,93.25,89.84,0.00,-1814.17
2023-05-25 13:09,9255.40,8167.81,0.00,0.00,93.04,89.65,0.00,-1814.17
2023-05-25 13:10,9255.40,8167.81,0.00,0.00,93.16,89.40,0.00,-1814.17
2023-05-25 13:11,9255.40,8160.87,0.00,0.00,92.57,89.15,0.00,-1814.17
2023-05-25 13:12,9255.40,8133.86,0.00,0.00,92.06,88.87,0.00,-1814.17
2023-05-25 13:13,9255.40,8133.86,0.00,0.00,92.12,88.60,0.00,-1814.17
2023-05-25 13:14,9255.40,8109.51,0.00,0.00,91.95,88.27,0.00,-1814.17
2023-05-25 13:15,9255.40,8099.82,0.00,0.00,91.35,87.95,0.00,-1814.17
2023-05-25 13:16,9255.40,8080.50,0.00,0.00,91.26,87.65,0.00,-1814.17
2023-05-25 13:17,9255.40,8065.87,0.00,0.00,90.96,87.32,0.00,-1814.17
2023-05-25 13:18,9255.40,8065.87,0.00,0.00,90.46,87.15,0.00,-1814.17
2023-05-25 13:19,9255.40,8065.87,0.00,0.00,90.18,87.03,0.00,-1814.17
2023-05-25 13:20,9255.40,8065.77,0.00,0.00,90.13,86.87,0.00,-1814.17
2023-05-25 13:21,9255.40,8065.39,38.29,66.61,89.84,86.78,0.00,-1775.88
2023-05-25 13:22,9255.40,8065.39,1053.92,586.84,87.05,86.49,0.00,-760.25
2023-05-25 13:23,9255.40,8065.39,1280.46,596.47,86.28,88.96,0.00,-533.71
2023-05-25 13:24,9255.40,8065.39,1292.32,594.79,85.90,97.62,0.00,-521.86
2023-05-25 13:25,9255.40,8065.39,1291.78,595.77,85.59,105.10,0.00,-522.40
2023-05-25 13:26,9255.40,8065.39,1291.19,595.35,85.30,109.44,0.00,-522.99
2023-05-25 13:27,9255.40,8065.99,555.55,215.39,85.27,115.13,0.00,-1258.62
2023-05-25 13:28,9255.40,8056.64,0.00,0.00,85.82,118.82,0.00,-1814.17
2023-05-25 13:29,9255.40,8032.07,0.00,0.00,86.08,114.77,0.00,-1814.17
2023-05-25 13:30,9255.40,8020.18,0.00,0.00,86.00,112.51,0.00,-1814.17
2023-05-25 13:31,9255.40,7997.45,0.00,0.00,85.53,110.74,0.00,-1814.17
2023-05-25 13:32,9255.40,7974.28,0.00,0.00,85.46,109.18,0.00,-1814.17
2023-05-25 13:33,9255.40,7963.70,0.00,0.00,85.71,107.42,0.00,-1814.17
2023-05-25 13:34,9255.40,7948.91,0.00,0.00,85.22,105.93,0.00,-1814.17
2023-05-25 13:35,9255.40,7929.40,0.00,0.00,85.20,104.44,0.00,-1814.17
2023-05-25 13:36,9255.40,7903.68,0.00,0.00,85.45,103.20,0.00,-1814.17
2023-05-25 13:37,9255.40,7890.27,0.00,0.00,84.98,102.06,0.00,-1814.17
2023-05-25 13:38,9255.40,7862.59,0.00,0.00,85.07,101.10,0.00,-1814.17
2023-05-25 13:39,9255.40,7850.63,0.00,0.00,84.83,100.31,0.00,-1814.17
2023-05-25 13:40,9255.40,7828.60,0.00,0.00,84.44,99.59,0.00,-1814.17
2023-05-25 13:41,9255.40,7806.40,0.00,0.00,84.45,98.98,0.00,-1814.17
2023-05-25 13:42,9255.40,7794.72,0.00,0.00,84.42,98.41,0.00,-1814.17
2023-05-25 13:43,9255.40,7771.06,0.00,0.00,84.39,97.92,0.00,-1814.17
2023-05-25 13:44,9255.40,7759.52,0.00,0.00,84.15,97.50,0.00,-1814.17
2023-05-25 13:45,9255.40,7728.95,0.00,0.00,84.36,97.08,0.00,-1814.17
2023-05-25 13:46,9255.40,7721.68,0.00,0.00,84.77,96.68,0.00,-1814.17
2023-05-25 13:47,9255.40,7693.64,0.00,13.01,83.95,96.26,0.00,-1814.17
2023-05-25 13:48,9255.40,7693.64,24.93,40.70,83.03,95.69,0.00,-1789.24
2023-05-25 13:49,9255.40,7665.77,1.58,30.46,82.61,94.77,0.00,-1812.59
2023-05-25 13:50,9255.40,7658.41,0.00,0.00,83.55,94.13,0.00,-1814.17
2023-05-25 13:51,9255.40,7627.69,0.00,0.00,83.66,93.75,0.00,-1814.17
2023-05-25 13:52,9255.40,7613.56,0.00,0.00,83.49,93.36,0.00,-1814.17
2023-05-25 13:53,9255.40,7591.93,0.00,0.00,83.33,92.97,0.00,-1814.17
2023-05-25 13:54,9255.40,7567.73,0.00,0.00,83.06,92.60,0.00,-1814.17
2023-05-25 13:55,9255.40,7558.43,0.00,0.00,83.02,92.23,0.00,-1814.17
2023-05-25 13:56,9255.40,7530.86,0.00,0.00,84.04,91.90,0.00,-1814.17
2023-05-25 13:57,9255.40,7519.82,0.00,0.00,83.14,91.60,0.00,-1814.17
2023-05-25 13:58,9255.40,7491.17,0.00,0.00,83.42,91.31,0.00,-1814.17
2023-05-25 13:59,9255.40,7474.54,0.00,0.00,83.25,91.20,0.00,-1814.17
2023-05-25 14:00,9255.40,7457.43,0.00,0.00,82.99,90.93,0.00,-1814.17
2023-05-25 14:01,9255.40,7447.20,0.00,0.00,82.67,90.96,0.00,-1814.17
2023-05-25 14:02,9255.40,7423.68,0.00,0.00,81.94,90.73,0.00,-1814.17
2023-05-25 14:03,9255.40,7408.53,0.00,0.00,82.55,90.63,0.00,-1814.17
2023-05-25 14:04,9255.40,7389.99,0.00,0.00,82.44,90.31,0.00,-1814.17
2023-05-25 14:05,9255.40,7366.50,0.00,0.00,81.77,90.13,0.00,-1814.17
2023-05-25 14:06,9255.40,7355.11,0.00,0.00,82.45,89.66,0.00,-1814.17
2023-05-25 14:07,9255.40,7324.33,0.00,0.00,82.09,89.43,0.00,-1814.17
2023-05-25 14:08,9255.40,7310.37,0.00,0.00,82.07,89.06,0.00,-1814.17
2023-05-25 14:09,9255.40,7288.68,0.00,0.00,81.45,88.60,0.00,-1814.17
2023-05-25 14:10,9255.40,7266.59,0.21,0.00,80.81,88.20,0.00,-1813.96
2023-05-25 14:11,9255.40,7254.60,34.96,11.35,79.88,87.85,0.00,-1779.22
2023-05-25 14:12,9255.40,7224.26,41.56,12.32,79.12,87.17,0.00,-1772.62
2023-05-25 14:13,9255.40,7219.44,12.73,5.95,79.36,86.18,0.00,-1801.44
2023-05-25 14:14,9255.40,7189.03,0.00,0.00,80.79,85.83,0.00,-1814.17
2023-05-25 14:15,9255.40,7184.88,0.00,0.00,80.41,86.00,0.00,-1814.17
2023-05-25 14:16,9255.40,7154.35,0.00,0.00,80.33,85.99,0.00,-1814.17
2023-05-25 14:17,9255.40,7138.37,0.00,0.00,80.02,86.01,0.00,-1814.17
2023-05-25 14:18,9255.40,7119.67,0.00,0.00,80.77,85.87,0.00,-1814.17
2023-05-25 14:19,9255.40,7098.20,0.00,0.00,80.41,85.95,0.00,-1814.17
2023-05-25 14:20,9255.40,7086.26,0.00,0.00,79.34,85.89,0.00,-1814.17
2023-05-25 14:21,9255.40,7060.61,0.00,0.00,80.30,85.99,0.00,-1814.17
2023-05-25 14:22,9255.40,7052.86,0.00,0.00,80.82,85.93,0.00,-1814.17
2023-05-25 14:23,9255.40,7052.86,0.00,0.00,79.09,85.99,0.00,-1814.17
2023-05-25 14:24,9255.40,7024.83,0.00,0.00,79.83,85.89,0.00,-1814.17
2023-05-25 14:25,9255.40,7013.36,0.00,0.00,79.56,85.70,0.00,-1814.17
2023-05-25 14:26,9255.40,6985.78,0.00,0.00,78.71,85.45,0.00,-1814.17
2023-05-25 14:27,9255.40,6975.69,0.00,0.00,78.97,85.24,0.00,-1814.17
2023-05-25 14:28,9255.40,6951.88,0.00,0.00,77.96,84.83,0.00,-1814.17
2023-05-25 14:29,9255.40,6930.62,0.00,0.00,78.77,84.45,0.00,-1814.17
2023-05-25 14:30,9255.40,6916.93,0.00,0.00,78.59,83.98,0.00,-1814.17
2023-05-25 14:31,9255.40,6886.28,0.00,0.00,79.60,83.61,0.00,-1814.17
2023-05-25 14:32,9255.40,6871.11,0.00,0.00,78.98,83.18,0.00,-1814.17
2023-05-25 14:33,9255.40,6850.52,0.00,0.00,78.60,82.76,0.00,-1814.17
2023-05-25 14:34,9255.40,6823.66,0.00,0.00,77.73,82.47,0.00,-1814.17
2023-05-25 14:35,9255.40,6811.00,0.00,0.00,78.12,82.06,0.00,-1814.17
2023-05-25 14:36,9255.40,6782.96,0.00,0.00,78.10,82.35,0.00,-1814.17
2023-05-25 14:37,9255.40,6767.64,13.74,0.00,76.70,82.42,0.00,-1800.43
2023-05-25 14:38,9255.40,6749.03,45.95,0.00,75.71,82.47,0.00,-1768.22
2023-05-25 14:39,9255.40,6722.60,39.18,0.00,75.49,82.45,0.00,-1775.00
2023-05-25 14:40,9255.40,6715.36,15.13,0.00,75.67,82.20,0.00,-1799.04
2023-05-25 14:41,9255.40,6696.53,0.00,0.00,77.71,81.80,0.00,-1814.17
2023-05-25 14:42,9255.40,6681.14,0.00,0.00,78.19,81.58,0.00,-1814.17
2023-05-25 14:43,9255.40,6660.38,0.00,0.00,78.25,81.54,0.00,-1814.17
2023-05-25 14:44,9255.40,6647.09,0.00,0.00,77.61,81.41,0.00,-1814.17
2023-05-25 14:45,9255.40,6620.53,0.00,0.00,77.02,81.41,0.00,-1814.17
2023-05-25 14:46,9255.40,6606.45,0.00,0.00,77.33,81.41,0.00,-1814.17
2023-05-25 14:47,9255.40,6579.32,0.00,0.00,78.09,81.41,0.00,-1814.17
2023-05-25 14:48,9255.40,6560.65,0.00,0.00,76.60,81.49,0.00,-1814.17
2023-05-25 14:49,9255.40,6546.28,0.00,0.00,76.73,81.47,0.00,-1814.17
2023-05-25 14:50,9255.40,6515.01,0.00,0.00,76.65,81.52,0.00,-1814.17
2023-05-25 14:51,9255.40,6494.61,0.00,0.00,76.28,81.53,0.00,-1814.17
2023-05-25 14:52,9255.40,6476.56,0.00,0.00,75.46,81.44,0.00,-1814.17
2023-05-25 14:53,9255.40,6445.43,0.00,0.00,76.02,81.36,0.00,-1814.17
2023-05-25 14:54,9255.40,6422.72,0.00,0.00,76.56,81.18,0.00,-1814.17
2023-05-25 14:55,9255.40,6411.58,0.00,0.00,77.02,80.98,0.00,-1814.17
2023-05-25 14:56,9255.40,6402.87,0.00,0.00,77.20,80.78,0.00,-1814.17
2023-05-25 14:57,9255.40,6378.29,0.00,0.00,77.10,80.64,0.00,-1814.17
2023-05-25 14:58,9255.40,6353.69,0.00,0.00,75.94,80.45,0.00,-1814.17
2023-05-25 14:59,9255.40,6339.91,0.00,0.00,76.36,80.25,0.00,-1814.17
2023-05-25 15:00,9255.40,6311.64,0.00,0.00,75.35,80.11,0.00,-1814.17
2023-05-25 15:01,9255.40,6291.11,0.00,0.00,75.15,79.93,0.00,-1814.17
2023-05-25 15:02,9255.40,6278.02,0.00,0.00,75.21,79.72,0.00,-1814.17
2023-05-25 15:03,9255.40,6250.57,0.00,0.00,74.97,79.57,0.00,-1814.17
2023-05-25 15:04,9255.40,6243.89,0.00,0.00,75.39,79.44,0.00,-1814.17
2023-05-25 15:05,9255.40,6212.26,25.77,53.43,73.33,79.08,0.00,-1788.41
2023-05-25 15:06,9255.40,6206.45,43.68,55.65,72.02,78.56,0.00,-1770.49
2023-05-25 15:07,9255.40,6177.03,29.39,55.65,72.20,78.31,0.00,-1784.78
2023-05-25 15:08,9255.40,6168.66,1.55,31.42,72.81,78.14,0.00,-1812.62
2023-05-25 15:09,9255.40,6143.67,0.00,0.00,75.66,77.70,0.00,-1814.17
2023-05-25 15:10,9255.40,6137.21,0.00,0.00,75.45,77.87,0.00,-1814.17
2023-05-25 15:11,9255.40,6110.23,0.00,0.00,75.40,77.83,0.00,-1814.17
2023-05-25 15:12,9255.40,6096.01,0.00,0.00,75.26,77.81,0.00,-1814.17
2023-05-25 15:13,9255.40,6076.76,0.00,0.00,74.48,77.74,0.00,-1814.17
2023-05-25 15:14,9255.40,6055.79,0.00,0.00,73.67,77.66,0.00,-1814.17
2023-05-25 15:15,9255.40,6042.69,0.00,0.00,74.67,77.57,0.00,-1814.17
2023-05-25 15:16,9255.40,6019.94,0.00,0.00,75.86,77.50,0.00,-1814.17
2023-05-25 15:17,9255.40,6006.47,0.00,0.00,75.48,77.38,0.00,-1814.17
2023-05-25 15:18,9255.40,5975.67,0.00,0.00,74.67,77.28,0.00,-1814.17
2023-05-25 15:19,9255.40,5969.71,0.00,0.00,74.81,77.22,0.00,-1814.17
2023-05-25 15:20,9255.40,5941.58,0.00,0.00,73.65,77.07,0.00,-1814.17
2023-05-25 15:21,9255.40,5941.58,0.00,0.00,73.05,76.99,0.00,-1814.17
2023-05-25 15:22,9255.40,5941.58,0.00,0.00,74.22,76.95,0.00,-1814.17
2023-05-25 15:23,9255.40,5941.58,0.00,0.00,74.34,76.84,0.00,-1814.17
2023-05-25 15:24,9255.40,5940.92,269.67,214.36,72.88,76.69,0.00,-1544.51
2023-05-25 15:25,9255.40,5940.79,1100.22,596.04,68.98,78.82,0.00,-713.96
2023-05-25 15:26,9255.40,5940.79,1211.77,590.44,68.42,82.08,0.00,-602.40
2023-05-25 15:27,9255.40,5940.79,1209.46,590.15,68.22,85.65,0.00,-604.71
2023-05-25 15:28,9255.40,5940.79,1203.68,591.00,68.05,91.24,0.00,-610.49
2023-05-25 15:29,9255.40,5940.84,1203.89,531.61,67.91,97.06,0.00,-610.28
2023-05-25 15:30,9255.40,5941.45,5.83,13.93,68.41,108.14,0.00,-1808.34
2023-05-25 15:31,9255.40,5922.61,0.00,0.00,68.93,105.69,0.00,-1814.17
2023-05-25 15:32,9255.40,5907.65,0.00,0.00,69.43,101.04,0.00,-1814.17
2023-05-25 15:33,9255.40,5892.87,0.00,0.00,70.37,98.65,0.00,-1814.17
2023-05-25 15:34,9255.40,5874.06,0.00,0.00,70.04,96.77,0.00,-1814.17
2023-05-25 15:35,9255.40,5871.13,0.00,0.00,69.46,95.27,0.00,-1814.17
2023-05-25 15:36,9255.40,5840.09,0.00,0.00,70.50,93.57,0.00,-1814.17
2023-05-25 15:37,9255.40,5830.99,0.00,0.00,70.86,92.08,0.00,-1814.17
2023-05-25 15:38,9255.40,5806.29,0.00,0.00,71.26,90.50,0.00,-1814.17
2023-05-25 15:39,9255.40,5806.29,0.00,0.00,70.95,89.16,0.00,-1814.17
2023-05-25 15:40,9255.40,5776.39,0.00,0.00,71.23,88.05,0.00,-1814.17
2023-05-25 15:41,9255.40,5770.16,0.00,0.00,71.67,87.08,0.00,-1814.17
2023-05-25 15:42,9255.40,5739.21,0.00,0.00,71.34,86.05,0.00,-1814.17
2023-05-25 15:43,9255.40,5739.00,21.16,0.00,71.16,85.33,0.00,-1793.01
2023-05-25 15:44,9255.40,5716.79,52.70,11.21,70.95,84.72,0.00,-1761.48
2023-05-25 15:45,9255.40,5704.48,75.77,6.92,70.20,83.94,0.00,-1738.40
2023-05-25 15:46,9255.40,5681.96,82.90,10.38,69.81,83.52,0.00,-1731.28
2023-05-25 15:47,9255.40,5669.49,105.89,25.61,69.21,82.77,0.00,-1708.29
2023-05-25 15:48,9255.40,5637.99,69.86,11.08,69.13,81.34,0.00,-1744.32
2023-05-25 15:49,9255.40,5623.10,42.64,0.00,70.75,80.91,0.00,-1771.54
2023-05-25 15:50,9255.40,5604.20,10.69,0.00,70.83,80.73,0.00,-1803.48
2023-05-25 15:51,9255.40,5573.83,0.00,0.00,70.75,80.69,0.00,-1814.17
2023-05-25 15:52,9255.40,5567.65,0.00,0.00,71.17,80.59,0.00,-1814.17
2023-05-25 15:53,9255.40,5536.64,0.00,0.00,70.23,80.42,0.00,-1814.17
2023-05-25 15:54,9255.40,5520.11,0.00,0.00,70.08,80.23,0.00,-1814.17
2023-05-25 15:55,9255.40,5502.31,0.00,0.00,69.92,79.87,0.00,-1814.17
2023-05-25 15:56,9255.40,5471.01,0.00,0.00,70.15,79.05,0.00,-1814.17
2023-05-25 15:57,9255.40,5456.59,0.00,0.00,69.88,78.02,0.00,-1814.17
2023-05-25 15:58,9255.40,5433.79,0.00,0.00,71.15,77.56,0.00,-1814.17
2023-05-25 15:59,9255.40,5415.13,0.00,0.00,71.04,77.68,0.00,-1814.17
2023-05-25 16:00,9255.40,5399.01,0.00,0.00,70.59,77.46,0.00,-1814.17
2023-05-25 16:01,9255.40,5375.34,0.00,0.00,70.91,77.46,0.00,-1814.17
2023-05-25 16:02,9255.40,5361.90,0.00,0.00,70.28,77.12,0.00,-1814.17
2023-05-25 16:03,9255.40,5331.47,0.00,0.00,70.20,76.85,0.00,-1814.17
2023-05-25 16:04,9255.40,5330.19,0.00,0.00,70.28,76.82,0.00,-1814.17
2023-05-25 16:05,9255.40,5298.94,0.00,0.00,69.75,76.66,0.00,-1814.17
2023-05-25 16:06,9255.40,5298.15,0.00,0.00,70.32,76.56,0.00,-1814.17
2023-05-25 16:07,9255.40,5266.62,0.00,0.00,71.37,76.48,0.00,-1814.17
2023-05-25 16:08,9255.40,5260.85,0.00,0.00,71.30,76.34,0.00,-1814.17
2023-05-25 16:09,9255.40,5230.84,0.48,13.43,70.74,76.01,0.00,-1813.69
2023-05-25 16:10,9255.40,5216.50,1.76,29.76,69.23,75.79,0.00,-1812.42
2023-05-25 16:11,9255.40,5196.08,0.00,47.76,67.94,76.06,0.00,-1814.17
2023-05-25 16:12,9255.40,5181.47,0.00,33.63,68.06,75.33,0.00,-1814.17
2023-05-25 16:13,9255.40,5162.79,0.00,0.00,69.03,74.55,0.00,-1814.17
2023-05-25 16:14,9255.40,5137.24,0.00,0.00,68.81,75.14,0.00,-1814.17
2023-05-25 16:15,9255.40,5122.70,0.00,0.00,68.78,75.42,0.00,-1814.17
2023-05-25 16:16,9255.40,5094.42,0.00,0.00,68.81,75.61,0.00,-1814.17
2023-05-25 16:17,9255.40,5089.83,0.00,0.00,68.89,75.79,0.00,-1814.17
2023-05-25 16:18,9255.40,5060.24,0.00,0.00,69.13,75.81,0.00,-1814.17
2023-05-25 16:19,9255.40,5050.82,0.00,0.00,68.82,75.90,0.00,-1814.17
2023-05-25 16:20,9255.40,5026.55,0.00,0.00,68.29,75.91,0.00,-1814.17
2023-05-25 16:21,9255.40,5010.67,0.00,0.00,68.32,75.97,0.00,-1814.17
2023-05-25 16:22,9255.40,4992.53,0.00,0.00,68.61,75.97,0.00,-1814.17
2023-05-25 16:23,9255.40,4978.73,0.00,0.00,68.47,76.01,0.00,-1814.17
2023-05-25 16:24,9255.40,4958.81,0.00,0.00,67.89,76.01,0.00,-1814.17
2023-05-25 16:25,9255.40,4935.29,0.00,0.00,68.36,76.03,0.00,-1814.17
2023-05-25 16:26,9255.40,4925.09,0.00,0.00,68.10,76.09,0.00,-1814.17
2023-05-25 16:27,9255.40,4893.94,0.00,0.00,68.08,76.12,0.00,-1814.17
2023-05-25 16:28,9255.40,4876.47,0.00,0.00,67.87,76.08,0.00,-1814.17
2023-05-25 16:29,9255.40,4857.75,0.00,0.00,67.73,75.67,0.00,-1814.17
2023-05-25 16:30,9255.40,4827.07,0.00,0.00,67.62,75.36,0.00,-1814.17
2023-05-25 16:31,9255.40,4811.02,0.00,0.00,67.96,75.08,0.00,-1814.17
2023-05-25 16:32,9255.40,4791.04,0.00,0.00,67.73,74.80,0.00,-1814.17
2023-05-25 16:33,9255.40,4767.40,0.00,6.09,67.52,74.83,0.00,-1814.17
2023-05-25 16:34,9255.40,4757.88,0.00,24.78,67.80,74.61,0.00,-1814.17
2023-05-25 16:35,9255.40,4727.16,0.00,25.75,66.37,74.61,0.00,-1814.17
2023-05-25 16:36,9255.40,4713.48,0.00,26.44,65.89,74.91,0.00,-1814.17
2023-05-25 16:37,9255.40,4690.74,0.00,15.64,66.13,75.19,0.00,-1814.17
2023-05-25 16:38,9255.40,4665.82,0.00,0.00,67.31,75.04,0.00,-1814.17
2023-05-25 16:39,9255.40,4657.02,0.00,0.00,67.48,75.09,0.00,-1814.17
2023-05-25 16:40,9255.40,4625.86,0.00,0.00,67.08,75.20,0.00,-1814.17
2023-05-25 16:41,9255.40,4614.55,0.00,0.00,66.99,75.38,0.00,-1814.17
2023-05-25 16:42,9255.40,4590.14,0.00,0.00,66.37,75.39,0.00,-1814.17
2023-05-25 16:43,9255.40,4573.17,0.00,0.00,66.54,75.48,0.00,-1814.17
2023-05-25 16:44,9255.40,4556.48,0.00,0.00,66.52,75.53,0.00,-1814.17
2023-05-25 16:45,9255.40,4524.00,0.00,0.00,66.67,75.58,0.00,-1814.17
2023-05-25 16:46,9255.40,4515.77,0.00,0.00,66.24,75.65,0.00,-1814.17
2023-05-25 16:47,9255.40,4488.22,0.00,0.00,66.97,75.70,0.00,-1814.17
2023-05-25 16:48,9255.40,4464.52,0.00,0.00,66.65,75.77,0.00,-1814.17
2023-05-25 16:49,9255.40,4454.22,0.00,0.00,66.81,75.82,0.00,-1814.17
2023-05-25 16:50,9255.40,4424.44,0.00,0.00,66.30,75.84,0.00,-1814.17
2023-05-25 16:51,9255.40,4420.36,0.00,0.00,66.30,75.91,0.00,-1814.17
2023-05-25 16:52,9255.40,4388.41,0.00,0.00,66.13,75.91,0.00,-1814.17
2023-05-25 16:53,9255.40,4374.93,0.00,0.00,66.59,75.97,0.00,-1814.17
2023-05-25 16:54,9255.40,4353.44,0.00,0.00,66.38,75.99,0.00,-1814.17
2023-05-25 16:55,9255.40,4323.36,0.00,0.00,67.09,75.99,0.00,-1814.17
2023-05-25 16:56,9255.40,4314.83,0.00,0.00,66.75,75.97,0.00,-1814.17
2023-05-25 16:57,9255.40,4286.20,0.00,0.00,66.58,75.97,0.00,-1814.17
2023-05-25 16:58,9255.40,4272.71,0.00,0.00,66.57,75.97,0.00,-1814.17
2023-05-25 16:59,9255.40,4252.21,0.28,0.00,66.39,75.97,0.00,-1813.89
2023-05-25 17:00,9255.40,4225.51,0.66,38.07,67.54,75.92,0.00,-1813.51
2023-05-25 17:01,9255.40,4212.32,32.72,42.22,65.40,75.42,0.00,-1781.46
2023-05-25 17:02,9255.40,4185.25,38.01,43.88,63.81,75.09,0.00,-1776.16
2023-05-25 17:03,9255.40,4172.50,38.88,43.33,63.52,75.15,0.00,-1775.29
2023-05-25 17:04,9255.40,4152.23,4.45,9.00,63.42,75.08,0.00,-1809.72
2023-05-25 17:05,9255.40,4121.81,0.00,0.00,63.78,74.99,0.00,-1814.17
2023-05-25 17:06,9255.40,4109.19,0.00,0.00,63.46,75.06,0.00,-1814.17
2023-05-25 17:07,9255.40,4085.98,0.00,0.00,63.56,75.11,0.00,-1814.17
2023-05-25 17:08,9255.40,4078.00,0.00,0.00,63.44,75.27,0.00,-1814.17
2023-05-25 17:09,9255.40,4052.34,0.00,0.00,63.83,75.28,0.00,-1814.17
2023-05-25 17:10,9255.40,4037.63,0.00,0.00,65.20,75.36,0.00,-1814.17
2023-05-25 17:11,9255.40,4019.47,0.00,0.00,63.95,75.31,0.00,-1814.17
2023-05-25 17:12,9255.40,3993.45,0.00,0.00,63.18,75.30,0.00,-1814.17
2023-05-25 17:13,9255.40,3985.27,0.00,0.00,64.62,75.25,0.00,-1814.17
2023-05-25 17:14,9255.40,3962.40,0.00,0.00,65.21,75.25,0.00,-1814.17
2023-05-25 17:15,9255.40,3943.51,0.00,0.00,66.13,75.19,0.00,-1814.17
2023-05-25 17:16,9255.40,3917.94,0.00,0.00,66.17,75.12,0.00,-1814.17
2023-05-25 17:17,9255.40,3904.20,0.00,0.00,64.29,75.12,0.00,-1814.17
2023-05-25 17:18,9255.40,3885.23,0.00,0.00,63.47,75.06,0.00,-1814.17
2023-05-25 17:19,9255.40,3858.77,0.00,0.00,64.48,75.04,0.00,-1814.17
2023-05-25 17:20,9255.40,3850.89,0.00,0.00,63.72,75.03,0.00,-1814.17
2023-05-25 17:21,9255.40,3818.61,0.00,0.00,62.84,74.98,0.00,-1814.17
2023-05-25 17:22,9255.40,3803.64,0.00,0.00,63.08,74.97,0.00,-1814.17
2023-05-25 17:23,9255.40,3782.78,0.00,0.00,64.75,74.97,0.00,-1814.17
2023-05-25 17:24,9255.40,3751.74,0.00,0.00,63.81,74.97,0.00,-1814.17
2023-05-25 17:25,9255.40,3740.10,0.00,0.00,63.00,74.99,0.00,-1814.17
2023-05-25 17:26,9255.40,3715.04,0.46,17.30,63.43,74.91,0.00,-1813.71
2023-05-25 17:27,9255.40,3697.29,23.89,33.64,62.52,74.91,0.00,-1790.28
2023-05-25 17:28,9255.40,3681.62,39.60,46.65,62.22,74.77,0.00,-1774.58
2023-05-25 17:29,9255.40,3681.43,40.21,47.34,62.17,74.68,0.00,-1773.96
2023-05-25 17:30,9255.40,3649.24,20.35,27.69,62.08,74.41,0.00,-1793.82
2023-05-25 17:31,9255.40,3637.91,0.00,0.00,62.13,74.24,0.00,-1814.17
2023-05-25 17:32,9255.40,3614.36,0.00,0.00,62.32,74.10,0.00,-1814.17
2023-05-25 17:33,9255.40,3591.82,0.00,0.00,62.22,74.19,0.00,-1814.17
2023-05-25 17:34,9255.40,3578.12,0.00,0.00,62.04,74.20,0.00,-1814.17
2023-05-25 17:35,9255.40,3546.87,0.00,0.00,62.50,74.19,0.00,-1814.17
2023-05-25 17:36,9255.40,3526.58,0.00,0.00,62.62,74.24,0.00,-1814.17
2023-05-25 17:37,9255.40,3513.32,0.00,0.00,62.14,74.25,0.00,-1814.17
2023-05-25 17:38,9255.40,3481.38,0.00,0.00,63.99,74.24,0.00,-1814.17
2023-05-25 17:39,9255.40,3472.25,0.00,0.00,63.32,74.26,0.00,-1814.17
2023-05-25 17:40,9255.40,3447.30,0.00,0.00,62.71,74.24,0.00,-1814.17
2023-05-25 17:41,9255.40,3421.05,0.00,0.00,62.06,74.24,0.00,-1814.17
2023-05-25 17:42,9255.40,3403.76,0.00,0.00,62.98,74.24,0.00,-1814.17
2023-05-25 17:43,9255.40,3379.78,0.00,0.00,62.95,74.24,0.00,-1814.17
2023-05-25 17:44,9255.40,3357.50,0.00,0.00,62.04,74.24,0.00,-1814.17
2023-05-25 17:45,9255.40,3344.86,0.00,0.00,62.34,74.23,0.00,-1814.17
2023-05-25 17:46,9255.40,3313.06,0.00,0.00,61.84,74.20,0.00,-1814.17
2023-05-25 17:47,9255.40,3312.95,0.00,0.00,61.60,74.24,0.00,-1814.17
2023-05-25 17:48,9255.40,3286.51,0.00,0.00,63.26,74.17,0.00,-1814.17
2023-05-25 17:49,9255.40,3279.70,0.00,0.00,62.67,74.17,0.00,-1814.17
2023-05-25 17:50,9255.40,3247.88,0.00,0.00,62.49,74.14,0.00,-1814.17
2023-05-25 17:51,9255.40,3246.72,0.00,0.00,62.59,74.11,0.00,-1814.17
2023-05-25 17:52,9255.40,3233.34,0.00,0.00,61.41,74.06,0.00,-1814.17
2023-05-25 17:53,9255.40,3212.35,0.00,0.00,61.33,74.04,0.00,-1814.17
2023-05-25 17:54,9255.40,3197.74,0.00,0.00,61.47,74.04,0.00,-1814.17
2023-05-25 17:55,9255.40,3178.27,0.00,0.00,61.50,74.04,0.00,-1814.17
2023-05-25 17:56,9255.40,3178.27,0.00,0.00,61.77,74.03,0.00,-1814.17
2023-05-25 17:57,9255.40,3167.54,16.09,0.00,61.02,74.02,0.00,-1798.09
2023-05-25 17:58,9255.40,3144.55,36.84,0.00,60.78,73.85,0.00,-1777.33
2023-05-25 17:59,9255.40,3128.91,35.22,0.00,60.76,73.84,0.00,-1778.95
2023-05-25 18:00,9255.40,3110.25,24.71,0.00,60.86,73.83,0.00,-1789.47
2023-05-25 18:01,9255.40,3097.37,0.00,0.00,61.40,73.27,0.00,-1814.17
2023-05-25 18:02,9255.40,3076.03,0.00,0.00,61.65,73.03,0.00,-1814.17
2023-05-25 18:03,9255.40,3075.15,0.00,0.00,63.51,73.17,0.00,-1814.17
2023-05-25 18:04,9255.40,3042.68,0.00,0.00,61.48,73.16,0.00,-1814.17
2023-05-25 18:05,9255.40,3036.37,0.00,0.00,61.68,73.23,0.00,-1814.17
2023-05-25 18:06,9255.40,3008.01,0.00,0.00,60.75,73.31,0.00,-1814.17
2023-05-25 18:07,9255.40,2995.61,0.00,0.00,61.35,73.37,0.00,-1814.17
2023-05-25 18:08,9255.40,2973.83,0.00,0.00,61.28,73.32,0.00,-1814.17
2023-05-25 18:09,9255.40,2973.83,0.00,0.00,60.68,73.39,0.00,-1814.17
2023-05-25 18:10,9255.40,2973.83,0.00,0.00,60.61,73.38,0.00,-1814.17
2023-05-25 18:11,9255.40,2973.83,0.00,0.00,61.65,73.41,0.00,-1814.17
2023-05-25 18:12,9255.40,2973.83,0.00,0.00,60.95,73.43,0.00,-1814.17
2023-05-25 18:13,9255.40,2973.83,0.00,0.00,60.79,73.40,0.00,-1814.17
2023-05-25 18:14,9255.40,2973.83,0.00,0.00,60.50,73.38,0.00,-1814.17
2023-05-25 18:15,9255.40,2973.83,0.00,0.00,60.58,73.36,0.00,-1814.17
2023-05-25 18:16,9255.40,2973.83,0.00,0.00,61.04,73.33,0.00,-1814.17
2023-05-25 18:17,9255.40,2973.83,0.00,0.00,60.31,73.31,0.00,-1814.17
2023-05-25 18:18,9255.40,2973.83,0.00,0.00,60.29,73.30,0.00,-1814.17
2023-05-25 18:19,9255.40,2973.83,0.00,0.00,60.20,73.27,0.00,-1814.17
2023-05-25 18:20,9255.40,3062.48,0.00,0.00,60.21,73.13,0.00,-1814.17
2023-05-25 18:21,9255.40,3076.73,0.00,0.00,60.16,72.85,0.00,-1814.17
2023-05-25 18:22,9255.40,3168.37,0.00,0.00,60.42,72.13,0.00,-1814.17
2023-05-25 18:23,9255.40,3188.64,0.00,0.00,60.13,70.96,0.00,-1814.17
2023-05-25 18:24,9255.40,3282.44,0.00,0.00,60.47,70.90,0.00,-1814.17
2023-05-25 18:25,9255.40,3329.83,0.00,0.00,60.08,70.94,0.00,-1814.17
2023-05-25 18:26,9255.40,3386.04,0.00,0.00,59.99,71.10,0.00,-1814.17
2023-05-25 18:27,9255.40,3473.32,0.00,0.00,59.97,71.43,0.00,-1814.17
2023-05-25 18:28,9255.40,3513.37,0.00,0.00,59.86,71.51,0.00,-1814.17
2023-05-25 18:29,9255.40,3591.69,0.00,0.00,59.84,71.67,0.00,-1814.17
2023-05-25 18:30,9255.40,3591.69,0.00,0.00,59.77,71.75,0.00,-1814.17
2023-05-25 18:31,9255.40,3591.69,0.00,0.00,59.98,72.05,0.00,-1814.17
2023-05-25 18:32,9255.40,3591.69,0.00,0.00,59.99,72.27,0.00,-1814.17
2023-05-25 18:33,9255.40,3591.69,0.00,0.00,60.73,72.45,0.00,-1814.17
2023-05-25 18:34,9255.40,3591.69,0.00,0.00,59.87,72.60,0.00,-1814.17
2023-05-25 18:35,9255.40,3591.69,0.00,0.00,59.71,72.72,0.00,-1814.17
2023-05-25 18:36,9255.40,3595.76,0.00,0.00,59.67,72.83,0.00,-1814.17
2023-05-25 18:37,9255.40,3690.25,0.00,0.00,59.63,73.22,0.00,-1814.17
2023-05-25 18:38,9255.40,3711.03,0.00,0.00,60.91,73.32,0.00,-1814.17
2023-05-25 18:39,9255.40,3797.67,0.00,0.00,61.16,73.69,0.00,-1814.17
2023-05-25 18:40,9255.40,3848.61,0.00,0.00,59.87,74.01,0.00,-1814.17
2023-05-25 18:41,9255.40,3900.22,0.00,0.00,59.58,74.54,0.00,-1814.17
2023-05-25 18:42,9255.40,3987.90,0.00,0.00,59.62,74.96,0.00,-1814.17
2023-05-25 18:43,9255.40,4009.83,0.00,0.00,59.58,75.23,0.00,-1814.17
2023-05-25 18:44,9255.40,4102.42,0.00,0.00,60.00,75.68,0.00,-1814.17
2023-05-25 18:45,9255.40,4116.45,0.00,0.00,60.08,75.90,0.00,-1814.17
2023-05-25 18:46,9255.40,4208.02,0.00,0.00,59.45,76.40,0.00,-1814.17
2023-05-25 18:47,9255.40,4256.17,0.00,0.00,59.49,76.66,0.00,-1814.17
2023-05-25 18:48,9255.40,4311.24,0.00,0.00,59.44,77.33,0.00,-1814.17
2023-05-25 18:49,9255.40,4396.03,0.00,0.00,59.41,77.81,0.00,-1814.17
2023-05-25 18:50,9255.40,4427.52,0.00,0.00,59.34,78.09,0.00,-1814.17
2023-05-25 18:51,9255.40,4516.71,0.00,0.00,59.31,78.64,0.00,-1814.17
2023-05-25 18:52,9255.40,4521.72,0.00,0.00,59.35,78.59,0.00,-1814.17
2023-05-25 18:53,9255.40,4614.92,0.00,0.00,59.30,78.95,0.00,-1814.17
2023-05-25 18:54,9255.40,4657.92,0.00,0.00,59.68,79.23,0.00,-1814.17
2023-05-25 18:55,9255.40,4721.63,0.00,0.00,60.60,79.91,0.00,-1814.17
2023-05-25 18:56,9255.40,4801.34,0.00,0.00,62.05,80.31,0.00,-1814.17
2023-05-25 18:57,9255.40,4842.30,0.00,0.00,61.46,80.75,0.00,-1814.17
2023-05-25 18:58,9255.40,4927.31,0.00,0.00,61.28,81.41,0.00,-1814.17
2023-05-25 18:59,9255.40,4979.02,0.00,0.00,63.98,81.61,0.00,-1814.17
2023-05-25 19:00,9255.40,5029.95,0.00,0.00,64.20,82.21,0.00,-1814.17
2023-05-25 19:01,9255.40,5123.26,0.00,0.00,63.63,82.63,0.00,-1814.17
2023-05-25 19:02,9255.40,5163.56,0.00,0.00,65.10,82.94,0.00,-1814.17
2023-05-25 19:03,9255.40,5232.98,0.00,0.00,64.99,83.55,0.00,-1814.17
2023-05-25 19:04,9255.40,5309.70,0.00,0.00,63.54,83.80,0.00,-1814.17
2023-05-25 19:05,9255.40,5349.79,0.00,0.00,63.93,84.06,0.00,-1814.17
2023-05-25 19:06,9255.40,5403.45,0.00,0.00,62.84,84.45,0.00,-1814.17
2023-05-25 19:07,9255.40,5403.45,0.00,0.00,61.98,84.39,0.00,-1814.17
2023-05-25 19:08,9255.40,5403.45,0.00,0.00,62.16,84.12,0.00,-1814.17
2023-05-25 19:09,9255.40,5403.45,0.00,0.00,62.46,83.87,0.00,-1814.17
2023-05-25 19:10,9255.40,5392.38,0.00,0.00,62.69,83.66,0.00,-1814.17
2023-05-25 19:11,9255.40,5369.83,0.00,0.00,63.08,83.21,0.00,-1814.17
2023-05-25 19:12,9255.40,5357.54,0.00,0.00,62.52,82.77,0.00,-1814.17
2023-05-25 19:13,9255.40,5336.77,0.00,0.00,63.33,82.27,0.00,-1814.17
2023-05-25 19:14,9255.40,5310.73,0.00,0.00,63.13,81.80,0.00,-1814.17
2023-05-25 19:15,9255.40,5294.71,0.00,0.00,63.57,81.30,0.00,-1814.17
2023-05-25 19:16,9255.40,5270.03,0.00,0.00,62.46,80.80,0.00,-1814.17
2023-05-25 19:17,9255.40,5250.35,0.00,0.00,62.66,80.36,0.00,-1814.17
2023-05-25 19:18,9255.40,5233.03,0.00,0.00,63.18,79.88,0.00,-1814.17
2023-05-25 19:19,9255.40,5203.30,0.00,0.00,64.23,79.45,0.00,-1814.17
2023-05-25 19:20,9255.40,5194.52,0.00,0.00,63.33,79.04,0.00,-1814.17
2023-05-25 19:21,9255.40,5169.61,0.00,0.00,62.57,78.66,0.00,-1814.17
2023-05-25 19:22,9255.40,5145.44,0.00,0.00,61.99,78.31,0.00,-1814.17
2023-05-25 19:23,9255.40,5129.49,0.00,0.00,61.65,77.97,0.00,-1814.17
2023-05-25 19:24,9255.40,5102.90,0.00,0.00,62.29,77.66,0.00,-1814.17
2023-05-25 19:25,9255.40,5090.84,0.00,0.00,62.18,77.37,0.00,-1814.17
2023-05-25 19:26,9255.40,5069.86,0.00,0.00,62.49,77.07,0.00,-1814.17
2023-05-25 19:27,9255.40,5048.62,0.00,0.00,61.45,76.80,0.00,-1814.17
2023-05-25 19:28,9255.40,5037.00,0.00,0.00,61.62,76.58,0.00,-1814.17
2023-05-25 19:29,9255.40,5006.79,0.00,0.00,62.09,76.31,0.00,-1814.17
2023-05-25 19:30,9255.40,4993.12,0.00,0.00,62.71,76.10,0.00,-1814.17
2023-05-25 19:31,9255.40,4970.54,0.00,0.00,63.00,75.88,0.00,-1814.17
2023-05-25 19:32,9255.40,4961.31,0.00,0.00,61.77,75.72,0.00,-1814.17
2023-05-25 19:33,9255.40,4936.80,0.00,0.00,61.66,75.53,0.00,-1814.17
2023-05-25 19:34,9255.40,4916.71,0.00,0.00,62.42,75.38,0.00,-1814.17
2023-05-25 19:35,9255.40,4903.28,0.00,0.00,61.62,75.23,0.00,-1814.17
2023-05-25 19:36,9255.40,4878.15,0.00,3.82,62.34,75.05,0.00,-1814.17
2023-05-25 19:37,9255.40,4870.24,0.00,6.93,62.46,74.86,0.00,-1814.17
2023-05-25 19:38,9255.40,4863.43,0.00,22.56,60.91,74.71,0.00,-1814.17
2023-05-25 19:39,9255.40,4836.32,0.00,36.82,61.19,74.54,0.00,-1814.17
2023-05-25 19:40,9255.40,4836.32,0.00,30.53,60.53,74.37,0.00,-1814.17
2023-05-25 19:41,9255.40,4836.32,0.00,65.73,59.54,74.23,0.00,-1814.17
2023-05-25 19:42,9255.40,4822.32,2.80,70.39,59.01,74.06,0.00,-1811.38
2023-05-25 19:43,9255.40,4802.60,0.00,73.65,58.92,73.73,0.00,-1814.17
2023-05-25 19:44,9255.40,4783.77,2.16,80.01,58.88,73.34,0.00,-1812.02
2023-05-25 19:45,9255.40,4768.53,0.00,78.88,58.83,72.96,0.00,-1814.17
2023-05-25 19:46,9255.40,4759.75,0.00,63.33,58.84,72.81,0.00,-1814.17
2023-05-25 19:47,9255.40,4734.81,0.00,0.00,59.20,72.42,0.00,-1814.17
2023-05-25 19:48,9255.40,4707.82,0.00,0.00,59.98,72.21,0.00,-1814.17
2023-05-25 19:49,9255.40,4701.37,0.00,0.00,61.05,72.05,0.00,-1814.17
2023-05-25 19:50,9255.40,4671.87,0.00,0.00,60.98,71.96,0.00,-1814.17
2023-05-25 19:51,9255.40,4667.46,0.00,0.00,61.59,71.78,0.00,-1814.17
2023-05-25 19:52,9255.40,4635.35,0.00,0.00,61.71,71.63,0.00,-1814.17
2023-05-25 19:53,9255.40,4629.64,0.00,0.00,61.13,71.48,0.00,-1814.17
2023-05-25 19:54,9255.40,4600.58,0.00,0.00,61.78,71.30,0.00,-1814.17
2023-05-25 19:55,9255.40,4586.15,0.00,0.00,62.31,71.16,0.00,-1814.17
2023-05-25 19:56,9255.40,4567.07,0.00,0.00,62.20,70.98,0.00,-1814.17
2023-05-25 19:57,9255.40,4537.03,0.00,0.00,61.75,70.81,0.00,-1814.17
2023-05-25 19:58,9255.40,4523.86,0.00,0.00,61.71,70.66,0.00,-1814.17
2023-05-25 19:59,9255.40,4500.28,0.00,0.00,60.32,70.48,0.00,-1814.17
2023-05-25 20:00,9255.40,4500.28,0.00,0.00,59.37,70.37,0.00,-1814.17
2023-05-25 20:01,9255.40,4500.28,0.00,0.00,59.62,70.27,0.00,-1814.17
2023-05-25 20:02,9255.40,4500.28,0.00,0.00,60.29,70.16,0.00,-1814.17
2023-05-25 20:03,9255.40,4500.28,0.00,0.00,61.54,70.03,0.00,-1814.17
2023-05-25 20:04,9255.40,4500.28,0.00,0.00,61.98,69.92,0.00,-1814.17
2023-05-25 20:05,9255.40,4500.26,0.00,0.00,60.01,69.79,0.00,-1814.17
2023-05-25 20:06,9255.40,4469.52,0.19,0.00,60.70,69.66,0.00,-1813.98
2023-05-25 20:07,9255.40,4466.17,4.31,19.93,58.69,69.49,0.00,-1809.86
2023-05-25 20:08,9255.40,4434.39,5.67,44.53,58.05,69.25,0.00,-1808.51
2023-05-25 20:09,9255.40,4433.80,0.57,56.26,57.98,69.13,0.00,-1813.60
2023-05-25 20:10,9255.40,4414.16,0.00,30.11,57.98,68.92,0.00,-1814.17
2023-05-25 20:11,9255.40,4400.56,0.00,0.00,57.96,68.52,0.00,-1814.17
2023-05-25 20:12,9255.40,4388.38,0.00,0.00,57.91,68.52,0.00,-1814.17
2023-05-25 20:13,9255.40,4368.33,0.00,0.00,58.56,68.36,0.00,-1814.17
2023-05-25 20:14,9255.40,4342.18,0.00,0.00,58.32,68.36,0.00,-1814.17
2023-05-25 20:15,9255.40,4335.19,0.00,0.00,57.89,68.29,0.00,-1814.17
2023-05-25 20:16,9255.40,4304.85,0.00,0.00,57.84,68.26,0.00,-1814.17
2023-05-25 20:17,9255.40,4301.43,0.00,0.00,57.76,68.20,0.00,-1814.17
2023-05-25 20:18,9255.40,4269.74,0.00,0.00,57.71,68.13,0.00,-1814.17
2023-05-25 20:19,9255.40,4256.71,0.00,0.00,57.70,68.07,0.00,-1814.17
2023-05-25 20:20,9255.40,4235.09,0.00,0.00,57.68,68.00,0.00,-1814.17
2023-05-25 20:21,9255.40,4212.15,0.00,0.00,57.58,67.92,0.00,-1814.17
2023-05-25 20:22,9255.40,4196.49,0.00,0.00,57.58,67.87,0.00,-1814.17
2023-05-25 20:23,9255.40,4168.61,0.00,0.00,57.53,67.76,0.00,-1814.17
2023-05-25 20:24,9255.40,4168.61,0.00,0.00,57.53,67.70,0.00,-1814.17
2023-05-25 20:25,9255.40,4168.61,0.00,0.00,57.49,67.67,0.00,-1814.17
2023-05-25 20:26,9255.40,4142.66,0.00,0.00,57.44,67.61,0.00,-1814.17
2023-05-25 20:27,9255.40,4122.20,0.00,0.00,57.38,67.55,0.00,-1814.17
2023-05-25 20:28,9255.40,4102.33,0.00,0.00,57.38,67.45,0.00,-1814.17
2023-05-25 20:29,9255.40,4073.69,0.00,0.00,57.46,67.40,0.00,-1814.17
2023-05-25 20:30,9255.40,4056.27,0.00,0.00,57.31,67.34,0.00,-1814.17
2023-05-25 20:31,9255.40,4035.85,0.00,0.00,57.28,67.29,0.00,-1814.17
2023-05-25 20:32,9255.40,4006.29,0.00,0.00,57.23,67.21,0.00,-1814.17
2023-05-25 20:33,9255.40,3990.32,0.00,0.00,57.20,67.19,0.00,-1814.17
2023-05-25 20:34,9255.40,3969.78,0.19,40.71,57.30,67.14,0.00,-1813.98
2023-05-25 20:35,9255.40,3969.78,35.32,54.56,57.06,67.06,0.00,-1778.85
2023-05-25 20:36,9255.40,3969.78,37.68,55.70,57.01,66.91,0.00,-1776.49
2023-05-25 20:37,9255.40,3961.38,37.61,60.36,56.97,66.81,0.00,-1776.56
2023-05-25 20:38,9255.40,3936.23,29.02,88.77,56.96,66.78,0.00,-1785.16
2023-05-25 20:39,9255.40,3936.23,0.00,6.22,56.93,65.80,0.00,-1814.17
2023-05-25 20:40,9255.40,3936.23,0.00,0.00,56.91,65.72,0.00,-1814.17
2023-05-25 20:41,9255.40,3910.50,0.00,0.00,56.87,65.64,0.00,-1814.17
2023-05-25 20:42,9255.40,3903.17,0.00,0.00,57.00,65.51,0.00,-1814.17
2023-05-25 20:43,9255.40,3871.54,0.00,0.00,56.93,65.47,0.00,-1814.17
2023-05-25 20:44,9255.40,3869.09,0.00,0.00,56.85,65.43,0.00,-1814.17
2023-05-25 20:45,9255.40,3837.44,0.00,0.00,56.81,65.42,0.00,-1814.17
2023-05-25 20:46,9255.40,3822.96,0.00,0.00,56.75,65.40,0.00,-1814.17
2023-05-25 20:47,9255.40,3803.30,0.00,0.00,56.71,65.30,0.00,-1814.17
2023-05-25 20:48,9255.40,3788.90,0.00,0.00,56.65,65.34,0.00,-1814.17
2023-05-25 20:49,9255.40,3769.10,0.00,0.00,56.64,65.27,0.00,-1814.17
2023-05-25 20:50,9255.40,3737.26,0.00,0.00,56.60,65.22,0.00,-1814.17
2023-05-25 20:51,9255.40,3728.94,0.00,0.00,56.58,65.21,0.00,-1814.17
2023-05-25 20:52,9255.40,3703.48,0.00,0.00,56.58,65.12,0.00,-1814.17
2023-05-25 20:53,9255.40,3692.74,0.00,0.00,56.52,65.14,0.00,-1814.17
2023-05-25 20:54,9255.40,3670.41,0.00,0.00,56.52,65.05,0.00,-1814.17
2023-05-25 20:55,9255.40,3670.41,0.00,0.00,56.47,65.08,0.00,-1814.17
2023-05-25 20:56,9255.40,3670.41,0.00,0.00,56.45,65.08,0.00,-1814.17
2023-05-25 20:57,9255.40,3669.25,0.00,0.00,56.41,65.09,0.00,-1814.17
2023-05-25 20:58,9255.40,3637.56,0.00,0.00,56.38,65.07,0.00,-1814.17
2023-05-25 20:59,9255.40,3637.00,0.00,0.00,56.37,65.01,0.00,-1814.17
2023-05-25 21:00,9255.40,3605.14,0.00,0.00,56.32,64.98,0.00,-1814.17
2023-05-25 21:01,9255.40,3598.72,0.00,0.00,56.28,64.92,0.00,-1814.17
2023-05-25 21:02,9255.40,3569.99,0.00,0.00,56.25,64.87,0.00,-1814.17
2023-05-25 21:03,9255.40,3566.07,0.00,0.00,56.18,64.87,0.00,-1814.17
2023-05-25 21:04,9255.40,3536.59,0.00,0.00,56.19,64.79,0.00,-1814.17
2023-05-25 21:05,9255.40,3521.56,0.00,0.00,56.17,64.75,0.00,-1814.17
2023-05-25 21:06,9255.40,3503.78,0.00,0.00,56.12,64.75,0.00,-1814.17
2023-05-25 21:07,9255.40,3503.78,0.00,0.00,56.11,64.83,0.00,-1814.17
2023-05-25 21:08,9255.40,3503.78,0.00,0.00,56.06,64.93,0.00,-1814.17
2023-05-25 21:09,9255.40,3477.25,0.00,17.10,56.09,64.94,0.00,-1814.17
2023-05-25 21:10,9255.40,3470.47,8.01,75.20,56.06,64.87,0.00,-1806.16
2023-05-25 21:11,9255.40,3445.66,39.31,88.49,55.93,64.73,0.00,-1774.87
2023-05-25 21:12,9255.40,3432.01,38.86,98.24,55.88,64.55,0.00,-1775.31
2023-05-25 21:13,9255.40,3404.32,38.73,101.92,55.83,64.43,0.00,-1775.45
2023-05-25 21:14,9255.40,3402.20,1.81,25.16,55.96,64.22,0.00,-1812.37
2023-05-25 21:15,9255.40,3370.92,0.00,0.00,56.72,63.85,0.00,-1814.17
2023-05-25 21:16,9255.40,3368.42,0.00,0.00,56.04,63.88,0.00,-1814.17
2023-05-25 21:17,9255.40,3337.53,0.00,0.00,56.91,63.78,0.00,-1814.17
2023-05-25 21:18,9255.40,3328.94,0.00,0.00,57.20,63.85,0.00,-1814.17
2023-05-25 21:19,9255.40,3304.65,0.00,0.00,55.76,63.81,0.00,-1814.17
2023-05-25 21:20,9255.40,3301.49,0.00,0.00,55.64,63.88,0.00,-1814.17
2023-05-25 21:21,9255.40,3271.83,0.00,0.00,55.99,63.85,0.00,-1814.17
2023-05-25 21:22,9255.40,3269.49,0.00,0.00,55.98,63.87,0.00,-1814.17
2023-05-25 21:23,9255.40,3239.12,0.00,0.00,55.59,63.83,0.00,-1814.17
2023-05-25 21:24,9255.40,3237.32,0.00,0.00,55.59,63.83,0.00,-1814.17
2023-05-25 21:25,9255.40,3205.97,0.00,0.00,55.53,63.82,0.00,-1814.17
2023-05-25 21:26,9255.40,3205.91,0.00,0.00,55.46,63.82,0.00,-1814.17
2023-05-25 21:27,9255.40,3191.38,0.00,0.00,55.45,63.88,0.00,-1814.17
2023-05-25 21:28,9255.40,3173.60,0.00,0.00,55.45,63.82,0.00,-1814.17
2023-05-25 21:29,9255.40,3149.60,0.00,0.00,55.51,63.85,0.00,-1814.17
2023-05-25 21:30,9255.40,3140.62,0.00,0.00,55.46,63.84,0.00,-1814.17
2023-05-25 21:31,9255.40,3119.30,0.00,0.00,55.60,63.87,0.00,-1814.17
2023-05-25 21:32,9255.40,3107.67,0.00,0.00,55.43,63.85,0.00,-1814.17
2023-05-25 21:33,9255.40,3076.62,0.00,0.00,55.48,63.87,0.00,-1814.17
2023-05-25 21:34,9255.40,3074.69,0.00,0.00,55.41,63.88,0.00,-1814.17
2023-05-25 21:35,9255.40,3047.19,0.00,0.00,55.28,63.87,0.00,-1814.17
2023-05-25 21:36,9255.40,3042.16,0.00,0.00,55.28,63.88,0.00,-1814.17
2023-05-25 21:37,9255.40,3039.12,0.00,0.00,55.39,63.93,0.00,-1814.17
2023-05-25 21:38,9255.40,3037.29,0.00,0.00,55.55,63.94,0.00,-1814.17
2023-05-25 21:39,9255.40,3037.29,0.00,20.64,55.28,63.97,0.00,-1814.17
2023-05-25 21:40,9255.40,3037.29,6.75,78.74,55.21,63.96,0.00,-1807.43
2023-05-25 21:41,9255.40,3037.29,32.84,89.90,55.05,63.87,0.00,-1781.34
2023-05-25 21:42,9255.40,3037.29,28.38,87.78,55.00,63.86,0.00,-1785.80
2023-05-25 21:43,9255.40,3037.29,0.00,9.75,55.17,63.52,0.00,-1814.17
2023-05-25 21:44,9255.40,3037.29,0.00,0.00,55.28,63.44,0.00,-1814.17
2023-05-25 21:45,9255.40,3037.29,0.00,0.00,55.25,63.49,0.00,-1814.17
2023-05-25 21:46,9255.40,3031.00,0.00,0.00,55.20,63.53,0.00,-1814.17
2023-05-25 21:47,9255.40,2948.04,0.00,0.00,55.64,63.18,0.00,-1814.17
2023-05-25 21:48,9255.40,2938.35,0.00,0.00,55.35,62.95,0.00,-1814.17
2023-05-25 21:49,9255.40,2938.35,0.00,0.00,55.58,63.06,0.00,-1814.17
2023-05-25 21:50,9255.40,2938.35,0.00,0.00,55.92,63.15,0.00,-1814.17
2023-05-25 21:51,9255.40,2938.35,0.00,0.00,56.02,63.22,0.00,-1814.17
2023-05-25 21:52,9255.40,2938.35,0.00,0.00,55.82,63.27,0.00,-1814.17
2023-05-25 21:53,9255.40,2926.46,0.00,0.00,56.22,63.29,0.00,-1814.17
2023-05-25 21:54,9255.40,2844.05,0.00,0.00,55.85,63.06,0.00,-1814.17
2023-05-25 21:55,9255.40,2839.91,0.00,0.00,55.23,63.01,0.00,-1814.17
2023-05-25 21:56,9255.40,2816.79,0.00,0.00,55.26,63.11,0.00,-1814.17
2023-05-25 21:57,9255.40,2740.98,0.00,0.00,55.19,62.97,0.00,-1814.17
2023-05-25 21:58,9255.40,2738.37,0.00,0.00,55.32,63.04,0.00,-1814.17
2023-05-25 21:59,9255.40,2658.75,0.00,0.00,55.88,63.06,0.00,-1814.17
2023-05-25 22:00,9255.40,2642.79,0.00,1.55,57.49,63.07,0.00,-1814.17
2023-05-25 22:01,9255.40,2615.58,0.00,30.96,56.00,63.15,0.00,-1814.17
2023-05-25 22:02,9255.40,2545.80,32.61,57.96,54.75,63.03,0.00,-1781.56
2023-05-25 22:03,9255.40,2545.80,28.92,62.62,54.54,63.06,0.00,-1785.25
2023-05-25 22:04,9255.40,2518.51,8.84,31.67,54.54,62.99,0.00,-1805.33
2023-05-25 22:05,9255.40,2448.27,0.00,0.00,54.57,62.43,0.00,-1814.17
2023-05-25 22:06,9255.40,2448.27,0.00,0.00,54.68,62.57,0.00,-1814.17
2023-05-25 22:07,9255.40,2393.02,0.00,0.00,54.76,62.67,0.00,-1814.17
2023-05-25 22:08,9255.40,2350.93,0.00,0.00,54.70,62.64,0.00,-1814.17
2023-05-25 22:09,9255.40,2350.93,0.00,0.00,54.72,62.79,0.00,-1814.17
2023-05-25 22:10,9255.40,2284.85,0.00,0.00,54.69,62.78,0.00,-1814.17
2023-05-25 22:11,9255.40,2254.44,0.00,0.00,54.65,62.77,0.00,-1814.17
2023-05-25 22:12,9255.40,2243.55,0.00,0.00,54.69,62.85,0.00,-1814.17
2023-05-25 22:13,9255.40,2161.39,0.00,0.00,54.72,62.78,0.00,-1814.17
2023-05-25 22:14,9255.40,2157.39,0.00,0.00,54.74,62.82,0.00,-1814.17
2023-05-25 22:15,9255.40,2126.08,8.64,53.72,54.55,62.88,0.00,-1805.53
2023-05-25 22:16,9255.40,2059.39,37.90,63.33,54.34,62.75,0.00,-1776.27
2023-05-25 22:17,9255.40,2059.39,31.59,60.93,54.31,62.81,0.00,-1782.58
2023-05-25 22:18,9255.40,2009.25,0.00,3.25,54.29,62.28,0.00,-1814.17
2023-05-25 22:19,9255.40,1962.54,0.00,0.00,54.36,61.52,0.00,-1814.17
2023-05-25 22:20,9255.40,1962.54,0.00,0.00,54.55,61.73,0.00,-1814.17
2023-05-25 22:21,9255.40,1949.48,0.00,0.00,54.47,61.94,0.00,-1814.17
2023-05-25 22:22,9255.40,1868.99,0.00,0.00,54.46,61.87,0.00,-1814.17
2023-05-25 22:23,9255.40,1866.23,0.00,0.00,54.46,62.02,0.00,-1814.17
2023-05-25 22:24,9255.40,1824.34,0.00,0.00,54.48,62.07,0.00,-1814.17
2023-05-25 22:25,9255.40,1769.74,0.00,0.00,54.60,62.01,0.00,-1814.17
2023-05-25 22:26,9255.40,1769.74,0.00,0.00,54.61,62.15,0.00,-1814.17
2023-05-25 22:27,9255.40,1729.70,0.00,0.00,54.92,62.18,0.00,-1814.17
2023-05-25 22:28,9255.40,1673.05,0.00,0.00,54.75,62.10,0.00,-1814.17
2023-05-25 22:29,9255.40,1670.81,2.23,69.12,54.56,62.21,0.00,-1811.94
2023-05-25 22:30,9255.40,1590.66,34.48,101.64,54.24,62.15,0.00,-1779.69
2023-05-25 22:31,9255.40,1575.93,40.40,102.77,54.11,62.15,0.00,-1773.77
2023-05-25 22:32,9255.40,1564.93,13.43,55.55,54.07,61.72,0.00,-1800.75
2023-05-25 22:33,9255.40,1483.55,0.00,0.00,54.20,60.39,0.00,-1814.17
2023-05-25 22:34,9255.40,1479.99,0.00,0.00,54.47,60.44,0.00,-1814.17
2023-05-25 22:35,9255.40,1479.99,0.00,0.00,54.71,60.79,0.00,-1814.17
2023-05-25 22:36,9255.40,1473.78,0.00,0.00,54.53,61.00,0.00,-1814.17
2023-05-25 22:37,9255.40,1390.71,0.00,0.00,54.54,60.90,0.00,-1814.17
2023-05-25 22:38,9255.40,1383.05,0.00,0.00,54.50,60.96,0.00,-1814.17
2023-05-25 22:39,9255.40,1370.90,0.00,0.00,54.66,61.15,0.00,-1814.17
2023-05-25 22:40,9255.40,1289.31,0.00,0.00,54.57,61.05,0.00,-1814.17
2023-05-25 22:41,9255.40,1286.33,0.00,0.00,54.73,61.15,0.00,-1814.17
2023-05-25 22:42,9255.40,1277.61,0.00,0.00,54.88,61.32,0.00,-1814.17
2023-05-25 22:43,9255.40,1195.12,0.00,0.00,54.67,61.28,0.00,-1814.17
2023-05-25 22:44,9255.40,1190.12,0.00,0.00,54.57,61.38,0.00,-1814.17
2023-05-25 22:45,9255.40,1190.12,0.00,17.39,54.55,61.53,0.00,-1814.17
2023-05-25 22:46,9255.40,1130.83,5.39,99.51,54.26,61.51,0.00,-1808.78
2023-05-25 22:47,9255.40,1094.87,36.90,100.08,53.88,61.42,0.00,-1777.28
2023-05-25 22:48,9255.40,1087.58,20.07,85.24,53.79,61.52,0.00,-1794.11
2023-05-25 22:49,9255.40,1004.28,0.00,2.69,53.92,60.70,0.00,-1814.17
2023-05-25 22:50,9255.40,998.35,0.00,0.00,54.25,60.58,0.00,-1814.17
2023-05-25 22:51,9255.40,998.35,0.00,0.00,54.30,60.86,0.00,-1814.17
2023-05-25 22:52,9255.40,989.47,0.00,0.00,54.37,61.02,0.00,-1814.17
2023-05-25 22:53,9255.40,907.31,0.00,0.00,54.38,60.93,0.00,-1814.17
2023-05-25 22:54,9255.40,902.95,0.00,0.00,54.32,61.02,0.00,-1814.17
2023-05-25 22:55,9255.40,893.59,0.00,0.00,54.36,61.16,0.00,-1814.17
2023-05-25 22:56,9255.40,810.86,0.00,0.00,54.33,61.05,0.00,-1814.17
2023-05-25 22:57,9255.40,806.58,0.00,0.00,54.26,61.13,0.00,-1814.17
2023-05-25 22:58,9255.40,775.87,0.00,0.00,54.23,61.23,0.00,-1814.17
2023-05-25 22:59,9255.40,710.50,0.00,0.00,54.23,61.17,0.00,-1814.17
2023-05-25 23:00,9255.40,710.50,0.00,42.26,54.13,61.31,0.00,-1814.17
2023-05-25 23:01,9255.40,661.81,0.00,104.46,53.90,61.33,0.00,-1814.17
2023-05-25 23:02,9255.40,630.99,0.00,52.87,53.66,61.27,0.00,-1814.17
2023-05-25 23:03,9255.40,626.73,0.00,0.00,53.88,61.42,0.00,-1814.17
2023-05-25 23:04,9255.40,613.25,1.59,0.00,53.95,61.43,0.00,-1812.58
2023-05-25 23:05,9255.40,613.31,0.00,0.00,53.65,61.43,0.00,-1814.17
2023-05-25 23:06,9255.40,613.32,0.00,0.00,54.07,61.43,0.00,-1814.17
2023-05-25 23:07,9255.40,611.48,0.00,0.00,54.18,61.43,0.00,-1814.17
2023-05-25 23:08,9255.40,534.58,0.00,0.00,54.19,61.44,0.00,-1814.17
2023-05-25 23:09,9255.40,521.71,0.00,0.00,54.90,61.47,0.00,-1814.17
2023-05-25 23:10,9255.40,521.35,0.00,0.00,56.19,61.49,0.00,-1814.17
2023-05-25 23:11,9255.40,446.36,0.00,0.00,57.50,61.50,0.00,-1814.17
2023-05-25 23:12,9255.40,428.92,0.00,0.00,58.18,61.51,0.00,-1814.17
2023-05-25 23:13,9255.40,429.63,0.00,0.00,57.81,61.53,0.00,-1814.17
2023-05-25 23:14,9255.40,429.63,0.00,0.00,57.42,61.56,0.00,-1814.17
2023-05-25 23:15,9255.40,429.63,0.00,0.00,57.28,61.56,0.00,-1814.17
2023-05-25 23:16,9255.40,429.63,0.00,0.00,56.59,61.56,0.00,-1814.17
2023-05-25 23:17,9255.40,429.63,0.00,0.00,56.28,61.56,0.00,-1814.17
2023-05-25 23:18,9255.40,429.63,0.00,0.00,56.88,61.57,0.00,-1814.17
2023-05-25 23:19,9255.40,429.63,0.00,0.00,56.75,61.62,0.00,-1814.17
2023-05-25 23:20,9255.40,469.56,0.00,0.00,56.44,61.62,0.00,-1814.17
2023-05-25 23:21,9255.40,495.36,0.00,0.00,56.21,61.63,0.00,-1814.17
2023-05-25 23:22,9255.40,495.31,0.00,0.00,55.83,61.63,0.00,-1814.17
2023-05-25 23:23,9255.40,495.31,0.00,0.00,55.24,61.65,0.00,-1814.17
2023-05-25 23:24,9255.40,495.31,0.00,0.00,54.82,61.68,0.00,-1814.17
2023-05-25 23:25,9255.40,495.31,0.00,0.00,54.65,61.69,0.00,-1814.17
2023-05-25 23:26,9255.40,441.16,0.00,0.00,54.80,61.69,0.00,-1814.17
2023-05-25 23:27,9255.40,402.75,0.00,0.00,55.07,61.69,0.00,-1814.17
2023-05-25 23:28,9255.40,402.75,0.00,0.00,55.03,61.70,0.00,-1814.17
2023-05-25 23:29,9255.40,397.45,0.00,0.00,55.21,61.76,0.00,-1814.17
2023-05-25 23:30,9255.40,317.23,0.00,0.00,55.39,61.76,0.00,-1814.17
2023-05-25 23:31,9255.40,310.68,0.00,0.00,54.26,61.76,0.00,-1814.17
2023-05-25 23:32,9255.40,295.32,0.00,0.71,53.62,61.76,0.00,-1814.17
2023-05-25 23:33,9255.40,220.71,0.00,0.71,53.27,61.76,0.00,-1814.17
2023-05-25 23:34,9255.40,219.82,0.00,9.89,53.23,61.77,0.00,-1814.17
2023-05-25 23:35,9255.40,219.82,0.00,3.11,53.23,61.76,0.00,-1814.17
2023-05-25 23:36,9255.40,195.51,0.00,0.00,53.24,61.76,0.00,-1814.17
2023-05-25 23:37,9255.40,128.93,0.00,0.00,53.22,61.76,0.00,-1814.17
2023-05-25 23:38,9255.40,128.93,0.00,0.00,53.20,61.76,0.00,-1814.17
2023-05-25 23:39,9255.40,104.21,0.00,0.00,53.20,61.76,0.00,-1814.17
2023-05-25 23:40,9255.40,37.26,0.00,0.00,53.20,61.76,0.00,-1814.17
2023-05-25 23:41,9255.40,37.26,0.00,0.00,53.20,61.76,0.00,-1814.17
2023-05-25 23:42,9255.40,3.99,0.00,0.00,53.16,61.76,0.00,-1814.17
2023-05-25 23:43,9255.40,0.08,0.00,0.00,53.20,61.76,0.00,-1814.17
2023-05-25 23:44,9255.40,0.07,0.00,0.00,53.14,61.77,0.00,-1814.17
2023-05-25 23:45,9255.40,0.05,0.00,0.00,53.06,61.76,0.00,-1814.17
2023-05-25 23:46,9255.40,0.08,0.00,0.00,53.06,61.75,0.00,-1814.17
2023-05-25 23:47,9255.40,0.05,0.00,0.00,53.08,61.46,0.00,-1814.17
2023-05-25 23:48,9255.40,0.07,0.00,0.00,53.04,61.43,0.00,-1814.17
2023-05-25 23:49,9255.40,0.13,0.00,0.00,53.03,61.43,0.00,-1814.17
2023-05-25 23:50,9255.40,0.13,0.00,0.00,53.03,61.43,0.00,-1814.17
2023-05-25 23:51,9255.40,0.13,0.00,0.00,53.00,61.43,0.00,-1814.17
2023-05-25 23:52,9255.40,0.13,0.00,0.00,53.00,61.40,0.00,-1814.17
2023-05-25 23:53,9255.40,0.13,0.00,0.00,53.00,61.36,0.00,-1814.17
2023-05-25 23:54,9255.40,0.13,0.00,0.00,53.00,61.36,0.00,-1814.17
2023-05-25 23:55,9255.40,0.13,0.00,0.00,52.97,61.35,0.00,-1814.17
2023-05-25 23:56,9255.40,0.13,0.00,0.00,52.93,61.31,0.00,-1814.17
2023-05-25 23:57,9255.40,0.06,0.00,0.00,52.93,61.30,0.00,-1814.17
2023-05-25 23:58,9255.40,0.03,0.00,0.00,52.93,61.24,0.00,-1814.17
2023-05-25 23:59,9255.40,0.03,0.00,0.00,52.91,61.23,0.00,-1814.17
2023-05-26 00:00,9255.40,0.03,0.00,0.00,52.87,61.18,0.00,-1814.17
2023-05-26 00:01,9255.40,0.03,0.00,0.00,52.87,61.16,0.00,-1814.17
2023-05-26 00:02,9255.40,0.03,0.00,0.00,52.81,61.10,0.00,-1814.17
2023-05-26 00:03,9255.40,0.03,0.00,0.00,52.80,61.06,0.00,-1814.17
2023-05-26 00:04,9255.40,0.03,0.00,0.00,52.80,61.03,0.00,-1814.17
2023-05-26 00:05,9255.40,0.48,0.00,0.00,52.80,61.03,0.00,-1814.17
2023-05-26 00:06,9255.40,3.91,0.00,0.00,52.78,61.03,0.00,-1814.17
2023-05-26 00:07,9255.40,3.91,0.00,0.00,52.75,61.00,0.00,-1814.17
2023-05-26 00:08,9255.40,3.91,0.00,0.00,52.74,60.98,0.00,-1814.17
2023-05-26 00:09,9255.40,3.91,0.00,0.00,52.73,61.01,0.00,-1814.17
2023-05-26 00:10,9255.40,3.91,0.00,0.00,52.73,61.03,0.00,-1814.17
2023-05-26 00:11,9255.40,3.91,0.00,0.00,52.71,61.03,0.00,-1814.17
2023-05-26 00:12,9255.40,3.62,0.00,0.00,52.67,61.03,0.00,-1814.17
2023-05-26 00:13,9255.40,3.51,0.00,0.00,52.67,61.03,0.00,-1814.17
2023-05-26 00:14,9255.40,3.51,0.00,0.00,52.67,61.03,0.00,-1814.17
2023-05-26 00:15,9255.40,3.51,0.00,0.00,52.67,61.03,0.00,-1814.17
2023-05-26 00:16,9255.40,3.51,0.00,0.00,52.67,61.03,0.00,-1814.17
2023-05-26 00:17,9255.40,3.51,0.00,0.00,52.63,61.03,0.00,-1814.17
2023-05-26 00:18,9255.40,3.51,0.00,0.00,52.60,61.03,0.00,-1814.17
2023-05-26 00:19,9255.40,3.51,0.00,0.00,52.60,61.03,0.00,-1814.17
2023-05-26 00:20,9255.40,3.51,0.00,0.00,52.60,61.03,0.00,-1814.17
2023-05-26 00:21,9255.40,3.38,0.00,0.00,52.59,61.03,0.00,-1814.17
2023-05-26 00:22,9255.40,3.26,0.00,0.00,52.55,61.03,0.00,-1814.17
2023-05-26 00:23,9255.40,6.26,0.00,0.00,52.53,61.02,0.00,-1814.17
2023-05-26 00:24,9255.40,7.80,0.00,0.00,52.53,61.03,0.00,-1814.17
2023-05-26 00:25,9255.40,7.80,0.00,0.00,52.50,61.03,0.00,-1814.17
2023-05-26 00:26,9255.40,7.80,0.00,0.00,52.48,61.03,0.00,-1814.17
2023-05-26 00:27,9255.40,7.80,0.00,0.00,52.47,61.03,0.00,-1814.17
2023-05-26 00:28,9255.40,7.80,0.00,0.00,52.47,61.03,0.00,-1814.17
2023-05-26 00:29,9255.40,7.80,0.00,0.00,52.47,61.03,0.00,-1814.17
2023-05-26 00:30,9255.40,7.80,0.00,0.00,52.44,61.03,0.00,-1814.17
2023-05-26 00:31,9255.40,7.80,0.00,0.00,52.40,61.03,0.00,-1814.17
2023-05-26 00:32,9255.40,7.71,0.00,0.00,52.40,61.03,0.00,-1814.17
2023-05-26 00:33,9255.40,7.67,0.00,0.00,52.39,61.03,0.00,-1814.17
2023-05-26 00:34,9255.40,7.67,0.00,0.00,52.33,61.03,0.00,-1814.17
2023-05-26 00:35,9255.40,7.67,0.00,0.00,52.32,61.00,0.00,-1814.17
2023-05-26 00:36,9255.40,7.67,0.00,0.00,52.31,60.98,0.00,-1814.17
2023-05-26 00:37,9255.40,7.67,0.00,0.00,52.27,60.96,0.00,-1814.17
2023-05-26 00:38,9255.40,7.67,0.00,0.00,52.27,60.94,0.00,-1814.17
2023-05-26 00:39,9255.40,7.67,0.00,0.00,52.27,60.91,0.00,-1814.17
2023-05-26 00:40,9255.40,7.67,0.00,0.00,52.25,60.90,0.00,-1814.17
2023-05-26 00:41,9255.40,7.67,0.00,0.00,52.19,60.87,0.00,-1814.17
2023-05-26 00:42,9255.40,7.67,0.00,0.00,52.15,60.84,0.00,-1814.17
2023-05-26 00:43,9255.40,7.67,0.00,0.00,52.14,60.84,0.00,-1814.17
2023-05-26 00:44,9255.40,7.67,0.00,0.00,52.14,60.83,0.00,-1814.17
2023-05-26 00:45,9255.40,7.67,0.00,0.00,52.14,60.83,0.00,-1814.17
2023-05-26 00:46,9255.40,7.67,0.00,0.00,52.10,60.83,0.00,-1814.17
2023-05-26 00:47,9255.40,7.67,0.00,0.00,52.07,60.82,0.00,-1814.17
2023-05-26 00:48,9255.40,7.67,0.00,0.00,52.07,60.83,0.00,-1814.17
2023-05-26 00:49,9255.40,7.67,0.00,0.00,52.07,60.83,0.00,-1814.17
2023-05-26 00:50,9255.40,7.67,0.00,0.00,52.07,60.83,0.00,-1814.17
2023-05-26 00:51,9255.40,7.67,0.00,0.00,52.02,60.83,0.00,-1814.17
2023-05-26 00:52,9255.40,7.67,0.00,0.00,52.00,60.83,0.00,-1814.17
2023-05-26 00:53,9255.40,7.67,0.00,0.00,51.95,60.83,0.00,-1814.17
2023-05-26 00:54,9255.40,7.67,0.00,0.00,51.94,60.83,0.00,-1814.17
2023-05-26 00:55,9255.40,7.67,0.00,0.00,51.94,60.82,0.00,-1814.17
2023-05-26 00:56,9255.40,7.67,0.00,0.00,51.92,60.83,0.00,-1814.17
2023-05-26 00:57,9255.40,7.67,0.00,0.00,51.88,60.83,0.00,-1814.17
2023-05-26 00:58,9255.40,7.67,0.00,0.00,51.87,60.83,0.00,-1814.17
2023-05-26 00:59,9255.40,7.67,0.00,0.00,51.87,60.83,0.00,-1814.17
2023-05-26 01:00,9255.40,7.67,0.00,0.00,51.87,60.82,0.00,-1814.17
2023-05-26 01:01,9255.40,7.67,0.00,0.00,51.84,60.83,0.00,-1814.17
2023-05-26 01:02,9255.40,7.67,0.00,0.00,51.80,60.83,0.00,-1814.17
2023-05-26 01:03,9255.40,7.67,0.00,0.00,51.80,60.83,0.00,-1814.17
2023-05-26 01:04,9255.40,7.67,0.00,0.00,51.79,60.83,0.00,-1814.17
2023-05-26 01:05,9255.40,7.67,0.00,0.00,51.78,60.83,0.00,-1814.17
2023-05-26 01:06,9255.40,7.67,0.00,0.00,51.76,60.83,0.00,-1814.17
2023-05-26 01:07,9255.40,7.67,0.00,0.00,51.74,60.83,0.00,-1814.17
2023-05-26 01:08,9255.40,7.67,0.00,0.00,51.74,60.83,0.00,-1814.17
2023-05-26 01:09,9255.40,7.67,0.00,0.00,51.74,60.83,0.00,-1814.17
2023-05-26 01:10,9255.40,7.67,0.00,0.00,51.73,60.83,0.00,-1814.17
2023-05-26 01:11,9255.40,7.67,0.00,0.00,51.68,60.83,0.00,-1814.17
2023-05-26 01:12,9255.40,7.67,0.00,0.00,51.67,60.83,0.00,-1814.17
2023-05-26 01:13,9255.40,7.67,0.00,0.00,51.67,60.83,0.00,-1814.17
2023-05-26 01:14,9255.40,7.67,0.00,0.00,51.66,60.83,0.00,-1814.17
2023-05-26 01:15,9255.40,7.67,0.00,0.00,51.65,60.83,0.00,-1814.17
2023-05-26 01:16,9255.40,7.67,0.00,0.00,51.61,60.83,0.00,-1814.17
2023-05-26 01:17,9255.40,7.67,0.00,0.00,51.60,60.83,0.00,-1814.17
2023-05-26 01:18,9255.40,7.67,0.00,0.00,51.60,60.83,0.00,-1814.17
2023-05-26 01:19,9255.40,7.67,0.00,0.00,51.60,60.83,0.00,-1814.17
2023-05-26 01:20,9255.40,7.67,0.00,0.00,51.60,60.83,0.00,-1814.17
2023-05-26 01:21,9255.40,7.67,0.00,0.00,51.60,60.83,0.00,-1814.17
2023-05-26 01:22,9255.40,7.67,0.00,0.00,51.57,60.83,0.00,-1814.17
2023-05-26 01:23,9255.40,7.67,0.00,0.00,51.55,60.83,0.00,-1814.17
2023-05-26 01:24,9255.40,7.67,0.00,0.00,51.54,60.83,0.00,-1814.17
2023-05-26 01:25,9255.40,7.67,0.00,0.00,51.54,60.83,0.00,-1814.17
2023-05-26 01:26,9255.40,7.67,0.00,0.00,51.54,60.83,0.00,-1814.17
2023-05-26 01:27,9255.40,7.67,0.00,0.00,51.53,60.82,0.00,-1814.17
2023-05-26 01:28,9255.40,7.67,0.00,0.00,51.54,60.76,0.00,-1814.17
2023-05-26 01:29,9255.40,7.67,0.00,0.00,51.54,60.76,0.00,-1814.17
2023-05-26 01:30,9255.40,7.67,0.00,0.00,51.54,60.76,0.00,-1814.17
2023-05-26 01:31,9255.40,7.67,0.00,0.00,51.54,60.75,0.00,-1814.17
2023-05-26 01:32,9255.40,7.67,0.00,0.00,51.54,60.71,0.00,-1814.17
2023-05-26 01:33,9255.40,7.67,0.00,0.00,51.55,60.70,0.00,-1814.17
2023-05-26 01:34,9255.40,7.67,0.00,0.00,51.57,60.70,0.00,-1814.17
2023-05-26 01:35,9255.40,7.67,0.00,0.00,51.59,60.70,0.00,-1814.17
2023-05-26 01:36,9255.40,7.67,0.00,0.00,51.60,60.69,0.00,-1814.17
2023-05-26 01:37,9255.40,7.67,0.00,0.00,51.60,60.68,0.00,-1814.17
2023-05-26 01:38,9255.40,7.67,0.00,0.00,51.60,60.65,0.00,-1814.17
2023-05-26 01:39,9255.40,7.67,0.00,0.00,51.66,60.63,0.00,-1814.17
2023-05-26 01:40,9255.40,7.67,0.00,0.00,51.67,60.59,0.00,-1814.17
2023-05-26 01:41,9255.40,7.67,0.00,0.00,51.74,60.57,0.00,-1814.17
2023-05-26 01:42,9255.40,7.67,0.00,0.00,51.75,60.57,0.00,-1814.17
2023-05-26 01:43,9255.40,7.67,0.00,0.00,51.80,60.57,0.00,-1814.17
2023-05-26 01:44,9255.40,7.67,0.00,0.00,51.80,60.51,0.00,-1814.17
2023-05-26 01:45,9255.40,7.67,0.00,0.00,51.84,60.50,0.00,-1814.17
2023-05-26 01:46,9255.40,7.67,0.00,0.00,51.86,60.50,0.00,-1814.17
2023-05-26 01:47,9255.40,7.67,0.00,0.00,51.86,60.50,0.00,-1814.17
2023-05-26 01:48,9255.40,7.67,0.00,0.00,51.87,60.50,0.00,-1814.17
2023-05-26 01:49,9255.40,7.67,0.00,0.00,51.85,60.49,0.00,-1814.17
2023-05-26 01:50,9255.40,7.67,0.00,0.00,51.86,60.47,0.00,-1814.17
2023-05-26 01:51,9255.40,7.67,0.00,0.00,51.86,60.47,0.00,-1814.17
2023-05-26 01:52,9255.40,7.67,0.00,0.00,51.89,60.44,0.00,-1814.17
2023-05-26 01:53,9255.40,7.67,0.00,0.00,51.87,60.47,0.00,-1814.17
2023-05-26 01:54,9255.40,7.67,0.00,0.00,51.87,60.50,0.00,-1814.17
2023-05-26 01:55,9255.40,7.67,0.00,0.00,51.87,60.50,0.00,-1814.17
2023-05-26 01:56,9255.40,7.67,0.00,0.00,51.92,60.51,0.00,-1814.17
2023-05-26 01:57,9255.40,7.67,0.00,0.00,51.94,60.56,0.00,-1814.17
2023-05-26 01:58,9255.40,7.67,0.00,0.00,52.41,60.57,0.00,-1814.17
2023-05-26 01:59,9255.40,7.67,0.00,0.00,52.40,60.61,0.00,-1814.17
2023-05-26 02:00,9255.40,7.67,0.00,0.00,52.42,60.65,0.00,-1814.17
2023-05-26 02:01,9255.40,7.67,0.00,0.00,52.44,60.70,0.00,-1814.17
2023-05-26 02:02,9255.40,7.67,0.00,0.00,53.12,60.71,0.00,-1814.17
2023-05-26 02:03,9255.40,7.67,0.00,0.00,53.34,60.76,0.00,-1814.17
2023-05-26 02:04,9255.40,7.67,0.00,0.00,52.45,60.78,0.00,-1814.17
2023-05-26 02:05,9255.40,7.67,0.00,0.00,52.53,60.84,0.00,-1814.17
2023-05-26 02:06,9255.40,7.68,0.00,0.00,53.51,60.87,0.00,-1814.17
2023-05-26 02:07,9255.40,7.70,0.00,0.00,53.76,60.90,0.00,-1814.17
2023-05-26 02:08,9255.40,7.70,0.00,0.00,53.86,60.94,0.00,-1814.17
2023-05-26 02:09,9255.40,7.70,0.00,0.00,53.23,60.96,0.00,-1814.17
2023-05-26 02:10,9255.40,7.70,0.00,0.00,54.39,61.02,0.00,-1814.17
2023-05-26 02:11,9255.40,7.70,0.00,0.00,56.62,61.04,0.00,-1814.17
2023-05-26 02:12,9255.40,7.70,0.00,0.00,56.63,61.11,0.00,-1814.17
2023-05-26 02:13,9255.40,7.70,0.00,0.00,56.25,61.13,0.00,-1814.17
2023-05-26 02:14,9255.40,7.70,0.00,0.00,55.88,61.16,0.00,-1814.17
2023-05-26 02:15,9255.40,7.70,0.00,0.00,55.76,61.23,0.00,-1814.17
2023-05-26 02:16,9255.40,7.67,0.00,0.00,54.76,61.23,0.00,-1814.17
2023-05-26 02:17,9255.40,7.65,0.00,0.00,54.12,61.30,0.00,-1814.17
2023-05-26 02:18,9255.40,7.65,0.00,0.00,53.71,61.32,0.00,-1814.17
2023-05-26 02:19,9255.40,7.65,0.00,0.00,53.20,61.36,0.00,-1814.17
2023-05-26 02:20,9255.40,7.65,0.00,0.00,53.59,61.36,0.00,-1814.17
2023-05-26 02:21,9255.40,7.65,0.00,0.00,55.31,61.36,0.00,-1814.17
2023-05-26 02:22,9255.40,7.65,0.00,0.00,59.01,61.36,0.00,-1814.17
2023-05-26 02:23,9255.40,7.65,0.00,30.68,62.69,61.36,0.00,-1814.17
2023-05-26 02:24,9255.40,7.65,0.00,56.52,63.79,61.35,0.00,-1814.17
2023-05-26 02:25,9255.40,7.65,0.00,99.39,59.88,61.31,0.00,-1814.17
2023-05-26 02:26,9255.40,7.65,0.00,15.50,56.77,61.29,0.00,-1814.17
2023-05-26 02:27,9255.40,7.65,0.00,114.62,54.60,61.23,0.00,-1814.17
2023-05-26 02:28,9255.40,7.65,0.00,147.56,52.40,61.22,0.00,-1814.17
2023-05-26 02:29,9255.40,7.65,0.00,20.21,52.21,61.16,0.00,-1814.17
2023-05-26 02:30,9255.40,7.65,0.00,30.59,52.20,61.14,0.00,-1814.17
2023-05-26 02:31,9255.40,7.65,0.00,30.73,52.20,61.03,0.00,-1814.17
2023-05-26 02:32,9255.40,7.65,0.00,7.75,52.21,60.84,0.00,-1814.17
2023-05-26 02:33,9255.40,7.65,0.00,0.00,52.49,60.70,0.00,-1814.17
2023-05-26 02:34,9255.40,7.65,0.00,0.00,54.05,60.61,0.00,-1814.17
2023-05-26 02:35,9255.40,7.65,0.00,0.00,55.43,60.51,0.00,-1814.17
2023-05-26 02:36,9255.40,7.65,0.00,0.00,55.95,60.41,0.00,-1814.17
2023-05-26 02:37,9255.40,7.65,0.00,0.00,55.92,60.32,0.00,-1814.17
2023-05-26 02:38,9255.40,7.65,0.00,0.00,55.49,60.21,0.00,-1814.17
2023-05-26 02:39,9255.40,7.65,0.00,0.00,54.58,60.11,0.00,-1814.17
2023-05-26 02:40,9255.40,7.65,0.00,0.00,53.76,60.00,0.00,-1814.17
2023-05-26 02:41,9255.40,7.65,0.00,0.00,53.37,59.89,0.00,-1814.17
2023-05-26 02:42,9255.40,7.65,0.00,0.00,53.28,59.81,0.00,-1814.17
2023-05-26 02:43,9255.40,7.65,0.00,0.00,53.55,59.74,0.00,-1814.17
2023-05-26 02:44,9255.40,7.65,0.00,0.00,53.46,59.65,0.00,-1814.17
2023-05-26 02:45,9255.40,7.65,0.00,0.00,53.59,59.56,0.00,-1814.17
2023-05-26 02:46,9255.40,7.65,0.00,0.00,53.77,59.48,0.00,-1814.17
2023-05-26 02:47,9255.40,7.65,0.00,0.00,53.87,59.41,0.00,-1814.17
2023-05-26 02:48,9255.40,7.65,0.00,0.00,53.70,59.32,0.00,-1814.17
2023-05-26 02:49,9255.40,7.65,0.00,0.00,53.33,59.27,0.00,-1814.17
2023-05-26 02:50,9255.40,7.65,0.00,0.00,53.61,59.18,0.00,-1814.17
2023-05-26 02:51,9255.40,7.65,0.00,0.00,53.51,59.11,0.00,-1814.17
2023-05-26 02:52,9255.40,7.65,0.00,0.00,53.60,59.03,0.00,-1814.17
2023-05-26 02:53,9255.40,7.65,0.00,0.00,53.67,58.97,0.00,-1814.17
2023-05-26 02:54,9255.40,7.65,0.00,0.00,53.57,58.91,0.00,-1814.17
2023-05-26 02:55,9255.40,7.65,0.00,0.00,53.33,58.86,0.00,-1814.17
2023-05-26 02:56,9255.40,7.65,0.00,0.00,53.30,58.79,0.00,-1814.17
2023-05-26 02:57,9255.40,7.65,0.00,0.00,53.37,58.77,0.00,-1814.17
2023-05-26 02:58,9255.40,7.65,0.00,0.00,53.07,58.71,0.00,-1814.17
2023-05-26 02:59,9255.40,7.65,0.00,0.00,53.14,58.65,0.00,-1814.17
2023-05-26 03:00,9255.40,7.65,0.00,0.00,53.41,58.63,0.00,-1814.17
2023-05-26 03:01,9255.40,7.65,0.00,0.00,54.12,58.57,0.00,-1814.17
2023-05-26 03:02,9255.40,7.65,0.00,0.00,54.48,58.53,0.00,-1814.17
2023-05-26 03:03,9255.40,7.65,0.00,0.00,54.84,58.50,0.00,-1814.17
2023-05-26 03:04,9255.40,7.65,0.00,0.00,54.34,58.43,0.00,-1814.17
2023-05-26 03:05,9255.40,7.65,0.00,0.00,54.73,58.39,0.00,-1814.17
2023-05-26 03:06,9255.40,7.65,0.00,0.00,54.27,58.37,0.00,-1814.17
2023-05-26 03:07,9255.40,7.65,0.00,0.00,54.05,58.31,0.00,-1814.17
2023-05-26 03:08,9255.40,7.65,0.00,0.00,53.78,58.26,0.00,-1814.17
2023-05-26 03:09,9255.40,7.65,0.00,0.00,53.89,58.23,0.00,-1814.17
2023-05-26 03:10,9255.40,7.65,0.00,0.00,53.54,58.18,0.00,-1814.17
2023-05-26 03:11,9255.40,7.65,0.00,0.00,53.38,58.12,0.00,-1814.17
2023-05-26 03:12,9255.40,7.65,0.00,0.00,53.50,58.03,0.00,-1814.17
2023-05-26 03:13,9255.40,7.65,0.00,0.00,53.35,57.96,0.00,-1814.17
2023-05-26 03:14,9255.40,7.65,0.00,0.00,53.30,57.91,0.00,-1814.17
2023-05-26 03:15,9255.40,7.65,0.00,0.00,53.11,57.85,0.00,-1814.17
2023-05-26 03:16,9255.40,7.65,0.00,0.00,53.25,57.79,0.00,-1814.17
2023-05-26 03:17,9255.40,7.65,0.00,0.00,53.16,57.71,0.00,-1814.17
2023-05-26 03:18,9255.40,7.65,0.00,0.00,53.29,57.67,0.00,-1814.17
2023-05-26 03:19,9255.40,7.65,0.00,0.00,53.33,57.62,0.00,-1814.17
2023-05-26 03:20,9255.40,7.65,0.00,0.00,53.29,57.58,0.00,-1814.17
2023-05-26 03:21,9255.40,7.65,0.00,0.00,53.59,57.52,0.00,-1814.17
2023-05-26 03:22,9255.40,7.65,0.00,0.00,53.78,57.51,0.00,-1814.17
2023-05-26 03:23,9255.40,7.65,0.00,0.00,53.99,57.47,0.00,-1814.17
2023-05-26 03:24,9255.40,7.65,0.00,0.00,53.99,57.44,0.00,-1814.17
2023-05-26 03:25,9255.40,7.65,0.00,0.00,53.92,57.38,0.00,-1814.17
2023-05-26 03:26,9255.40,7.65,0.00,0.00,53.76,57.38,0.00,-1814.17
2023-05-26 03:27,9255.40,7.65,0.00,0.00,53.77,57.38,0.00,-1814.17
2023-05-26 03:28,9255.40,7.65,0.00,0.00,53.85,57.31,0.00,-1814.17
2023-05-26 03:29,9255.40,7.65,0.00,0.00,53.92,57.31,0.00,-1814.17
2023-05-26 03:30,9255.40,7.65,0.00,0.00,53.92,57.31,0.00,-1814.17
2023-05-26 03:31,9255.40,7.65,0.00,0.00,53.86,57.29,0.00,-1814.17
2023-05-26 03:32,9255.40,7.65,0.00,0.00,53.82,57.29,0.00,-1814.17
2023-05-26 03:33,9255.40,7.65,0.00,0.00,53.78,57.25,0.00,-1814.17
2023-05-26 03:34,9255.40,7.65,0.00,0.00,53.73,57.19,0.00,-1814.17
2023-05-26 03:35,9255.40,7.65,0.00,0.00,53.69,57.19,0.00,-1814.17
2023-05-26 03:36,9255.40,7.65,0.00,0.00,53.66,57.18,0.00,-1814.17
2023-05-26 03:37,9255.40,7.65,0.00,0.00,53.60,57.18,0.00,-1814.17
2023-05-26 03:38,9255.40,7.65,0.00,0.00,53.58,57.16,0.00,-1814.17
2023-05-26 03:39,9255.40,7.65,0.00,0.00,53.54,57.15,0.00,-1814.17
2023-05-26 03:40,9255.40,7.65,0.00,0.00,53.53,57.17,0.00,-1814.17
2023-05-26 03:41,9255.40,7.65,0.00,0.00,53.53,57.16,0.00,-1814.17
2023-05-26 03:42,9255.40,7.65,0.00,0.00,53.53,57.15,0.00,-1814.17
2023-05-26 03:43,9255.40,7.65,0.00,0.00,53.50,57.12,0.00,-1814.17
2023-05-26 03:44,9255.40,7.65,0.00,0.00,53.48,57.17,0.00,-1814.17
2023-05-26 03:45,9255.40,7.65,0.00,0.00,53.46,57.11,0.00,-1814.17
2023-05-26 03:46,9255.40,7.65,0.00,0.00,53.46,57.13,0.00,-1814.17
2023-05-26 03:47,9255.40,7.65,0.00,0.00,53.44,57.11,0.00,-1814.17
2023-05-26 03:48,9255.40,7.65,0.00,0.00,53.40,57.11,0.00,-1814.17
2023-05-26 03:49,9255.40,7.65,0.00,0.00,53.40,57.11,0.00,-1814.17
2023-05-26 03:50,9255.40,7.65,0.00,0.00,53.38,57.09,0.00,-1814.17
2023-05-26 03:51,9255.40,7.65,0.00,0.00,53.33,57.05,0.00,-1814.17
2023-05-26 03:52,9255.40,7.65,0.00,0.00,53.33,57.05,0.00,-1814.17
2023-05-26 03:53,9255.40,7.65,0.00,0.00,53.27,57.05,0.00,-1814.17
2023-05-26 03:54,9255.40,7.65,0.00,0.00,53.26,57.04,0.00,-1814.17
2023-05-26 03:55,9255.40,7.65,0.00,0.00,53.24,56.98,0.00,-1814.17
2023-05-26 03:56,9255.40,7.65,0.00,0.00,53.21,56.98,0.00,-1814.17
2023-05-26 03:57,9255.40,7.65,0.00,0.00,53.20,56.97,0.00,-1814.17
2023-05-26 03:58,9255.40,7.65,0.00,0.00,53.21,56.94,0.00,-1814.17
2023-05-26 03:59,9255.40,7.65,0.00,0.00,53.22,56.93,0.00,-1814.17
2023-05-26 04:00,9255.40,7.65,0.00,0.00,53.20,56.89,0.00,-1814.17
2023-05-26 04:01,9255.40,7.65,0.00,0.00,53.20,56.86,0.00,-1814.17
2023-05-26 04:02,9255.40,7.65,0.00,0.00,53.20,56.85,0.00,-1814.17
2023-05-26 04:03,9255.40,7.65,0.00,0.00,53.20,56.85,0.00,-1814.17
2023-05-26 04:04,9255.40,7.65,0.00,0.00,53.20,56.85,0.00,-1814.17
2023-05-26 04:05,9255.40,7.65,0.00,0.00,53.20,56.85,0.00,-1814.17
2023-05-26 04:06,9255.40,7.65,0.00,0.00,53.20,56.85,0.00,-1814.17
2023-05-26 04:07,9255.40,7.65,0.00,0.00,53.23,56.85,0.00,-1814.17
2023-05-26 04:08,9255.40,7.65,0.00,0.00,53.21,56.81,0.00,-1814.17
2023-05-26 04:09,9255.40,7.65,0.00,0.00,53.26,56.78,0.00,-1814.17
2023-05-26 04:10,9255.40,7.65,0.00,0.00,53.26,56.78,0.00,-1814.17
2023-05-26 04:11,9255.40,7.65,0.00,0.00,53.29,56.78,0.00,-1814.17
2023-05-26 04:12,9255.40,7.65,0.00,0.00,53.33,56.75,0.00,-1814.17
2023-05-26 04:13,9255.40,7.65,0.00,0.00,53.33,56.72,0.00,-1814.17
2023-05-26 04:14,9255.40,7.65,0.00,0.00,53.33,56.69,0.00,-1814.17
2023-05-26 04:15,9255.40,7.65,0.00,0.00,53.34,56.67,0.00,-1814.17
2023-05-26 04:16,9255.40,7.65,0.00,0.00,53.39,56.65,0.00,-1814.17
2023-05-26 04:17,9255.40,7.65,0.00,0.00,53.38,56.62,0.00,-1814.17
2023-05-26 04:18,9255.40,7.65,0.00,0.00,53.40,56.58,0.00,-1814.17
2023-05-26 04:19,9255.40,7.65,0.00,0.00,53.40,56.56,0.00,-1814.17
2023-05-26 04:20,9255.40,7.65,0.00,0.00,53.41,56.54,0.00,-1814.17
2023-05-26 04:21,9255.40,7.65,0.00,0.00,53.40,56.52,0.00,-1814.17
2023-05-26 04:22,9255.40,7.65,0.00,0.00,53.40,56.52,0.00,-1814.17
2023-05-26 04:23,9255.40,7.65,0.00,0.00,53.39,56.52,0.00,-1814.17
2023-05-26 04:24,9255.40,7.65,0.00,0.00,53.38,56.51,0.00,-1814.17
2023-05-26 04:25,9255.40,7.65,0.00,0.00,53.33,56.45,0.00,-1814.17
2023-05-26 04:26,9255.40,7.65,0.00,0.00,53.37,56.43,0.00,-1814.17
2023-05-26 04:27,9255.40,7.65,0.00,0.00,53.33,56.43,0.00,-1814.17
2023-05-26 04:28,9255.40,7.65,0.00,0.00,53.33,56.38,0.00,-1814.17
2023-05-26 04:29,9255.40,7.65,0.00,0.00,53.33,56.38,0.00,-1814.17
2023-05-26 04:30,9255.40,7.65,0.00,0.00,53.32,56.37,0.00,-1814.17
2023-05-26 04:31,9255.40,7.65,0.00,0.00,53.29,56.32,0.00,-1814.17
2023-05-26 04:32,9255.40,7.65,0.00,0.00,53.28,56.31,0.00,-1814.17
2023-05-26 04:33,9255.40,7.65,0.00,0.00,53.29,56.25,0.00,-1814.17
2023-05-26 04:34,9255.40,7.65,0.00,0.00,53.26,56.23,0.00,-1814.17
2023-05-26 04:35,9255.40,7.65,0.00,0.00,53.25,56.18,0.00,-1814.17
2023-05-26 04:36,9255.40,7.65,0.00,0.00,53.20,56.17,0.00,-1814.17
2023-05-26 04:37,9255.40,7.65,0.00,0.00,53.20,56.12,0.00,-1814.17
2023-05-26 04:38,9255.40,7.65,0.00,0.00,53.20,56.12,0.00,-1814.17
2023-05-26 04:39,9255.40,7.65,0.00,0.00,53.18,56.06,0.00,-1814.17
2023-05-26 04:40,9255.40,7.65,0.00,0.00,53.13,56.05,0.00,-1814.17
2023-05-26 04:41,9255.40,7.65,0.00,0.00,53.05,55.99,0.00,-1814.17
2023-05-26 04:42,9255.40,7.65,0.00,0.00,52.99,55.97,0.00,-1814.17
2023-05-26 04:43,9255.40,7.65,0.00,0.00,52.93,55.92,0.00,-1814.17
2023-05-26 04:44,9255.40,7.65,0.00,0.00,52.88,55.86,0.00,-1814.17
2023-05-26 04:45,9255.40,7.65,0.00,0.00,52.79,55.83,0.00,-1814.17
2023-05-26 04:46,9255.40,7.65,0.00,0.00,52.71,55.79,0.00,-1814.17
2023-05-26 04:47,9255.40,7.65,0.00,0.00,52.63,55.72,0.00,-1814.17
2023-05-26 04:48,9255.40,7.65,0.00,0.00,52.56,55.66,0.00,-1814.17
2023-05-26 04:49,9255.40,7.65,0.00,0.00,52.47,55.63,0.00,-1814.17
2023-05-26 04:50,9255.40,7.65,0.00,0.00,52.35,55.60,0.00,-1814.17
2023-05-26 04:51,9255.40,7.65,0.00,0.00,52.21,55.57,0.00,-1814.17
2023-05-26 04:52,9255.40,7.65,0.00,0.00,52.09,55.53,0.00,-1814.17
2023-05-26 04:53,9255.40,7.65,0.00,0.00,51.96,55.51,0.00,-1814.17
2023-05-26 04:54,9255.40,7.65,0.00,0.00,51.87,55.45,0.00,-1814.17
2023-05-26 04:55,9255.40,7.65,0.00,0.00,51.74,55.45,0.00,-1814.17
2023-05-26 04:56,9255.40,7.65,0.00,0.00,51.61,55.40,0.00,-1814.17
2023-05-26 04:57,9255.40,7.65,0.00,0.00,51.50,55.39,0.00,-1814.17
2023-05-26 04:58,9255.40,7.65,0.00,0.00,51.38,55.34,0.00,-1814.17
2023-05-26 04:59,9255.40,7.65,0.00,0.00,51.28,55.30,0.00,-1814.17
2023-05-26 05:00,9255.40,7.65,0.00,0.00,51.16,55.25,0.00,-1814.17
2023-05-26 05:01,9255.40,7.65,0.00,0.00,51.07,55.19,0.00,-1814.17
2023-05-26 05:02,9255.40,7.65,0.00,0.00,51.00,55.12,0.00,-1814.17
2023-05-26 05:03,9255.40,7.65,0.00,0.00,50.89,55.07,0.00,-1814.17
2023-05-26 05:04,9255.40,7.65,0.00,0.00,50.79,55.06,0.00,-1814.17
2023-05-26 05:05,9255.40,7.65,0.00,0.00,50.72,55.04,0.00,-1814.17
2023-05-26 05:06,9255.40,7.65,0.00,0.00,50.68,54.99,0.00,-1814.17
2023-05-26 05:07,9255.40,7.65,0.00,0.00,50.61,54.92,0.00,-1814.17
2023-05-26 05:08,9255.40,7.65,0.00,0.00,50.60,54.92,0.00,-1814.17
2023-05-26 05:09,9255.40,7.65,0.00,0.00,50.55,54.92,0.00,-1814.17
2023-05-26 05:10,9255.40,7.65,0.00,0.00,50.54,54.94,0.00,-1814.17
2023-05-26 05:11,9255.40,7.65,0.00,0.00,50.48,54.98,0.00,-1814.17
2023-05-26 05:12,9255.40,7.65,0.00,0.00,50.48,54.99,0.00,-1814.17
2023-05-26 05:13,9255.40,7.65,0.00,0.00,50.42,54.99,0.00,-1814.17
2023-05-26 05:14,9255.40,7.65,0.00,0.00,50.41,55.05,0.00,-1814.17
2023-05-26 05:15,9255.40,7.65,0.00,0.00,50.41,55.06,0.00,-1814.17
2023-05-26 05:16,9255.40,7.65,0.00,0.00,50.39,55.06,0.00,-1814.17
2023-05-26 05:17,9255.40,7.65,0.00,0.00,50.39,55.07,0.00,-1814.17
2023-05-26 05:18,9255.40,7.65,0.00,0.00,50.35,55.06,0.00,-1814.17
2023-05-26 05:19,9255.40,7.65,0.00,0.00,50.41,55.10,0.00,-1814.17
2023-05-26 05:20,9255.40,7.65,0.00,0.00,50.41,55.11,0.00,-1814.17
2023-05-26 05:21,9255.40,7.65,0.00,0.00,50.43,55.10,0.00,-1814.17
2023-05-26 05:22,9255.40,7.65,0.00,0.00,50.48,55.12,0.00,-1814.17
2023-05-26 05:23,9255.40,7.65,0.00,0.00,50.50,55.12,0.00,-1814.17
2023-05-26 05:24,9255.40,7.65,0.00,0.00,50.54,55.12,0.00,-1814.17
2023-05-26 05:25,9255.40,7.65,0.00,0.00,50.56,55.12,0.00,-1814.17
2023-05-26 05:26,9255.40,7.65,0.00,0.00,50.68,55.12,0.00,-1814.17
2023-05-26 05:27,9255.40,7.65,0.00,0.00,50.70,55.13,0.00,-1814.17
2023-05-26 05:28,9255.40,7.65,0.00,0.00,50.74,55.18,0.00,-1814.17
2023-05-26 05:29,9255.40,7.65,0.00,0.00,50.83,55.19,0.00,-1814.17
2023-05-26 05:30,9255.40,7.65,0.00,0.00,50.87,55.19,0.00,-1814.17
2023-05-26 05:31,9255.40,7.65,0.00,0.00,50.95,55.21,0.00,-1814.17
2023-05-26 05:32,9255.40,7.65,0.00,0.00,51.02,55.26,0.00,-1814.17
2023-05-26 05:33,9255.40,7.65,0.00,0.00,51.06,55.26,0.00,-1814.17
2023-05-26 05:34,9255.40,7.65,0.00,0.00,51.10,55.26,0.00,-1814.17
2023-05-26 05:35,9255.40,7.65,0.00,0.00,51.16,55.26,0.00,-1814.17
2023-05-26 05:36,9255.40,7.65,0.00,0.00,51.21,55.26,0.00,-1814.17
2023-05-26 05:37,9255.40,7.65,0.00,0.00,51.27,55.26,0.00,-1814.17
2023-05-26 05:38,9255.40,7.65,0.00,0.00,51.29,55.26,0.00,-1814.17
2023-05-26 05:39,9255.40,7.65,0.00,0.00,51.39,55.26,0.00,-1814.17
2023-05-26 05:40,9255.40,7.65,0.00,0.00,51.41,55.26,0.00,-1814.17
2023-05-26 05:41,9255.40,7.65,0.00,0.00,51.46,55.26,0.00,-1814.17
2023-05-26 05:42,9255.40,7.65,0.00,0.00,51.47,55.28,0.00,-1814.17
2023-05-26 05:43,9255.40,7.65,0.00,0.00,51.54,55.26,0.00,-1814.17
2023-05-26 05:44,9255.40,7.65,0.00,0.00,51.54,55.31,0.00,-1814.17
2023-05-26 05:45,9255.40,7.65,0.00,0.00,51.60,55.30,0.00,-1814.17
2023-05-26 05:46,9255.40,7.65,0.00,0.00,51.60,55.32,0.00,-1814.17
2023-05-26 05:47,9255.40,7.65,0.00,0.00,51.67,55.32,0.00,-1814.17
2023-05-26 05:48,9255.40,7.65,0.00,0.00,51.72,55.32,0.00,-1814.17
2023-05-26 05:49,9255.40,7.65,0.00,0.00,51.74,55.31,0.00,-1814.17
2023-05-26 05:50,9255.40,7.65,0.00,0.00,51.74,55.30,0.00,-1814.17
2023-05-26 05:51,9255.40,7.65,0.00,0.00,51.76,55.27,0.00,-1814.17
2023-05-26 05:52,9255.40,7.65,0.00,0.00,51.75,55.26,0.00,-1814.17
2023-05-26 05:53,9255.40,7.65,0.00,0.00,51.80,55.26,0.00,-1814.17
2023-05-26 05:54,9255.40,7.65,0.00,0.00,51.81,55.21,0.00,-1814.17
2023-05-26 05:55,9255.40,7.65,0.00,0.00,51.85,55.19,0.00,-1814.17
2023-05-26 05:56,9255.40,7.65,0.00,0.00,51.87,55.16,0.00,-1814.17
2023-05-26 05:57,9255.40,7.65,0.00,0.00,51.87,55.12,0.00,-1814.17
2023-05-26 05:58,9255.40,7.65,0.00,0.00,51.87,55.08,0.00,-1814.17
2023-05-26 05:59,9255.40,7.65,0.00,0.00,51.87,55.06,0.00,-1814.17
2023-05-26 06:00,9255.40,7.65,0.00,0.00,51.87,55.06,0.00,-1814.17
2023-05-26 06:01,9255.40,7.65,0.00,0.00,51.87,55.03,0.00,-1814.17
2023-05-26 06:02,9255.40,7.65,0.00,0.00,51.87,54.97,0.00,-1814.17
2023-05-26 06:03,9255.40,7.65,0.00,0.00,51.87,54.94,0.00,-1814.17
2023-05-26 06:04,9255.40,7.65,0.00,0.00,51.87,54.92,0.00,-1814.17
2023-05-26 06:05,9255.40,7.65,0.00,0.00,51.87,54.86,0.00,-1814.17
2023-05-26 06:06,9255.40,7.65,0.00,0.00,51.88,54.85,0.00,-1814.17
2023-05-26 06:07,9255.40,7.65,0.00,0.00,51.88,54.78,0.00,-1814.17
2023-05-26 06:08,9255.40,7.65,0.00,0.00,51.87,54.72,0.00,-1814.17
2023-05-26 06:09,9255.40,7.65,0.00,0.00,51.89,54.72,0.00,-1814.17
2023-05-26 06:10,9255.40,7.65,0.00,0.00,51.94,54.69,0.00,-1814.17
2023-05-26 06:11,9255.40,7.65,0.00,0.00,51.93,54.71,0.00,-1814.17
2023-05-26 06:12,9255.40,7.65,0.00,0.00,51.94,54.71,0.00,-1814.17
2023-05-26 06:13,9255.40,7.65,0.00,0.00,51.94,54.71,0.00,-1814.17
2023-05-26 06:14,9255.40,7.65,0.00,0.00,51.94,54.72,0.00,-1814.17
2023-05-26 06:15,9255.40,7.65,0.00,0.00,51.99,54.71,0.00,-1814.17
2023-05-26 06:16,9255.40,7.65,0.00,0.00,52.00,54.69,0.00,-1814.17
2023-05-26 06:17,9255.40,7.65,0.00,0.00,52.00,54.65,0.00,-1814.17
2023-05-26 06:18,9255.40,7.65,0.00,0.00,52.00,54.61,0.00,-1814.17
2023-05-26 06:19,9255.40,7.65,0.00,0.00,52.01,54.59,0.00,-1814.17
2023-05-26 06:20,9255.40,7.65,0.00,0.00,52.00,54.59,0.00,-1814.17
2023-05-26 06:21,9255.40,7.65,0.00,0.00,52.01,54.53,0.00,-1814.17
2023-05-26 06:22,9255.40,7.65,0.00,0.00,52.00,54.53,0.00,-1814.17
2023-05-26 06:23,9255.40,7.65,0.00,0.00,52.05,54.52,0.00,-1814.17
2023-05-26 06:24,9255.40,7.65,0.00,0.00,52.07,54.48,0.00,-1814.17
2023-05-26 06:25,9255.40,7.65,0.00,0.00,52.06,54.53,0.00,-1814.17
2023-05-26 06:26,9255.40,7.65,0.00,0.00,52.07,54.53,0.00,-1814.17
2023-05-26 06:27,9255.40,7.65,0.00,0.00,52.07,54.53,0.00,-1814.17
2023-05-26 06:28,9255.40,7.65,0.00,0.00,52.06,54.53,0.00,-1814.17
2023-05-26 06:29,9255.40,7.65,0.00,0.00,52.00,54.53,0.00,-1814.17
2023-05-26 06:30,9255.40,7.65,0.00,0.00,52.00,54.53,0.00,-1814.17
2023-05-26 06:31,9255.40,7.65,0.00,0.00,51.96,54.53,0.00,-1814.17
2023-05-26 06:32,9255.40,7.65,0.00,0.00,51.94,54.53,0.00,-1814.17
2023-05-26 06:33,9255.40,7.65,0.00,0.00,51.93,54.47,0.00,-1814.17
2023-05-26 06:34,9255.40,7.65,0.00,0.00,51.87,54.44,0.00,-1814.17
2023-05-26 06:35,9255.40,7.65,0.00,0.00,51.87,54.37,0.00,-1814.17
2023-05-26 06:36,9255.40,7.65,0.00,0.00,51.87,54.33,0.00,-1814.17
2023-05-26 06:37,9255.40,7.65,0.00,0.00,51.82,54.25,0.00,-1814.17
2023-05-26 06:38,9255.40,7.65,0.00,0.00,51.80,54.19,0.00,-1814.17
2023-05-26 06:39,9255.40,7.65,0.00,0.00,51.80,54.05,0.00,-1814.17
2023-05-26 06:40,9255.40,7.65,0.00,0.00,51.79,53.82,0.00,-1814.17
2023-05-26 06:41,9255.40,7.65,0.00,0.00,51.78,53.64,0.00,-1814.17
2023-05-26 06:42,9255.40,7.65,0.00,0.00,51.77,53.45,0.00,-1814.17
2023-05-26 06:43,9255.40,7.65,0.00,0.00,51.80,53.29,0.00,-1814.17
2023-05-26 06:44,9255.40,7.65,0.00,0.00,51.76,53.18,0.00,-1814.17
2023-05-26 06:45,9255.40,7.65,0.00,0.00,51.77,53.13,0.00,-1814.17
2023-05-26 06:46,9255.40,7.65,0.00,0.00,51.80,53.05,0.00,-1814.17
2023-05-26 06:47,9255.40,7.65,0.00,0.00,51.80,53.00,0.00,-1814.17
2023-05-26 06:48,9255.40,7.65,0.00,0.00,51.80,53.00,0.00,-1814.17
2023-05-26 06:49,9255.40,7.65,0.00,0.00,51.81,53.05,0.00,-1814.17
2023-05-26 06:50,9255.40,7.65,0.00,0.00,51.81,53.13,0.00,-1814.17
2023-05-26 06:51,9255.40,7.65,0.00,0.00,51.82,53.21,0.00,-1814.17
2023-05-26 06:52,9255.40,7.65,0.00,0.00,51.80,53.33,0.00,-1814.17
2023-05-26 06:53,9255.40,7.65,0.00,0.00,51.85,53.47,0.00,-1814.17
2023-05-26 06:54,9255.40,7.65,0.00,0.00,51.87,53.60,0.00,-1814.17
2023-05-26 06:55,9255.40,7.65,0.00,0.00,51.86,53.74,0.00,-1814.17
2023-05-26 06:56,9255.40,7.65,0.00,0.00,51.86,53.88,0.00,-1814.17
2023-05-26 06:57,9255.40,7.65,0.00,0.00,51.87,54.03,0.00,-1814.17
2023-05-26 06:58,9255.40,7.65,0.00,0.00,51.87,54.15,0.00,-1814.17
2023-05-26 06:59,9255.40,7.65,0.00,0.00,51.87,54.31,0.00,-1814.17
2023-05-26 07:00,9255.40,7.65,0.00,0.00,51.87,54.44,0.00,-1814.17
2023-05-26 07:01,9255.40,7.65,0.00,0.00,51.87,54.58,0.00,-1814.17
2023-05-26 07:02,9255.40,7.65,0.00,0.00,51.87,54.78,0.00,-1814.17
2023-05-26 07:03,9255.40,7.65,0.00,0.00,51.87,54.93,0.00,-1814.17
2023-05-26 07:04,9255.40,7.65,0.00,0.00,51.81,55.09,0.00,-1814.17
2023-05-26 07:05,9255.40,7.65,0.00,0.00,51.80,55.29,0.00,-1814.17
2023-05-26 07:06,9255.40,7.65,0.00,0.00,51.80,55.43,0.00,-1814.17
2023-05-26 07:07,9255.40,7.65,0.00,0.00,51.80,55.56,0.00,-1814.17
2023-05-26 07:08,9255.40,7.65,0.00,0.00,51.79,55.70,0.00,-1814.17
2023-05-26 07:09,9255.40,7.65,0.00,0.00,51.79,55.89,0.00,-1814.17
2023-05-26 07:10,9255.40,7.65,0.00,0.00,51.74,56.09,0.00,-1814.17
2023-05-26 07:11,9255.40,7.65,0.00,0.00,51.79,56.30,0.00,-1814.17
2023-05-26 07:12,9255.40,7.65,0.00,0.00,51.75,56.50,0.00,-1814.17
2023-05-26 07:13,9255.40,7.65,0.00,0.00,51.75,56.68,0.00,-1814.17
2023-05-26 07:14,9255.40,7.65,0.00,0.00,51.75,56.90,0.00,-1814.17
2023-05-26 07:15,9255.40,7.65,0.00,0.00,51.75,57.15,0.00,-1814.17
2023-05-26 07:16,9255.40,7.65,0.00,0.00,51.75,57.37,0.00,-1814.17
2023-05-26 07:17,9255.40,7.65,0.00,0.00,51.76,57.59,0.00,-1814.17
2023-05-26 07:18,9255.40,7.62,0.00,0.00,51.74,57.82,0.00,-1814.17
2023-05-26 07:19,9255.40,7.60,0.00,0.00,51.74,58.04,0.00,-1814.17
2023-05-26 07:20,9255.40,7.60,0.00,0.00,51.74,58.29,0.00,-1814.17
2023-05-26 07:21,9255.40,7.60,0.00,0.00,51.74,58.49,0.00,-1814.17
2023-05-26 07:22,9255.40,7.60,0.00,0.00,51.76,58.72,0.00,-1814.17
2023-05-26 07:23,9255.40,7.60,0.00,0.00,51.78,58.93,0.00,-1814.17
2023-05-26 07:24,9255.40,7.60,0.00,0.00,51.76,59.16,0.00,-1814.17
2023-05-26 07:25,9255.40,7.60,0.00,0.00,51.80,59.41,0.00,-1814.17
2023-05-26 07:26,9255.40,7.60,0.00,0.00,51.80,59.72,0.00,-1814.17
2023-05-26 07:27,9255.40,7.60,0.00,0.00,51.82,59.93,0.00,-1814.17
2023-05-26 07:28,9255.40,7.60,0.00,0.00,51.84,60.12,0.00,-1814.17
2023-05-26 07:29,9255.40,7.60,0.00,0.00,51.87,60.24,0.00,-1814.17
2023-05-26 07:30,9255.40,7.60,0.00,0.00,51.87,60.37,0.00,-1814.17
2023-05-26 07:31,9255.40,7.60,0.00,0.00,51.87,60.40,0.00,-1814.17
2023-05-26 07:32,9255.40,7.60,0.00,0.00,51.87,60.45,0.00,-1814.17
2023-05-26 07:33,9255.40,7.60,0.00,0.00,51.87,60.50,0.00,-1814.17
2023-05-26 07:34,9255.40,7.60,0.00,0.00,51.87,60.57,0.00,-1814.17
2023-05-26 07:35,9255.40,7.60,0.00,0.00,51.87,60.57,0.00,-1814.17
2023-05-26 07:36,9255.40,7.60,0.00,0.00,51.87,60.57,0.00,-1814.17
2023-05-26 07:37,9255.40,7.60,0.00,0.00,51.87,60.55,0.00,-1814.17
2023-05-26 07:38,9255.40,7.60,0.00,0.00,51.87,60.52,0.00,-1814.17
2023-05-26 07:39,9255.40,7.60,0.00,0.00,51.87,60.49,0.00,-1814.17
2023-05-26 07:40,9255.40,7.60,0.00,0.00,51.87,60.49,0.00,-1814.17
2023-05-26 07:41,9255.40,7.60,0.00,0.00,51.87,60.43,0.00,-1814.17
2023-05-26 07:42,9255.40,7.60,0.00,0.00,51.87,60.38,0.00,-1814.17
2023-05-26 07:43,9255.40,7.60,0.00,0.00,51.87,60.36,0.00,-1814.17
2023-05-26 07:44,9255.40,7.60,0.00,0.00,51.87,60.30,0.00,-1814.17
2023-05-26 07:45,9255.40,7.60,0.00,0.00,51.87,60.30,0.00,-1814.17
2023-05-26 07:46,9255.40,7.60,0.00,0.00,51.87,60.30,0.00,-1814.17
2023-05-26 07:47,9255.40,7.60,0.00,0.00,51.87,60.30,0.00,-1814.17
2023-05-26 07:48,9255.40,7.60,0.00,0.00,51.81,60.29,0.00,-1814.17
2023-05-26 07:49,9255.40,7.60,0.00,0.00,51.81,60.22,0.00,-1814.17
2023-05-26 07:50,9255.40,7.60,0.00,0.00,51.80,60.19,0.00,-1814.17
2023-05-26 07:51,9255.40,7.60,0.00,0.00,51.81,60.17,0.00,-1814.17
2023-05-26 07:52,9255.40,7.60,0.00,0.00,51.80,60.15,0.00,-1814.17
2023-05-26 07:53,9255.40,7.60,0.00,0.00,51.81,60.09,0.00,-1814.17
2023-05-26 07:54,9255.40,7.60,0.00,0.00,51.81,60.03,0.00,-1814.17
2023-05-26 07:55,9255.40,7.60,0.00,0.00,51.80,60.03,0.00,-1814.17
2023-05-26 07:56,9255.40,7.60,0.00,0.00,51.82,60.11,0.00,-1814.17
2023-05-26 07:57,9255.40,7.60,0.00,0.00,51.81,60.26,0.00,-1814.17
2023-05-26 07:58,9255.40,7.60,0.00,0.00,51.80,60.40,0.00,-1814.17
2023-05-26 07:59,9255.40,7.60,0.00,0.00,51.80,60.54,0.00,-1814.17
2023-05-26 08:00,9255.40,7.60,0.00,0.00,51.87,60.80,0.00,-1814.17
2023-05-26 08:01,9255.40,7.60,0.00,0.00,51.87,61.03,0.00,-1814.17
2023-05-26 08:02,9255.40,7.60,0.00,0.00,51.87,61.28,0.00,-1814.17
2023-05-26 08:03,9255.40,7.60,0.00,0.00,51.88,61.54,0.00,-1814.17
2023-05-26 08:04,9255.40,7.60,0.00,0.00,51.89,61.77,0.00,-1814.17
2023-05-26 08:05,9255.40,7.60,0.00,0.00,51.89,61.98,0.00,-1814.17
2023-05-26 08:06,9255.40,7.60,0.00,0.00,51.94,62.18,0.00,-1814.17
2023-05-26 08:07,9255.40,7.60,0.00,0.00,51.94,62.30,0.00,-1814.17
2023-05-26 08:08,9255.40,7.60,0.00,0.00,51.94,62.41,0.00,-1814.17
2023-05-26 08:09,9255.40,7.60,0.00,0.00,51.96,62.50,0.00,-1814.17
2023-05-26 08:10,9255.40,7.60,0.00,0.00,52.00,62.60,0.00,-1814.17
2023-05-26 08:11,9255.40,7.60,0.00,0.00,52.01,62.82,0.00,-1814.17
2023-05-26 08:12,9255.40,7.60,0.00,0.00,52.07,63.10,0.00,-1814.17
2023-05-26 08:13,9255.40,7.60,0.00,0.00,52.07,63.41,0.00,-1814.17
2023-05-26 08:14,9255.40,7.60,0.00,0.00,52.09,63.73,0.00,-1814.17
2023-05-26 08:15,9255.40,7.60,0.00,0.00,52.14,63.97,0.00,-1814.17
2023-05-26 08:16,9255.40,7.60,0.00,0.00,52.10,64.15,0.00,-1814.17
2023-05-26 08:17,9255.40,7.60,0.00,0.00,52.14,64.34,0.00,-1814.17
2023-05-26 08:18,9255.40,7.60,0.00,0.00,52.14,64.53,0.00,-1814.17
2023-05-26 08:19,9255.40,7.60,0.00,0.00,52.18,64.74,0.00,-1814.17
2023-05-26 08:20,9255.40,7.60,0.00,0.00,52.24,64.98,0.00,-1814.17
2023-05-26 08:21,9255.40,7.60,0.00,0.00,52.27,65.19,0.00,-1814.17
2023-05-26 08:22,9255.40,7.60,0.00,0.00,52.28,65.35,0.00,-1814.17
2023-05-26 08:23,9255.40,7.60,0.00,0.00,52.32,65.56,0.00,-1814.17
2023-05-26 08:24,9255.40,7.60,0.00,0.00,52.37,65.72,0.00,-1814.17
2023-05-26 08:25,9255.40,7.60,0.00,0.00,52.40,65.93,0.00,-1814.17
2023-05-26 08:26,9255.40,7.60,0.00,0.00,52.40,66.17,0.00,-1814.17
2023-05-26 08:27,9255.40,7.60,0.00,0.00,52.47,66.42,0.00,-1814.17
2023-05-26 08:28,9255.40,7.60,0.00,0.00,52.49,66.65,0.00,-1814.17
2023-05-26 08:29,9255.40,7.60,0.00,0.00,52.53,66.89,0.00,-1814.17
2023-05-26 08:30,9255.40,7.60,0.00,0.00,52.58,67.10,0.00,-1814.17
2023-05-26 08:31,9255.40,7.60,0.00,0.00,52.60,67.36,0.00,-1814.17
2023-05-26 08:32,9255.40,7.60,0.00,0.00,52.65,67.63,0.00,-1814.17
2023-05-26 08:33,9255.40,7.60,0.00,0.00,52.67,67.88,0.00,-1814.17
2023-05-26 08:34,9255.40,7.60,0.00,0.00,52.72,68.10,0.00,-1814.17
2023-05-26 08:35,9255.40,7.60,0.00,0.00,52.79,68.31,0.00,-1814.17
2023-05-26 08:36,9255.40,7.60,0.00,0.00,52.81,68.54,0.00,-1814.17
2023-05-26 08:37,9255.40,7.60,0.00,0.00,52.87,68.72,0.00,-1814.17
2023-05-26 08:38,9255.40,7.60,0.00,0.00,52.90,68.86,0.00,-1814.17
2023-05-26 08:39,9255.40,7.60,0.00,0.00,52.93,69.05,0.00,-1814.17
2023-05-26 08:40,9255.40,7.60,0.00,0.00,52.98,69.21,0.00,-1814.17
2023-05-26 08:41,9255.40,7.60,0.00,0.00,52.98,69.39,0.00,-1814.17
2023-05-26 08:42,9255.40,7.60,0.00,0.00,53.02,69.58,0.00,-1814.17
2023-05-26 08:43,9255.40,7.60,0.00,0.00,53.08,69.79,0.00,-1814.17
2023-05-26 08:44,9255.40,7.60,0.00,0.00,53.13,70.02,0.00,-1814.17
2023-05-26 08:45,9255.40,7.60,0.00,0.00,53.20,70.23,0.00,-1814.17
2023-05-26 08:46,9255.40,7.60,0.00,0.00,53.21,70.49,0.00,-1814.17
2023-05-26 08:47,9255.40,7.60,0.00,0.00,53.29,70.72,0.00,-1814.17
2023-05-26 08:48,9255.40,7.60,0.00,0.00,53.33,70.96,0.00,-1814.17
2023-05-26 08:49,9255.40,7.60,0.00,0.00,53.41,71.22,0.00,-1814.17
2023-05-26 08:50,9255.40,7.60,0.00,0.00,53.45,71.44,0.00,-1814.17
2023-05-26 08:51,9255.40,7.60,0.00,0.00,53.51,71.69,0.00,-1814.17
2023-05-26 08:52,9255.40,7.60,0.00,0.00,53.54,71.94,0.00,-1814.17
2023-05-26 08:53,9255.40,7.60,0.00,0.00,53.60,72.15,0.00,-1814.17
2023-05-26 08:54,9255.40,7.60,0.00,0.00,53.65,72.42,0.00,-1814.17
2023-05-26 08:55,9255.40,7.60,0.00,0.00,53.69,72.70,0.00,-1814.17
2023-05-26 08:56,9255.40,7.60,0.00,0.00,53.71,73.04,0.00,-1814.17
2023-05-26 08:57,9255.40,7.60,0.00,0.00,53.75,73.40,0.00,-1814.17
2023-05-26 08:58,9255.40,7.60,0.00,0.00,53.79,73.73,0.00,-1814.17
2023-05-26 08:59,9255.40,7.60,0.00,0.00,53.85,74.08,0.00,-1814.17
2023-05-26 09:00,9255.40,7.60,0.00,0.00,53.88,74.37,0.00,-1814.17
2023-05-26 09:01,9255.40,7.60,0.00,0.00,53.93,74.68,0.00,-1814.17
2023-05-26 09:02,9255.40,7.60,0.00,0.00,53.99,74.96,0.00,-1814.17
2023-05-26 09:03,9255.40,7.60,0.00,0.00,54.04,75.24,0.00,-1814.17
2023-05-26 09:04,9255.40,7.60,0.00,0.00,54.07,75.49,0.00,-1814.17
2023-05-26 09:05,9255.40,7.60,0.00,0.00,54.17,75.75,0.00,-1814.17
2023-05-26 09:06,9255.40,7.60,0.00,0.00,54.19,75.99,0.00,-1814.17
2023-05-26 09:07,9255.40,7.60,0.00,0.00,54.21,76.20,0.00,-1814.17
2023-05-26 09:08,9255.40,7.60,0.00,0.00,54.29,76.39,0.00,-1814.17
2023-05-26 09:09,9255.40,7.60,0.00,0.00,54.33,76.55,0.00,-1814.17
2023-05-26 09:10,9255.40,7.60,0.00,0.00,54.37,76.73,0.00,-1814.17
2023-05-26 09:11,9255.40,7.60,0.00,0.00,54.40,76.93,0.00,-1814.17
2023-05-26 09:12,9255.40,7.60,0.00,0.00,54.47,77.09,0.00,-1814.17
2023-05-26 09:13,9255.40,7.60,0.00,0.00,54.53,77.24,0.00,-1814.17
2023-05-26 09:14,9255.40,7.60,0.00,0.00,54.56,77.39,0.00,-1814.17
2023-05-26 09:15,9255.40,7.60,0.00,0.00,54.61,77.54,0.00,-1814.17
2023-05-26 09:16,9255.40,7.60,0.00,0.00,54.66,77.73,0.00,-1814.17
2023-05-26 09:17,9255.40,7.60,0.00,0.00,54.72,77.96,0.00,-1814.17
2023-05-26 09:18,9255.40,7.60,0.00,0.00,54.74,78.14,0.00,-1814.17
2023-05-26 09:19,9255.40,7.60,0.00,0.00,54.79,78.39,0.00,-1814.17
2023-05-26 09:20,9255.40,7.60,0.00,0.00,54.85,78.59,0.00,-1814.17
2023-05-26 09:21,9255.40,7.60,0.00,0.00,54.90,78.84,0.00,-1814.17
2023-05-26 09:22,9255.40,7.60,0.00,0.00,54.96,79.10,0.00,-1814.17
2023-05-26 09:23,9255.40,7.60,0.00,0.00,55.03,79.35,0.00,-1814.17
2023-05-26 09:24,9255.40,7.60,0.00,0.00,55.08,79.62,0.00,-1814.17
2023-05-26 09:25,9255.40,7.60,0.00,0.00,55.12,79.87,0.00,-1814.17
2023-05-26 09:26,9255.40,7.60,0.00,0.00,55.19,80.11,0.00,-1814.17
2023-05-26 09:27,9255.40,7.60,0.00,0.00,55.24,80.35,0.00,-1814.17
2023-05-26 09:28,9255.40,7.60,0.00,0.00,55.26,80.57,0.00,-1814.17
2023-05-26 09:29,9255.40,7.60,0.00,0.00,55.30,80.81,0.00,-1814.17
2023-05-26 09:30,9255.40,7.60,0.00,0.00,55.39,81.03,0.00,-1814.17
2023-05-26 09:31,9255.40,7.60,0.00,0.00,55.41,81.27,0.00,-1814.17
2023-05-26 09:32,9255.40,7.60,0.00,0.00,55.45,81.44,0.00,-1814.17
2023-05-26 09:33,9255.40,7.60,0.00,0.00,55.56,81.63,0.00,-1814.17
2023-05-26 09:34,9255.40,7.60,0.00,0.00,55.59,81.84,0.00,-1814.17
2023-05-26 09:35,9255.40,7.60,0.00,0.00,55.63,81.98,0.00,-1814.17
2023-05-26 09:36,9255.40,7.60,0.00,0.00,55.66,82.14,0.00,-1814.17
2023-05-26 09:37,9255.40,7.60,0.00,0.00,55.73,82.30,0.00,-1814.17
2023-05-26 09:38,9255.40,7.60,0.00,0.00,55.78,82.44,0.00,-1814.17
2023-05-26 09:39,9255.40,7.60,0.00,0.00,55.83,82.56,0.00,-1814.17
2023-05-26 09:40,9255.40,7.60,0.00,0.00,55.88,82.74,0.00,-1814.17
2023-05-26 09:41,9255.40,7.60,0.00,0.00,55.93,82.90,0.00,-1814.17
2023-05-26 09:42,9255.40,7.60,0.00,0.00,55.99,83.08,0.00,-1814.17
2023-05-26 09:43,9255.40,7.60,0.00,0.00,56.04,83.25,0.00,-1814.17
2023-05-26 09:44,9255.40,8.26,0.00,0.00,56.12,83.45,0.00,-1814.17
2023-05-26 09:45,9255.40,10.55,0.00,0.00,56.16,83.60,0.00,-1814.17
2023-05-26 09:46,9255.40,13.02,0.00,0.00,56.23,83.78,0.00,-1814.17
2023-05-26 09:47,9255.40,13.02,0.00,0.00,56.32,83.89,0.00,-1814.17
2023-05-26 09:48,9255.40,13.02,0.00,0.00,56.37,84.00,0.00,-1814.17
2023-05-26 09:49,9255.40,13.02,0.00,0.00,56.45,84.08,0.00,-1814.17
2023-05-26 09:50,9255.40,13.02,0.00,0.00,56.51,84.15,0.00,-1814.17
2023-05-26 09:51,9255.40,13.02,0.00,0.00,56.52,84.20,0.00,-1814.17
2023-05-26 09:52,9255.40,13.02,0.00,0.00,56.58,84.20,0.00,-1814.17
2023-05-26 09:53,9255.40,13.02,0.00,0.00,56.59,84.14,0.00,-1814.17
2023-05-26 09:54,9255.40,13.02,0.00,0.00,56.65,84.13,0.00,-1814.17
2023-05-26 09:55,9255.40,13.02,0.00,0.00,56.69,84.13,0.00,-1814.17
2023-05-26 09:56,9255.40,13.02,0.00,0.00,56.76,84.21,0.00,-1814.17
2023-05-26 09:57,9255.40,13.02,0.00,0.00,56.83,84.28,0.00,-1814.17
2023-05-26 09:58,9255.40,13.02,0.00,0.00,56.88,84.39,0.00,-1814.17
2023-05-26 09:59,9255.40,13.02,0.00,0.00,56.97,84.55,0.00,-1814.17
2023-05-26 10:00,9255.40,13.02,0.00,0.00,57.04,84.72,0.00,-1814.17
2023-05-26 10:01,9255.40,13.02,0.00,0.00,57.10,84.89,0.00,-1814.17
2023-05-26 10:02,9255.40,13.02,0.00,0.00,57.18,85.13,0.00,-1814.17
2023-05-26 10:03,9255.40,13.02,0.00,0.00,57.27,85.34,0.00,-1814.17
2023-05-26 10:04,9255.40,13.02,0.00,0.00,57.34,85.55,0.00,-1814.17
2023-05-26 10:05,9255.40,13.02,0.00,0.00,57.41,85.76,0.00,-1814.17
2023-05-26 10:06,9255.40,13.02,0.00,0.00,57.50,85.95,0.00,-1814.17
2023-05-26 10:07,9255.40,13.02,0.00,0.00,57.54,86.11,0.00,-1814.17
2023-05-26 10:08,9255.40,13.02,0.00,0.00,57.58,86.28,0.00,-1814.17
2023-05-26 10:09,9255.40,13.02,0.00,0.00,57.60,86.38,0.00,-1814.17
2023-05-26 10:10,9255.40,13.02,0.00,0.00,57.64,86.45,0.00,-1814.17
2023-05-26 10:11,9255.40,13.02,0.00,0.00,57.67,86.46,0.00,-1814.17
2023-05-26 10:12,9255.40,13.02,0.00,0.00,57.71,86.45,0.00,-1814.17
2023-05-26 10:13,9255.40,13.02,0.00,0.00,57.71,86.43,0.00,-1814.17
2023-05-26 10:14,9255.40,13.02,0.00,0.00,57.75,86.34,0.00,-1814.17
2023-05-26 10:15,9255.40,13.02,0.00,0.00,57.77,86.28,0.00,-1814.17
2023-05-26 10:16,9255.40,13.02,0.00,0.00,57.83,86.26,0.00,-1814.17
2023-05-26 10:17,9255.40,13.02,0.00,0.00,57.84,86.19,0.00,-1814.17
2023-05-26 10:18,9255.40,13.02,0.00,0.00,57.88,86.10,0.00,-1814.17
2023-05-26 10:19,9255.40,13.02,0.00,0.00,57.91,86.04,0.00,-1814.17
2023-05-26 10:20,9255.40,13.02,0.00,0.00,57.92,85.94,0.00,-1814.17
2023-05-26 10:21,9255.40,13.02,0.00,0.00,57.94,85.83,0.00,-1814.17
2023-05-26 10:22,9255.40,13.02,0.00,0.00,57.99,85.68,0.00,-1814.17
2023-05-26 10:23,9255.40,13.02,0.00,0.00,58.04,85.54,0.00,-1814.17
2023-05-26 10:24,9255.40,13.02,0.00,0.00,58.04,85.40,0.00,-1814.17
2023-05-26 10:25,9255.40,13.02,0.00,0.00,58.05,85.23,0.00,-1814.17
2023-05-26 10:26,9255.40,13.02,0.00,0.00,58.10,85.08,0.00,-1814.17
2023-05-26 10:27,9255.40,13.02,0.00,0.00,58.11,84.95,0.00,-1814.17
2023-05-26 10:28,9255.40,13.02,0.00,0.00,58.13,84.93,0.00,-1814.17
2023-05-26 10:29,9255.40,13.02,0.00,0.00,58.20,84.91,0.00,-1814.17
2023-05-26 10:30,9255.40,13.70,0.00,0.00,58.25,84.93,0.00,-1814.17
2023-05-26 10:31,9255.40,18.60,0.00,0.00,58.37,84.97,0.00,-1814.17
2023-05-26 10:32,9255.40,35.34,0.00,0.00,58.38,85.06,0.00,-1814.17
2023-05-26 10:33,9255.40,35.34,0.00,0.00,58.44,85.14,0.00,-1814.17
2023-05-26 10:34,9255.40,35.34,0.00,0.00,58.44,85.23,0.00,-1814.17
2023-05-26 10:35,9255.40,35.34,0.00,0.00,58.49,85.32,0.00,-1814.17
2023-05-26 10:36,9255.40,35.34,0.00,164.59,58.51,85.41,0.00,-1814.17
2023-05-26 10:37,9255.40,35.34,0.00,93.57,58.51,85.57,0.00,-1814.17
2023-05-26 10:38,9255.40,35.34,0.00,65.89,58.51,85.76,0.00,-1814.17
2023-05-26 10:39,9255.40,35.34,0.00,236.43,58.41,85.96,0.00,-1814.17
2023-05-26 10:40,9255.40,35.34,0.00,292.21,54.75,86.19,0.00,-1814.17
2023-05-26 10:41,9255.40,35.34,0.00,87.62,51.73,86.44,0.00,-1814.17
2023-05-26 10:42,9255.40,35.34,1.58,195.87,51.69,86.70,0.00,-1812.59
2023-05-26 10:43,9255.40,35.34,283.52,340.94,51.56,86.95,0.00,-1530.65
2023-05-26 10:44,9255.40,35.34,470.08,363.23,51.56,86.72,0.00,-1344.10
2023-05-26 10:45,9255.40,35.34,428.76,309.24,51.58,86.23,0.00,-1385.41
2023-05-26 10:46,9255.40,35.34,8.00,12.32,51.62,85.70,0.00,-1806.18
2023-05-26 10:47,9255.40,35.34,65.48,98.00,51.73,85.59,0.00,-1748.69
2023-05-26 10:48,9255.40,35.34,406.23,412.09,51.69,85.50,0.00,-1407.94
2023-05-26 10:49,9255.40,35.34,563.92,411.12,51.67,84.98,0.00,-1250.26
2023-05-26 10:50,9255.40,35.34,407.69,324.60,51.72,84.38,0.00,-1406.48
2023-05-26 10:51,9255.40,35.34,3.40,10.11,51.80,83.77,0.00,-1810.77
2023-05-26 10:52,9255.40,35.34,1.56,13.84,51.92,83.79,0.00,-1812.61
2023-05-26 10:53,9255.40,35.34,131.63,210.68,51.91,83.82,0.00,-1682.55
2023-05-26 10:54,9255.40,35.34,220.79,215.80,51.88,83.02,0.00,-1593.38
2023-05-26 10:55,9255.40,35.34,215.64,216.22,51.94,81.70,0.00,-1598.53
2023-05-26 10:56,9255.40,35.34,218.60,221.62,51.98,80.65,0.00,-1595.58
2023-05-26 10:57,9255.40,35.34,231.05,222.03,52.03,79.73,0.00,-1583.12
2023-05-26 10:58,9255.40,35.44,82.69,83.75,52.09,78.92,0.00,-1731.48
2023-05-26 10:59,9255.40,35.49,0.00,0.00,52.23,78.41,0.00,-1814.17
2023-05-26 11:00,9255.40,35.49,0.00,0.00,52.43,78.49,0.00,-1814.17
2023-05-26 11:01,9255.40,35.49,0.00,0.00,52.51,78.81,0.00,-1814.17
2023-05-26 11:02,9255.40,35.49,0.00,0.00,52.60,79.00,0.00,-1814.17
2023-05-26 11:03,9255.40,35.49,0.00,0.00,52.49,79.27,0.00,-1814.17
2023-05-26 11:04,9255.40,35.49,0.00,0.00,52.63,79.53,0.00,-1814.17
2023-05-26 11:05,9255.40,35.49,0.00,0.00,52.69,79.69,0.00,-1814.17
2023-05-26 11:06,9255.40,35.49,0.00,0.00,52.93,79.85,0.00,-1814.17
2023-05-26 11:07,9255.40,35.49,0.00,0.00,52.75,79.97,0.00,-1814.17
2023-05-26 11:08,9255.40,35.49,0.00,0.00,52.75,80.04,0.00,-1814.17
2023-05-26 11:09,9255.40,35.49,0.00,0.00,53.09,80.14,0.00,-1814.17
2023-05-26 11:10,9255.40,61.63,0.00,0.00,53.24,80.19,0.00,-1814.17
2023-05-26 11:11,9255.40,102.32,0.00,0.00,53.34,80.05,0.00,-1814.17
2023-05-26 11:12,9255.40,102.32,0.00,0.00,53.22,80.03,0.00,-1814.17
2023-05-26 11:13,9255.40,102.32,0.00,0.00,53.44,80.13,0.00,-1814.17
2023-05-26 11:14,9255.40,102.32,0.00,0.00,53.72,80.15,0.00,-1814.17
2023-05-26 11:15,9255.40,102.32,0.00,0.00,53.96,80.18,0.00,-1814.17
2023-05-26 11:16,9255.40,102.32,0.00,0.00,53.81,80.21,0.00,-1814.17
2023-05-26 11:17,9255.40,102.32,0.00,0.00,53.68,80.21,0.00,-1814.17
2023-05-26 11:18,9255.40,102.32,0.00,0.00,53.53,80.28,0.00,-1814.17
2023-05-26 11:19,9255.40,102.32,0.00,0.00,53.31,80.29,0.00,-1814.17
2023-05-26 11:20,9255.40,102.32,0.00,0.00,53.21,80.41,0.00,-1814.17
2023-05-26 11:21,9255.40,102.32,0.00,0.00,53.33,80.54,0.00,-1814.17
2023-05-26 11:22,9255.40,102.32,0.00,0.00,53.54,80.73,0.00,-1814.17
2023-05-26 11:23,9255.40,102.32,0.00,0.00,53.30,80.92,0.00,-1814.17
2023-05-26 11:24,9255.40,130.12,0.00,0.00,53.47,81.13,0.00,-1814.17
2023-05-26 11:25,9255.40,177.57,0.00,0.00,53.66,81.26,0.00,-1814.17
2023-05-26 11:26,9255.40,186.17,0.00,0.00,53.80,81.24,0.00,-1814.17
2023-05-26 11:27,9255.40,171.74,0.00,0.00,53.67,81.40,0.00,-1814.17
2023-05-26 11:28,9255.40,172.08,0.00,0.00,53.27,81.64,0.00,-1814.17
2023-05-26 11:29,9255.40,171.10,0.00,0.00,53.24,81.86,0.00,-1814.17
2023-05-26 11:30,9255.40,171.10,0.00,0.00,53.52,82.10,0.00,-1814.17
2023-05-26 11:31,9255.40,171.10,0.00,0.00,53.31,82.32,0.00,-1814.17
2023-05-26 11:32,9255.40,171.10,0.00,0.00,53.59,82.48,0.00,-1814.17
2023-05-26 11:33,9255.40,171.10,0.00,0.00,53.46,82.67,0.00,-1814.17
2023-05-26 11:34,9255.40,171.10,0.00,0.00,53.98,82.85,0.00,-1814.17
2023-05-26 11:35,9255.40,170.85,0.00,0.00,54.00,82.99,0.00,-1814.17
2023-05-26 11:36,9255.40,145.84,0.00,0.00,53.92,83.08,0.00,-1814.17
2023-05-26 11:37,9255.40,146.59,0.00,0.00,54.07,83.17,0.00,-1814.17
2023-05-26 11:38,9255.40,146.82,0.00,0.00,53.61,83.26,0.00,-1814.17
2023-05-26 11:39,9255.40,132.87,0.00,0.00,53.53,83.33,0.00,-1814.17
2023-05-26 11:40,9255.40,114.54,0.00,0.00,53.66,83.40,0.00,-1814.17
2023-05-26 11:41,9255.40,114.54,0.00,0.00,53.68,83.46,0.00,-1814.17
2023-05-26 11:42,9255.40,114.54,0.00,0.00,53.82,83.53,0.00,-1814.17
2023-05-26 11:43,9255.40,114.54,0.00,0.00,54.10,83.62,0.00,-1814.17
2023-05-26 11:44,9255.40,114.54,0.00,0.00,54.37,83.73,0.00,-1814.17
2023-05-26 11:45,9255.40,127.63,0.00,0.00,54.82,83.87,0.00,-1814.17
2023-05-26 11:46,9255.40,147.32,0.00,0.00,54.70,84.08,0.00,-1814.17
2023-05-26 11:47,9255.40,147.32,0.00,0.00,54.69,84.25,0.00,-1814.17
2023-05-26 11:48,9255.40,147.32,0.00,0.00,54.45,84.51,0.00,-1814.17
2023-05-26 11:49,9255.40,212.66,0.00,0.00,53.99,84.77,0.00,-1814.17
2023-05-26 11:50,9255.40,245.00,0.00,0.00,53.69,84.94,0.00,-1814.17
2023-05-26 11:51,9255.40,261.52,0.00,0.00,53.86,85.16,0.00,-1814.17
2023-05-26 11:52,9255.40,315.27,0.00,0.00,54.24,85.16,0.00,-1814.17
2023-05-26 11:53,9255.40,323.58,0.00,0.00,53.59,85.11,0.00,-1814.17
2023-05-26 11:54,9255.40,312.46,0.00,0.00,53.54,85.36,0.00,-1814.17
2023-05-26 11:55,9255.40,312.46,0.00,0.00,53.55,85.65,0.00,-1814.17
2023-05-26 11:56,9255.40,312.46,0.00,0.00,53.65,85.92,0.00,-1814.17
2023-05-26 11:57,9255.40,312.46,0.00,0.00,53.65,86.18,0.00,-1814.17
2023-05-26 11:58,9255.40,312.46,0.00,0.00,53.87,86.39,0.00,-1814.17
2023-05-26 11:59,9255.40,312.46,0.00,0.00,53.87,86.56,0.00,-1814.17
2023-05-26 12:00,9255.40,312.46,0.00,0.00,53.98,86.69,0.00,-1814.17
2023-05-26 12:01,9255.40,312.46,0.00,0.00,53.83,86.78,0.00,-1814.17
2023-05-26 12:02,9255.40,337.86,0.00,0.00,53.80,86.80,0.00,-1814.17
2023-05-26 12:03,9255.40,393.86,0.00,0.00,53.72,86.79,0.00,-1814.17
2023-05-26 12:04,9255.40,377.98,0.00,0.00,53.85,86.67,0.00,-1814.17
2023-05-26 12:05,9255.40,353.72,0.00,0.00,54.02,86.77,0.00,-1814.17
2023-05-26 12:06,9255.40,347.24,0.00,0.00,53.85,86.86,0.00,-1814.17
2023-05-26 12:07,9255.40,347.24,0.00,0.00,54.09,86.99,0.00,-1814.17
2023-05-26 12:08,9255.40,347.24,0.00,0.00,53.86,87.13,0.00,-1814.17
2023-05-26 12:09,9255.40,351.89,0.00,0.00,53.86,87.23,0.00,-1814.17
2023-05-26 12:10,9255.40,378.97,0.00,0.00,53.86,87.32,0.00,-1814.17
2023-05-26 12:11,9255.40,378.97,0.00,0.00,53.84,87.38,0.00,-1814.17
2023-05-26 12:12,9255.40,378.97,0.00,0.00,53.87,87.38,0.00,-1814.17
2023-05-26 12:13,9255.40,378.97,0.00,0.00,53.98,87.32,0.00,-1814.17
2023-05-26 12:14,9255.40,421.61,0.00,0.00,53.94,87.17,0.00,-1814.17
2023-05-26 12:15,9255.40,443.61,0.00,0.00,53.85,86.91,0.00,-1814.17
2023-05-26 12:16,9255.40,443.61,0.00,0.00,53.88,86.70,0.00,-1814.17
2023-05-26 12:17,9255.40,443.61,0.00,0.00,53.87,86.50,0.00,-1814.17
2023-05-26 12:18,9255.40,443.61,0.00,0.00,53.86,86.33,0.00,-1814.17
2023-05-26 12:19,9255.40,443.61,0.00,0.00,53.89,86.19,0.00,-1814.17
2023-05-26 12:20,9255.40,449.23,0.00,0.00,53.90,86.06,0.00,-1814.17
2023-05-26 12:21,9255.40,534.91,0.00,0.00,53.90,85.81,0.00,-1814.17
2023-05-26 12:22,9255.40,544.83,0.00,0.00,53.98,85.48,0.00,-1814.17
2023-05-26 12:23,9255.40,631.82,0.00,0.00,53.98,85.31,0.00,-1814.17
2023-05-26 12:24,9255.40,638.49,0.00,0.00,54.17,85.09,0.00,-1814.17
2023-05-26 12:25,9255.40,727.09,0.00,0.00,53.92,85.06,0.00,-1814.17
2023-05-26 12:26,9255.40,735.37,0.00,0.00,53.95,84.99,0.00,-1814.17
2023-05-26 12:27,9255.40,735.37,0.00,0.00,53.99,85.20,0.00,-1814.17
2023-05-26 12:28,9255.40,735.37,0.00,0.00,53.95,85.40,0.00,-1814.17
2023-05-26 12:29,9255.40,735.37,0.00,0.00,53.97,85.66,0.00,-1814.17
2023-05-26 12:30,9255.40,735.37,0.00,0.00,53.93,85.90,0.00,-1814.17
2023-05-26 12:31,9255.40,735.37,0.00,0.00,53.97,86.19,0.00,-1814.17
2023-05-26 12:32,9255.40,752.09,0.00,0.00,53.99,86.41,0.00,-1814.17
2023-05-26 12:33,9255.40,768.89,0.00,0.00,53.99,86.69,0.00,-1814.17
2023-05-26 12:34,9255.40,768.89,0.00,0.00,54.01,86.91,0.00,-1814.17
2023-05-26 12:35,9255.40,768.89,0.00,0.00,54.11,87.16,0.00,-1814.17
2023-05-26 12:36,9255.40,768.89,0.00,0.00,54.08,87.39,0.00,-1814.17
2023-05-26 12:37,9255.40,772.43,0.00,0.00,54.07,87.61,0.00,-1814.17
2023-05-26 12:38,9255.40,801.80,0.00,0.00,54.12,87.76,0.00,-1814.17
2023-05-26 12:39,9255.40,801.80,0.00,0.00,54.16,87.88,0.00,-1814.17
2023-05-26 12:40,9255.40,801.80,0.00,0.00,54.26,87.91,0.00,-1814.17
2023-05-26 12:41,9255.40,816.34,0.00,0.00,54.16,87.91,0.00,-1814.17
2023-05-26 12:42,9255.40,835.72,0.00,0.00,54.17,87.77,0.00,-1814.17
2023-05-26 12:43,9255.40,835.72,0.00,0.00,54.24,87.71,0.00,-1814.17
2023-05-26 12:44,9255.40,835.72,0.00,0.00,54.27,87.63,0.00,-1814.17
2023-05-26 12:45,9255.40,867.73,0.00,0.00,54.24,87.46,0.00,-1814.17
2023-05-26 12:46,9255.40,868.64,0.00,0.00,54.22,87.20,0.00,-1814.17
2023-05-26 12:47,9255.40,868.64,0.00,0.00,54.22,87.06,0.00,-1814.17
2023-05-26 12:48,9255.40,868.64,0.00,0.00,54.29,86.92,0.00,-1814.17
2023-05-26 12:49,9255.40,896.00,0.00,0.00,54.28,86.71,0.00,-1814.17
2023-05-26 12:50,9255.40,902.26,0.00,0.00,54.27,86.49,0.00,-1814.17
2023-05-26 12:51,9255.40,902.26,0.00,0.00,54.32,86.33,0.00,-1814.17
2023-05-26 12:52,9255.40,902.26,0.00,0.00,54.34,86.20,0.00,-1814.17
2023-05-26 12:53,9255.40,935.07,0.00,0.00,54.39,86.04,0.00,-1814.17
2023-05-26 12:54,9255.40,935.85,0.00,0.00,54.37,85.82,0.00,-1814.17
2023-05-26 12:55,9255.40,935.85,0.00,0.00,54.33,85.68,0.00,-1814.17
2023-05-26 12:56,9255.40,935.85,0.00,0.00,54.34,85.50,0.00,-1814.17
2023-05-26 12:57,9255.40,935.85,0.00,0.00,54.38,85.36,0.00,-1814.17
2023-05-26 12:58,9255.40,948.37,0.00,0.00,54.41,85.19,0.00,-1814.17
2023-05-26 12:59,9255.40,968.69,0.00,0.00,54.44,85.00,0.00,-1814.17
2023-05-26 13:00,9255.40,968.69,0.00,0.00,54.47,84.84,0.00,-1814.17
2023-05-26 13:01,9255.40,968.69,0.00,0.00,54.46,84.70,0.00,-1814.17
2023-05-26 13:02,9255.40,983.25,0.00,0.00,54.62,84.51,0.00,-1814.17
2023-05-26 13:03,9255.40,1001.72,0.00,0.00,54.60,84.31,0.00,-1814.17
2023-05-26 13:04,9255.40,1019.21,0.00,0.00,54.59,84.19,0.00,-1814.17
2023-05-26 13:05,9255.40,1036.50,0.00,0.00,54.60,83.97,0.00,-1814.17
2023-05-26 13:06,9255.40,1046.98,0.00,0.00,54.60,83.81,0.00,-1814.17
2023-05-26 13:07,9255.40,1070.55,0.00,0.00,54.70,83.64,0.00,-1814.17
2023-05-26 13:08,9255.40,1070.55,0.00,0.00,54.72,83.55,0.00,-1814.17
2023-05-26 13:09,9255.40,1104.32,0.00,0.00,54.81,83.55,0.00,-1814.17
2023-05-26 13:10,9255.40,1105.13,0.00,0.00,54.75,83.47,0.00,-1814.17
2023-05-26 13:11,9255.40,1126.30,0.00,0.00,54.77,83.47,0.00,-1814.17
2023-05-26 13:12,9255.40,1139.05,0.00,0.00,54.87,83.34,0.00,-1814.17
2023-05-26 13:13,9255.40,1139.05,0.00,0.00,54.85,83.33,0.00,-1814.17
2023-05-26 13:14,9255.40,1149.08,0.00,0.00,54.85,83.33,0.00,-1814.17
2023-05-26 13:15,9255.40,1172.52,0.00,0.00,54.88,83.31,0.00,-1814.17
2023-05-26 13:16,9255.40,1194.94,0.00,0.00,54.92,83.35,0.00,-1814.17
2023-05-26 13:17,9255.40,1207.80,0.00,0.00,54.93,83.23,0.00,-1814.17
2023-05-26 13:18,9255.40,1207.80,0.00,0.00,55.15,83.29,0.00,-1814.17
2023-05-26 13:19,9255.40,1207.80,0.00,0.00,55.37,83.51,0.00,-1814.17
2023-05-26 13:20,9255.40,1231.86,0.00,0.00,55.12,83.71,0.00,-1814.17
2023-05-26 13:21,9255.40,1242.66,0.00,0.00,55.12,83.75,0.00,-1814.17
2023-05-26 13:22,9255.40,1264.59,0.00,0.00,55.05,83.89,0.00,-1814.17
2023-05-26 13:23,9255.40,1275.57,0.00,0.00,55.05,83.88,0.00,-1814.17
2023-05-26 13:24,9255.40,1303.97,0.00,0.00,55.35,84.08,0.00,-1814.17
2023-05-26 13:25,9255.40,1309.80,0.00,0.00,55.18,84.11,0.00,-1814.17
2023-05-26 13:26,9255.40,1309.80,0.00,0.00,55.18,84.22,0.00,-1814.17
2023-05-26 13:27,9255.40,1309.80,0.00,0.00,55.31,84.33,0.00,-1814.17
2023-05-26 13:28,9255.40,1309.80,0.00,0.00,55.28,84.42,0.00,-1814.17
2023-05-26 13:29,9255.40,1309.80,0.00,0.00,55.23,84.55,0.00,-1814.17
2023-05-26 13:30,9255.40,1344.01,0.00,0.00,55.25,84.62,0.00,-1814.17
2023-05-26 13:31,9255.40,1345.41,0.00,0.00,55.34,84.58,0.00,-1814.17
2023-05-26 13:32,9255.40,1345.41,0.00,0.00,55.30,84.53,0.00,-1814.17
2023-05-26 13:33,9255.40,1377.62,0.00,0.00,55.34,84.55,0.00,-1814.17
2023-05-26 13:34,9255.40,1380.11,0.00,0.00,55.53,84.53,0.00,-1814.17
2023-05-26 13:35,9255.40,1414.37,0.00,0.00,55.34,84.53,0.00,-1814.17
2023-05-26 13:36,9255.40,1414.41,0.00,0.00,55.44,84.51,0.00,-1814.17
2023-05-26 13:37,9255.40,1445.65,0.00,0.00,55.41,84.52,0.00,-1814.17
2023-05-26 13:38,9255.40,1448.84,0.00,0.00,55.39,84.28,0.00,-1814.17
2023-05-26 13:39,9255.40,1473.71,0.00,0.00,55.41,84.31,0.00,-1814.17
2023-05-26 13:40,9255.40,1483.29,0.00,0.00,55.44,84.14,0.00,-1814.17
2023-05-26 13:41,9255.40,1517.57,0.00,0.00,55.39,84.12,0.00,-1814.17
2023-05-26 13:42,9255.40,1530.73,0.00,0.00,55.37,83.94,0.00,-1814.17
2023-05-26 13:43,9255.40,1551.99,0.00,0.00,55.41,83.84,0.00,-1814.17
2023-05-26 13:44,9255.40,1561.27,0.00,0.00,55.45,83.99,0.00,-1814.17
2023-05-26 13:45,9255.40,1586.04,0.00,0.00,55.42,84.04,0.00,-1814.17
2023-05-26 13:46,9255.40,1603.20,0.00,0.00,55.41,84.14,0.00,-1814.17
2023-05-26 13:47,9255.40,1621.05,0.00,0.00,55.45,83.95,0.00,-1814.17
2023-05-26 13:48,9255.40,1621.05,0.00,0.00,55.51,84.10,0.00,-1814.17
2023-05-26 13:49,9255.40,1653.87,0.00,0.00,55.49,84.27,0.00,-1814.17
2023-05-26 13:50,9255.40,1654.84,0.00,0.00,55.53,84.25,0.00,-1814.17
2023-05-26 13:51,9255.40,1660.39,0.00,0.00,55.66,84.51,0.00,-1814.17
2023-05-26 13:52,9255.40,1689.50,0.00,0.00,55.60,84.55,0.00,-1814.17
2023-05-26 13:53,9255.40,1689.50,0.00,0.00,55.51,84.65,0.00,-1814.17
2023-05-26 13:54,9255.40,1700.02,0.00,0.00,55.70,84.95,0.00,-1814.17
2023-05-26 13:55,9255.40,1723.87,0.00,0.00,55.85,84.93,0.00,-1814.17
2023-05-26 13:56,9255.40,1723.87,0.00,0.00,55.77,84.95,0.00,-1814.17
2023-05-26 13:57,9255.40,1754.56,0.00,0.00,55.69,84.92,0.00,-1814.17
2023-05-26 13:58,9255.40,1758.30,0.00,0.00,55.65,84.62,0.00,-1814.17
2023-05-26 13:59,9255.40,1782.96,0.00,0.00,55.76,84.56,0.00,-1814.17
2023-05-26 14:00,9255.40,1792.45,0.00,0.00,55.80,84.16,0.00,-1814.17
2023-05-26 14:01,9255.40,1821.31,0.00,0.00,55.75,84.04,0.00,-1814.17
2023-05-26 14:02,9255.40,1827.28,0.00,0.00,55.77,83.79,0.00,-1814.17
2023-05-26 14:03,9255.40,1827.28,0.00,0.00,55.89,83.80,0.00,-1814.17
2023-05-26 14:04,9255.40,1851.70,0.00,0.00,55.91,83.79,0.00,-1814.17
2023-05-26 14:05,9255.40,1861.70,0.00,0.00,55.89,83.62,0.00,-1814.17
2023-05-26 14:06,9255.40,1862.16,0.00,0.00,56.00,83.62,0.00,-1814.17
2023-05-26 14:07,9255.40,1896.10,0.00,0.00,55.94,83.61,0.00,-1814.17
2023-05-26 14:08,9255.40,1896.26,0.00,0.00,55.88,83.55,0.00,-1814.17
2023-05-26 14:09,9255.40,1912.20,0.00,0.00,55.94,83.77,0.00,-1814.17
2023-05-26 14:10,9255.40,1930.83,0.00,0.00,56.07,83.56,0.00,-1814.17
2023-05-26 14:11,9255.40,1930.83,0.00,0.00,55.98,83.55,0.00,-1814.17
2023-05-26 14:12,9255.40,1935.75,0.00,0.00,56.51,83.83,0.00,-1814.17
2023-05-26 14:13,9255.40,1965.56,0.00,0.00,56.13,83.98,0.00,-1814.17
2023-05-26 14:14,9255.40,1965.56,0.00,0.00,56.20,84.14,0.00,-1814.17
2023-05-26 14:15,9255.40,1976.37,0.00,0.00,56.10,84.31,0.00,-1814.17
2023-05-26 14:16,9255.40,1999.49,0.00,0.00,56.02,83.99,0.00,-1814.17
2023-05-26 14:17,9255.40,1999.49,0.00,0.00,56.01,83.62,0.00,-1814.17
2023-05-26 14:18,9255.40,2029.25,0.00,0.00,56.10,83.53,0.00,-1814.17
2023-05-26 14:19,9255.40,2033.79,0.00,0.00,55.98,83.33,0.00,-1814.17
2023-05-26 14:20,9255.40,2033.79,0.00,0.00,56.03,83.34,0.00,-1814.17
2023-05-26 14:21,9255.40,2033.79,0.00,0.00,56.09,83.36,0.00,-1814.17
2023-05-26 14:22,9255.40,2033.79,0.00,0.00,56.10,83.36,0.00,-1814.17
2023-05-26 14:23,9255.40,2116.61,0.00,0.00,56.05,83.14,0.00,-1814.17
2023-05-26 14:24,9255.40,2136.28,0.00,0.00,56.04,82.71,0.00,-1814.17
2023-05-26 14:25,9255.40,2136.28,0.00,0.00,56.02,82.77,0.00,-1814.17
2023-05-26 14:26,9255.40,2231.54,0.00,0.00,55.97,82.62,0.00,-1814.17
2023-05-26 14:27,9255.40,2238.88,0.00,0.00,55.99,81.86,0.00,-1814.17
2023-05-26 14:28,9255.40,2265.14,0.00,0.00,56.05,81.69,0.00,-1814.17
2023-05-26 14:29,9255.40,2341.66,0.00,0.00,56.12,81.51,0.00,-1814.17
2023-05-26 14:30,9255.40,2341.66,0.00,0.00,56.57,81.39,0.00,-1814.17
2023-05-26 14:31,9255.40,2396.90,0.00,0.00,56.48,81.58,0.00,-1814.17
2023-05-26 14:32,9255.40,2442.76,0.00,0.00,56.33,81.25,0.00,-1814.17
2023-05-26 14:33,9255.40,2442.76,0.00,0.00,56.22,81.46,0.00,-1814.17
2023-05-26 14:34,9255.40,2514.76,0.00,0.00,56.49,81.98,0.00,-1814.17
2023-05-26 14:35,9255.40,2544.71,0.00,0.00,56.37,81.96,0.00,-1814.17
2023-05-26 14:36,9255.40,2544.94,0.00,0.00,56.53,82.49,0.00,-1814.17
2023-05-26 14:37,9255.40,2638.95,0.00,0.00,56.50,82.76,0.00,-1814.17
2023-05-26 14:38,9255.40,2647.15,0.00,0.00,56.43,82.66,0.00,-1814.17
2023-05-26 14:39,9255.40,2722.72,0.00,0.00,56.43,82.92,0.00,-1814.17
2023-05-26 14:40,9255.40,2751.09,0.00,0.00,56.54,82.44,0.00,-1814.17
2023-05-26 14:41,9255.40,2806.66,0.00,0.00,56.55,82.56,0.00,-1814.17
2023-05-26 14:42,9255.40,2853.31,0.00,0.00,56.64,82.26,0.00,-1814.17
2023-05-26 14:43,9255.40,2909.76,0.00,0.00,56.44,82.16,0.00,-1814.17
2023-05-26 14:44,9255.40,2955.35,0.00,0.00,56.59,81.87,0.00,-1814.17
2023-05-26 14:45,9255.40,2955.35,0.00,0.00,56.43,81.96,0.00,-1814.17
2023-05-26 14:46,9255.40,2958.94,0.00,0.00,56.82,82.09,0.00,-1814.17
2023-05-26 14:47,9255.40,3053.67,0.00,0.00,56.46,81.57,0.00,-1814.17
2023-05-26 14:48,9255.40,3064.78,0.00,0.00,56.46,80.68,0.00,-1814.17
2023-05-26 14:49,9255.40,3160.56,0.00,0.00,56.51,80.00,0.00,-1814.17
2023-05-26 14:50,9255.40,3160.65,0.00,0.00,56.40,80.21,0.00,-1814.17
2023-05-26 14:51,9255.40,3242.14,0.00,0.00,56.31,80.46,0.00,-1814.17
2023-05-26 14:52,9255.40,3263.93,0.00,0.00,56.51,80.36,0.00,-1814.17
2023-05-26 14:53,9255.40,3264.96,0.00,0.00,56.73,80.56,0.00,-1814.17
2023-05-26 14:54,9255.40,3246.74,0.00,0.00,56.49,80.20,0.00,-1814.17
2023-05-26 14:55,9255.40,3156.41,0.00,0.00,56.30,79.66,0.00,-1814.17
2023-05-26 14:56,9255.40,3186.93,0.00,0.00,56.42,79.39,0.00,-1814.17
2023-05-26 14:57,9255.40,3206.32,0.00,0.00,56.39,79.29,0.00,-1814.17
2023-05-26 14:58,9255.40,3244.95,0.00,0.00,56.37,79.45,0.00,-1814.17
2023-05-26 14:59,9255.40,3278.48,0.00,0.00,56.38,79.82,0.00,-1814.17
2023-05-26 15:00,9255.40,3345.80,0.00,0.00,56.36,80.16,0.00,-1814.17
2023-05-26 15:01,9255.40,3345.80,0.00,0.00,56.42,80.91,0.00,-1814.17
2023-05-26 15:02,9255.40,3428.67,0.00,0.00,56.40,80.68,0.00,-1814.17
2023-05-26 15:03,9255.40,3448.05,0.00,0.00,56.46,81.27,0.00,-1814.17
2023-05-26 15:04,9255.40,3449.07,0.00,0.00,56.63,81.33,0.00,-1814.17
2023-05-26 15:05,9255.40,3543.80,0.00,0.00,56.45,80.95,0.00,-1814.17
2023-05-26 15:06,9255.40,3549.60,0.00,0.00,56.44,81.49,0.00,-1814.17
2023-05-26 15:07,9255.40,3644.47,0.00,0.00,56.50,81.30,0.00,-1814.17
2023-05-26 15:08,9255.40,3650.97,0.00,0.00,56.43,81.86,0.00,-1814.17
2023-05-26 15:09,9255.40,3678.87,0.00,0.00,56.38,81.72,0.00,-1814.17
2023-05-26 15:10,9255.40,3752.86,0.00,0.00,56.43,81.53,0.00,-1814.17
2023-05-26 15:11,9255.40,3752.86,0.00,0.00,56.47,81.96,0.00,-1814.17
2023-05-26 15:12,9255.40,3818.39,0.00,0.00,56.64,81.66,0.00,-1814.17
2023-05-26 15:13,9255.40,3854.90,0.00,0.00,56.65,81.69,0.00,-1814.17
2023-05-26 15:14,9255.40,3854.90,0.00,0.00,56.55,81.86,0.00,-1814.17
2023-05-26 15:15,9255.40,3860.58,0.00,0.00,56.55,81.60,0.00,-1814.17
2023-05-26 15:16,9255.40,3956.71,0.00,0.00,56.54,81.19,0.00,-1814.17
2023-05-26 15:17,9255.40,3957.35,0.00,0.00,56.54,81.63,0.00,-1814.17
2023-05-26 15:18,9255.40,3964.78,0.00,0.00,56.52,81.51,0.00,-1814.17
2023-05-26 15:19,9255.40,4059.15,0.00,0.00,56.51,81.11,0.00,-1814.17
2023-05-26 15:20,9255.40,4059.42,0.00,0.00,56.52,81.69,0.00,-1814.17
2023-05-26 15:21,9255.40,4111.55,0.00,0.00,56.62,81.53,0.00,-1814.17
2023-05-26 15:22,9255.40,4161.28,0.00,0.00,56.66,81.44,0.00,-1814.17
2023-05-26 15:23,9255.40,4161.28,0.00,0.00,56.87,81.84,0.00,-1814.17
2023-05-26 15:24,9255.40,4231.04,0.00,0.00,56.97,81.45,0.00,-1814.17
2023-05-26 15:25,9255.40,4263.81,0.00,0.00,57.08,81.72,0.00,-1814.17
2023-05-26 15:26,9255.40,4341.86,0.00,0.00,57.07,81.82,0.00,-1814.17
2023-05-26 15:27,9255.40,4369.13,0.00,0.00,57.13,82.19,0.00,-1814.17
2023-05-26 15:28,9255.40,4465.44,0.00,0.00,57.16,82.28,0.00,-1814.17
2023-05-26 15:29,9255.40,4468.22,0.00,0.00,57.21,82.72,0.00,-1814.17
2023-05-26 15:30,9255.40,4534.55,0.00,0.00,57.18,82.53,0.00,-1814.17
2023-05-26 15:31,9255.40,4570.57,0.00,0.00,57.15,82.66,0.00,-1814.17
2023-05-26 15:32,9255.40,4639.78,0.00,0.00,57.30,82.78,0.00,-1814.17
2023-05-26 15:33,9255.40,4674.60,0.00,0.00,57.27,83.11,0.00,-1814.17
2023-05-26 15:34,9255.40,4735.36,0.00,0.00,57.31,83.41,0.00,-1814.17
2023-05-26 15:35,9255.40,4777.00,0.00,0.00,57.40,84.57,0.00,-1814.17
2023-05-26 15:36,9255.40,4799.89,0.00,0.00,57.35,84.53,0.00,-1814.17
2023-05-26 15:37,9255.40,4879.85,0.00,0.00,57.36,83.99,0.00,-1814.17
2023-05-26 15:38,9255.40,4893.35,0.00,0.00,57.30,84.25,0.00,-1814.17
2023-05-26 15:39,9255.40,4976.87,0.00,0.00,57.42,83.84,0.00,-1814.17
2023-05-26 15:40,9255.40,4976.16,0.00,0.00,57.38,84.08,0.00,-1814.17
2023-05-26 15:41,9255.40,4976.16,0.00,0.00,57.39,83.79,0.00,-1814.17
2023-05-26 15:42,9255.40,4978.44,0.00,0.00,57.48,83.37,0.00,-1814.17
2023-05-26 15:43,9255.40,4978.89,0.00,131.92,57.30,82.97,0.00,-1814.17
2023-05-26 15:44,9255.40,4978.89,0.00,297.75,56.86,82.65,0.00,-1814.17
2023-05-26 15:45,9255.40,4978.89,0.00,328.90,56.65,82.36,0.00,-1814.17
2023-05-26 15:46,9255.40,4978.89,0.00,327.37,56.56,82.12,0.00,-1814.17
2023-05-26 15:47,9255.40,4978.89,0.00,327.23,56.65,81.89,0.00,-1814.17
2023-05-26 15:48,9255.40,4978.89,0.00,327.37,56.65,81.69,0.00,-1814.17
2023-05-26 15:49,9255.40,4978.89,0.00,327.09,56.66,81.49,0.00,-1814.17
2023-05-26 15:50,9255.40,4978.89,281.31,336.09,56.72,81.27,0.00,-1532.86
2023-05-26 15:51,9255.40,4978.89,781.66,414.44,56.80,80.65,0.00,-1032.52
2023-05-26 15:52,9255.40,4978.89,801.74,409.88,56.78,80.06,0.00,-1012.43
2023-05-26 15:53,9255.40,4978.89,790.32,409.60,56.78,80.99,0.00,-1023.86
2023-05-26 15:54,9255.40,4978.89,765.85,390.08,56.76,83.31,0.00,-1048.33
2023-05-26 15:55,9255.40,4978.89,35.03,18.69,56.69,85.17,0.00,-1779.14
2023-05-26 15:56,9255.40,4978.89,0.00,19.22,56.91,86.28,0.00,-1814.17
2023-05-26 15:57,9255.40,4978.89,26.71,254.02,57.05,85.85,0.00,-1787.46
2023-05-26 15:58,9255.40,4978.89,0.00,27.14,56.86,85.26,0.00,-1814.17
2023-05-26 15:59,9255.40,4978.89,198.34,196.21,56.90,84.72,0.00,-1615.83
2023-05-26 16:00,9255.40,4978.89,1232.90,609.72,56.98,84.24,0.00,-581.27
2023-05-26 16:01,9255.40,4978.89,1360.11,603.00,56.98,84.54,0.00,-454.06
2023-05-26 16:02,9255.40,4978.89,1358.76,603.55,56.98,85.82,0.00,-455.41
2023-05-26 16:03,9255.40,4978.89,1361.63,603.14,56.98,87.13,0.00,-452.54
2023-05-26 16:04,9255.40,4978.89,1363.64,603.55,57.06,88.18,0.00,-450.54
2023-05-26 16:05,9255.40,4978.89,1361.83,603.55,57.13,88.89,0.00,-452.36
2023-05-26 16:06,9255.40,4978.89,1351.86,603.83,57.28,89.31,0.00,-462.31
2023-05-26 16:07,9255.40,4978.89,1358.39,603.84,57.49,89.62,0.00,-455.79
2023-05-26 16:08,9255.40,4978.89,462.23,172.92,57.68,91.53,0.00,-1351.94
2023-05-26 16:09,9255.40,4978.89,51.50,0.00,57.81,94.04,0.00,-1762.67
2023-05-26 16:10,9255.40,4978.89,58.00,0.00,58.16,93.52,0.00,-1756.18
2023-05-26 16:11,9255.40,4978.89,57.59,0.00,58.42,92.26,0.00,-1756.59
2023-05-26 16:12,9255.40,4978.89,64.86,0.00,58.81,91.07,0.00,-1749.31
2023-05-26 16:13,9255.40,4978.89,61.57,0.00,59.10,90.02,0.00,-1752.60
2023-05-26 16:14,9255.40,4978.89,62.77,0.00,59.27,89.06,0.00,-1751.40
2023-05-26 16:15,9255.40,4978.89,67.29,0.00,59.52,88.18,0.00,-1746.88
2023-05-26 16:16,9255.40,4978.89,68.14,0.00,59.88,87.42,0.00,-1746.04
2023-05-26 16:17,9255.40,4978.89,65.09,0.00,60.10,86.73,0.00,-1749.09
2023-05-26 16:18,9255.40,4978.89,64.73,0.00,60.31,86.13,0.00,-1749.44
2023-05-26 16:19,9255.40,4978.89,70.15,0.00,60.50,85.61,0.00,-1744.02
2023-05-26 16:20,9255.40,4978.89,77.17,0.00,60.63,85.13,0.00,-1737.00
2023-05-26 16:21,9255.40,4978.89,76.23,0.00,60.83,84.66,0.00,-1737.95
2023-05-26 16:22,9255.40,4978.89,74.47,0.00,60.99,84.23,0.00,-1739.71
2023-05-26 16:23,9255.40,4978.89,71.72,0.00,61.24,83.83,0.00,-1742.46
2023-05-26 16:24,9255.40,4978.89,70.94,0.00,61.30,83.48,0.00,-1743.23
2023-05-26 16:25,9255.40,4978.89,68.69,0.00,61.35,83.10,0.00,-1745.48
2023-05-26 16:26,9255.40,4978.89,73.99,0.00,61.48,82.77,0.00,-1740.19
2023-05-26 16:27,9255.40,4978.89,70.64,0.00,61.37,82.43,0.00,-1743.54
2023-05-26 16:28,9255.40,4978.89,74.90,0.00,61.42,82.13,0.00,-1739.27
2023-05-26 16:29,9255.40,4978.89,80.31,0.00,61.37,81.83,0.00,-1733.86
2023-05-26 16:30,9255.40,4978.89,82.73,0.00,61.27,81.60,0.00,-1731.45
2023-05-26 16:31,9255.40,4978.89,81.59,0.00,61.70,81.37,0.00,-1732.59
2023-05-26 16:32,9255.40,4978.89,80.76,0.00,61.56,81.11,0.00,-1733.41
2023-05-26 16:33,9255.40,4978.89,84.91,0.00,61.50,80.93,0.00,-1729.27
2023-05-26 16:34,9255.40,4978.89,88.75,0.00,61.57,80.76,0.00,-1725.42
2023-05-26 16:35,9255.40,4978.89,90.98,0.00,61.57,80.59,0.00,-1723.19
2023-05-26 16:36,9255.40,4978.89,91.50,0.00,61.71,80.46,0.00,-1722.68
2023-05-26 16:37,9255.40,4978.89,87.56,0.00,61.78,80.30,0.00,-1726.61
2023-05-26 16:38,9255.40,4978.89,84.84,0.00,61.54,80.16,0.00,-1729.33
2023-05-26 16:39,9255.40,4978.89,88.05,0.00,61.55,80.00,0.00,-1726.12
2023-05-26 16:40,9255.40,4978.89,90.81,0.00,61.46,79.87,0.00,-1723.37
2023-05-26 16:41,9255.40,4978.89,93.26,0.00,61.44,79.76,0.00,-1720.91
2023-05-26 16:42,9255.40,4978.89,92.03,0.00,61.49,79.63,0.00,-1722.14
2023-05-26 16:43,9255.40,4978.89,81.46,0.00,61.60,79.50,0.00,-1732.71
2023-05-26 16:44,9255.40,4978.89,82.10,0.00,61.48,79.38,0.00,-1732.07
2023-05-26 16:45,9255.40,4978.89,83.89,0.00,61.40,79.24,0.00,-1730.28
2023-05-26 16:46,9255.40,4978.89,85.55,0.00,61.38,79.11,0.00,-1728.63
2023-05-26 16:47,9255.40,4978.89,86.90,0.00,61.37,78.95,0.00,-1727.27
2023-05-26 16:48,9255.40,4978.89,83.50,0.00,61.54,78.82,0.00,-1730.67
2023-05-26 16:49,9255.40,4978.89,75.53,0.00,61.34,78.68,0.00,-1738.64
2023-05-26 16:50,9255.40,4978.89,76.23,0.00,61.31,78.56,0.00,-1737.94
2023-05-26 16:51,9255.40,4978.89,78.02,0.00,61.06,78.39,0.00,-1736.16
2023-05-26 16:52,9255.40,4978.89,79.92,0.00,61.14,78.25,0.00,-1734.25
2023-05-26 16:53,9255.40,4978.89,81.70,0.00,61.13,78.09,0.00,-1732.48
2023-05-26 16:54,9255.40,4978.89,83.27,0.00,61.24,77.99,0.00,-1730.90
2023-05-26 16:55,9255.40,4978.89,84.95,0.00,61.17,77.83,0.00,-1729.22
2023-05-26 16:56,9255.40,4978.89,86.06,0.00,61.02,77.69,0.00,-1728.11
2023-05-26 16:57,9255.40,4978.89,86.84,0.00,61.15,77.57,0.00,-1727.33
2023-05-26 16:58,9255.40,4978.89,87.10,0.00,61.01,77.46,0.00,-1727.07
2023-05-26 16:59,9255.40,4978.89,86.42,0.00,61.15,77.34,0.00,-1727.76
2023-05-26 17:00,9255.40,4978.89,84.73,0.00,60.96,77.22,0.00,-1729.45
2023-05-26 17:01,9255.40,4978.89,78.34,0.00,60.88,77.11,0.00,-1735.83
2023-05-26 17:02,9255.40,4978.89,77.83,0.00,61.09,77.03,0.00,-1736.35
2023-05-26 17:03,9255.40,4978.89,78.26,0.00,60.85,76.98,0.00,-1735.92
2023-05-26 17:04,9255.40,4978.89,79.07,0.00,60.66,76.88,0.00,-1735.10
2023-05-26 17:05,9255.40,4978.89,80.22,0.00,60.83,76.83,0.00,-1733.96
2023-05-26 17:06,9255.40,4978.89,81.56,0.00,60.72,76.75,0.00,-1732.62
2023-05-26 17:07,9255.40,4978.89,82.86,0.00,60.53,76.70,0.00,-1731.31
2023-05-26 17:08,9255.40,4978.89,84.25,0.00,60.55,76.70,0.00,-1729.92
2023-05-26 17:09,9255.40,4978.89,85.54,0.00,60.43,76.68,0.00,-1728.64
2023-05-26 17:10,9255.40,4978.89,87.10,0.00,60.43,76.65,0.00,-1727.08
2023-05-26 17:11,9255.40,4978.89,88.42,0.00,60.49,76.67,0.00,-1725.75
2023-05-26 17:12,9255.40,4978.89,89.61,0.00,60.57,76.68,0.00,-1724.56
2023-05-26 17:13,9255.40,4978.89,90.85,0.00,60.59,76.70,0.00,-1723.33
2023-05-26 17:14,9255.40,4978.89,92.17,0.00,60.35,76.64,0.00,-1722.01
2023-05-26 17:15,9255.40,4978.89,93.44,0.00,60.46,76.63,0.00,-1720.74
2023-05-26 17:16,9255.40,4978.89,94.37,0.00,60.23,76.63,0.00,-1719.81
2023-05-26 17:17,9255.40,4978.89,94.63,0.00,60.08,76.63,0.00,-1719.54
2023-05-26 17:18,9255.40,4978.89,93.09,0.00,60.18,76.63,0.00,-1721.09
2023-05-26 17:19,9255.40,4978.89,91.44,0.00,60.04,76.65,0.00,-1722.74
2023-05-26 17:20,9255.40,4978.89,87.11,0.00,60.32,76.68,0.00,-1727.06
2023-05-26 17:21,9255.40,4978.89,85.29,0.00,60.74,76.70,0.00,-1728.88
2023-05-26 17:22,9255.40,4978.89,84.50,0.00,60.56,76.70,0.00,-1729.68
2023-05-26 17:23,9255.40,4978.89,85.01,0.00,60.81,76.70,0.00,-1729.16
2023-05-26 17:24,9255.40,4978.89,85.74,0.00,60.09,76.67,0.00,-1728.44
2023-05-26 17:25,9255.40,4978.89,86.72,0.00,60.03,76.63,0.00,-1727.46
2023-05-26 17:26,9255.40,4978.89,87.50,0.00,59.98,76.58,0.00,-1726.67
2023-05-26 17:27,9255.40,4978.89,88.32,0.00,60.00,76.54,0.00,-1725.86
2023-05-26 17:28,9255.40,4978.89,89.11,0.00,60.11,76.51,0.00,-1725.07
2023-05-26 17:29,9255.40,4978.89,89.90,0.00,59.87,76.51,0.00,-1724.27
2023-05-26 17:30,9255.40,4978.89,90.60,0.00,59.76,76.50,0.00,-1723.58
2023-05-26 17:31,9255.40,4978.89,91.73,0.00,59.95,76.50,0.00,-1722.44
2023-05-26 17:32,9255.40,4978.89,92.94,0.00,59.55,76.50,0.00,-1721.23
2023-05-26 17:33,9255.40,4978.89,93.87,0.00,59.62,76.55,0.00,-1720.31
2023-05-26 17:34,9255.40,4978.89,95.04,0.00,59.73,76.59,0.00,-1719.13
2023-05-26 17:35,9255.40,4978.89,96.15,0.00,59.77,76.63,0.00,-1718.03
2023-05-26 17:36,9255.40,4978.89,97.14,0.00,59.62,76.64,0.00,-1717.03
2023-05-26 17:37,9255.40,4978.89,98.20,0.00,59.72,76.70,0.00,-1715.97
2023-05-26 17:38,9255.40,4978.89,98.97,0.00,59.50,76.70,0.00,-1715.20
2023-05-26 17:39,9255.40,4978.89,100.10,0.00,59.27,76.70,0.00,-1714.08
2023-05-26 17:40,9255.40,4978.89,100.96,0.00,59.44,76.70,0.00,-1713.21
2023-05-26 17:41,9255.40,4978.89,101.35,0.00,59.25,76.70,0.00,-1712.82
2023-05-26 17:42,9255.40,4978.89,101.05,0.00,59.12,76.68,0.00,-1713.13
2023-05-26 17:43,9255.40,4978.89,98.87,0.00,59.01,76.64,0.00,-1715.31
2023-05-26 17:44,9255.40,4978.89,98.45,0.00,58.99,76.63,0.00,-1715.73
2023-05-26 17:45,9255.40,4978.89,99.16,0.00,59.02,76.61,0.00,-1715.01
2023-05-26 17:46,9255.40,4978.89,99.90,0.00,59.03,76.55,0.00,-1714.27
2023-05-26 17:47,9255.40,4978.89,98.83,0.00,58.95,76.53,0.00,-1715.35
2023-05-26 17:48,9255.40,4978.89,96.53,0.00,59.41,76.52,0.00,-1717.65
2023-05-26 17:49,9255.40,4978.89,95.09,0.00,59.50,76.56,0.00,-1719.08
2023-05-26 17:50,9255.40,4978.89,95.04,0.00,58.93,76.56,0.00,-1719.13
2023-05-26 17:51,9255.40,4978.89,95.19,0.00,58.91,76.56,0.00,-1718.99
2023-05-26 17:52,9255.40,4978.89,95.49,0.00,58.80,76.56,0.00,-1718.69
2023-05-26 17:53,9255.40,4978.89,95.99,0.00,58.99,76.57,0.00,-1718.19
2023-05-26 17:54,9255.40,4978.89,96.56,0.00,59.12,76.59,0.00,-1717.62
2023-05-26 17:55,9255.40,4978.89,97.12,0.00,58.73,76.58,0.00,-1717.06
2023-05-26 17:56,9255.40,4978.89,97.86,0.00,58.67,76.59,0.00,-1716.32
2023-05-26 17:57,9255.40,4978.89,98.35,0.00,58.57,76.56,0.00,-1715.83
2023-05-26 17:58,9255.40,4978.89,98.95,0.00,58.52,76.54,0.00,-1715.22
2023-05-26 17:59,9255.40,4978.89,99.73,0.00,58.77,76.50,0.00,-1714.44
2023-05-26 18:00,9255.40,4978.89,100.14,0.00,58.75,76.44,0.00,-1714.03
2023-05-26 18:01,9255.40,4978.89,100.99,0.00,58.56,76.41,0.00,-1713.19
2023-05-26 18:02,9255.40,4978.89,101.50,0.00,58.87,76.29,0.00,-1712.68
2023-05-26 18:03,9255.40,4978.89,101.93,0.00,58.41,76.15,0.00,-1712.24
2023-05-26 18:04,9255.40,4978.89,102.74,0.00,58.46,75.99,0.00,-1711.44
2023-05-26 18:05,9255.40,4978.89,103.40,0.00,58.51,75.82,0.00,-1710.77
2023-05-26 18:06,9255.40,4978.89,104.13,0.00,58.44,75.60,0.00,-1710.04
2023-05-26 18:07,9255.40,4978.89,105.05,0.00,58.29,75.44,0.00,-1709.12
2023-05-26 18:08,9255.40,4978.89,106.10,0.00,58.63,75.31,0.00,-1708.08
2023-05-26 18:09,9255.40,4978.89,107.02,0.00,58.32,75.15,0.00,-1707.15
2023-05-26 18:10,9255.40,4978.89,107.72,0.00,58.28,75.01,0.00,-1706.45
2023-05-26 18:11,9255.40,4978.89,108.58,0.00,58.21,74.89,0.00,-1705.60
2023-05-26 18:12,9255.40,4978.89,109.42,0.00,58.09,74.75,0.00,-1704.76
2023-05-26 18:13,9255.40,4978.89,110.29,0.00,59.77,74.66,0.00,-1703.89
2023-05-26 18:14,9255.40,4978.89,111.20,0.00,61.42,74.53,0.00,-1702.98
2023-05-26 18:15,9255.40,4978.89,111.66,0.00,61.66,74.38,0.00,-1702.51
2023-05-26 18:16,9255.40,4978.89,112.31,0.00,61.69,74.29,0.00,-1701.86
2023-05-26 18:17,9255.40,4978.89,112.47,0.00,61.70,74.20,0.00,-1701.71
2023-05-26 18:18,9255.40,4978.89,112.36,0.00,61.69,74.14,0.00,-1701.81
2023-05-26 18:19,9255.40,4978.89,112.48,0.00,61.82,74.11,0.00,-1701.70
2023-05-26 18:20,9255.40,4978.89,112.50,0.00,61.83,74.06,0.00,-1701.68
2023-05-26 18:21,9255.40,4978.89,111.25,0.00,61.76,74.04,0.00,-1702.92
2023-05-26 18:22,9255.40,4978.89,111.15,0.00,61.72,74.08,0.00,-1703.03
2023-05-26 18:23,9255.40,4978.89,111.42,0.00,61.72,74.10,0.00,-1702.76
2023-05-26 18:24,9255.40,4978.89,111.77,0.00,61.66,74.11,0.00,-1702.40
2023-05-26 18:25,9255.40,4978.89,109.78,0.00,61.71,74.10,0.00,-1704.40
2023-05-26 18:26,9255.40,4978.89,106.07,0.00,61.72,74.05,0.00,-1708.11
2023-05-26 18:27,9255.40,4978.89,105.34,0.00,61.74,74.04,0.00,-1708.83
2023-05-26 18:28,9255.40,4978.89,105.27,0.00,61.76,73.97,0.00,-1708.90
2023-05-26 18:29,9255.40,4978.89,105.40,0.00,61.79,73.95,0.00,-1708.78
2023-05-26 18:30,9255.40,4978.89,105.62,0.00,62.04,73.86,0.00,-1708.55
2023-05-26 18:31,9255.40,4978.89,105.90,0.00,61.97,73.78,0.00,-1708.28
2023-05-26 18:32,9255.40,4978.89,106.24,0.00,61.89,73.69,0.00,-1707.94
2023-05-26 18:33,9255.40,4978.89,125.44,35.22,61.38,73.64,0.00,-1688.74
2023-05-26 18:34,9255.40,4978.89,481.94,333.07,58.27,73.67,0.00,-1332.23
2023-05-26 18:35,9255.40,4978.89,649.87,350.83,57.32,74.34,0.00,-1164.30
2023-05-26 18:36,9255.40,4978.89,674.54,349.29,57.28,76.14,0.00,-1139.64
2023-05-26 18:37,9255.40,4978.89,662.09,349.01,57.25,77.84,0.00,-1152.08
2023-05-26 18:38,9255.40,4978.89,683.67,347.47,57.20,79.25,0.00,-1130.51
2023-05-26 18:39,9255.40,4978.89,679.82,349.02,57.18,80.23,0.00,-1134.36
2023-05-26 18:40,9255.40,4978.89,152.07,70.96,57.25,82.36,0.00,-1662.10
2023-05-26 18:41,9255.40,4978.89,58.10,0.00,57.62,83.83,0.00,-1756.08
2023-05-26 18:42,9255.40,4978.89,64.88,0.00,59.00,83.26,0.00,-1749.30
2023-05-26 18:43,9255.40,4978.89,66.73,0.00,59.65,82.36,0.00,-1747.44
2023-05-26 18:44,9255.40,4978.89,64.62,0.00,59.72,81.56,0.00,-1749.56
2023-05-26 18:45,9255.40,4978.89,71.50,0.00,59.45,80.84,0.00,-1742.67
2023-05-26 18:46,9255.40,4978.89,75.66,0.00,59.78,80.26,0.00,-1738.51
2023-05-26 18:47,9255.40,4978.89,73.75,0.00,59.73,79.77,0.00,-1740.42
2023-05-26 18:48,9255.40,4978.89,72.63,0.00,59.71,79.34,0.00,-1741.55
2023-05-26 18:49,9255.40,4978.89,71.94,0.00,59.63,78.95,0.00,-1742.24
2023-05-26 18:50,9255.40,4978.89,76.68,0.00,59.74,78.56,0.00,-1737.50
2023-05-26 18:51,9255.40,4978.89,77.66,0.00,59.65,78.22,0.00,-1736.52
2023-05-26 18:52,9255.40,4978.89,85.94,0.00,59.85,77.86,0.00,-1728.23
2023-05-26 18:53,9255.40,4978.89,84.49,0.00,60.00,77.50,0.00,-1729.69
2023-05-26 18:54,9255.40,4978.89,87.63,0.00,59.99,77.20,0.00,-1726.55
2023-05-26 18:55,9255.40,4978.89,82.27,0.00,60.04,76.94,0.00,-1731.91
2023-05-26 18:56,9255.40,4978.89,87.09,0.00,60.01,76.67,0.00,-1727.09
2023-05-26 18:57,9255.40,4978.89,82.58,0.00,60.21,76.43,0.00,-1731.60
2023-05-26 18:58,9255.40,4978.89,83.04,0.00,60.18,76.20,0.00,-1731.13
2023-05-26 18:59,9255.40,4978.89,86.96,0.00,60.41,75.98,0.00,-1727.22
2023-05-26 19:00,9255.40,4978.89,81.91,0.00,60.17,75.74,0.00,-1732.26
2023-05-26 19:01,9255.40,4978.89,80.07,0.00,60.11,75.52,0.00,-1734.11
2023-05-26 19:02,9255.40,4978.89,83.75,0.00,60.32,75.31,0.00,-1730.42
2023-05-26 19:03,9255.40,4978.89,86.93,0.00,60.41,75.06,0.00,-1727.24
2023-05-26 19:04,9255.40,4978.89,88.41,0.00,60.45,74.80,0.00,-1725.77
2023-05-26 19:05,9255.40,4978.89,84.91,0.00,60.73,74.56,0.00,-1729.26
2023-05-26 19:06,9255.40,4978.89,82.64,0.00,60.45,74.31,0.00,-1731.54
2023-05-26 19:07,9255.40,4978.89,83.81,0.00,61.04,74.08,0.00,-1730.37
2023-05-26 19:08,9255.40,4978.89,85.79,0.00,60.67,73.82,0.00,-1728.39
2023-05-26 19:09,9255.40,4978.89,88.24,0.00,60.46,73.59,0.00,-1725.94
2023-05-26 19:10,9255.40,4978.89,90.43,0.00,60.43,73.34,0.00,-1723.74
2023-05-26 19:11,9255.40,4978.89,92.58,0.00,60.84,73.09,0.00,-1721.60
2023-05-26 19:12,9255.40,4978.89,94.11,0.00,60.83,72.86,0.00,-1720.06
2023-05-26 19:13,9255.40,4978.89,95.44,0.00,60.93,72.64,0.00,-1718.73
2023-05-26 19:14,9255.40,4978.89,96.23,0.00,61.11,72.46,0.00,-1717.94
2023-05-26 19:15,9255.40,4978.89,96.23,0.00,61.07,72.26,0.00,-1717.94
2023-05-26 19:16,9255.40,4978.89,96.96,0.00,60.79,72.07,0.00,-1717.22
2023-05-26 19:17,9255.40,4978.89,98.37,0.00,60.94,71.92,0.00,-1715.81
2023-05-26 19:18,9255.40,4978.89,97.39,0.00,60.98,71.77,0.00,-1716.79
2023-05-26 19:19,9255.40,4978.89,93.51,0.00,60.74,71.62,0.00,-1720.66
2023-05-26 19:20,9255.40,4978.89,93.10,0.00,60.98,71.48,0.00,-1721.08
2023-05-26 19:21,9255.40,4978.89,93.65,0.00,61.11,71.33,0.00,-1720.53
2023-05-26 19:22,9255.40,4978.89,94.66,0.00,61.00,71.19,0.00,-1719.52
2023-05-26 19:23,9255.40,4978.89,95.53,0.00,61.04,71.05,0.00,-1718.65
2023-05-26 19:24,9255.40,4978.89,96.36,0.00,61.45,70.95,0.00,-1717.82
2023-05-26 19:25,9255.40,4978.89,97.12,0.00,61.38,70.81,0.00,-1717.05
2023-05-26 19:26,9255.40,4978.89,98.06,0.00,61.04,70.68,0.00,-1716.11
2023-05-26 19:27,9255.40,4978.89,98.73,0.00,61.34,70.59,0.00,-1715.45
2023-05-26 19:28,9255.40,4978.89,99.73,0.00,61.41,70.50,0.00,-1714.45
2023-05-26 19:29,9255.40,4978.89,100.85,0.00,61.26,70.39,0.00,-1713.32
2023-05-26 19:30,9255.40,4978.89,101.87,0.00,61.06,70.30,0.00,-1712.30
2023-05-26 19:31,9255.40,4978.89,102.94,0.00,61.22,70.19,0.00,-1711.24
2023-05-26 19:32,9255.40,4978.89,104.07,0.00,61.19,70.10,0.00,-1710.11
2023-05-26 19:33,9255.40,4978.89,101.57,0.00,61.55,70.00,0.00,-1712.60
2023-05-26 19:34,9255.40,4978.89,96.48,0.00,61.33,69.88,0.00,-1717.70
2023-05-26 19:35,9255.40,4978.89,97.62,0.00,61.57,69.79,0.00,-1716.56
2023-05-26 19:36,9255.40,4978.89,98.50,0.00,61.03,69.73,0.00,-1715.68
2023-05-26 19:37,9255.40,4978.89,99.50,0.00,61.22,69.65,0.00,-1714.67
2023-05-26 19:38,9255.40,4978.89,100.62,0.00,61.30,69.57,0.00,-1713.56
2023-05-26 19:39,9255.40,4978.89,101.69,0.00,61.23,69.49,0.00,-1712.48
2023-05-26 19:40,9255.40,4978.89,102.75,0.00,61.07,69.41,0.00,-1711.42
2023-05-26 19:41,9255.40,4978.89,103.61,0.00,61.43,69.32,0.00,-1710.57
2023-05-26 19:42,9255.40,4978.89,104.81,0.00,61.24,69.26,0.00,-1709.37
2023-05-26 19:43,9255.40,4978.89,105.74,0.00,61.31,69.18,0.00,-1708.44
2023-05-26 19:44,9255.40,4978.89,106.58,0.00,61.44,69.12,0.00,-1707.59
2023-05-26 19:45,9255.40,4978.89,107.40,0.00,61.31,69.04,0.00,-1706.77
2023-05-26 19:46,9255.40,4978.89,108.38,0.00,61.65,68.95,0.00,-1705.80
2023-05-26 19:47,9255.40,4974.23,104.28,0.00,61.71,68.91,0.00,-1709.89
2023-05-26 19:48,9255.40,4939.71,30.53,0.00,61.36,68.79,0.00,-1783.64
2023-05-26 19:49,9255.40,4938.78,0.00,0.00,61.69,68.70,0.00,-1814.17
2023-05-26 19:50,9255.40,4938.78,0.00,0.00,61.42,68.62,0.00,-1814.17
2023-05-26 19:51,9255.40,4941.81,0.97,0.00,61.43,68.54,0.00,-1813.20
2023-05-26 19:52,9255.40,4946.32,0.00,0.00,61.43,68.48,0.00,-1814.17
2023-05-26 19:53,9255.40,4948.17,0.00,0.00,61.57,68.41,0.00,-1814.17
2023-05-26 19:54,9255.40,4950.93,1.69,0.00,61.31,68.30,0.00,-1812.48
2023-05-26 19:55,9255.40,4979.21,0.82,0.00,61.22,68.23,0.00,-1813.35
2023-05-26 19:56,9255.40,4980.93,0.00,0.00,61.15,68.19,0.00,-1814.17
2023-05-26 19:57,9255.40,4980.93,0.00,0.00,61.20,68.09,0.00,-1814.17
2023-05-26 19:58,9255.40,4980.93,0.00,0.00,61.29,68.02,0.00,-1814.17
2023-05-26 19:59,9255.40,4980.93,0.00,0.00,61.43,67.91,0.00,-1814.17
2023-05-26 20:00,9255.40,4980.93,0.00,0.00,61.35,67.81,0.00,-1814.17
2023-05-26 20:01,9255.40,4980.93,0.00,0.00,61.62,67.70,0.00,-1814.17
2023-05-26 20:02,9255.40,4984.65,0.00,0.00,61.30,67.62,0.00,-1814.17
2023-05-26 20:03,9255.40,5078.22,0.00,0.00,61.38,67.89,0.00,-1814.17
2023-05-26 20:04,9255.40,5083.13,0.00,0.00,61.52,69.44,0.00,-1814.17
2023-05-26 20:05,9255.40,5083.13,0.00,0.00,61.16,69.92,0.00,-1814.17
2023-05-26 20:06,9255.40,5083.13,0.00,0.00,61.36,70.06,0.00,-1814.17
2023-05-26 20:07,9255.40,5083.13,0.00,0.00,61.15,70.01,0.00,-1814.17
2023-05-26 20:08,9255.40,5152.85,0.00,0.00,61.16,69.95,0.00,-1814.17
2023-05-26 20:09,9255.40,5184.18,0.00,0.00,61.45,71.08,0.00,-1814.17
2023-05-26 20:10,9255.40,5184.18,0.00,0.00,61.95,71.64,0.00,-1814.17
2023-05-26 20:11,9255.40,5206.20,0.00,0.00,61.37,71.64,0.00,-1814.17
2023-05-26 20:12,9255.40,5285.00,0.00,0.00,61.36,71.95,0.00,-1814.17
2023-05-26 20:13,9255.40,5285.19,0.00,0.00,61.02,72.59,0.00,-1814.17
2023-05-26 20:14,9255.40,5285.19,0.00,0.00,61.01,72.56,0.00,-1814.17
2023-05-26 20:15,9255.40,5285.19,0.00,0.00,61.15,72.36,0.00,-1814.17
2023-05-26 20:16,9255.40,5285.19,0.00,0.00,61.13,72.17,0.00,-1814.17
2023-05-26 20:17,9255.40,5285.19,0.00,0.00,60.87,71.95,0.00,-1814.17
2023-05-26 20:18,9255.40,5285.19,0.00,0.00,60.69,71.74,0.00,-1814.17
2023-05-26 20:19,9255.40,5337.51,0.00,0.00,61.06,71.55,0.00,-1814.17
2023-05-26 20:20,9255.40,5385.97,0.00,0.00,60.74,72.18,0.00,-1814.17
2023-05-26 20:21,9255.40,5385.97,0.00,0.00,60.80,72.75,0.00,-1814.17
2023-05-26 20:22,9255.40,5399.14,0.00,0.00,60.84,72.76,0.00,-1814.17
2023-05-26 20:23,9255.40,5485.42,0.00,0.00,60.59,72.88,0.00,-1814.17
2023-05-26 20:24,9255.40,5486.07,0.00,0.00,60.53,73.50,0.00,-1814.17
2023-05-26 20:25,9255.40,5531.73,0.00,0.00,60.37,73.41,0.00,-1814.17
2023-05-26 20:26,9255.40,5587.71,0.00,0.00,60.32,73.65,0.00,-1814.17
2023-05-26 20:27,9255.40,5603.84,0.00,0.00,60.15,73.97,0.00,-1814.17
2023-05-26 20:28,9255.40,5688.75,0.00,0.00,60.38,73.98,0.00,-1814.17
2023-05-26 20:29,9255.40,5689.07,0.00,0.00,60.30,74.43,0.00,-1814.17
2023-05-26 20:30,9255.40,5722.19,0.00,0.00,60.45,74.26,0.00,-1814.17
2023-05-26 20:31,9255.40,5789.32,0.00,0.00,60.13,74.34,0.00,-1814.17
2023-05-26 20:32,9255.40,5811.91,0.00,0.00,60.05,74.65,0.00,-1814.17
2023-05-26 20:33,9255.40,5890.51,0.00,0.00,60.03,74.63,0.00,-1814.17
2023-05-26 20:34,9255.40,5890.51,0.00,0.00,60.02,74.89,0.00,-1814.17
2023-05-26 20:35,9255.40,5913.25,0.00,0.00,60.01,74.68,0.00,-1814.17
2023-05-26 20:36,9255.40,5990.48,0.00,0.00,60.31,74.52,0.00,-1814.17
2023-05-26 20:37,9255.40,5995.31,0.00,0.00,60.13,74.76,0.00,-1814.17
2023-05-26 20:38,9255.40,6086.37,0.00,0.00,60.07,74.65,0.00,-1814.17
2023-05-26 20:39,9255.40,6110.28,0.00,0.00,59.72,75.02,0.00,-1814.17
2023-05-26 20:40,9255.40,6190.40,0.00,0.00,59.69,75.02,0.00,-1814.17
2023-05-26 20:41,9255.40,6190.40,0.00,0.00,59.66,75.36,0.00,-1814.17
2023-05-26 20:42,9255.40,6158.17,0.00,0.00,59.60,75.09,0.00,-1814.17
2023-05-26 20:43,9255.40,5997.00,0.00,0.00,59.74,74.70,0.00,-1814.17
2023-05-26 20:44,9255.40,5997.00,0.00,194.51,57.21,74.34,0.00,-1814.17
2023-05-26 20:45,9255.40,5997.00,0.00,341.07,55.50,73.98,0.00,-1814.17
2023-05-26 20:46,9255.40,5997.00,705.86,376.49,55.45,73.60,0.00,-1108.32
2023-05-26 20:47,9255.40,5997.00,1334.37,585.58,55.45,73.55,0.00,-479.80
2023-05-26 20:48,9255.40,5997.00,1400.74,531.04,55.41,74.61,0.00,-413.43
2023-05-26 20:49,9255.40,5997.00,23.02,19.24,55.49,83.52,0.00,-1791.15
2023-05-26 20:50,9255.40,5997.00,0.00,0.00,56.05,83.91,0.00,-1814.17
2023-05-26 20:51,9255.40,5997.00,290.41,212.22,56.79,81.96,0.00,-1523.76
2023-05-26 20:52,9255.40,5997.00,1128.17,552.57,55.51,80.38,0.00,-686.00
2023-05-26 20:53,9255.40,5997.00,1436.82,597.59,55.45,79.98,0.00,-377.36
2023-05-26 20:54,9255.40,5997.00,1441.30,597.86,55.45,80.46,0.00,-372.87
2023-05-26 20:55,9255.40,5997.00,1433.76,597.86,55.49,81.46,0.00,-380.41
2023-05-26 20:56,9255.40,5997.00,1432.39,597.02,55.57,82.47,0.00,-381.78
2023-05-26 20:57,9255.40,5997.00,1435.55,597.58,55.63,83.22,0.00,-378.62
2023-05-26 20:58,9255.40,5997.00,1431.18,597.86,55.72,84.00,0.00,-382.99
2023-05-26 20:59,9255.40,5997.00,501.27,199.36,55.89,87.82,0.00,-1312.90
2023-05-26 21:00,9255.40,5997.00,0.00,0.00,55.95,90.69,0.00,-1814.17
2023-05-26 21:01,9255.40,5997.00,0.00,0.00,56.48,88.59,0.00,-1814.17
2023-05-26 21:02,9255.40,6002.38,0.00,0.00,57.09,87.21,0.00,-1814.17
2023-05-26 21:03,9255.40,6093.15,0.00,0.00,57.48,86.22,0.00,-1814.17
2023-05-26 21:04,9255.40,6097.55,0.00,0.00,57.52,85.51,0.00,-1814.17
2023-05-26 21:05,9255.40,6168.95,0.00,0.00,57.70,84.66,0.00,-1814.17
2023-05-26 21:06,9255.40,6198.11,0.00,0.00,57.63,83.82,0.00,-1814.17
2023-05-26 21:07,9255.40,6222.26,0.00,0.00,57.50,83.10,0.00,-1814.17
2023-05-26 21:08,9255.40,6298.06,0.00,0.00,57.47,82.27,0.00,-1814.17
2023-05-26 21:09,9255.40,6332.10,0.00,0.00,57.48,81.74,0.00,-1814.17
2023-05-26 21:10,9255.40,6399.32,0.00,0.00,57.41,81.14,0.00,-1814.17
2023-05-26 21:11,9255.40,6402.39,0.00,0.00,57.50,80.78,0.00,-1814.17
2023-05-26 21:12,9255.40,6492.05,0.00,0.00,57.48,80.24,0.00,-1814.17
2023-05-26 21:13,9255.40,6499.39,0.00,0.00,57.30,79.93,0.00,-1814.17
2023-05-26 21:14,9255.40,6521.44,0.00,0.00,57.30,79.58,0.00,-1814.17
2023-05-26 21:15,9255.40,6600.35,0.00,0.00,57.30,79.12,0.00,-1814.17
2023-05-26 21:16,9255.40,6600.35,0.00,2.12,57.52,78.90,0.00,-1814.17
2023-05-26 21:17,9255.40,6583.68,4.24,88.13,58.87,78.47,0.00,-1809.94
2023-05-26 21:18,9255.40,6567.00,706.37,430.74,59.07,77.99,0.00,-1107.81
2023-05-26 21:19,9255.40,6567.00,1396.68,603.55,59.14,77.77,0.00,-417.49
2023-05-26 21:20,9255.40,6567.00,1477.06,599.01,59.24,78.80,0.00,-337.11
2023-05-26 21:21,9255.40,6567.00,1493.98,599.86,59.29,81.30,0.00,-320.20
2023-05-26 21:22,9255.40,6567.00,1495.71,598.87,59.31,83.19,0.00,-318.47
2023-05-26 21:23,9255.40,6567.00,1523.09,599.71,59.42,83.06,0.00,-291.08
2023-05-26 21:24,9255.40,6567.00,1513.16,599.15,59.49,83.52,0.00,-301.02
2023-05-26 21:25,9255.40,6567.00,1521.50,599.85,59.60,84.04,0.00,-292.68
2023-05-26 21:26,9255.40,6567.00,1505.87,599.85,59.77,84.51,0.00,-308.31
2023-05-26 21:27,9255.40,6567.00,1168.62,419.82,59.94,85.50,0.00,-645.55
2023-05-26 21:28,9255.40,6567.00,0.00,0.00,59.97,90.88,0.00,-1814.17
2023-05-26 21:29,9255.40,6567.00,0.00,0.00,60.17,89.43,0.00,-1814.17
2023-05-26 21:30,9255.40,6597.02,0.00,0.00,60.19,87.58,0.00,-1814.17
2023-05-26 21:31,9255.40,6667.45,0.00,0.00,60.30,85.92,0.00,-1814.17
2023-05-26 21:32,9255.40,6721.78,0.00,0.00,60.37,85.57,0.00,-1814.17
2023-05-26 21:33,9255.40,6768.38,0.00,0.00,60.68,85.11,0.00,-1814.17
2023-05-26 21:34,9255.40,6793.04,0.00,0.00,60.70,84.46,0.00,-1814.17
2023-05-26 21:35,9255.40,6869.01,0.00,0.00,60.77,82.89,0.00,-1814.17
2023-05-26 21:36,9255.40,6890.08,0.00,0.00,60.90,82.61,0.00,-1814.17
2023-05-26 21:37,9255.40,6969.69,0.00,0.00,60.81,81.95,0.00,-1814.17
2023-05-26 21:38,9255.40,6974.52,0.00,0.00,60.66,81.95,0.00,-1814.17
2023-05-26 21:39,9255.40,7065.62,0.00,0.00,60.64,81.41,0.00,-1814.17
2023-05-26 21:40,9255.40,7070.80,0.00,46.60,60.85,81.51,0.00,-1814.17
2023-05-26 21:41,9255.40,7070.80,68.08,298.03,62.10,81.13,0.00,-1746.09
2023-05-26 21:42,9255.40,7070.80,1097.65,553.21,62.47,80.52,0.00,-716.52
2023-05-26 21:43,9255.40,7070.80,1476.38,602.32,62.59,80.07,0.00,-337.79
2023-05-26 21:44,9255.40,7070.80,1511.87,601.20,62.70,80.81,0.00,-302.31
2023-05-26 21:45,9255.40,7070.80,1518.65,601.20,62.76,81.61,0.00,-295.53
2023-05-26 21:46,9255.40,7070.80,1517.51,601.76,62.84,82.42,0.00,-296.67
2023-05-26 21:47,9255.40,7070.80,1508.36,602.88,62.94,82.93,0.00,-305.82
2023-05-26 21:48,9255.40,7070.80,1522.90,602.32,63.04,83.39,0.00,-291.28
2023-05-26 21:49,9255.40,7070.80,1516.11,601.76,63.20,83.79,0.00,-298.06
2023-05-26 21:50,9255.40,7070.80,1496.94,603.02,63.33,84.13,0.00,-317.23
2023-05-26 21:51,9255.40,7070.80,1501.78,602.74,63.53,84.40,0.00,-312.40
2023-05-26 21:52,9255.40,7070.80,1327.68,520.56,63.77,84.79,0.00,-486.50
2023-05-26 21:53,9255.40,7070.80,0.00,0.00,63.87,89.00,0.00,-1814.17
2023-05-26 21:54,9255.40,7070.80,0.00,0.00,63.87,88.55,0.00,-1814.17
2023-05-26 21:55,9255.40,7107.99,0.00,0.00,63.73,86.60,0.00,-1814.17
2023-05-26 21:56,9255.40,7171.41,0.00,0.00,63.70,85.25,0.00,-1814.17
2023-05-26 21:57,9255.40,7218.79,0.00,0.00,63.71,85.19,0.00,-1814.17
2023-05-26 21:58,9255.40,7271.69,0.00,0.00,63.81,84.76,0.00,-1814.17
2023-05-26 21:59,9255.40,7271.76,0.00,0.00,63.74,84.61,0.00,-1814.17
2023-05-26 22:00,9255.40,7308.72,0.00,0.00,63.88,83.74,0.00,-1814.17
2023-05-26 22:01,9255.40,7373.42,0.00,0.00,63.95,83.20,0.00,-1814.17
2023-05-26 22:02,9255.40,7406.32,0.00,0.00,64.21,83.27,0.00,-1814.17
2023-05-26 22:03,9255.40,7474.38,0.00,0.00,63.98,82.58,0.00,-1814.17
2023-05-26 22:04,9255.40,7486.43,0.00,0.00,63.98,82.50,0.00,-1814.17
2023-05-26 22:05,9255.40,7574.37,0.00,0.00,63.91,81.96,0.00,-1814.17
2023-05-26 22:06,9255.40,7575.84,0.00,0.00,64.00,82.11,0.00,-1814.17
2023-05-26 22:07,9255.40,7575.84,0.00,0.00,63.86,81.70,0.00,-1814.17
2023-05-26 22:08,9255.40,7575.84,21.47,218.77,65.32,81.08,0.00,-1792.70
2023-05-26 22:09,9255.40,7575.84,940.80,485.36,66.07,80.35,0.00,-873.38
2023-05-26 22:10,9255.40,7546.42,1516.77,606.32,66.08,79.86,0.00,-297.40
2023-05-26 22:11,9255.40,7517.00,1546.94,605.63,66.12,80.77,0.00,-267.24
2023-05-26 22:12,9255.40,7517.00,1553.56,605.21,66.14,81.79,0.00,-260.61
2023-05-26 22:13,9255.40,7517.00,1551.65,606.18,66.14,82.53,0.00,-262.52
2023-05-26 22:14,9255.40,7517.00,1542.65,606.32,66.20,83.58,0.00,-271.53
2023-05-26 22:15,9255.40,7517.00,1557.57,606.04,66.24,85.62,0.00,-256.61
2023-05-26 22:16,9255.40,7517.00,1553.60,606.60,66.26,86.55,0.00,-260.58
2023-05-26 22:17,9255.40,7517.00,1544.56,606.46,66.34,86.31,0.00,-269.61
2023-05-26 22:18,9255.40,7517.00,1549.79,606.46,66.45,85.98,0.00,-264.39
2023-05-26 22:19,9255.40,7517.00,1553.57,606.88,66.63,86.04,0.00,-260.61
2023-05-26 22:20,9255.40,7517.00,1543.60,606.74,66.81,86.11,0.00,-270.57
2023-05-26 22:21,9255.40,7517.00,1545.56,607.16,67.07,86.30,0.00,-268.61
2023-05-26 22:22,9255.40,7517.00,1548.38,606.74,67.31,86.56,0.00,-265.80
2023-05-26 22:23,9255.40,7517.00,1544.98,606.88,67.61,86.74,0.00,-269.19
2023-05-26 22:24,9255.40,7517.00,1539.40,607.16,67.97,86.98,0.00,-274.78
2023-05-26 22:25,9255.40,7517.00,124.80,21.44,68.13,91.55,0.00,-1689.37
2023-05-26 22:26,9255.40,7517.00,0.00,0.00,68.10,92.40,0.00,-1814.17
2023-05-26 22:27,9255.40,7518.31,0.00,0.00,67.44,90.36,0.00,-1814.17
2023-05-26 22:28,9255.40,7607.20,0.00,0.00,67.26,88.11,0.00,-1814.17
2023-05-26 22:29,9255.40,7618.99,0.00,0.00,67.68,87.49,0.00,-1814.17
2023-05-26 22:30,9255.40,7691.42,0.00,0.00,67.61,86.70,0.00,-1814.17
2023-05-26 22:31,9255.40,7720.10,0.00,0.00,67.68,86.47,0.00,-1814.17
2023-05-26 22:32,9255.40,7760.57,0.00,0.00,67.57,86.17,0.00,-1814.17
2023-05-26 22:33,9255.40,7822.99,0.00,0.00,67.50,85.55,0.00,-1814.17
2023-05-26 22:34,9255.40,7823.15,0.00,0.00,68.01,85.48,0.00,-1814.17
2023-05-26 22:35,9255.40,7902.41,0.00,0.00,68.10,84.61,0.00,-1814.17
2023-05-26 22:36,9255.40,7924.72,0.00,0.00,67.92,84.42,0.00,-1814.17
2023-05-26 22:37,9255.40,7928.86,0.00,0.00,68.38,84.05,0.00,-1814.17
2023-05-26 22:38,9255.40,8017.07,0.00,0.00,68.45,83.28,0.00,-1814.17
2023-05-26 22:39,9255.40,8027.11,0.00,0.00,68.25,83.26,0.00,-1814.17
2023-05-26 22:40,9255.40,8027.11,0.00,194.24,69.31,82.98,0.00,-1814.17
2023-05-26 22:41,9255.40,8027.11,960.97,505.22,70.06,82.34,0.00,-853.21
2023-05-26 22:42,9255.40,8027.11,1514.24,598.29,70.06,81.68,0.00,-299.94
2023-05-26 22:43,9255.40,8027.11,1565.72,597.45,70.06,82.30,0.00,-248.46
2023-05-26 22:44,9255.40,8027.11,1556.19,597.31,69.99,83.64,0.00,-257.99
2023-05-26 22:45,9255.40,8027.11,1568.34,597.17,69.97,85.76,0.00,-245.83
2023-05-26 22:46,9255.40,8027.11,1576.99,597.45,69.98,86.56,0.00,-237.18
2023-05-26 22:47,9255.40,8027.11,1570.60,597.17,69.98,86.33,0.00,-243.57
2023-05-26 22:48,9255.40,8027.11,1568.34,597.59,69.99,86.46,0.00,-245.84
2023-05-26 22:49,9255.40,8027.11,1559.51,597.31,70.01,86.62,0.00,-254.66
2023-05-26 22:50,9255.40,8027.11,1576.56,597.73,70.11,86.75,0.00,-237.61
2023-05-26 22:51,9255.40,8027.11,1565.47,597.73,70.23,87.02,0.00,-248.70
2023-05-26 22:52,9255.40,8027.11,1548.05,597.87,70.38,87.19,0.00,-266.12
2023-05-26 22:53,9255.40,8027.11,1572.66,598.14,70.55,87.36,0.00,-241.52
2023-05-26 22:54,9255.40,8027.11,1561.90,597.31,70.77,87.44,0.00,-252.28
2023-05-26 22:55,9255.40,8027.11,1560.36,597.72,71.01,87.42,0.00,-253.82
2023-05-26 22:56,9255.40,8027.11,1563.61,597.73,71.27,87.50,0.00,-250.56
2023-05-26 22:57,9255.40,8027.11,1556.43,597.59,71.54,87.99,0.00,-257.75
2023-05-26 22:58,9255.40,8027.11,1561.25,597.59,71.83,90.07,0.00,-252.93
2023-05-26 22:59,9255.40,8027.11,1556.05,597.59,72.17,90.57,0.00,-258.13
2023-05-26 23:00,9255.40,8015.74,1568.71,598.14,72.47,89.75,0.00,-245.47
2023-05-26 23:01,9255.40,7993.00,1558.03,597.87,72.83,89.48,0.00,-256.14
2023-05-26 23:02,9255.40,7993.00,1542.31,597.59,73.13,89.46,0.00,-271.87
2023-05-26 23:03,9255.40,7993.00,1564.64,598.14,73.44,89.46,0.00,-249.53
2023-05-26 23:04,9255.40,7993.00,1569.85,597.31,73.80,89.51,0.00,-244.32
2023-05-26 23:05,9255.40,7993.00,1531.78,540.32,74.08,89.62,0.00,-282.39
2023-05-26 23:06,9255.40,7993.00,19.88,22.92,74.17,91.44,0.00,-1794.29
2023-05-26 23:07,9255.40,7993.00,0.00,0.00,74.30,92.12,0.00,-1814.17
2023-05-26 23:08,9255.40,8012.59,0.00,0.00,74.37,90.71,0.00,-1814.17
2023-05-26 23:09,9255.40,8094.13,0.00,0.00,74.33,89.32,0.00,-1814.17
2023-05-26 23:10,9255.40,8113.18,0.00,0.00,74.52,89.37,0.00,-1814.17
2023-05-26 23:11,9255.40,8196.12,0.00,0.00,74.55,88.87,0.00,-1814.17
2023-05-26 23:12,9255.40,8196.30,0.00,0.00,74.48,88.88,0.00,-1814.17
2023-05-26 23:13,9255.40,8281.91,0.00,0.00,74.63,87.97,0.00,-1814.17
2023-05-26 23:14,9255.40,8298.98,0.00,0.00,74.47,87.75,0.00,-1814.17
2023-05-26 23:15,9255.40,8379.80,0.00,0.00,74.51,87.14,0.00,-1814.17
2023-05-26 23:16,9255.40,8401.04,0.00,0.00,74.38,86.84,0.00,-1814.17
2023-05-26 23:17,9255.40,8418.70,0.00,0.00,74.27,86.38,0.00,-1814.17
2023-05-26 23:18,9255.40,8501.25,0.00,0.00,74.33,85.68,0.00,-1814.17
2023-05-26 23:19,9255.40,8502.43,0.00,7.21,74.25,85.58,0.00,-1814.17
2023-05-26 23:20,9255.40,8502.43,39.61,280.72,74.84,85.01,0.00,-1774.56
2023-05-26 23:21,9255.40,8502.43,1122.81,532.01,74.98,84.33,0.00,-691.37
2023-05-26 23:22,9255.40,8490.95,1570.27,593.54,74.86,83.87,0.00,-243.90
2023-05-26 23:23,9255.40,8468.00,1582.50,592.84,74.72,84.88,0.00,-231.67
2023-05-26 23:24,9255.40,8468.00,1591.13,592.42,74.63,85.94,0.00,-223.05
2023-05-26 23:25,9255.40,8468.00,1589.42,593.82,74.57,86.94,0.00,-224.75
2023-05-26 23:26,9255.40,8468.00,1576.82,594.51,74.50,88.49,0.00,-237.36
2023-05-26 23:27,9255.40,8468.00,1588.56,594.24,74.44,90.06,0.00,-225.61
2023-05-26 23:28,9255.40,8468.00,1581.56,594.10,74.39,90.04,0.00,-232.62
2023-05-26 23:29,9255.40,8468.00,1573.44,595.36,74.37,89.84,0.00,-240.73
2023-05-26 23:30,9255.40,8468.00,1592.69,594.38,74.42,90.17,0.00,-221.49
2023-05-26 23:31,9255.40,8468.00,1589.43,593.82,74.52,90.57,0.00,-224.75
2023-05-26 23:32,9255.40,8468.00,1574.43,594.80,74.58,90.83,0.00,-239.74
2023-05-26 23:33,9255.40,8468.00,1581.68,594.66,74.72,90.92,0.00,-232.49
2023-05-26 23:34,9255.40,8468.00,1588.39,594.10,74.87,91.16,0.00,-225.79
2023-05-26 23:35,9255.40,8468.00,1566.21,593.96,75.06,91.44,0.00,-247.96
2023-05-26 23:36,9255.40,8468.00,1588.83,594.38,75.26,91.58,0.00,-225.35
2023-05-26 23:37,9255.40,8468.00,1579.40,593.54,75.46,91.71,0.00,-234.77
2023-05-26 23:38,9255.40,8468.00,1581.31,594.10,75.69,91.91,0.00,-232.87
2023-05-26 23:39,9255.40,8468.00,1571.97,594.38,75.91,92.15,0.00,-242.20
2023-05-26 23:40,9255.40,8468.00,1584.02,594.10,76.17,92.21,0.00,-230.15
2023-05-26 23:41,9255.40,8468.00,1583.28,594.10,76.41,92.27,0.00,-230.89
2023-05-26 23:42,9255.40,8468.00,1556.34,594.24,76.66,92.35,0.00,-257.83
2023-05-26 23:43,9255.40,8468.00,1562.83,523.85,76.92,92.33,0.00,-251.35
2023-05-26 23:44,9255.40,8468.00,20.90,6.79,76.98,94.83,0.00,-1793.27
2023-05-26 23:45,9255.40,8468.00,0.00,0.00,77.09,95.25,0.00,-1814.17
2023-05-26 23:46,9255.40,8468.00,0.00,0.00,77.04,93.51,0.00,-1814.17
2023-05-26 23:47,9255.40,8517.49,0.00,0.00,77.03,91.93,0.00,-1814.17
2023-05-26 23:48,9255.40,8569.67,0.00,0.00,76.94,90.91,0.00,-1814.17
2023-05-26 23:49,9255.40,8569.67,0.00,0.00,76.93,90.75,0.00,-1814.17
2023-05-26 23:50,9255.40,8641.21,0.00,0.00,76.88,89.74,0.00,-1814.17
2023-05-26 23:51,9255.40,8671.96,0.00,0.00,76.91,89.63,0.00,-1814.17
2023-05-26 23:52,9255.40,8687.96,0.00,0.00,76.88,89.20,0.00,-1814.17
2023-05-26 23:53,9255.40,8772.80,0.00,0.00,76.75,88.40,0.00,-1814.17
2023-05-26 23:54,9255.40,8781.11,0.00,0.00,76.65,88.29,0.00,-1814.17
2023-05-26 23:55,9255.40,8870.07,0.00,0.00,76.62,87.56,0.00,-1814.17
2023-05-26 23:56,9255.40,8875.21,0.00,0.00,76.72,87.42,0.00,-1814.17
2023-05-26 23:57,9255.40,8875.21,0.00,0.00,76.75,86.71,0.00,-1814.17
2023-05-26 23:58,9255.40,8875.21,0.00,0.00,76.72,85.66,0.00,-1814.17
2023-05-26 23:59,9255.40,8875.21,0.00,0.00,76.78,84.81,0.00,-1814.17
2023-05-27 00:00,9255.40,8875.51,0.00,0.00,76.78,83.86,0.00,-1814.17
2023-05-27 00:01,9255.40,8876.12,17.56,195.13,76.81,83.03,0.00,-1796.61
2023-05-27 00:02,9255.40,8876.12,496.76,416.28,76.70,82.21,0.00,-1317.42
2023-05-27 00:03,9255.40,8876.12,1482.32,596.29,76.49,81.92,0.00,-331.86
2023-05-27 00:04,9255.40,8876.12,1653.10,597.42,76.29,83.69,0.00,-161.07
2023-05-27 00:05,9255.40,8876.12,1653.72,597.56,76.12,85.20,0.00,-160.45
2023-05-27 00:06,9255.40,8876.12,1659.52,597.56,75.96,85.99,0.00,-154.65
2023-05-27 00:07,9255.40,8876.12,1647.17,598.68,75.81,86.93,0.00,-167.01
2023-05-27 00:08,9255.40,8903.86,1683.50,599.68,75.71,87.63,0.00,-130.67
2023-05-27 00:09,9255.40,8967.66,1694.06,599.12,75.61,87.99,0.00,-120.12
2023-05-27 00:10,9255.40,8977.00,1649.58,598.14,75.55,88.42,0.00,-164.59
2023-05-27 00:11,9255.40,8945.00,1659.44,598.41,75.53,88.67,0.00,-154.74
2023-05-27 00:12,9255.40,8945.00,1655.60,598.42,75.51,88.94,0.00,-158.58
2023-05-27 00:13,9255.40,8945.00,1645.75,598.56,75.59,89.06,0.00,-168.42
2023-05-27 00:14,9255.40,8945.00,1649.31,598.70,75.68,89.16,0.00,-164.87
2023-05-27 00:15,9255.40,8945.00,1658.21,598.56,75.81,89.32,0.00,-155.96
2023-05-27 00:16,9255.40,8945.00,1655.32,598.98,75.96,89.48,0.00,-158.85
2023-05-27 00:17,9255.40,8945.00,1637.05,598.83,76.14,89.62,0.00,-177.12
2023-05-27 00:18,9255.40,8945.00,1646.34,598.70,76.34,89.80,0.00,-167.84
2023-05-27 00:19,9255.40,8945.00,1649.90,599.12,76.54,89.98,0.00,-164.28
2023-05-27 00:20,9255.40,8945.00,1633.31,598.56,76.76,90.17,0.00,-180.86
2023-05-27 00:21,9255.40,8945.00,1644.98,598.55,76.98,90.20,0.00,-169.19
2023-05-27 00:22,9255.40,8945.00,1650.45,598.84,77.20,90.35,0.00,-163.73
2023-05-27 00:23,9255.40,8945.00,1622.88,598.98,77.45,90.59,0.00,-191.29
2023-05-27 00:24,9255.40,8945.00,1636.82,598.98,77.70,90.68,0.00,-177.36
2023-05-27 00:25,9255.40,8945.00,1645.14,598.70,77.93,90.79,0.00,-169.04
2023-05-27 00:26,9255.40,8945.00,1642.06,599.12,78.16,90.94,0.00,-172.12
2023-05-27 00:27,9255.40,8945.00,1632.69,598.70,78.40,91.04,0.00,-181.49
2023-05-27 00:28,9255.40,8945.00,1642.55,599.12,78.64,91.27,0.00,-171.62
2023-05-27 00:29,9255.40,8945.00,1642.88,598.28,78.86,91.40,0.00,-171.30
2023-05-27 00:30,9255.40,8945.00,1621.97,599.12,79.10,91.56,0.00,-192.21
2023-05-27 00:31,9255.40,8945.00,1631.39,598.84,79.33,91.95,0.00,-182.78
2023-05-27 00:32,9255.40,8945.00,1639.18,599.26,79.55,94.39,0.00,-174.99
2023-05-27 00:33,9255.40,8945.00,1639.40,599.12,79.77,95.55,0.00,-174.77
2023-05-27 00:34,9255.40,8945.00,1622.10,599.12,79.98,94.25,0.00,-192.08
2023-05-27 00:35,9255.40,8945.00,1642.19,598.42,80.16,93.48,0.00,-171.98
2023-05-27 00:36,9255.40,8945.00,1644.12,598.98,80.37,93.17,0.00,-170.05
2023-05-27 00:37,9255.40,8945.00,1612.85,599.12,80.56,93.09,0.00,-201.33
2023-05-27 00:38,9255.40,8945.00,1640.36,598.98,80.75,93.16,0.00,-173.81
2023-05-27 00:39,9255.40,8945.00,1638.41,598.84,80.93,93.29,0.00,-175.77
2023-05-27 00:40,9255.40,8945.00,1578.24,526.72,81.09,93.43,0.00,-235.94
2023-05-27 00:41,9255.40,8945.48,22.10,10.88,81.21,93.96,0.00,-1792.07
2023-05-27 00:42,9255.40,8945.48,0.00,0.00,81.17,94.74,0.00,-1814.17
2023-05-27 00:43,9255.40,8945.48,0.00,0.00,81.19,93.52,0.00,-1814.17
2023-05-27 00:44,9255.40,8963.93,0.00,0.00,81.21,91.98,0.00,-1814.17
2023-05-27 00:45,9255.40,9044.36,0.00,0.00,81.21,90.58,0.00,-1814.17
2023-05-27 00:46,9255.40,9047.29,0.00,0.00,81.19,90.74,0.00,-1814.17
2023-05-27 00:47,9255.40,9076.88,0.00,0.00,81.16,90.11,0.00,-1814.17
2023-05-27 00:48,9255.40,9149.26,0.00,0.00,81.10,89.58,0.00,-1814.17
2023-05-27 00:49,9255.40,9155.64,0.00,0.00,81.08,89.63,0.00,-1814.17
2023-05-27 00:50,9255.40,9231.73,0.00,0.00,81.06,89.11,0.00,-1814.17
2023-05-27 00:51,9255.40,9251.43,0.00,0.00,80.99,88.78,0.00,-1814.17
2023-05-27 00:52,9255.40,9251.43,0.00,0.00,80.94,88.16,0.00,-1814.17
2023-05-27 00:53,9255.40,9251.43,0.00,0.00,80.98,87.25,0.00,-1814.17
2023-05-27 00:54,9255.40,9251.43,0.00,0.00,80.93,86.22,0.00,-1814.17
2023-05-27 00:55,9255.40,9251.43,0.00,0.00,80.94,85.20,0.00,-1814.17
2023-05-27 00:56,9255.40,9251.77,0.00,0.00,80.89,84.23,0.00,-1814.17
2023-05-27 00:57,9255.40,9253.50,21.27,208.03,80.62,83.23,0.00,-1792.90
2023-05-27 00:58,9255.40,9253.57,704.44,450.89,79.85,82.14,0.00,-1109.73
2023-05-27 00:59,9255.40,9253.83,1579.18,593.01,79.56,81.50,0.00,-235.00
2023-05-27 01:00,9255.40,9254.80,1678.27,591.47,79.31,82.90,0.00,-135.90
2023-05-27 01:01,9255.40,9236.96,1673.71,591.05,79.08,84.58,0.00,-140.46
2023-05-27 01:02,9255.40,9233.30,1676.15,591.47,78.89,85.85,0.00,-138.03
2023-05-27 01:03,9255.40,9233.30,1663.22,591.75,78.71,86.76,0.00,-150.96
2023-05-27 01:04,9255.40,9233.30,1666.49,591.75,78.58,87.64,0.00,-147.68
2023-05-27 01:05,9255.40,9233.75,1666.49,591.75,78.49,88.15,0.00,-147.68
2023-05-27 01:06,9255.40,9235.76,1661.58,594.83,78.42,88.60,0.00,-152.59
2023-05-27 01:07,9255.40,9237.29,2029.52,686.35,78.36,88.91,0.00,108.91
2023-05-27 01:08,9255.40,9238.95,2187.53,698.09,78.36,89.12,0.00,59.05
2023-05-27 01:09,9255.40,9240.62,2183.68,699.35,78.41,89.57,0.00,7.25
2023-05-27 01:10,9255.40,9242.27,2194.74,700.06,78.44,90.00,0.00,32.04
2023-05-27 01:11,9255.40,9243.89,2206.15,700.34,78.58,90.24,0.00,43.45
2023-05-27 01:12,9255.40,9245.55,2194.60,700.90,78.72,90.61,0.00,31.91
2023-05-27 01:13,9255.40,9247.22,2180.23,699.78,78.93,91.31,0.00,16.89
2023-05-27 01:14,9255.40,9248.85,2210.11,701.32,79.12,94.12,0.00,30.05
2023-05-27 01:15,9255.40,9250.50,2201.06,700.20,79.36,95.83,0.00,21.00
2023-05-27 01:16,9255.40,9252.16,2196.31,700.06,79.62,94.18,0.00,16.25
2023-05-27 01:17,9255.40,9253.82,2197.74,701.18,79.87,93.30,0.00,17.68
2023-05-27 01:18,9256.01,9255.81,2206.44,699.78,80.15,92.97,74.86,26.38
2023-05-27 01:19,9260.20,9260.20,2512.83,697.55,80.42,93.15,306.77,332.77
2023-05-27 01:20,9261.98,9261.98,2560.92,696.01,80.69,93.20,108.15,380.86
2023-05-27 01:21,9263.55,9263.55,2552.31,695.73,80.99,93.40,95.39,372.25
2023-05-27 01:22,9265.12,9265.12,2575.88,696.29,81.25,93.49,98.99,395.82
2023-05-27 01:23,9266.85,9266.85,2557.32,696.29,81.53,93.54,111.03,377.26
2023-05-27 01:24,9268.69,9268.69,2573.14,696.15,81.80,93.62,111.89,393.08
2023-05-27 01:25,9270.54,9270.54,2591.22,695.45,82.02,93.74,112.75,411.16
2023-05-27 01:26,9272.72,9272.72,2608.64,695.17,82.25,93.92,144.54,428.59
2023-05-27 01:27,9274.81,9274.81,2640.01,694.75,82.48,94.11,129.54,459.95
2023-05-27 01:28,9276.95,9276.95,2653.84,694.47,82.70,94.40,136.73,473.79
2023-05-27 01:29,9279.06,9279.06,2635.30,694.76,82.87,94.64,128.60,455.24
2023-05-27 01:30,9280.39,9280.25,2585.85,697.16,83.02,94.78,79.79,405.79
2023-05-27 01:31,9280.42,9265.41,2265.28,700.57,83.21,95.12,0.00,85.22
2023-05-27 01:32,9280.42,9259.50,2043.08,653.49,83.39,95.52,0.00,-136.98
2023-05-27 01:33,9280.42,9266.81,1943.00,644.15,83.55,95.60,0.00,-47.83
2023-05-27 01:34,9280.42,9271.11,1948.27,644.85,83.77,95.79,0.00,45.21
2023-05-27 01:35,9280.42,9276.88,2030.25,646.11,83.93,95.75,0.00,127.20
2023-05-27 01:36,9281.95,9281.80,2601.25,642.05,84.13,95.82,187.42,698.20
2023-05-27 01:37,9287.02,9287.02,2835.94,637.03,84.34,95.98,318.65,932.89
2023-05-27 01:38,9292.61,9292.61,2895.93,635.49,84.53,95.96,351.83,992.88
2023-05-27 01:39,9297.79,9297.79,2911.94,634.38,84.71,95.94,314.81,1008.89
2023-05-27 01:40,9301.09,9299.89,2619.96,636.08,84.86,95.99,140.57,716.90
2023-05-27 01:41,9301.22,9296.39,1908.20,636.47,85.02,96.13,0.00,5.15
2023-05-27 01:42,9301.22,9293.37,1951.26,655.62,85.16,96.05,0.00,48.21
2023-05-27 01:43,9301.22,9293.64,2239.98,709.56,85.31,96.06,0.00,336.93
2023-05-27 01:44,9301.22,9296.91,2274.85,709.69,85.47,96.19,0.00,191.61
2023-05-27 01:45,9301.22,9299.19,2253.49,709.84,85.62,96.39,0.00,14.10
2023-05-27 01:46,9301.51,9301.25,2304.21,711.38,85.74,96.60,39.35,44.41
2023-05-27 01:47,9303.56,9303.56,2433.99,710.41,85.90,96.79,147.61,174.20
2023-05-27 01:48,9304.78,9304.78,2493.45,709.42,86.01,96.88,69.22,233.65
2023-05-27 01:49,9305.82,9305.82,2516.47,708.73,86.19,97.39,73.86,256.67
2023-05-27 01:50,9306.87,9306.87,2506.31,708.72,86.33,99.61,62.64,246.52
2023-05-27 01:51,9308.21,9308.21,2520.40,709.00,86.53,99.54,89.63,260.61
2023-05-27 01:52,9309.42,9309.42,2516.91,709.00,86.72,98.93,75.16,257.12
2023-05-27 01:53,9310.68,9310.68,2543.40,709.14,86.90,98.79,77.88,283.61
2023-05-27 01:54,9311.80,9311.80,2523.75,708.99,87.12,98.67,68.08,263.95
2023-05-27 01:55,9312.95,9312.95,2504.66,708.43,87.32,98.87,72.80,244.86
2023-05-27 01:56,9314.24,9314.24,2535.57,709.28,87.46,99.06,84.17,275.78
2023-05-27 01:57,9315.49,9315.49,2551.30,708.72,87.63,99.33,80.74,291.51
2023-05-27 01:58,9316.85,9316.85,2537.66,708.16,87.80,99.54,87.99,277.87
2023-05-27 01:59,9318.13,9318.13,2544.51,708.43,87.97,99.86,78.30,284.72
2023-05-27 02:00,9319.39,9319.39,2553.14,708.44,88.15,100.23,81.23,293.34
2023-05-27 02:01,9320.52,9320.52,2529.44,708.02,88.33,100.46,69.11,269.65
2023-05-27 02:02,9321.51,9321.51,2520.34,708.58,88.44,100.83,60.96,260.55
2023-05-27 02:03,9322.47,9322.47,2511.53,708.30,88.57,100.96,60.44,251.73
2023-05-27 02:04,9323.43,9323.43,2524.25,707.60,88.71,101.23,59.33,264.46
2023-05-27 02:05,9324.22,9320.35,2424.03,703.13,88.82,101.66,37.29,164.23
2023-05-27 02:06,9324.24,9309.74,2066.21,648.97,88.98,102.33,0.00,-193.59
2023-05-27 02:07,9324.24,9315.55,1746.63,602.85,89.08,102.63,0.00,13.19
2023-05-27 02:08,9324.24,9318.03,1718.35,600.10,89.20,102.71,0.00,-15.10
2023-05-27 02:09,9324.26,9322.44,1902.77,600.53,89.33,102.79,4.82,169.33
2023-05-27 02:10,9327.01,9327.01,2466.23,597.87,89.43,102.75,248.75,732.79
2023-05-27 02:11,9331.09,9331.09,2578.42,595.92,89.54,102.77,251.42,844.97
2023-05-27 02:12,9333.65,9333.65,2569.25,594.13,89.62,102.79,250.34,835.81
2023-05-27 02:13,9328.30,9325.57,1086.15,274.78,89.64,103.64,0.00,-647.29
2023-05-27 02:14,9328.30,9325.40,0.00,0.00,88.80,106.39,0.00,-1733.44
2023-05-27 02:15,9328.30,9325.40,0.00,0.00,78.16,105.01,0.00,-1733.44
2023-05-27 02:16,9328.30,9325.40,0.00,0.00,76.52,103.43,0.00,-1733.44
2023-05-27 02:17,9328.30,9325.01,15.66,85.75,77.92,102.00,0.00,-1717.79
2023-05-27 02:18,9328.30,9324.62,1362.09,604.07,74.46,100.45,0.00,-371.36
2023-05-27 02:19,9328.30,9324.62,1632.85,605.81,73.81,99.44,0.00,-100.60
2023-05-27 02:20,9328.30,9324.62,1682.14,604.41,74.51,100.04,0.00,-51.30
2023-05-27 02:21,9328.30,9325.22,1710.19,604.55,75.15,100.42,0.00,-19.73
2023-05-27 02:22,9330.26,9330.17,2210.42,598.67,75.61,100.25,239.67,498.09
2023-05-27 02:23,9334.54,9334.54,2532.22,594.19,76.01,99.76,248.96,819.90
2023-05-27 02:24,9338.34,9338.34,2482.30,595.31,78.51,99.29,237.59,769.97
2023-05-27 02:25,9342.47,9342.47,2483.02,594.47,87.52,98.69,262.24,770.70
2023-05-27 02:26,9346.73,9346.73,2531.88,594.61,87.83,98.14,264.69,819.55
2023-05-27 02:27,9351.07,9351.07,2541.44,594.61,87.72,97.62,273.45,829.12
2023-05-27 02:28,9355.23,9355.23,2514.42,594.89,87.72,97.45,253.98,802.09
2023-05-27 02:29,9359.19,9359.19,2487.57,595.03,87.65,97.35,244.26,775.24
2023-05-27 02:30,9363.05,9363.05,2487.17,595.31,87.64,97.28,235.88,774.84
2023-05-27 02:31,9366.70,9366.70,2434.07,595.58,87.62,97.09,223.58,721.74
2023-05-27 02:32,9370.33,9370.33,2463.37,595.59,87.58,97.09,236.85,751.04
2023-05-27 02:33,9374.73,9374.73,2524.24,594.60,87.55,97.16,275.78,811.91
2023-05-27 02:34,9378.67,9378.67,2465.45,594.89,87.56,97.22,241.54,753.13
2023-05-27 02:35,9382.44,9382.44,2446.99,595.31,87.56,97.35,231.94,734.67
2023-05-27 02:36,9386.35,9386.35,2440.49,595.45,87.55,97.36,243.43,728.17
2023-05-27 02:37,9390.27,9390.27,2472.72,595.17,87.58,97.41,242.50,760.40
2023-05-27 02:38,9394.25,9394.25,2469.11,592.67,87.58,97.63,243.75,756.79
2023-05-27 02:39,9396.73,9393.29,2209.31,593.38,87.58,97.68,117.33,496.98
2023-05-27 02:40,9396.78,9389.56,1637.97,515.16,87.59,98.00,0.00,-74.36
2023-05-27 02:41,9396.78,9389.56,14.32,0.00,87.29,100.37,0.00,-1698.01
2023-05-27 02:42,9396.78,9389.56,382.88,250.07,86.20,100.61,0.00,-1329.45
2023-05-27 02:43,9396.78,9389.56,1602.16,604.99,87.50,98.64,0.00,-110.16
2023-05-27 02:44,9396.78,9389.56,2052.12,688.83,87.56,98.31,0.00,339.80
2023-05-27 02:45,9396.78,9389.56,2234.55,705.36,87.51,99.22,0.00,522.23
2023-05-27 02:46,9396.78,9389.56,2239.47,705.21,87.44,100.04,0.00,527.14
2023-05-27 02:47,9396.78,9389.56,2251.52,706.05,87.38,100.27,0.00,539.19
2023-05-27 02:48,9396.78,9389.56,2252.76,705.77,87.36,100.06,0.00,540.44
2023-05-27 02:49,9396.78,9389.56,2252.88,705.77,87.33,99.84,0.00,540.55
2023-05-27 02:50,9396.78,9389.56,2228.58,705.77,87.33,99.92,0.00,516.25
2023-05-27 02:51,9396.78,9389.88,2250.89,706.05,87.35,100.11,0.00,271.31
2023-05-27 02:52,9396.78,9391.68,2255.44,705.91,87.38,100.30,0.00,3.64
2023-05-27 02:53,9396.78,9393.72,2246.96,705.22,87.44,100.30,0.00,-0.84
2023-05-27 02:54,9396.78,9395.84,2233.98,705.50,87.52,100.44,3.00,78.19
2023-05-27 02:55,9398.62,9398.62,2329.13,705.49,87.59,100.57,168.72,173.33
2023-05-27 02:56,9400.57,9400.57,2420.99,704.80,87.66,100.68,115.61,265.19
2023-05-27 02:57,9401.67,9401.67,2406.39,704.52,87.75,100.60,67.14,250.59
2023-05-27 02:58,9402.56,9402.56,2430.69,704.38,87.88,100.60,54.79,274.90
2023-05-27 02:59,9403.45,9403.45,2439.78,704.80,87.97,100.68,57.83,283.98
2023-05-27 03:00,9404.34,9404.34,2414.95,704.38,88.06,100.95,55.10,259.15
2023-05-27 03:01,9405.23,9405.23,2443.87,704.24,88.11,101.26,55.51,288.07
2023-05-27 03:02,9406.21,9406.21,2438.59,704.52,88.11,101.69,59.99,282.79
2023-05-27 03:03,9407.26,9407.26,2453.91,703.40,88.07,101.90,65.81,298.11
2023-05-27 03:04,9408.23,9408.23,2435.34,703.81,87.97,102.00,59.77,279.54
2023-05-27 03:05,9409.28,9409.28,2465.89,704.38,87.87,102.11,66.38,310.10
2023-05-27 03:06,9410.39,9410.39,2463.22,703.82,87.76,102.45,69.58,307.42
2023-05-27 03:07,9411.49,9411.49,2449.46,704.24,87.72,102.66,68.69,293.66
2023-05-27 03:08,9412.65,9412.65,2481.26,703.68,87.65,102.77,71.39,325.46
2023-05-27 03:09,9413.80,9413.80,2469.12,703.96,87.65,102.86,71.96,313.32
2023-05-27 03:10,9414.85,9414.85,2446.84,703.26,87.65,103.05,68.81,291.05
2023-05-27 03:11,9415.94,9415.94,2464.97,703.54,87.67,103.36,64.68,309.18
2023-05-27 03:12,9417.05,9417.05,2474.80,703.40,87.76,103.34,70.40,319.00
2023-05-27 03:13,9418.17,9418.17,2464.36,703.68,87.89,103.68,70.44,308.56
2023-05-27 03:14,9419.24,9419.24,2441.74,704.52,88.04,104.24,63.96,285.94
2023-05-27 03:15,9420.28,9420.28,2456.34,703.68,88.19,104.05,65.53,300.55
2023-05-27 03:16,9421.39,9421.39,2456.96,703.40,88.36,104.24,71.18,301.16
2023-05-27 03:17,9422.52,9422.52,2452.00,703.68,88.52,104.37,67.07,296.20
2023-05-27 03:18,9423.61,9423.61,2454.42,703.40,88.67,104.40,68.16,298.62
2023-05-27 03:19,9424.29,9423.81,2423.15,702.15,88.75,104.32,44.34,267.36
2023-05-27 03:20,9424.31,9418.82,2242.02,705.67,88.78,104.38,0.00,86.22
2023-05-27 03:21,9424.31,9419.87,1922.02,637.94,88.67,104.31,0.00,-233.77
2023-05-27 03:22,9424.31,9421.42,1913.53,627.27,88.46,103.92,0.00,-242.27
2023-05-27 03:23,9425.67,9425.44,2292.36,625.46,88.25,103.48,167.25,136.56
2023-05-27 03:24,9430.08,9430.08,2635.55,619.74,88.08,103.28,273.10,479.76
2023-05-27 03:25,9425.03,9423.20,1477.67,336.67,87.93,104.16,77.19,-678.13
2023-05-27 03:26,9423.65,9420.75,0.00,0.00,86.92,107.48,0.00,-2155.80
2023-05-27 03:27,9423.65,9420.75,0.00,0.00,85.86,105.29,0.00,-2155.80
2023-05-27 03:28,9423.65,9420.68,0.00,0.00,85.91,102.58,0.00,-2155.80
2023-05-27 03:29,9423.65,9420.57,144.13,195.92,86.95,100.44,0.00,-2011.67
2023-05-27 03:30,9423.65,9420.57,1528.61,644.99,87.64,98.66,0.00,-627.18
2023-05-27 03:31,9423.65,9420.57,2167.33,708.55,87.50,98.33,0.00,11.53
2023-05-27 03:32,9423.65,9420.57,2200.65,708.55,87.26,99.70,0.00,44.85
2023-05-27 03:33,9423.65,9420.57,2211.06,709.81,86.99,100.56,0.00,55.26
2023-05-27 03:34,9423.65,9420.57,2205.08,709.25,86.75,100.87,0.00,49.29
2023-05-27 03:35,9423.65,9420.57,2217.53,708.83,86.61,101.11,0.00,61.74
2023-05-27 03:36,9423.65,9420.57,2213.86,708.83,86.51,101.28,0.00,58.06
2023-05-27 03:37,9423.65,9420.57,2202.21,709.11,86.50,101.41,0.00,46.41
2023-05-27 03:38,9423.65,9422.30,2202.61,711.07,86.56,101.48,0.00,46.81
2023-05-27 03:39,9425.12,9425.11,2285.22,709.68,86.64,101.67,166.74,129.42
2023-05-27 03:40,9427.46,9427.46,2408.16,707.71,86.82,101.78,128.16,252.36
2023-05-27 03:41,9428.46,9428.46,2391.61,707.58,87.02,101.74,61.67,235.82
2023-05-27 03:42,9429.52,9429.52,2410.75,707.86,87.23,101.77,74.07,254.95
2023-05-27 03:43,9430.59,9430.59,2426.91,708.42,87.40,101.88,66.71,271.11
2023-05-27 03:44,9431.64,9431.64,2404.35,708.14,87.64,102.15,63.57,248.55
2023-05-27 03:45,9432.62,9432.62,2424.37,708.56,87.82,102.39,64.26,268.57
2023-05-27 03:46,9433.32,9433.32,2412.85,707.86,88.01,102.61,42.41,257.05
2023-05-27 03:47,9434.02,9434.02,2403.74,708.14,88.20,102.75,41.12,247.94
2023-05-27 03:48,9434.84,9434.84,2429.52,708.14,88.41,102.89,51.41,273.72
2023-05-27 03:49,9435.83,9435.83,2433.72,708.70,88.65,103.15,61.50,277.92
2023-05-27 03:50,9436.74,9436.74,2426.76,708.14,88.86,103.38,56.55,270.96
2023-05-27 03:51,9437.67,9437.67,2411.86,707.58,89.05,103.75,59.08,256.06
2023-05-27 03:52,9438.40,9438.40,2431.39,707.72,89.22,103.86,44.31,275.60
2023-05-27 03:53,9439.16,9439.16,2426.38,708.00,89.38,104.14,45.94,270.58
2023-05-27 03:54,9439.84,9439.84,2421.64,708.28,89.56,104.44,42.18,265.84
2023-05-27 03:55,9440.64,9440.64,2431.47,708.42,89.72,104.48,49.09,275.67
2023-05-27 03:56,9441.48,9441.48,2436.24,707.72,89.90,104.50,52.54,280.44
2023-05-27 03:57,9442.32,9442.32,2444.19,707.86,90.06,104.71,51.58,288.40
2023-05-27 03:58,9443.11,9443.11,2433.61,708.56,90.19,104.66,49.91,277.81
2023-05-27 03:59,9444.00,9444.00,2444.26,707.44,90.33,104.73,55.77,288.46
2023-05-27 04:00,9444.82,9444.82,2449.28,708.28,90.48,104.64,51.64,293.49
2023-05-27 04:01,9445.74,9445.74,2433.52,707.30,90.57,104.61,60.23,277.72
2023-05-27 04:02,9446.68,9446.68,2453.88,708.00,90.70,104.60,58.69,298.08
2023-05-27 04:03,9447.52,9446.85,2425.88,703.96,90.81,104.52,50.49,270.08
2023-05-27 04:04,9447.60,9442.78,2245.54,705.95,90.91,104.58,0.00,89.74
2023-05-27 04:05,9447.60,9444.04,2340.74,712.64,91.01,104.42,0.00,184.94
2023-05-27 04:06,9447.60,9444.04,2125.41,650.40,91.10,104.37,0.00,-30.38
2023-05-27 04:07,9447.60,9445.18,1625.00,557.90,91.17,104.08,0.00,-246.02
2023-05-27 04:08,9449.32,9449.19,2032.91,552.99,91.23,103.47,195.00,335.94
2023-05-27 04:09,9453.94,9453.94,2331.29,551.87,91.31,103.06,278.56,634.32
2023-05-27 04:10,9457.94,9457.94,2374.93,546.99,91.37,102.46,256.34,677.96
2023-05-27 04:11,9458.88,9454.81,1298.70,355.65,91.36,102.99,0.00,-398.27
2023-05-27 04:12,9458.88,9454.42,0.00,0.00,90.81,107.35,0.00,-1696.97
2023-05-27 04:13,9458.88,9454.42,160.68,117.85,89.73,105.43,0.00,-1536.29
2023-05-27 04:14,9458.88,9454.42,1415.54,610.76,90.97,102.56,0.00,-281.43
2023-05-27 04:15,9458.88,9454.42,2171.33,705.34,91.01,101.17,0.00,474.35
2023-05-27 04:16,9458.88,9454.42,2227.12,708.97,90.81,101.95,0.00,530.15
2023-05-27 04:17,9458.88,9454.42,2231.25,708.55,90.56,102.79,0.00,534.28
2023-05-27 04:18,9458.88,9454.42,2228.80,708.55,90.29,103.25,0.00,443.04
2023-05-27 04:19,9458.88,9454.42,2240.80,708.13,90.11,103.46,0.00,14.61
2023-05-27 04:20,9458.88,9454.42,2233.19,708.55,89.96,103.70,0.00,6.99
2023-05-27 04:21,9458.88,9454.42,2216.37,708.83,89.86,103.97,0.00,-9.83
2023-05-27 04:22,9458.88,9455.28,2254.51,710.93,89.84,104.20,0.00,28.31
2023-05-27 04:23,9458.96,9458.43,2272.32,709.25,89.85,104.44,12.70,46.12
2023-05-27 04:24,9460.50,9460.50,2352.41,708.27,89.94,104.62,135.55,126.22
2023-05-27 04:25,9461.16,9461.16,2359.50,708.69,89.99,104.56,31.75,133.30
2023-05-27 04:26,9461.91,9461.91,2380.62,708.55,90.12,104.82,48.52,154.42
2023-05-27 04:27,9462.62,9462.62,2387.57,707.85,90.21,104.98,44.28,161.37
2023-05-27 04:28,9463.41,9463.41,2389.34,708.13,90.30,105.15,48.84,163.15
2023-05-27 04:29,9464.11,9464.11,2399.48,708.41,90.41,105.14,44.22,173.28
2023-05-27 04:30,9464.76,9464.76,2398.15,707.86,90.50,104.91,39.85,171.95
2023-05-27 04:31,9465.22,9464.05,2389.69,706.76,90.63,104.40,26.58,163.49
2023-05-27 04:32,9465.24,9457.70,2230.47,708.46,90.69,104.36,0.00,4.27
2023-05-27 04:33,9465.24,9460.69,2263.47,711.39,90.82,104.40,0.00,37.27
2023-05-27 04:34,9465.24,9463.20,2262.65,710.97,90.94,104.36,0.00,19.87
2023-05-27 04:35,9466.00,9465.91,2365.77,711.11,91.04,104.23,95.45,119.67
2023-05-27 04:36,9467.42,9467.42,2438.85,710.41,91.16,104.18,81.57,192.75
2023-05-27 04:37,9468.31,9468.31,2429.71,710.83,91.22,104.23,58.41,183.61
2023-05-27 04:38,9469.30,9469.30,2421.36,710.41,91.30,104.31,60.37,175.26
2023-05-27 04:39,9470.14,9470.14,2435.30,710.69,91.41,104.38,53.38,189.20
2023-05-27 04:40,9470.85,9470.85,2448.08,710.70,91.49,104.61,43.68,201.97
2023-05-27 04:41,9471.64,9471.64,2444.41,709.86,91.56,104.92,48.82,198.30
2023-05-27 04:42,9472.39,9472.39,2440.91,709.58,91.65,105.12,46.64,194.81
2023-05-27 04:43,9473.24,9473.24,2440.36,709.57,91.72,105.17,53.94,194.26
2023-05-27 04:44,9474.05,9474.05,2431.39,710.00,91.76,105.27,49.04,185.29
2023-05-27 04:45,9474.86,9474.86,2419.17,709.58,91.80,105.46,54.92,173.07
2023-05-27 04:46,9475.64,9475.64,2438.52,708.46,91.85,105.52,45.93,192.42
2023-05-27 04:47,9476.52,9476.52,2441.27,709.16,91.90,105.64,56.29,195.17
2023-05-27 04:48,9477.28,9477.28,2425.19,709.16,91.93,105.58,47.94,179.09
2023-05-27 04:49,9478.13,9478.13,2430.44,710.28,91.96,105.71,52.48,184.34
2023-05-27 04:50,9478.92,9478.92,2433.43,710.27,92.00,105.78,51.29,187.33
2023-05-27 04:51,9479.69,9479.69,2434.96,710.69,92.04,105.75,47.33,188.86
2023-05-27 04:52,9480.55,9480.55,2421.30,710.41,92.10,105.71,52.92,175.20
2023-05-27 04:53,9481.40,9481.40,2443.65,711.39,92.11,105.67,54.90,197.54
2023-05-27 04:54,9482.21,9482.21,2429.60,710.97,92.14,105.53,50.08,183.50
2023-05-27 04:55,9482.83,9482.42,2404.08,708.75,92.22,105.69,36.70,157.98
2023-05-27 04:56,9482.91,9474.26,2260.85,710.41,92.28,105.77,0.00,14.75
2023-05-27 04:57,9482.91,9474.25,2252.79,710.14,92.30,105.73,0.00,6.69
2023-05-27 04:58,9482.91,9474.25,1928.94,628.10,92.35,105.76,0.00,-317.17
2023-05-27 04:59,9482.91,9474.25,1757.40,611.43,92.38,105.44,0.00,-321.96
2023-05-27 05:00,9482.91,9475.88,1757.58,611.58,92.43,105.31,0.00,3.54
2023-05-27 05:01,9482.91,9480.22,1889.13,610.60,92.43,105.14,0.00,118.77
2023-05-27 05:02,9485.01,9485.01,2421.64,607.95,92.43,104.91,216.67,651.28
2023-05-27 05:03,9488.55,9488.55,2409.99,608.09,92.43,104.81,210.72,639.63
2023-05-27 05:04,9491.80,9491.80,2418.23,607.67,92.36,104.63,212.10,647.87
2023-05-27 05:05,9490.11,9488.48,2173.39,605.17,92.31,104.49,69.89,403.03
2023-05-27 05:06,9486.97,9482.09,174.45,25.47,92.28,107.74,0.00,-1595.91
2023-05-27 05:07,9486.97,9482.09,232.26,180.50,91.78,108.13,0.00,-1538.10
2023-05-27 05:08,9486.97,9482.09,1453.05,609.31,92.05,105.31,0.00,-317.31
2023-05-27 05:09,9486.97,9482.09,1700.48,599.36,92.05,103.79,0.00,-69.89
2023-05-27 05:10,9486.97,9482.09,1699.24,599.36,91.86,104.21,0.00,-71.12
2023-05-27 05:11,9486.97,9482.09,1706.18,601.03,91.65,104.59,0.00,-64.18
2023-05-27 05:12,9486.97,9482.09,1742.59,605.21,91.42,104.79,0.00,-27.77
2023-05-27 05:13,9486.97,9482.09,1747.31,605.22,91.21,104.85,0.00,-23.05
2023-05-27 05:14,9486.97,9482.09,1740.98,605.35,86.67,104.76,0.00,-29.38
2023-05-27 05:15,9486.97,9482.09,1713.61,605.07,82.92,104.84,0.00,-56.75
2023-05-27 05:16,9486.97,9482.09,1735.24,604.93,83.55,104.78,0.00,-35.12
2023-05-27 05:17,9486.97,9482.09,1735.97,605.07,83.99,104.55,0.00,-34.40
2023-05-27 05:18,9486.97,9482.09,1739.63,605.07,84.28,104.25,0.00,-30.73
2023-05-27 05:19,9486.97,9482.09,1734.15,604.93,86.10,104.07,0.00,-36.20
2023-05-27 05:20,9486.97,9482.09,1756.76,606.62,90.20,103.84,0.00,-13.60
2023-05-27 05:21,9486.97,9483.55,1778.10,611.13,90.30,103.68,0.00,7.74
2023-05-27 05:22,9487.68,9487.23,1914.04,609.03,90.30,103.45,98.52,175.56
2023-05-27 05:23,9492.34,9492.34,2445.67,604.55,90.30,103.27,321.84,716.35
2023-05-27 05:24,9496.17,9496.16,2550.08,602.46,90.30,103.26,231.85,820.76
2023-05-27 05:25,9500.04,9500.04,2512.02,602.61,90.30,103.18,239.30,782.70
2023-05-27 05:26,9503.95,9503.95,2537.81,603.86,90.30,103.11,239.96,808.49
2023-05-27 05:27,9507.77,9507.77,2484.78,604.00,90.28,103.21,229.56,755.46
2023-05-27 05:28,9511.45,9511.44,2456.01,604.28,90.24,103.17,231.23,726.69
2023-05-27 05:29,9515.06,9515.06,2459.79,602.05,90.26,103.04,218.47,730.47
2023-05-27 05:30,9518.50,9518.50,2436.61,598.27,90.24,102.96,224.29,707.28
2023-05-27 05:31,9519.22,9517.09,765.68,147.93,90.15,104.85,0.00,-963.65
2023-05-27 05:32,9519.22,9517.02,0.00,0.00,89.33,106.76,0.00,-1729.32
2023-05-27 05:33,9519.22,9517.02,0.00,0.00,88.25,104.34,0.00,-1729.32
2023-05-27 05:34,9519.22,9516.33,0.00,13.64,87.97,102.02,0.00,-1729.32
2023-05-27 05:35,9519.22,9514.96,236.79,228.17,89.06,100.16,0.00,-1492.54
2023-05-27 05:36,9519.22,9516.17,1457.43,597.94,89.69,98.49,0.00,-271.89
2023-05-27 05:37,9519.22,9516.80,1675.57,597.96,89.61,98.27,0.00,-53.75
2023-05-27 05:38,9519.46,9518.34,1828.77,601.91,89.35,99.58,31.38,99.45
2023-05-27 05:39,9523.51,9523.51,2393.10,596.04,89.04,100.45,324.59,663.78
2023-05-27 05:40,9527.39,9527.39,2497.01,594.36,88.73,100.48,232.24,767.70
2023-05-27 05:41,9530.35,9529.68,2424.20,594.38,88.47,100.46,154.46,694.88
2023-05-27 05:42,9530.53,9521.25,1744.86,601.29,88.21,100.57,0.00,15.53
2023-05-27 05:43,9530.53,9522.10,1758.59,600.59,88.01,100.49,0.00,29.27
2023-05-27 05:44,9530.53,9528.26,1788.65,602.25,87.87,99.95,0.00,53.86
2023-05-27 05:45,9533.26,9533.26,2350.58,599.87,87.73,99.40,280.83,614.69
2023-05-27 05:46,9537.87,9537.87,2430.60,598.46,87.66,98.93,267.99,694.71
2023-05-27 05:47,9541.60,9541.60,2477.68,599.30,87.59,98.65,233.06,741.79
2023-05-27 05:48,9545.25,9545.25,2440.23,599.30,87.56,98.49,223.07,704.35
2023-05-27 05:49,9548.89,9548.89,2444.11,599.16,87.52,98.49,226.20,708.23
2023-05-27 05:50,9552.24,9552.24,2437.71,599.02,87.52,98.42,209.41,701.83
2023-05-27 05:51,9555.82,9555.82,2472.26,599.16,87.52,98.21,225.15,736.38
2023-05-27 05:52,9559.36,9559.36,2429.40,599.58,87.52,98.07,228.78,693.51
2023-05-27 05:53,9563.10,9563.10,2447.69,598.74,87.52,98.11,232.57,711.81
2023-05-27 05:54,9566.65,9566.65,2463.36,599.29,87.52,97.97,212.88,727.48
2023-05-27 05:55,9570.31,9570.30,2438.43,598.60,87.52,97.75,233.27,702.54
2023-05-27 05:56,9574.00,9574.00,2442.01,599.44,87.52,97.74,231.40,706.12
2023-05-27 05:57,9577.59,9577.59,2437.05,598.74,87.46,97.67,217.86,701.16
2023-05-27 05:58,9580.88,9580.88,2407.97,598.88,87.45,97.62,202.43,672.09
2023-05-27 05:59,9583.55,9583.55,2347.85,598.61,87.39,97.45,157.07,611.97
2023-05-27 06:00,9583.73,9581.69,1987.15,596.54,87.42,97.28,0.33,251.26
2023-05-27 06:01,9583.73,9579.52,255.40,24.18,87.30,101.40,0.00,-1480.48
2023-05-27 06:02,9583.73,9579.52,228.87,163.47,86.38,103.69,0.00,-1507.01
2023-05-27 06:03,9583.73,9579.52,1588.63,611.38,87.12,101.27,0.00,-147.25
2023-05-27 06:04,9583.73,9579.52,1761.41,607.60,87.35,99.18,0.00,25.52
2023-05-27 06:05,9583.73,9579.52,1770.77,605.92,87.20,98.88,0.00,34.88
2023-05-27 06:06,9583.73,9579.52,1776.96,607.46,87.06,98.61,0.00,41.08
2023-05-27 06:07,9583.73,9579.52,1757.62,607.32,86.92,98.50,0.00,21.73
2023-05-27 06:08,9583.73,9579.52,1754.61,607.46,86.81,98.26,0.00,18.72
2023-05-27 06:09,9583.73,9579.84,1795.83,608.71,86.73,98.04,0.00,57.15
2023-05-27 06:10,9584.66,9584.16,1930.55,607.17,86.65,98.05,124.97,141.59
2023-05-27 06:11,9588.81,9588.81,2335.74,602.41,86.65,98.16,281.89,544.03
2023-05-27 06:12,9591.87,9591.87,2334.12,602.84,86.61,98.06,195.20,542.41
2023-05-27 06:13,9594.93,9594.93,2333.89,602.14,86.59,98.39,187.50,542.18
2023-05-27 06:14,9597.88,9597.88,2370.89,602.83,86.59,98.83,185.04,579.19
2023-05-27 06:15,9600.90,9600.90,2366.33,602.14,86.59,98.87,189.05,574.62
2023-05-27 06:16,9603.96,9603.96,2372.22,602.71,86.59,98.96,193.82,580.51
2023-05-27 06:17,9606.86,9606.86,2341.80,603.26,86.59,98.85,177.11,550.09
2023-05-27 06:18,9609.81,9609.81,2332.77,603.68,86.59,98.24,188.11,541.05
2023-05-27 06:19,9612.78,9612.78,2331.00,603.96,86.59,97.19,187.33,539.29
2023-05-27 06:20,9615.22,9615.22,2322.68,602.43,86.63,96.47,150.77,530.97
2023-05-27 06:21,9615.53,9615.38,2053.78,598.67,86.62,96.04,3.90,262.07
2023-05-27 06:22,9615.53,9612.56,969.99,261.70,86.63,96.23,0.00,-821.72
2023-05-27 06:23,9615.53,9612.78,0.00,0.00,85.56,98.14,0.00,-1791.71
2023-05-27 06:24,9615.53,9612.78,0.00,0.00,84.13,97.23,0.00,-1791.71
2023-05-27 06:25,9615.53,9612.78,0.00,0.00,84.01,95.55,0.00,-1791.71
2023-05-27 06:26,9615.53,9612.58,0.00,31.87,84.12,93.87,0.00,-1791.71
2023-05-27 06:27,9615.53,9611.55,692.55,392.41,85.04,92.24,0.00,-1099.16
2023-05-27 06:28,9615.53,9611.55,1693.68,610.22,86.25,90.96,0.00,-98.03
2023-05-27 06:29,9615.53,9611.55,1804.03,609.50,86.11,92.26,0.00,12.32
2023-05-27 06:30,9615.62,9613.88,1834.65,610.62,85.88,93.09,12.72,26.97
2023-05-27 06:31,9619.40,9619.39,2246.48,605.73,85.68,93.38,331.07,437.22
2023-05-27 06:32,9622.86,9622.86,2372.28,605.31,85.45,93.31,194.65,563.03
2023-05-27 06:33,9625.97,9625.97,2368.28,604.61,85.27,92.86,192.20,559.03
2023-05-27 06:34,9628.54,9628.54,2351.91,604.61,85.08,92.95,166.09,542.66
2023-05-27 06:35,9628.96,9619.66,1875.93,600.88,84.91,93.02,0.00,66.68
2023-05-27 06:36,9628.96,9617.43,1796.47,602.54,84.77,92.99,0.00,-12.78
2023-05-27 06:37,9628.96,9618.25,1781.91,602.54,84.71,92.66,0.00,-3.15
2023-05-27 06:38,9628.96,9621.35,1792.97,603.10,84.63,92.40,0.00,22.47
2023-05-27 06:39,9628.96,9624.59,1779.56,602.40,84.60,92.16,0.00,11.33
2023-05-27 06:40,9628.96,9625.98,2163.86,706.76,84.61,92.00,0.00,330.92
2023-05-27 06:41,9628.97,9627.75,2316.58,712.20,84.64,92.11,3.18,23.36
2023-05-27 06:42,9630.72,9630.72,2411.94,711.64,84.64,93.40,188.32,118.72
2023-05-27 06:43,9631.81,9631.81,2421.55,711.78,84.66,93.63,35.04,128.33
2023-05-27 06:44,9632.39,9632.39,2428.12,712.76,84.73,93.38,35.33,134.91
2023-05-27 06:45,9633.02,9633.02,2439.56,711.92,84.79,93.36,38.68,146.34
2023-05-27 06:46,9633.62,9633.62,2418.99,711.92,84.88,93.40,39.73,125.78
2023-05-27 06:47,9634.18,9634.18,2423.79,712.20,85.02,93.56,33.92,130.57
2023-05-27 06:48,9634.81,9634.81,2447.39,711.64,85.12,93.80,37.73,154.17
2023-05-27 06:49,9635.37,9635.37,2449.13,711.23,85.27,94.07,36.15,155.92
2023-05-27 06:50,9636.01,9636.01,2467.32,711.51,85.41,94.30,40.20,174.11
2023-05-27 06:51,9636.68,9636.68,2449.93,711.36,85.59,94.51,42.34,156.72
2023-05-27 06:52,9637.31,9637.31,2453.69,711.64,85.85,94.71,37.85,160.48
2023-05-27 06:53,9638.00,9638.00,2442.69,711.09,86.02,94.98,45.28,149.47
2023-05-27 06:54,9638.64,9638.64,2453.75,711.50,86.19,95.30,39.18,160.54
2023-05-27 06:55,9639.36,9639.36,2463.99,711.50,86.36,95.56,45.85,170.77
2023-05-27 06:56,9640.05,9640.05,2461.61,711.08,86.50,95.73,43.40,168.39
2023-05-27 06:57,9640.77,9640.77,2458.17,711.64,86.61,96.00,45.59,164.96
2023-05-27 06:58,9641.41,9641.41,2443.49,711.79,86.67,96.25,39.75,150.27
2023-05-27 06:59,9642.04,9642.04,2438.31,710.82,86.80,96.41,39.18,145.09
2023-05-27 07:00,9642.76,9642.76,2437.34,710.13,86.91,96.70,44.91,144.13
2023-05-27 07:01,9643.43,9643.43,2444.08,712.63,87.03,96.93,42.31,150.86
2023-05-27 07:02,9644.17,9644.17,2448.53,712.07,87.15,97.15,47.05,155.32
2023-05-27 07:03,9644.90,9644.90,2438.58,711.94,87.32,97.44,45.35,145.37
2023-05-27 07:04,9645.67,9645.67,2438.35,712.07,87.40,97.61,48.27,145.13
2023-05-27 07:05,9646.40,9646.40,2437.13,712.35,87.52,97.75,44.91,143.91
2023-05-27 07:06,9647.18,9647.18,2426.33,711.93,87.63,97.91,47.85,133.11
2023-05-27 07:07,9647.86,9647.86,2442.01,711.79,87.73,97.91,41.94,148.79
2023-05-27 07:08,9648.62,9648.62,2447.32,712.21,87.83,98.06,46.73,154.10
2023-05-27 07:09,9649.30,9649.30,2433.02,712.35,87.96,98.07,41.62,139.81
2023-05-27 07:10,9650.04,9650.04,2449.95,712.21,88.08,98.19,47.16,156.73
2023-05-27 07:11,9650.72,9650.72,2439.54,711.79,88.21,98.34,41.79,146.32
2023-05-27 07:12,9651.43,9651.43,2431.69,712.21,88.36,98.50,43.57,138.47
2023-05-27 07:13,9652.18,9652.18,2428.42,711.80,88.47,98.87,47.76,135.21
2023-05-27 07:14,9652.94,9652.94,2467.43,712.07,88.59,99.03,46.47,174.22
2023-05-27 07:15,9653.78,9653.78,2452.62,712.21,88.70,99.30,53.34,159.40
2023-05-27 07:16,9654.64,9654.64,2457.68,712.07,88.79,99.45,54.37,164.47
2023-05-27 07:17,9655.52,9655.52,2445.88,712.21,88.88,99.48,53.92,152.66
2023-05-27 07:18,9656.40,9656.40,2451.03,712.07,88.96,99.76,55.55,157.82
2023-05-27 07:19,9657.31,9657.31,2454.65,711.65,89.03,100.18,54.43,161.44
2023-05-27 07:20,9658.20,9658.20,2461.29,711.51,89.14,101.15,56.28,168.06
2023-05-27 07:21,9658.97,9658.97,2466.50,711.79,89.25,101.42,47.80,173.28
2023-05-27 07:22,9659.82,9659.82,2457.43,711.23,89.34,101.46,52.59,164.21
2023-05-27 07:23,9660.60,9660.60,2445.66,711.38,89.46,101.64,47.99,152.45
2023-05-27 07:24,9661.43,9661.43,2443.89,712.49,89.55,101.80,51.27,150.67
2023-05-27 07:25,9662.22,9662.22,2443.73,712.07,89.61,102.13,48.29,150.51
2023-05-27 07:26,9663.09,9663.09,2436.71,711.10,89.70,102.36,54.10,143.49
2023-05-27 07:27,9663.87,9663.87,2445.53,711.52,89.77,102.68,49.05,152.31
2023-05-27 07:28,9664.75,9664.75,2451.07,710.68,89.86,102.86,54.07,157.85
2023-05-27 07:29,9665.56,9665.56,2458.97,710.54,89.89,103.12,51.49,165.76
2023-05-27 07:30,9666.46,9666.46,2442.21,709.84,89.94,103.36,54.36,148.99
2023-05-27 07:31,9667.26,9667.26,2450.16,710.68,89.99,103.51,50.82,156.95
2023-05-27 07:32,9668.11,9668.11,2449.86,710.68,90.08,103.69,51.71,156.65
2023-05-27 07:33,9668.84,9668.84,2429.87,710.97,90.15,103.98,45.85,136.66
2023-05-27 07:34,9669.61,9669.61,2430.90,711.38,90.26,104.27,46.91,137.69
2023-05-27 07:35,9670.31,9670.31,2438.06,711.10,90.33,104.41,42.95,144.84
2023-05-27 07:36,9670.80,9670.80,2422.49,707.62,90.39,104.49,40.56,129.27
2023-05-27 07:37,9670.81,9669.14,2353.36,707.77,90.51,104.59,6.65,60.14
2023-05-27 07:38,9670.81,9662.76,2309.77,712.78,90.64,104.91,0.00,16.55
2023-05-27 07:39,9670.81,9663.26,2328.44,714.88,90.68,105.09,0.00,35.23
2023-05-27 07:40,9670.81,9666.32,2340.58,714.88,90.73,105.20,0.00,25.91
2023-05-27 07:41,9671.79,9671.39,2543.75,712.22,90.84,105.34,132.23,202.91
2023-05-27 07:42,9675.66,9675.66,2829.93,707.19,90.90,105.20,256.97,489.09
2023-05-27 07:43,9679.24,9679.24,2850.58,707.47,90.98,105.37,229.65,509.74
2023-05-27 07:44,9682.67,9682.67,2806.22,707.61,91.05,105.59,214.74,465.38
2023-05-27 07:45,9686.12,9686.12,2809.17,708.03,91.17,105.70,220.47,468.33
2023-05-27 07:46,9689.33,9689.33,2816.38,708.03,91.24,105.61,196.50,475.54
2023-05-27 07:47,9692.57,9692.57,2822.91,708.17,91.33,105.73,204.59,482.06
2023-05-27 07:48,9695.89,9695.89,2814.71,707.47,91.42,105.78,211.13,473.87
2023-05-27 07:49,9697.96,9696.32,2721.18,706.78,91.48,105.83,107.85,380.35
2023-05-27 07:50,9697.97,9691.71,1937.59,615.54,91.54,105.96,0.00,-403.24
2023-05-27 07:51,9697.97,9692.80,1808.49,613.00,91.57,105.71,0.00,-532.34
2023-05-27 07:52,9698.54,9697.79,1932.48,611.89,91.61,105.43,81.55,-53.08
2023-05-27 07:53,9702.67,9702.67,2353.84,611.47,91.63,105.36,302.20,545.91
2023-05-27 07:54,9705.85,9705.85,2337.36,610.34,91.63,105.27,199.58,529.43
2023-05-27 07:55,9709.00,9709.00,2355.63,611.05,91.63,105.24,195.17,547.71
2023-05-27 07:56,9712.05,9712.04,2337.64,610.76,91.62,105.32,187.76,529.71
2023-05-27 07:57,9714.93,9714.93,2322.91,610.35,91.57,105.16,181.28,514.99
2023-05-27 07:58,9717.38,9717.38,2302.29,610.35,91.57,104.90,149.63,494.37
2023-05-27 07:59,9709.40,9708.24,2033.55,608.03,91.54,104.71,4.31,225.63
2023-05-27 08:00,9709.40,9706.47,516.85,127.10,91.41,106.37,0.00,-1291.08
2023-05-27 08:01,9709.40,9706.47,0.00,0.00,90.51,107.45,0.00,-1807.92
2023-05-27 08:02,9709.40,9706.47,0.00,0.00,90.20,105.93,0.00,-1807.92
2023-05-27 08:03,9709.40,9706.47,0.00,0.00,90.01,104.63,0.00,-1807.92
2023-05-27 08:04,9709.40,9705.73,17.24,73.46,89.92,103.55,0.00,-1790.68
2023-05-27 08:05,9709.40,9705.36,1135.16,520.89,90.79,102.38,0.00,-672.77
2023-05-27 08:06,9709.40,9705.36,1689.82,605.25,90.86,101.34,0.00,-118.11
2023-05-27 08:07,9709.40,9705.16,1745.15,602.88,90.65,102.29,0.00,-42.35
2023-05-27 08:08,9709.40,9706.87,1765.44,603.84,90.36,103.08,0.00,18.82
2023-05-27 08:09,9712.03,9712.03,2043.98,600.62,90.08,103.55,271.47,297.35
2023-05-27 08:10,9714.73,9714.73,2177.66,599.22,89.83,103.81,139.91,431.04
2023-05-27 08:11,9717.00,9717.00,2162.03,598.66,89.58,103.77,139.25,415.40
2023-05-27 08:12,9719.32,9719.32,2177.25,598.81,89.38,103.61,151.74,430.62
2023-05-27 08:13,9721.68,9721.68,2165.87,599.23,89.20,103.23,146.21,419.24
2023-05-27 08:14,9723.95,9723.95,2157.41,598.67,89.06,103.04,145.37,410.79
2023-05-27 08:15,9726.10,9726.10,2167.45,599.08,88.97,102.69,134.37,420.83
2023-05-27 08:16,9728.53,9728.53,2185.32,598.94,88.86,102.48,151.99,438.69
2023-05-27 08:17,9730.95,9730.95,2190.10,598.38,88.78,102.41,151.90,443.47
2023-05-27 08:18,9733.26,9733.26,2180.92,598.66,88.75,102.40,149.85,434.29
2023-05-27 08:19,9735.62,9735.62,2184.25,598.52,88.71,102.39,147.28,437.62
2023-05-27 08:20,9737.77,9737.77,2164.23,598.66,88.71,102.27,133.93,417.60
2023-05-27 08:21,9739.93,9739.93,2168.88,598.80,88.71,102.18,135.07,422.25
2023-05-27 08:22,9742.03,9742.03,2149.35,598.80,88.71,102.01,132.21,402.73
2023-05-27 08:23,9744.19,9744.19,2172.28,598.24,88.78,102.01,133.14,425.65
2023-05-27 08:24,9746.50,9746.50,2197.58,598.52,88.78,102.03,148.80,450.95
2023-05-27 08:25,9748.76,9748.76,2172.14,598.10,88.80,101.89,137.48,425.52
2023-05-27 08:26,9750.81,9750.81,2164.64,598.38,88.84,101.75,129.86,418.02
2023-05-27 08:27,9753.01,9753.01,2165.69,598.94,88.85,101.71,141.39,419.06
2023-05-27 08:28,9755.10,9755.10,2184.78,598.52,88.90,101.72,138.07,438.16
2023-05-27 08:29,9757.35,9757.35,2204.02,598.52,88.91,101.59,138.77,457.39
2023-05-27 08:30,9759.54,9759.54,2188.62,598.94,88.96,101.49,137.01,441.99
2023-05-27 08:31,9761.81,9761.81,2190.95,598.24,88.96,101.52,144.68,444.32
2023-05-27 08:32,9764.16,9764.16,2206.30,598.94,88.98,101.56,147.49,459.67
2023-05-27 08:33,9766.36,9766.36,2205.67,598.66,89.01,101.32,141.08,459.04
2023-05-27 08:34,9768.56,9768.56,2206.37,598.52,89.04,101.04,133.08,459.74
2023-05-27 08:35,9771.20,9771.20,2293.86,597.54,89.04,101.02,177.53,547.24
2023-05-27 08:36,9774.20,9774.20,2268.16,597.26,89.04,101.21,191.44,521.53
2023-05-27 08:37,9776.80,9776.80,2256.38,596.84,89.08,101.13,175.28,509.75
2023-05-27 08:38,9774.46,9774.46,2162.37,596.28,89.11,101.08,110.54,415.74
2023-05-27 08:39,9775.67,9775.67,2175.48,597.27,89.11,101.09,127.48,428.85
2023-05-27 08:40,9777.87,9777.87,2180.00,597.41,89.11,101.00,141.62,433.37
2023-05-27 08:41,9780.05,9780.05,2148.22,596.70,89.13,100.88,139.10,401.59
2023-05-27 08:42,9782.00,9782.00,2172.80,596.98,89.13,100.64,127.74,426.17
2023-05-27 08:43,9783.91,9783.91,2173.02,597.55,89.17,100.58,116.08,426.39
2023-05-27 08:44,9785.61,9785.61,2141.00,597.96,89.18,100.59,103.02,394.38
2023-05-27 08:45,9787.16,9787.16,2153.21,596.99,89.20,100.83,97.50,406.58
2023-05-27 08:46,9788.79,9788.79,2161.90,596.42,89.23,100.81,108.16,415.28
2023-05-27 08:47,9790.49,9790.49,2146.36,596.98,89.24,100.81,107.85,399.73
2023-05-27 08:48,9792.28,9792.28,2170.07,596.43,89.24,100.68,117.14,423.44
2023-05-27 08:49,9794.16,9794.16,2229.20,596.57,89.24,100.64,132.58,482.57
2023-05-27 08:50,9797.94,9797.94,2388.80,595.58,89.24,100.55,270.44,642.17
2023-05-27 08:51,9799.84,9799.84,2209.59,596.14,89.24,100.42,105.02,462.96
2023-05-27 08:52,9800.04,9800.04,1986.68,594.21,89.24,100.62,2.82,240.05
2023-05-27 08:53,9800.04,9794.43,1802.75,593.79,89.25,100.69,0.30,56.12
2023-05-27 08:54,9800.04,9790.19,397.82,31.41,89.06,103.48,0.00,-1348.81
2023-05-27 08:55,9800.04,9790.19,23.19,0.00,88.37,106.16,0.00,-1723.44
2023-05-27 08:56,9800.04,9790.19,909.99,426.84,88.59,105.17,0.00,-836.64
2023-05-27 08:57,9800.04,9790.19,1602.43,585.20,89.23,103.34,0.00,-144.20
2023-05-27 08:58,9800.04,9790.19,1678.13,583.24,89.24,102.78,0.00,-68.50
2023-05-27 08:59,9800.04,9790.19,1675.21,583.52,89.14,102.87,0.00,-71.41
2023-05-27 09:00,9800.04,9790.19,1676.64,584.08,89.03,103.02,0.00,-69.98
2023-05-27 09:01,9800.04,9783.63,1660.19,581.43,88.86,103.07,0.00,-86.44
2023-05-27 09:02,9800.04,9761.29,1334.42,406.88,88.72,103.29,0.00,-412.21
2023-05-27 09:03,9800.04,9759.98,31.38,0.00,88.25,107.61,0.00,-1715.25
2023-05-27 09:04,9800.04,9759.98,67.42,57.49,88.03,107.35,0.00,-1679.21
2023-05-27 09:05,9800.04,9759.98,1474.10,603.54,88.26,105.23,0.00,-272.53
2023-05-27 09:06,9800.04,9759.98,1755.34,605.08,88.38,103.16,0.00,8.71
2023-05-27 09:07,9800.04,9759.98,1778.71,604.79,88.25,103.12,0.00,32.09
2023-05-27 09:08,9800.04,9759.98,1786.66,604.94,88.11,103.17,0.00,40.04
2023-05-27 09:09,9800.04,9759.98,1773.83,604.65,87.94,103.32,0.00,27.21
2023-05-27 09:10,9800.04,9759.98,1779.57,604.93,87.81,103.50,0.00,32.94
2023-05-27 09:11,9800.04,9759.98,1773.09,604.93,87.72,103.57,0.00,26.46
2023-05-27 09:12,9800.04,9759.98,1768.40,604.93,87.64,103.07,0.00,21.77
2023-05-27 09:13,9800.04,9760.82,1774.40,604.65,87.58,103.25,0.00,27.77
2023-05-27 09:14,9800.04,9770.12,1771.99,604.07,87.55,103.51,0.00,25.36
2023-05-27 09:15,9800.04,9770.73,1761.94,604.08,87.27,103.59,0.00,15.31
2023-05-27 09:16,9800.04,9770.73,1737.98,604.22,86.23,103.55,0.00,-8.64
2023-05-27 09:17,9800.04,9770.73,1755.28,604.36,85.46,103.43,0.00,8.66
2023-05-27 09:18,9800.04,9770.73,1755.24,604.22,84.91,103.25,0.00,8.62
2023-05-27 09:19,9800.04,9770.73,1745.38,603.94,84.51,103.39,0.00,-1.25
2023-05-27 09:20,9800.04,9770.73,1748.23,604.36,84.27,103.39,0.00,1.60
2023-05-27 09:21,9800.04,9770.73,1752.48,604.08,84.45,103.29,0.00,5.86
2023-05-27 09:22,9800.04,9770.73,1748.83,604.36,85.02,103.16,0.00,2.20
2023-05-27 09:23,9800.04,9770.73,1739.52,604.50,85.55,103.24,0.00,-7.11
2023-05-27 09:24,9800.04,9770.73,1748.98,604.22,85.96,103.24,0.00,2.35
2023-05-27 09:25,9800.04,9771.73,1755.44,604.36,86.31,103.33,0.00,8.81
2023-05-27 09:26,9800.04,9791.65,1420.35,435.67,86.61,103.68,0.00,-326.27
2023-05-27 09:27,9800.04,9794.26,0.00,0.00,86.29,106.15,0.00,-1746.63
2023-05-27 09:28,9800.04,9785.64,0.00,0.00,85.80,105.47,0.00,-1746.63
2023-05-27 09:29,9800.04,9769.08,0.00,0.00,85.78,104.19,0.00,-1746.63
2023-05-27 09:30,9800.04,9786.27,0.00,0.00,85.53,103.23,0.00,-1746.63
2023-05-27 09:31,9800.04,9795.16,0.00,0.00,85.80,102.34,0.00,-1746.63
2023-05-27 09:32,9800.04,9794.01,0.00,0.00,85.98,101.89,0.00,-1746.63
2023-05-27 09:33,9800.04,9793.30,0.00,0.00,86.18,101.49,0.00,-1746.63
2023-05-27 09:34,9800.04,9792.20,0.00,0.00,86.23,101.04,0.00,-1746.63
2023-05-27 09:35,9800.04,9790.59,0.00,0.00,86.19,100.53,0.00,-1746.63
2023-05-27 09:36,9800.04,9788.25,0.00,0.00,86.29,99.88,0.00,-1746.63
2023-05-27 09:37,9800.63,9793.35,0.00,0.00,86.32,99.19,57.53,-1746.63
2023-05-27 09:38,9801.80,9787.97,0.00,0.00,86.40,98.39,0.00,-1746.63
2023-05-27 09:39,9801.80,9764.80,0.00,0.00,86.31,97.64,0.00,-1746.63
2023-05-27 09:40,9801.80,9737.23,0.00,0.00,86.28,96.94,0.00,-1746.63
2023-05-27 09:41,9801.80,9710.86,0.00,0.00,86.36,96.36,0.00,-1746.63
2023-05-27 09:42,9801.80,9703.95,0.00,0.00,86.31,95.76,0.00,-1746.63
2023-05-27 09:43,9801.80,9703.95,0.00,0.00,86.27,95.26,0.00,-1746.63
2023-05-27 09:44,9801.80,9703.95,0.00,0.00,86.26,94.79,0.00,-1746.63
2023-05-27 09:45,9801.80,9703.95,0.00,0.00,86.26,94.39,0.00,-1746.63
2023-05-27 09:46,9801.80,9703.95,0.00,0.00,86.16,93.99,0.00,-1746.63
2023-05-27 09:47,9801.80,9702.03,0.00,0.00,86.12,93.60,0.00,-1746.63
2023-05-27 09:48,9801.80,9678.98,0.00,0.00,86.11,93.12,0.00,-1746.63
2023-05-27 09:49,9801.80,9640.76,0.00,0.00,86.06,92.62,0.00,-1746.63
2023-05-27 09:50,9801.80,9608.43,0.00,0.00,85.92,92.23,0.00,-1746.63
2023-05-27 09:51,9801.80,9603.55,0.00,0.00,85.74,91.91,0.00,-1746.63
2023-05-27 09:52,9801.80,9600.73,0.00,0.00,85.71,91.58,0.00,-1746.63
2023-05-27 09:53,9801.80,9555.84,0.00,0.00,85.66,91.27,0.00,-1746.63
2023-05-27 09:54,9801.80,9507.26,0.00,0.00,85.56,90.95,0.00,-1746.63
2023-05-27 09:55,9801.80,9502.19,0.00,0.00,85.38,90.74,0.00,-1746.63
2023-05-27 09:56,9801.80,9502.19,0.00,0.00,85.21,90.45,0.00,-1746.63
2023-05-27 09:57,9801.80,9498.12,0.00,0.00,84.97,90.07,0.00,-1746.63
2023-05-27 09:58,9801.80,9438.86,0.00,0.00,84.86,89.58,0.00,-1746.63
2023-05-27 09:59,9801.80,9397.22,0.00,0.00,84.68,89.21,0.00,-1746.63
2023-05-27 10:00,9801.80,9397.22,0.00,0.00,84.58,88.96,0.00,-1746.63
2023-05-27 10:01,9801.80,9368.27,0.00,0.00,84.30,88.57,0.00,-1746.63
2023-05-27 10:02,9801.80,9299.56,0.00,0.00,84.17,88.15,0.00,-1746.63
2023-05-27 10:03,9801.80,9292.25,0.00,0.83,83.96,87.80,0.00,-1746.63
2023-05-27 10:04,9801.80,9282.87,7.53,5.26,83.68,87.16,0.00,-1739.10
2023-05-27 10:05,9801.80,9212.90,0.00,2.49,83.23,86.41,0.00,-1746.63
2023-05-27 10:06,9801.80,9191.34,0.00,0.00,83.08,85.95,0.00,-1746.63
2023-05-27 10:07,9801.80,9182.14,0.00,0.00,83.09,86.08,0.00,-1746.63
2023-05-27 10:08,9801.80,9112.31,0.00,0.00,82.92,85.78,0.00,-1746.63
2023-05-27 10:09,9801.80,9089.67,0.00,0.00,82.66,85.52,0.00,-1746.63
2023-05-27 10:10,9801.80,9087.74,0.00,0.00,82.57,85.44,0.00,-1746.63
2023-05-27 10:11,9801.80,9028.46,0.00,0.00,82.37,85.11,0.00,-1746.63
2023-05-27 10:12,9801.80,8988.99,0.00,0.00,82.15,84.70,0.00,-1746.63
2023-05-27 10:13,9801.80,8988.99,0.00,0.00,81.95,84.63,0.00,-1746.63
2023-05-27 10:14,9801.80,8958.52,0.00,0.00,81.72,84.42,0.00,-1746.63
2023-05-27 10:15,9801.80,8893.47,0.00,0.00,81.53,84.00,0.00,-1746.63
2023-05-27 10:16,9801.80,8889.12,0.00,0.00,81.23,83.85,0.00,-1746.63
2023-05-27 10:17,9801.80,8843.82,0.00,0.00,80.95,83.63,0.00,-1746.63
2023-05-27 10:18,9801.80,8789.48,0.77,1.38,80.68,83.24,0.00,-1745.86
2023-05-27 10:19,9801.80,8788.37,0.00,0.69,80.41,82.86,0.00,-1746.63
2023-05-27 10:20,9801.80,8738.16,0.00,0.00,80.25,82.68,0.00,-1746.63
2023-05-27 10:21,9801.80,8689.98,0.00,0.00,80.39,82.50,0.00,-1746.63
2023-05-27 10:22,9801.80,8689.98,0.00,0.00,80.10,82.48,0.00,-1746.63
2023-05-27 10:23,9801.80,8666.97,0.00,0.00,79.95,82.31,0.00,-1746.63
2023-05-27 10:24,9801.80,8656.37,0.00,0.00,79.72,82.12,0.00,-1746.63
2023-05-27 10:25,9801.80,8654.50,0.00,0.00,79.63,81.93,0.00,-1746.63
2023-05-27 10:26,9801.80,8595.23,0.00,0.00,79.40,81.65,0.00,-1746.63
2023-05-27 10:27,9801.80,8556.44,0.00,0.00,78.98,81.46,0.00,-1746.63
2023-05-27 10:28,9801.80,8545.53,0.00,0.00,78.74,81.35,0.00,-1746.63
2023-05-27 10:29,9801.80,8474.64,0.00,0.00,78.73,81.08,0.00,-1746.63
2023-05-27 10:30,9801.80,8456.01,0.00,0.00,78.52,81.03,0.00,-1746.63
2023-05-27 10:31,9801.80,8442.66,0.00,0.00,78.32,80.83,0.00,-1746.63
2023-05-27 10:32,9801.80,8370.88,0.00,0.00,78.19,80.47,0.00,-1746.63
2023-05-27 10:33,9801.80,8355.84,0.00,0.00,78.07,80.35,0.00,-1746.63
2023-05-27 10:34,9801.80,8318.49,11.30,0.00,77.88,80.20,0.00,-1735.33
2023-05-27 10:35,9801.80,8258.18,40.49,0.00,77.84,79.96,0.00,-1706.13
2023-05-27 10:36,9801.80,8256.22,0.00,0.00,77.54,79.76,0.00,-1746.63
2023-05-27 10:37,9801.80,8217.34,0.00,0.00,76.96,79.41,0.00,-1746.63
2023-05-27 10:38,9801.80,8158.12,0.00,0.00,77.06,79.06,0.00,-1746.63
2023-05-27 10:39,9801.80,8153.00,0.00,0.00,76.96,79.08,0.00,-1746.63
2023-05-27 10:40,9801.80,8089.41,0.00,0.00,76.82,78.98,0.00,-1746.63
2023-05-27 10:41,9801.80,8057.01,0.00,0.00,76.72,78.89,0.00,-1746.63
2023-05-27 10:42,9801.80,8055.06,0.00,0.00,76.33,78.94,0.00,-1746.63
2023-05-27 10:43,9801.80,7994.54,0.00,0.00,76.37,78.78,0.00,-1746.63
2023-05-27 10:44,9801.80,7957.36,0.00,0.00,76.03,78.61,0.00,-1746.63
2023-05-27 10:45,9801.80,7951.79,0.00,0.00,75.86,78.63,0.00,-1746.63
2023-05-27 10:46,9801.80,7884.01,0.00,0.00,75.77,78.49,0.00,-1746.63
2023-05-27 10:47,9801.80,7856.91,0.00,0.00,75.46,78.49,0.00,-1746.63
2023-05-27 10:48,9801.80,7851.89,8.56,28.93,75.35,78.55,0.00,-1738.07
2023-05-27 10:49,9801.80,7785.42,40.81,49.14,75.25,78.37,0.00,-1705.81
2023-05-27 10:50,9801.80,7757.92,35.54,51.35,75.37,78.19,0.00,-1711.09
2023-05-27 10:51,9801.80,7756.56,15.38,31.14,74.56,78.12,0.00,-1731.25
2023-05-27 10:52,9801.80,7698.81,0.00,0.00,75.02,77.86,0.00,-1746.63
2023-05-27 10:53,9801.80,7659.21,0.00,0.00,74.87,77.68,0.00,-1746.63
2023-05-27 10:54,9801.80,7659.21,0.00,0.00,74.59,77.82,0.00,-1746.63
2023-05-27 10:55,9801.80,7614.03,0.00,0.00,74.52,77.72,0.00,-1746.63
2023-05-27 10:56,9801.80,7560.19,0.00,0.00,74.26,77.33,0.00,-1746.63
2023-05-27 10:57,9801.80,7559.94,0.00,0.00,74.63,77.50,0.00,-1746.63
2023-05-27 10:58,9801.80,7509.28,0.00,0.00,74.54,77.42,0.00,-1746.63
2023-05-27 10:59,9801.80,7460.63,0.00,0.00,74.55,77.29,0.00,-1746.63
2023-05-27 11:00,9801.80,7460.49,0.00,0.00,73.77,77.46,0.00,-1746.63
2023-05-27 11:01,9801.80,7408.16,0.00,0.00,73.49,77.49,0.00,-1746.63
2023-05-27 11:02,9801.80,7360.80,0.00,0.00,73.53,77.56,0.00,-1746.63
2023-05-27 11:03,9801.80,7358.77,0.00,2.91,73.51,77.69,0.00,-1746.63
2023-05-27 11:04,9801.80,7296.99,39.06,20.07,73.49,77.75,0.00,-1707.57
2023-05-27 11:05,9801.80,7261.44,40.14,20.76,73.28,77.76,0.00,-1706.49
2023-05-27 11:06,9801.80,7257.99,38.38,20.76,73.85,77.86,0.00,-1708.24
2023-05-27 11:07,9801.80,7192.44,6.44,5.67,74.61,77.79,0.00,-1740.19
2023-05-27 11:08,9801.80,7161.14,0.00,0.00,74.17,77.81,0.00,-1746.63
2023-05-27 11:09,9801.80,7161.14,0.00,0.00,73.55,77.97,0.00,-1746.63
2023-05-27 11:10,9801.80,7098.02,0.00,0.00,73.61,77.97,0.00,-1746.63
2023-05-27 11:11,9801.80,7061.04,0.00,0.00,74.17,77.89,0.00,-1746.63
2023-05-27 11:12,9801.80,7051.38,0.00,0.00,74.28,77.96,0.00,-1746.63
2023-05-27 11:13,9801.80,6970.88,0.00,0.00,74.06,77.89,0.00,-1746.63
2023-05-27 11:14,9801.80,6963.16,0.00,0.00,74.01,77.97,0.00,-1746.63
2023-05-27 11:15,9801.80,6963.16,0.00,0.00,74.05,78.05,0.00,-1746.63
2023-05-27 11:16,9801.80,6963.16,0.00,0.00,73.92,78.12,0.00,-1746.63
2023-05-27 11:17,9801.80,6963.16,0.00,0.00,73.49,78.20,0.00,-1746.63
2023-05-27 11:18,9801.80,6963.16,0.00,0.00,73.07,78.22,0.00,-1746.63
2023-05-27 11:19,9801.80,6963.16,0.00,0.00,72.67,78.29,0.00,-1746.63
2023-05-27 11:20,9801.80,6963.16,0.00,0.00,72.27,78.36,0.00,-1746.63
2023-05-27 11:21,9801.80,6963.16,0.00,0.00,72.11,78.44,0.00,-1746.63
2023-05-27 11:22,9801.80,6960.50,0.00,0.00,72.06,78.54,0.00,-1746.63
2023-05-27 11:23,9801.80,6882.49,0.00,0.00,72.22,78.46,0.00,-1746.63
2023-05-27 11:24,9801.80,6863.24,0.00,0.00,72.07,78.45,0.00,-1746.63
2023-05-27 11:25,9801.80,6863.25,0.00,0.00,71.89,78.55,0.00,-1746.63
2023-05-27 11:26,9801.80,6864.12,0.00,0.00,71.79,78.70,0.00,-1746.63
2023-05-27 11:27,9801.80,6864.12,0.00,0.00,71.86,78.89,0.00,-1746.63
2023-05-27 11:28,9801.80,6864.04,0.00,0.00,71.83,79.09,0.00,-1746.63
2023-05-27 11:29,9801.80,6863.72,0.00,0.00,71.69,79.26,0.00,-1746.63
2023-05-27 11:30,9801.80,6863.14,0.00,0.00,71.65,79.40,0.00,-1746.63
2023-05-27 11:31,9801.80,6790.77,0.00,0.00,71.56,79.39,0.00,-1746.63
2023-05-27 11:32,9801.80,6764.30,0.00,0.00,71.54,79.37,0.00,-1746.63
2023-05-27 11:33,9801.80,6764.03,0.00,0.00,71.45,79.48,0.00,-1746.63
2023-05-27 11:34,9801.80,6693.99,0.00,0.00,71.25,79.55,0.00,-1746.63
2023-05-27 11:35,9801.80,6666.72,0.00,0.00,71.27,79.64,0.00,-1746.63
2023-05-27 11:36,9801.80,6660.58,4.38,31.14,71.06,79.83,0.00,-1742.26
2023-05-27 11:37,9801.80,6580.39,46.42,55.23,71.04,79.95,0.00,-1700.21
2023-05-27 11:38,9801.80,6568.74,40.38,55.65,70.96,80.04,0.00,-1706.25
2023-05-27 11:39,9801.80,6527.06,34.57,55.65,70.98,80.16,0.00,-1712.06
2023-05-27 11:40,9801.80,6470.49,30.02,55.65,71.43,80.02,0.00,-1716.61
2023-05-27 11:41,9801.80,6466.36,0.00,11.77,72.25,79.77,0.00,-1746.63
2023-05-27 11:42,9801.80,6385.75,0.00,0.00,72.61,79.67,0.00,-1746.63
2023-05-27 11:43,9801.80,6371.32,0.00,0.00,72.81,79.66,0.00,-1746.63
2023-05-27 11:44,9801.80,6340.98,0.00,0.00,72.67,79.81,0.00,-1746.63
2023-05-27 11:45,9801.80,6271.40,0.00,44.57,72.45,79.76,0.00,-1746.63
2023-05-27 11:46,9801.80,6271.40,36.01,84.86,71.97,79.75,0.00,-1710.62
2023-05-27 11:47,9801.80,6221.30,1.16,22.98,71.54,79.56,0.00,-1745.47
2023-05-27 11:48,9801.80,6172.31,0.00,0.00,71.51,79.40,0.00,-1746.63
2023-05-27 11:49,9801.80,6172.31,0.00,0.00,71.09,79.53,0.00,-1746.63
2023-05-27 11:50,9801.80,6148.79,0.00,0.00,70.88,79.66,0.00,-1746.63
2023-05-27 11:51,9801.80,6072.99,0.00,0.00,70.75,79.63,0.00,-1746.63
2023-05-27 11:52,9801.80,6070.23,0.00,0.00,70.44,79.67,0.00,-1746.63
2023-05-27 11:53,9801.80,5992.97,0.00,0.00,70.46,79.67,0.00,-1746.63
2023-05-27 11:54,9801.80,5971.78,0.00,0.00,70.33,79.55,0.00,-1746.63
2023-05-27 11:55,9801.80,5911.81,0.00,0.00,70.10,79.55,0.00,-1746.63
2023-05-27 11:56,9801.80,5873.93,0.00,0.00,69.89,79.42,0.00,-1746.63
2023-05-27 11:57,9801.80,5861.47,0.00,21.32,69.87,79.46,0.00,-1746.63
2023-05-27 11:58,9801.80,5780.43,31.61,63.95,69.68,79.43,0.00,-1715.02
2023-05-27 11:59,9801.80,5775.40,16.32,64.09,69.27,79.43,0.00,-1730.31
2023-05-27 12:00,9801.80,5709.91,2.39,64.09,69.42,79.41,0.00,-1744.24
2023-05-27 12:01,9801.80,5675.80,0.00,34.74,69.05,79.18,0.00,-1746.63
2023-05-27 12:02,9801.80,5675.80,0.00,0.00,69.28,79.22,0.00,-1746.63
2023-05-27 12:03,9801.80,5611.09,0.00,0.00,69.44,79.39,0.00,-1746.63
2023-05-27 12:04,9801.80,5578.02,0.00,0.00,69.46,79.44,0.00,-1746.63
2023-05-27 12:05,9801.80,5573.44,0.00,0.00,69.43,79.67,0.00,-1746.63
2023-05-27 12:06,9801.80,5492.60,0.00,0.00,69.46,79.75,0.00,-1746.63
2023-05-27 12:07,9801.80,5479.69,0.00,0.00,69.44,79.82,0.00,-1746.63
2023-05-27 12:08,9801.80,5479.69,0.00,0.00,69.22,80.03,0.00,-1746.63
2023-05-27 12:09,9801.80,5437.00,0.00,0.00,69.33,80.18,0.00,-1746.63
2023-05-27 12:10,9801.80,5381.43,0.00,0.00,69.31,80.17,0.00,-1746.63
2023-05-27 12:11,9801.80,5381.43,0.00,10.80,69.36,80.37,0.00,-1746.63
2023-05-27 12:12,9801.80,5330.22,8.11,65.06,69.15,80.52,0.00,-1738.52
2023-05-27 12:13,9801.80,5281.31,2.50,65.61,68.89,80.46,0.00,-1744.13
2023-05-27 12:14,9801.80,5281.20,0.19,66.44,68.51,80.37,0.00,-1746.44
2023-05-27 12:15,9801.80,5252.57,0.00,66.16,68.29,79.97,0.00,-1746.63
2023-05-27 12:16,9801.80,5183.48,0.00,66.30,68.44,79.59,0.00,-1746.63
2023-05-27 12:17,9801.80,5183.48,0.00,37.37,68.48,79.06,0.00,-1746.63
2023-05-27 12:18,9801.80,5116.45,0.00,0.00,68.37,78.97,0.00,-1746.63
2023-05-27 12:19,9801.80,5085.98,0.00,0.00,68.62,79.21,0.00,-1746.63
2023-05-27 12:20,9801.80,5086.94,0.00,0.00,68.74,79.58,0.00,-1746.63
2023-05-27 12:21,9801.80,5087.14,0.00,0.00,68.82,79.91,0.00,-1746.63
2023-05-27 12:22,9801.80,5087.14,0.00,0.00,68.81,80.25,0.00,-1746.63
2023-05-27 12:23,9801.80,5086.49,0.00,0.00,68.72,80.56,0.00,-1746.63
2023-05-27 12:24,9801.80,5086.34,0.00,0.00,68.60,80.84,0.00,-1746.63
2023-05-27 12:25,9801.80,5086.34,0.00,0.00,68.33,81.05,0.00,-1746.63
2023-05-27 12:26,9801.80,5024.66,0.00,0.00,68.36,81.20,0.00,-1746.63
2023-05-27 12:27,9801.80,4986.80,0.00,0.00,68.51,81.17,0.00,-1746.63
2023-05-27 12:28,9801.80,4987.68,0.00,0.00,68.38,81.28,0.00,-1746.63
2023-05-27 12:29,9801.80,4987.68,0.00,0.00,68.27,81.45,0.00,-1746.63
2023-05-27 12:30,9801.80,4986.44,0.00,0.00,68.34,81.63,0.00,-1746.63
2023-05-27 12:31,9801.80,4986.44,0.00,0.00,68.31,81.85,0.00,-1746.63
2023-05-27 12:32,9801.80,4969.88,0.00,0.00,68.11,82.03,0.00,-1746.63
2023-05-27 12:33,9801.80,4889.76,0.00,0.00,68.05,82.12,0.00,-1746.63
2023-05-27 12:34,9801.80,4886.92,0.00,0.00,68.05,82.22,0.00,-1746.63
2023-05-27 12:35,9801.80,4875.08,0.00,0.00,67.83,82.42,0.00,-1746.63
2023-05-27 12:36,9801.80,4791.64,0.00,0.00,68.00,82.46,0.00,-1746.63
2023-05-27 12:37,9801.80,4787.19,0.00,0.00,67.83,82.54,0.00,-1746.63
2023-05-27 12:38,9801.80,4788.18,0.00,0.00,67.90,82.61,0.00,-1746.63
2023-05-27 12:39,9801.80,4787.41,0.00,0.00,67.59,82.77,0.00,-1746.63
2023-05-27 12:40,9801.80,4787.02,16.75,151.58,67.51,82.92,0.00,-1729.88
2023-05-27 12:41,9801.80,4787.02,42.59,210.41,67.64,82.83,0.00,-1704.04
2023-05-27 12:42,9801.80,4721.89,21.59,210.68,67.37,82.74,0.00,-1725.03
2023-05-27 12:43,9801.80,4685.28,0.38,156.56,67.24,82.32,0.00,-1746.25
2023-05-27 12:44,9801.80,4685.28,0.00,8.03,67.23,81.87,0.00,-1746.63
2023-05-27 12:45,9801.80,4648.01,0.00,0.00,67.09,81.88,0.00,-1746.63
2023-05-27 12:46,9801.80,4587.18,0.00,0.00,67.35,81.83,0.00,-1746.63
2023-05-27 12:47,9801.80,4587.18,0.00,0.00,67.43,81.91,0.00,-1746.63
2023-05-27 12:48,9801.80,4542.18,0.00,0.00,67.33,81.99,0.00,-1746.63
2023-05-27 12:49,9801.80,4488.27,0.00,0.00,67.19,81.94,0.00,-1746.63
2023-05-27 12:50,9801.80,4488.27,0.00,0.00,67.25,82.04,0.00,-1746.63
2023-05-27 12:51,9801.80,4421.61,0.00,0.00,67.28,82.06,0.00,-1746.63
2023-05-27 12:52,9801.80,4389.58,0.00,0.00,67.20,81.98,0.00,-1746.63
2023-05-27 12:53,9801.80,4380.32,47.25,231.30,67.17,82.06,0.00,-1699.38
2023-05-27 12:54,9801.80,4298.21,15.06,206.95,67.35,81.93,0.00,-1731.57
2023-05-27 12:55,9801.80,4291.40,0.00,206.12,66.74,81.48,0.00,-1746.63
2023-05-27 12:56,9801.80,4242.80,0.00,131.23,66.62,80.78,0.00,-1746.63
2023-05-27 12:57,9801.80,4191.85,0.00,2.35,66.56,80.59,0.00,-1746.63
2023-05-27 12:58,9801.80,4191.85,0.00,0.00,66.84,80.79,0.00,-1746.63
2023-05-27 12:59,9801.80,4121.57,0.00,0.00,66.91,80.91,0.00,-1746.63
2023-05-27 13:00,9801.80,4092.97,0.00,0.00,66.72,80.96,0.00,-1746.63
2023-05-27 13:01,9801.80,4092.97,0.00,0.00,66.67,81.10,0.00,-1746.63
2023-05-27 13:02,9801.80,4025.25,0.00,0.00,66.87,81.21,0.00,-1746.63
2023-05-27 13:03,9801.80,3995.09,0.00,0.00,66.91,81.15,0.00,-1746.63
2023-05-27 13:04,9801.80,3995.09,0.00,0.00,66.88,81.21,0.00,-1746.63
2023-05-27 13:05,9801.80,3932.68,0.00,0.00,66.83,81.16,0.00,-1746.63
2023-05-27 13:06,9801.80,3894.66,0.00,0.00,66.75,81.03,0.00,-1746.63
2023-05-27 13:07,9801.80,3894.66,0.00,0.00,66.80,81.01,0.00,-1746.63
2023-05-27 13:08,9801.80,3822.97,0.00,0.00,66.87,80.94,0.00,-1746.63
2023-05-27 13:09,9801.80,3797.72,21.28,190.61,66.56,80.75,0.00,-1725.35
2023-05-27 13:10,9801.80,3797.72,30.81,214.42,66.46,80.64,0.00,-1715.82
2023-05-27 13:11,9801.80,3716.40,3.09,214.00,66.26,80.38,0.00,-1743.54
2023-05-27 13:12,9801.80,3701.09,0.00,214.14,66.06,79.59,0.00,-1746.63
2023-05-27 13:13,9801.80,3701.71,0.00,214.28,66.56,78.57,0.00,-1746.63
2023-05-27 13:14,9801.80,3700.42,0.00,88.59,66.45,77.44,0.00,-1746.63
2023-05-27 13:15,9801.80,3700.42,0.00,0.00,66.27,76.84,0.00,-1746.63
2023-05-27 13:16,9801.80,3627.51,0.00,0.00,66.41,76.75,0.00,-1746.63
2023-05-27 13:17,9801.80,3601.13,0.00,0.00,66.53,76.70,0.00,-1746.63
2023-05-27 13:18,9801.80,3601.13,0.00,0.00,66.49,76.89,0.00,-1746.63
2023-05-27 13:19,9801.80,3546.01,0.00,0.00,66.44,76.98,0.00,-1746.63
2023-05-27 13:20,9801.80,3500.45,0.00,0.00,66.61,76.98,0.00,-1746.63
2023-05-27 13:21,9801.80,3503.02,0.00,0.00,66.73,77.09,0.00,-1746.63
2023-05-27 13:22,9801.80,3503.02,0.00,0.00,66.85,77.22,0.00,-1746.63
2023-05-27 13:23,9801.80,3503.02,0.00,0.00,66.76,77.34,0.00,-1746.63
2023-05-27 13:24,9801.80,3503.02,0.00,0.00,66.93,77.44,0.00,-1746.63
2023-05-27 13:25,9801.80,3503.02,0.00,0.00,66.89,77.52,0.00,-1746.63
2023-05-27 13:26,9801.80,3503.02,0.00,0.00,66.83,77.62,0.00,-1746.63
2023-05-27 13:27,9801.80,3503.07,0.00,0.00,66.63,77.70,0.00,-1746.63
2023-05-27 13:28,9801.80,3503.12,0.00,0.00,66.75,77.80,0.00,-1746.63
2023-05-27 13:29,9801.80,3503.12,0.00,0.00,66.61,77.87,0.00,-1746.63
2023-05-27 13:30,9801.80,3503.12,0.00,0.00,66.47,77.94,0.00,-1746.63
2023-05-27 13:31,9801.80,3503.12,0.00,0.00,66.42,78.02,0.00,-1746.63
2023-05-27 13:32,9801.80,3502.15,0.00,0.00,66.31,78.09,0.00,-1746.63
2023-05-27 13:33,9801.80,3501.96,0.00,0.00,66.43,78.21,0.00,-1746.63
2023-05-27 13:34,9801.80,3501.96,0.00,0.00,66.35,78.35,0.00,-1746.63
2023-05-27 13:35,9801.80,3438.76,0.00,0.00,66.15,78.44,0.00,-1746.63
2023-05-27 13:36,9801.80,3401.17,0.00,0.00,66.35,78.48,0.00,-1746.63
2023-05-27 13:37,9801.80,3402.04,0.00,0.00,66.54,78.58,0.00,-1746.63
2023-05-27 13:38,9801.80,3402.04,0.00,0.00,65.89,78.70,0.00,-1746.63
2023-05-27 13:39,9801.80,3402.04,0.00,0.00,66.02,78.84,0.00,-1746.63
2023-05-27 13:40,9801.80,3402.04,0.00,0.00,66.26,79.00,0.00,-1746.63
2023-05-27 13:41,9801.80,3402.04,0.00,0.00,66.17,79.14,0.00,-1746.63
2023-05-27 13:42,9801.80,3402.04,0.00,0.00,66.12,79.30,0.00,-1746.63
2023-05-27 13:43,9801.80,3402.04,0.00,0.00,66.07,79.46,0.00,-1746.63
2023-05-27 13:44,9801.80,3402.04,0.00,0.00,65.90,79.61,0.00,-1746.63
2023-05-27 13:45,9801.80,3402.04,0.00,0.00,66.09,79.73,0.00,-1746.63
2023-05-27 13:46,9801.80,3402.04,0.00,0.00,65.77,79.84,0.00,-1746.63
2023-05-27 13:47,9801.80,3402.04,0.00,0.00,65.93,79.93,0.00,-1746.63
2023-05-27 13:48,9801.80,3402.04,0.00,0.00,65.59,80.06,0.00,-1746.63
2023-05-27 13:49,9801.80,3402.04,0.00,0.00,65.82,80.21,0.00,-1746.63
2023-05-27 13:50,9801.80,3408.43,0.00,0.00,65.93,80.37,0.00,-1746.63
2023-05-27 13:51,9801.80,3469.86,0.00,0.00,65.70,80.26,0.00,-1746.63
2023-05-27 13:52,9801.80,3469.54,0.00,0.00,65.86,80.23,0.00,-1746.63
2023-05-27 13:53,9801.80,3469.20,0.00,0.00,65.80,80.38,0.00,-1746.63
2023-05-27 13:54,9801.80,3469.20,0.00,0.00,65.61,80.50,0.00,-1746.63
2023-05-27 13:55,9801.80,3469.20,0.00,0.00,65.60,80.62,0.00,-1746.63
2023-05-27 13:56,9801.80,3469.20,0.00,0.00,65.61,80.75,0.00,-1746.63
2023-05-27 13:57,9801.80,3408.48,0.00,0.00,65.26,80.87,0.00,-1746.63
2023-05-27 13:58,9801.80,3368.85,0.00,0.00,65.26,80.83,0.00,-1746.63
2023-05-27 13:59,9801.80,3368.85,0.00,0.00,65.20,80.92,0.00,-1746.63
2023-05-27 14:00,9801.80,3368.74,0.00,0.00,65.36,81.02,0.00,-1746.63
2023-05-27 14:01,9801.80,3334.36,0.00,0.00,65.22,81.10,0.00,-1746.63
2023-05-27 14:02,9801.80,3267.79,0.00,0.00,65.48,81.07,0.00,-1746.63
2023-05-27 14:03,9801.80,3245.78,0.00,0.00,65.47,81.15,0.00,-1746.63
2023-05-27 14:04,9801.80,3167.34,0.00,0.00,65.38,81.13,0.00,-1746.63
2023-05-27 14:05,9801.80,3154.30,0.00,37.38,65.56,81.20,0.00,-1746.63
2023-05-27 14:06,9801.80,3066.16,0.00,66.30,65.92,81.21,0.00,-1746.63
2023-05-27 14:07,9801.80,3059.00,0.00,66.58,65.23,81.01,0.00,-1746.63
2023-05-27 14:08,9801.80,2969.51,0.00,66.86,64.81,80.79,0.00,-1746.63
2023-05-27 14:09,9801.80,2965.93,0.00,67.27,65.12,80.20,0.00,-1746.63
2023-05-27 14:10,9801.80,2964.28,0.00,22.29,65.11,79.48,0.00,-1746.63
2023-05-27 14:11,9801.80,2876.22,0.00,0.00,65.38,79.13,0.00,-1746.63
2023-05-27 14:12,9801.80,2866.50,0.00,0.00,65.78,78.95,0.00,-1746.63
2023-05-27 14:13,9801.80,2867.27,0.00,0.00,66.02,78.95,0.00,-1746.63
2023-05-27 14:14,9801.80,2867.27,0.00,0.00,65.83,78.96,0.00,-1746.63
2023-05-27 14:15,9801.80,2867.27,0.00,0.00,66.12,78.95,0.00,-1746.63
2023-05-27 14:16,9801.80,2867.27,0.00,0.00,65.94,78.95,0.00,-1746.63
2023-05-27 14:17,9801.80,2867.27,0.00,0.00,65.79,78.94,0.00,-1746.63
2023-05-27 14:18,9801.80,2866.41,0.00,0.00,66.00,78.89,0.00,-1746.63
2023-05-27 14:19,9801.80,2865.71,0.00,0.00,65.99,78.80,0.00,-1746.63
2023-05-27 14:20,9801.80,2779.97,0.00,0.00,66.26,78.66,0.00,-1746.63
2023-05-27 14:21,9801.80,2767.95,0.00,0.00,66.21,78.52,0.00,-1746.63
2023-05-27 14:22,9801.80,2767.95,0.00,0.00,66.12,78.47,0.00,-1746.63
2023-05-27 14:23,9801.80,2701.59,0.00,0.00,65.89,78.40,0.00,-1746.63
2023-05-27 14:24,9801.80,2667.52,0.00,0.00,65.88,78.22,0.00,-1746.63
2023-05-27 14:25,9801.80,2640.16,0.00,0.00,66.13,78.21,0.00,-1746.63
2023-05-27 14:26,9801.80,2568.16,0.00,0.00,66.14,78.05,0.00,-1746.63
2023-05-27 14:27,9801.80,2568.16,0.00,0.00,66.17,77.96,0.00,-1746.63
2023-05-27 14:28,9801.80,2494.79,0.00,48.17,66.64,77.91,0.00,-1746.63
2023-05-27 14:29,9801.80,2468.59,0.00,49.00,66.37,77.76,0.00,-1746.63
2023-05-27 14:30,9801.80,2423.79,0.00,49.28,66.07,77.57,0.00,-1746.63
2023-05-27 14:31,9801.80,2368.26,0.00,49.00,66.52,77.04,0.00,-1746.63
2023-05-27 14:32,9801.80,2340.00,0.00,33.64,66.39,76.31,0.00,-1746.63
2023-05-27 14:33,9801.80,2266.90,0.00,0.00,66.14,75.61,0.00,-1746.63
2023-05-27 14:34,9801.80,2253.39,0.00,0.00,66.83,75.60,0.00,-1746.63
2023-05-27 14:35,9801.80,2166.15,0.00,0.00,66.89,75.49,0.00,-1746.63
2023-05-27 14:36,9801.80,2165.37,0.00,0.00,66.95,75.46,0.00,-1746.63
2023-05-27 14:37,9801.80,2077.15,0.00,0.00,66.46,75.44,0.00,-1746.63
2023-05-27 14:38,9801.80,2065.19,0.00,0.00,66.02,75.37,0.00,-1746.63
2023-05-27 14:39,9801.80,2005.74,0.00,5.40,66.57,75.36,0.00,-1746.63
2023-05-27 14:40,9801.80,1963.09,0.00,45.40,65.91,75.23,0.00,-1746.63
2023-05-27 14:41,9801.80,1951.15,0.00,53.29,66.51,75.01,0.00,-1746.63
2023-05-27 14:42,9801.80,1863.15,0.00,43.32,66.86,74.43,0.00,-1746.63
2023-05-27 14:43,9801.80,1862.74,0.00,0.00,66.36,74.05,0.00,-1746.63
2023-05-27 14:44,9801.80,1809.46,0.00,0.00,66.05,74.08,0.00,-1746.63
2023-05-27 14:45,9801.80,1762.49,0.00,0.00,66.84,73.92,0.00,-1746.63
2023-05-27 14:46,9801.80,1738.34,0.00,0.00,66.62,74.03,0.00,-1746.63
2023-05-27 14:47,9801.80,1661.21,0.00,39.87,66.48,73.95,0.00,-1746.63
2023-05-27 14:48,9801.80,1661.21,0.00,81.81,66.84,73.83,0.00,-1746.63
2023-05-27 14:49,9801.80,1653.79,0.00,52.46,66.44,73.54,0.00,-1746.63
2023-05-27 14:50,9801.80,1563.94,0.00,0.00,66.54,73.12,0.00,-1746.63
2023-05-27 14:51,9801.80,1561.74,0.00,0.00,66.75,73.07,0.00,-1746.63
2023-05-27 14:52,9801.80,1556.08,0.00,0.00,66.72,73.16,0.00,-1746.63
2023-05-27 14:53,9801.80,1464.61,0.00,0.00,67.11,73.13,0.00,-1746.63
2023-05-27 14:54,9801.80,1460.91,0.00,0.00,68.19,73.11,0.00,-1746.63
2023-05-27 14:55,9801.80,1401.31,0.00,0.00,67.48,73.13,0.00,-1746.63
2023-05-27 14:56,9801.80,1360.15,0.00,0.00,66.72,73.05,0.00,-1746.63
2023-05-27 14:57,9801.80,1335.72,0.00,48.87,66.78,73.11,0.00,-1746.63
2023-05-27 14:58,9801.80,1259.32,0.00,59.80,67.26,73.04,0.00,-1746.63
2023-05-27 14:59,9801.80,1259.32,0.00,60.49,66.93,72.87,0.00,-1746.63
2023-05-27 15:00,9801.80,1258.90,0.00,48.17,66.85,71.79,0.00,-1746.63
2023-05-27 15:01,9801.80,1169.80,0.00,0.00,66.82,69.46,0.00,-1746.63
2023-05-27 15:02,9801.80,1158.06,0.00,0.00,67.38,69.43,0.00,-1746.63
2023-05-27 15:03,9801.80,1098.45,0.00,0.00,67.90,69.76,0.00,-1746.63
2023-05-27 15:04,9801.80,1055.99,0.00,0.00,67.00,69.89,0.00,-1746.63
2023-05-27 15:05,9801.80,1021.80,0.00,0.00,66.65,70.14,0.00,-1746.63
2023-05-27 15:06,9801.80,954.18,0.00,0.00,66.95,70.18,0.00,-1746.63
2023-05-27 15:07,9801.80,950.70,0.00,0.00,66.95,70.30,0.00,-1746.63
2023-05-27 15:08,9801.80,859.71,0.00,0.00,67.52,70.39,0.00,-1746.63
2023-05-27 15:09,9801.80,853.83,0.00,0.00,67.68,70.46,0.00,-1746.63
2023-05-27 15:10,9801.80,808.19,0.00,8.03,68.40,70.62,0.00,-1746.63
2023-05-27 15:11,9801.80,753.47,0.00,38.76,69.05,70.68,0.00,-1746.63
2023-05-27 15:12,9801.80,742.76,0.00,27.41,69.30,70.79,0.00,-1746.63
2023-05-27 15:13,9801.80,654.79,0.00,39.31,68.30,70.78,0.00,-1746.63
2023-05-27 15:14,9801.80,654.08,0.00,44.16,67.85,70.66,0.00,-1746.63
2023-05-27 15:15,9801.80,638.55,0.00,2.35,67.79,70.30,0.00,-1746.63
2023-05-27 15:16,9801.80,654.16,0.00,0.00,67.91,70.12,0.00,-1746.63
2023-05-27 15:17,9801.80,654.16,0.00,0.00,68.65,70.24,0.00,-1746.63
2023-05-27 15:18,9801.80,654.16,0.00,0.00,69.53,70.40,0.00,-1746.63
2023-05-27 15:19,9801.80,664.29,0.00,0.00,68.41,70.52,0.00,-1746.63
2023-05-27 15:20,9801.80,689.29,0.00,0.00,68.01,70.47,0.00,-1746.63
2023-05-27 15:21,9801.80,689.29,0.00,0.00,68.91,70.45,0.00,-1746.63
2023-05-27 15:22,9801.80,661.50,0.00,0.00,68.70,70.55,0.00,-1746.63
2023-05-27 15:23,9801.80,636.67,0.00,0.00,69.00,70.55,0.00,-1746.63
2023-05-27 15:24,9801.80,636.67,0.00,0.00,69.35,70.68,0.00,-1746.63
2023-05-27 15:25,9801.80,630.01,0.00,0.00,69.67,70.69,0.00,-1746.63
2023-05-27 15:26,9801.80,619.15,0.00,0.00,70.40,70.18,0.00,-1746.63
2023-05-27 15:27,9801.80,619.33,0.00,0.00,70.54,69.62,0.00,-1746.63
2023-05-27 15:28,9801.80,619.33,0.00,0.00,71.36,69.24,0.00,-1746.63
2023-05-27 15:29,9801.80,617.76,0.00,0.00,72.01,69.25,0.00,-1746.63
2023-05-27 15:30,9801.80,529.44,0.00,0.00,72.68,69.16,0.00,-1746.63
2023-05-27 15:31,9801.80,521.04,0.00,0.00,72.78,68.92,0.00,-1746.63
2023-05-27 15:32,9801.80,521.04,0.00,0.00,72.36,68.65,0.00,-1746.63
2023-05-27 15:33,9801.80,460.11,0.00,0.00,71.84,68.53,0.00,-1746.63
2023-05-27 15:34,9801.80,424.28,1.24,0.00,72.87,68.52,0.00,-1745.39
2023-05-27 15:35,9801.80,420.70,0.00,0.00,72.06,68.53,0.00,-1746.63
2023-05-27 15:36,9801.80,332.88,0.00,37.24,72.74,68.54,0.00,-1746.63
2023-05-27 15:37,9801.80,327.16,0.00,68.94,71.10,68.55,0.00,-1746.63
2023-05-27 15:38,9801.80,250.72,0.00,69.77,68.34,68.40,0.00,-1746.63
2023-05-27 15:39,9801.80,228.87,0.00,70.46,69.06,68.02,0.00,-1746.63
2023-05-27 15:40,9801.80,220.57,0.00,70.60,69.66,67.71,0.00,-1746.63
2023-05-27 15:41,9801.80,133.72,0.00,70.32,70.23,67.56,0.00,-1746.63
2023-05-27 15:42,9801.80,133.04,0.00,70.60,69.89,67.47,0.00,-1746.63
2023-05-27 15:43,9801.80,134.05,0.00,32.81,69.18,67.44,0.00,-1746.63
2023-05-27 15:44,9801.80,133.63,0.00,0.00,68.88,67.63,0.00,-1746.63
2023-05-27 15:45,9801.80,133.34,0.00,0.00,71.17,67.74,0.00,-1746.63
2023-05-27 15:46,9801.80,133.34,0.00,0.00,71.65,67.69,0.00,-1746.63
2023-05-27 15:47,9801.80,87.14,0.00,0.00,72.01,67.69,0.00,-1746.63
2023-05-27 15:48,9801.80,41.01,0.00,0.00,70.93,67.62,0.00,-1746.63
2023-05-27 15:49,9801.80,42.13,0.00,0.00,69.78,67.49,0.00,-1746.63
2023-05-27 15:50,9801.80,42.13,0.00,0.00,72.17,67.37,0.00,-1746.63
2023-05-27 15:51,9801.80,41.77,0.00,0.00,71.61,67.32,0.00,-1746.63
2023-05-27 15:52,9801.80,41.42,0.00,0.00,71.29,67.25,0.00,-1746.63
2023-05-27 15:53,9801.80,37.50,0.00,18.41,71.36,67.18,0.00,-1746.63
2023-05-27 15:54,9801.80,0.08,0.00,48.31,69.32,67.13,0.00,-1746.63
2023-05-27 15:55,9801.80,0.08,0.00,58.97,67.31,66.98,0.00,-1746.63
2023-05-27 15:56,9801.80,0.08,0.00,58.83,67.16,66.75,0.00,-1746.63
2023-05-27 15:57,9801.80,0.04,0.00,17.03,67.40,66.57,0.00,-1746.63
2023-05-27 15:58,9801.80,0.03,0.00,0.00,67.36,66.39,0.00,-1746.63
2023-05-27 15:59,9801.80,0.03,0.00,0.00,68.82,66.39,0.00,-1746.63
2023-05-27 16:00,9801.80,0.03,0.00,0.00,69.00,66.43,0.00,-1746.63
2023-05-27 16:01,9801.80,0.05,0.00,0.00,70.61,66.55,0.00,-1746.63
2023-05-27 16:02,9801.80,0.05,0.00,0.00,69.81,66.66,0.00,-1746.63
2023-05-27 16:03,9801.80,0.24,0.00,68.11,68.10,66.74,0.00,-1746.63
2023-05-27 16:04,9801.80,0.61,0.00,73.51,66.72,66.64,0.00,-1746.63
2023-05-27 16:05,9801.80,0.61,0.00,73.09,67.53,66.42,0.00,-1746.63
2023-05-27 16:06,9801.80,0.61,0.00,73.09,68.27,66.34,0.00,-1746.63
2023-05-27 16:07,9801.80,0.61,0.00,73.09,68.57,66.32,0.00,-1746.63
2023-05-27 16:08,9801.80,0.61,0.00,73.09,67.92,66.34,0.00,-1746.63
2023-05-27 16:09,9801.80,0.61,0.00,73.37,67.04,66.34,0.00,-1746.63
2023-05-27 16:10,9801.80,0.61,0.00,73.64,66.62,66.34,0.00,-1746.63
2023-05-27 16:11,9801.80,0.61,0.00,73.37,66.51,66.19,0.00,-1746.63
2023-05-27 16:12,9801.80,0.61,0.00,73.92,65.75,66.01,0.00,-1746.63
2023-05-27 16:13,9801.80,0.61,0.00,73.92,65.02,65.79,0.00,-1746.63
2023-05-27 16:14,9801.80,0.61,0.00,63.54,64.75,65.70,0.00,-1746.63
2023-05-27 16:15,9801.80,0.61,0.00,3.04,65.14,65.53,0.00,-1746.63
2023-05-27 16:16,9801.80,0.61,0.00,0.00,65.58,65.29,0.00,-1746.63
2023-05-27 16:17,9801.80,0.61,0.00,0.00,66.11,65.17,0.00,-1746.63
2023-05-27 16:18,9801.80,0.61,0.00,0.00,66.16,65.17,0.00,-1746.63
2023-05-27 16:19,9801.80,0.61,0.00,0.00,66.17,65.33,0.00,-1746.63
2023-05-27 16:20,9801.80,0.61,0.00,0.00,66.27,65.31,0.00,-1746.63
2023-05-27 16:21,9801.80,0.61,0.00,0.00,66.30,65.21,0.00,-1746.63
2023-05-27 16:22,9801.80,0.61,0.00,0.00,66.45,65.10,0.00,-1746.63
2023-05-27 16:23,9801.80,0.61,0.00,0.00,66.60,64.97,0.00,-1746.63
2023-05-27 16:24,9801.80,0.61,0.00,0.00,66.22,64.95,0.00,-1746.63
2023-05-27 16:25,9801.80,0.61,0.00,0.00,66.09,64.94,0.00,-1746.63
2023-05-27 16:26,9801.80,0.61,0.00,0.00,65.50,64.93,0.00,-1746.63
2023-05-27 16:27,9801.80,0.61,0.00,0.00,65.29,65.02,0.00,-1746.63
2023-05-27 16:28,9801.80,0.61,0.00,0.00,65.74,65.15,0.00,-1746.63
2023-05-27 16:29,9801.80,0.61,0.00,0.00,65.83,65.11,0.00,-1746.63
2023-05-27 16:30,9801.80,0.61,0.00,0.00,66.20,65.19,0.00,-1746.63
2023-05-27 16:31,9801.80,0.61,0.00,0.00,66.23,65.26,0.00,-1746.63
2023-05-27 16:32,9801.80,0.61,0.00,0.00,66.33,65.34,0.00,-1746.63
2023-05-27 16:33,9801.80,0.61,0.00,0.00,66.59,65.46,0.00,-1746.63
2023-05-27 16:34,9801.80,0.61,0.00,0.00,66.91,65.56,0.00,-1746.63
2023-05-27 16:35,9801.80,0.61,0.00,0.00,66.67,65.81,0.00,-1746.63
2023-05-27 16:36,9801.80,0.61,0.00,0.00,66.88,66.05,0.00,-1746.63
2023-05-27 16:37,9801.80,0.61,0.00,0.00,67.33,66.24,0.00,-1746.63
2023-05-27 16:38,9801.80,0.61,0.00,0.00,67.41,66.40,0.00,-1746.63
2023-05-27 16:39,9801.80,0.61,0.00,0.00,67.64,66.52,0.00,-1746.63
2023-05-27 16:40,9801.80,0.61,0.00,0.00,67.90,66.67,0.00,-1746.63
2023-05-27 16:41,9801.80,0.61,0.00,0.00,68.08,66.75,0.00,-1746.63
2023-05-27 16:42,9801.80,0.61,0.00,0.00,68.42,66.79,0.00,-1746.63
2023-05-27 16:43,9801.80,0.61,0.00,0.00,68.47,66.84,0.00,-1746.63
2023-05-27 16:44,9801.80,0.61,0.00,0.00,68.13,66.88,0.00,-1746.63
2023-05-27 16:45,9801.80,0.61,0.00,0.00,68.41,66.95,0.00,-1746.63
2023-05-27 16:46,9801.80,0.61,0.00,0.00,68.73,67.06,0.00,-1746.63
2023-05-27 16:47,9801.80,0.61,0.00,0.00,68.41,67.15,0.00,-1746.63
2023-05-27 16:48,9801.80,0.61,0.00,0.00,69.05,67.23,0.00,-1746.63
2023-05-27 16:49,9801.80,0.61,0.00,0.00,69.61,67.29,0.00,-1746.63
2023-05-27 16:50,9801.80,0.61,0.00,0.00,70.09,67.34,0.00,-1746.63
2023-05-27 16:51,9801.80,0.61,0.00,0.00,69.64,67.37,0.00,-1746.63
2023-05-27 16:52,9801.80,0.61,0.00,0.00,68.93,67.45,0.00,-1746.63
2023-05-27 16:53,9801.80,0.61,0.00,0.00,68.40,67.54,0.00,-1746.63
2023-05-27 16:54,9801.80,0.61,0.00,0.00,68.62,67.58,0.00,-1746.63
2023-05-27 16:55,9801.80,0.61,0.00,0.00,69.02,67.67,0.00,-1746.63
2023-05-27 16:56,9801.80,0.61,0.00,0.00,69.35,67.73,0.00,-1746.63
2023-05-27 16:57,9801.80,0.61,0.00,0.00,69.19,67.81,0.00,-1746.63
2023-05-27 16:58,9801.80,0.61,0.00,0.00,69.38,67.82,0.00,-1746.63
2023-05-27 16:59,9801.80,0.61,0.00,0.00,69.71,67.87,0.00,-1746.63
2023-05-27 17:00,9801.80,0.61,0.00,0.00,71.16,67.87,0.00,-1746.63
2023-05-27 17:01,9801.80,0.61,0.00,0.00,72.25,67.87,0.00,-1746.63
2023-05-27 17:02,9801.80,0.61,0.00,0.00,73.07,67.90,0.00,-1746.63
2023-05-27 17:03,9801.80,0.61,0.00,0.00,73.61,67.97,0.00,-1746.63
2023-05-27 17:04,9801.80,0.61,0.00,0.00,74.11,68.09,0.00,-1746.63
2023-05-27 17:05,9801.80,0.61,0.00,0.00,74.55,68.19,0.00,-1746.63
2023-05-27 17:06,9801.80,0.61,0.00,0.00,74.92,68.22,0.00,-1746.63
2023-05-27 17:07,9801.80,0.61,0.00,0.00,75.24,68.27,0.00,-1746.63
2023-05-27 17:08,9801.80,0.61,0.00,12.60,75.43,68.27,0.00,-1746.63
2023-05-27 17:09,9801.80,0.61,0.00,54.27,75.03,68.27,0.00,-1746.63
2023-05-27 17:10,9801.80,0.61,0.00,75.30,72.40,68.27,0.00,-1746.63
2023-05-27 17:11,9801.80,0.61,0.00,79.04,66.89,68.29,0.00,-1746.63
2023-05-27 17:12,9801.80,0.61,0.00,77.79,66.31,68.33,0.00,-1746.63
2023-05-27 17:13,9801.80,0.61,0.00,7.20,66.79,68.41,0.00,-1746.63
2023-05-27 17:14,9801.80,0.61,0.00,0.00,67.11,68.46,0.00,-1746.63
2023-05-27 17:15,9801.80,0.61,0.00,0.00,67.79,68.45,0.00,-1746.63
2023-05-27 17:16,9801.80,0.61,0.00,0.00,67.89,68.59,0.00,-1746.63
2023-05-27 17:17,9801.80,0.61,0.00,0.00,68.25,68.64,0.00,-1746.63
2023-05-27 17:18,9801.80,0.61,0.00,0.00,68.44,68.64,0.00,-1746.63
2023-05-27 17:19,9801.80,0.61,0.00,0.00,68.34,68.60,0.00,-1746.63
2023-05-27 17:20,9801.80,0.61,0.00,0.00,67.30,68.54,0.00,-1746.63
2023-05-27 17:21,9801.80,0.61,0.00,0.00,68.07,68.51,0.00,-1746.63
2023-05-27 17:22,9801.80,0.61,0.00,0.00,67.87,68.45,0.00,-1746.63
2023-05-27 17:23,9801.80,0.61,0.00,0.00,67.87,68.36,0.00,-1746.63
2023-05-27 17:24,9801.80,0.61,0.00,0.00,69.52,68.31,0.00,-1746.63
2023-05-27 17:25,9801.80,0.61,0.00,0.00,70.25,68.28,0.00,-1746.63
2023-05-27 17:26,9801.80,0.61,0.00,0.00,70.02,68.27,0.00,-1746.63
2023-05-27 17:27,9801.80,0.61,0.00,0.00,71.03,68.28,0.00,-1746.63
2023-05-27 17:28,9801.80,0.61,0.00,0.00,71.11,68.25,0.00,-1746.63
2023-05-27 17:29,9801.80,0.61,0.00,0.00,71.57,68.34,0.00,-1746.63
2023-05-27 17:30,9801.80,0.61,0.00,0.00,71.92,68.53,0.00,-1746.63
2023-05-27 17:31,9801.80,0.61,0.00,0.00,72.26,68.61,0.00,-1746.63
2023-05-27 17:32,9801.80,0.61,0.00,0.00,73.02,68.66,0.00,-1746.63
2023-05-27 17:33,9801.80,0.61,0.00,0.00,73.93,68.73,0.00,-1746.63
2023-05-27 17:34,9801.80,0.61,0.00,0.00,74.39,68.78,0.00,-1746.63
2023-05-27 17:35,9801.80,0.61,0.00,0.00,74.68,68.82,0.00,-1746.63
2023-05-27 17:36,9801.80,0.61,0.00,0.00,74.76,68.86,0.00,-1746.63
2023-05-27 17:37,9801.80,0.61,0.00,0.00,74.85,68.94,0.00,-1746.63
2023-05-27 17:38,9801.80,0.61,0.00,0.00,74.95,69.01,0.00,-1746.63
2023-05-27 17:39,9801.80,0.61,0.00,0.00,74.94,69.08,0.00,-1746.63
2023-05-27 17:40,9801.80,0.61,0.00,0.00,74.90,69.12,0.00,-1746.63
2023-05-27 17:41,9801.80,0.61,0.00,0.00,74.70,69.12,0.00,-1746.63
2023-05-27 17:42,9801.80,0.61,0.00,0.00,74.67,69.13,0.00,-1746.63
2023-05-27 17:43,9801.80,0.61,0.00,0.00,74.66,69.15,0.00,-1746.63
2023-05-27 17:44,9801.80,0.61,0.00,0.00,74.58,69.23,0.00,-1746.63
2023-05-27 17:45,9801.80,0.61,0.00,0.00,74.49,69.28,0.00,-1746.63
2023-05-27 17:46,9801.80,0.61,0.00,0.00,74.27,69.36,0.00,-1746.63
2023-05-27 17:47,9801.80,0.61,0.00,0.00,74.05,69.44,0.00,-1746.63
2023-05-27 17:48,9801.80,0.61,0.00,0.00,73.95,69.49,0.00,-1746.63
2023-05-27 17:49,9801.80,0.61,0.00,0.00,73.70,69.54,0.00,-1746.63
2023-05-27 17:50,9801.80,0.61,0.00,0.00,73.36,69.59,0.00,-1746.63
2023-05-27 17:51,9801.80,0.61,0.00,0.00,72.89,69.65,0.00,-1746.63
2023-05-27 17:52,9801.80,0.61,0.00,0.00,72.53,69.65,0.00,-1746.63
2023-05-27 17:53,9801.80,0.61,0.00,0.00,72.45,69.66,0.00,-1746.63
2023-05-27 17:54,9801.80,0.61,0.00,0.00,72.33,69.66,0.00,-1746.63
2023-05-27 17:55,9801.80,0.61,0.00,0.00,72.09,69.71,0.00,-1746.63
2023-05-27 17:56,9801.80,0.61,0.00,0.00,71.73,69.79,0.00,-1746.63
2023-05-27 17:57,9801.80,0.61,0.00,0.00,71.36,69.85,0.00,-1746.63
2023-05-27 17:58,9801.80,0.61,0.00,0.00,71.22,69.86,0.00,-1746.63
2023-05-27 17:59,9801.80,0.61,0.00,0.00,70.98,69.93,0.00,-1746.63
2023-05-27 18:00,9801.80,0.61,0.00,0.00,70.70,69.98,0.00,-1746.63
2023-05-27 18:01,9801.80,0.61,0.00,0.00,70.74,70.00,0.00,-1746.63
2023-05-27 18:02,9800.30,0.61,0.00,0.00,71.12,70.02,0.00,-1746.63
2023-05-27 18:03,9800.00,0.61,0.00,0.00,71.62,70.02,0.00,-1746.63
2023-05-27 18:04,9800.00,0.61,0.00,0.00,71.96,70.05,0.00,-1746.63
2023-05-27 18:05,9800.00,0.61,0.00,0.00,72.21,70.08,0.00,-1746.63
2023-05-27 18:06,9800.00,0.61,0.00,0.00,72.33,70.12,0.00,-1746.63
2023-05-27 18:07,9800.00,0.61,0.00,0.00,72.52,70.12,0.00,-1746.63
2023-05-27 18:08,9800.00,0.61,0.00,0.00,72.72,70.16,0.00,-1746.63
2023-05-27 18:09,9800.00,0.61,32.53,0.00,72.80,70.23,0.00,-1714.10
2023-05-27 18:10,9800.00,0.61,39.03,0.00,72.81,70.26,0.00,-1707.60
2023-05-27 18:11,9800.00,0.61,0.00,0.00,72.72,70.32,0.00,-1746.63
2023-05-27 18:12,9800.00,0.61,0.00,0.00,72.61,70.34,0.00,-1746.63
2023-05-27 18:13,9800.00,0.61,0.00,0.00,72.51,70.39,0.00,-1746.63
2023-05-27 18:14,9800.00,0.61,0.00,0.00,72.43,70.42,0.00,-1746.63
2023-05-27 18:15,9800.00,0.61,0.00,0.00,72.28,70.46,0.00,-1746.63
2023-05-27 18:16,9800.00,0.61,0.00,0.00,72.16,70.47,0.00,-1746.63
2023-05-27 18:17,9800.00,0.61,0.00,0.00,72.06,70.52,0.00,-1746.63
2023-05-27 18:18,9800.00,0.61,3.52,0.00,71.93,70.53,0.00,-1743.11
2023-05-27 18:19,9800.00,0.61,0.00,0.00,71.77,70.34,0.00,-1746.63
2023-05-27 18:20,9800.00,0.61,0.00,0.00,71.60,70.19,0.00,-1746.63
2023-05-27 18:21,9800.00,0.61,0.00,0.00,71.47,70.19,0.00,-1746.63
2023-05-27 18:22,9800.00,0.61,0.00,0.00,71.37,70.19,0.00,-1746.63
2023-05-27 18:23,9800.00,1.01,0.00,0.00,71.24,70.27,0.00,-1746.63
2023-05-27 18:24,9800.00,1.82,0.00,0.00,71.18,70.40,0.00,-1746.63
2023-05-27 18:25,9800.00,4.97,0.00,0.00,71.06,70.52,0.00,-1746.63
2023-05-27 18:26,9800.00,75.79,0.00,0.00,71.00,70.54,0.00,-1746.63
2023-05-27 18:27,9800.00,82.87,0.00,0.00,70.93,70.65,0.00,-1746.63
2023-05-27 18:28,9800.00,169.08,0.00,0.00,70.87,70.77,0.00,-1746.63
2023-05-27 18:29,9800.00,179.05,0.00,0.00,70.74,70.90,0.00,-1746.63
2023-05-27 18:30,9800.00,268.29,0.00,0.00,70.61,71.01,0.00,-1746.63
2023-05-27 18:31,9800.00,297.73,0.00,0.00,70.47,71.10,0.00,-1746.63
2023-05-27 18:32,9800.00,366.93,0.00,0.00,70.31,71.21,0.00,-1746.63
2023-05-27 18:33,9800.00,374.51,0.00,0.00,70.17,71.25,0.00,-1746.63
2023-05-27 18:34,9800.00,465.48,0.00,0.00,70.02,71.33,0.00,-1746.63
2023-05-27 18:35,9800.00,473.35,0.00,0.00,69.88,71.36,0.00,-1746.63
2023-05-27 18:36,9800.00,564.62,0.00,0.00,69.73,71.37,0.00,-1746.63
2023-05-27 18:37,9800.00,565.39,0.00,0.00,69.61,71.39,0.00,-1746.63
2023-05-27 18:38,9800.00,636.47,0.00,0.00,69.49,71.41,0.00,-1746.63
2023-05-27 18:39,9800.00,666.37,0.00,0.00,69.41,71.51,0.00,-1746.63
2023-05-27 18:40,9800.00,667.64,0.00,0.00,69.35,71.52,0.00,-1746.63
2023-05-27 18:41,9800.00,671.29,0.00,0.00,69.27,71.42,0.00,-1746.63
2023-05-27 18:42,9800.00,683.69,0.00,0.00,69.20,71.44,0.00,-1746.63
2023-05-27 18:43,9800.00,686.01,0.00,0.00,69.09,71.53,0.00,-1746.63
2023-05-27 18:44,9800.00,737.57,0.00,0.00,69.02,71.65,0.00,-1746.63
2023-05-27 18:45,9800.00,768.99,0.00,0.00,68.93,72.16,0.00,-1746.63
2023-05-27 18:46,9800.00,794.24,0.00,0.00,68.82,72.32,0.00,-1746.63
2023-05-27 18:47,9800.00,871.06,0.00,0.00,68.74,72.64,0.00,-1746.63
2023-05-27 18:48,9800.00,871.06,0.00,0.00,68.67,73.16,0.00,-1746.63
2023-05-27 18:49,9800.00,927.79,0.00,0.00,68.60,73.20,0.00,-1746.63
2023-05-27 18:50,9800.00,972.83,0.00,0.00,68.53,73.66,0.00,-1746.63
2023-05-27 18:51,9800.00,976.50,0.00,0.00,68.50,74.02,0.00,-1746.63
2023-05-27 18:52,9800.00,1071.11,0.00,0.00,68.41,74.13,0.00,-1746.63
2023-05-27 18:53,9800.00,1075.35,0.00,0.00,68.31,74.56,0.00,-1746.63
2023-05-27 18:54,9800.00,1119.45,0.00,0.00,68.23,74.64,0.00,-1746.63
2023-05-27 18:55,9800.00,1177.95,0.00,0.00,68.17,74.87,0.00,-1746.63
2023-05-27 18:56,9800.00,1194.00,0.00,0.00,68.09,75.23,0.00,-1746.63
2023-05-27 18:57,9800.00,1279.79,0.00,0.00,68.01,75.33,0.00,-1746.63
2023-05-27 18:58,9800.00,1279.79,0.00,0.00,67.93,75.79,0.00,-1746.63
2023-05-27 18:59,9800.00,1279.79,0.00,0.00,67.88,75.79,0.00,-1746.63
2023-05-27 19:00,9800.00,1279.79,0.00,0.00,67.78,75.77,0.00,-1746.63
2023-05-27 19:01,9800.00,1330.66,0.00,0.00,67.68,75.69,0.00,-1746.63
2023-05-27 19:02,9800.00,1381.83,0.00,0.00,67.62,75.91,0.00,-1746.63
2023-05-27 19:03,9800.00,1410.74,0.00,0.00,67.57,76.10,0.00,-1746.63
2023-05-27 19:04,9800.00,1484.15,0.00,0.00,67.46,76.21,0.00,-1746.63
2023-05-27 19:05,9800.00,1486.40,0.00,0.00,67.38,76.53,0.00,-1746.63
2023-05-27 19:06,9800.00,1582.98,0.00,0.00,67.29,76.47,0.00,-1746.63
2023-05-27 19:07,9800.00,1586.62,0.00,0.00,67.16,76.97,0.00,-1746.63
2023-05-27 19:08,9800.00,1593.16,0.00,0.00,67.11,76.97,0.00,-1746.63
2023-05-27 19:09,9800.00,1689.06,0.00,0.00,67.01,76.86,0.00,-1746.63
2023-05-27 19:10,9800.00,1689.77,0.00,0.00,66.96,77.35,0.00,-1746.63
2023-05-27 19:11,9800.00,1749.69,0.00,0.00,66.91,77.24,0.00,-1746.63
2023-05-27 19:12,9800.00,1791.24,0.00,0.00,66.82,77.48,0.00,-1746.63
2023-05-27 19:13,9800.00,1803.38,0.00,0.00,66.75,77.58,0.00,-1746.63
2023-05-27 19:14,9800.00,1893.15,0.00,0.00,66.68,77.58,0.00,-1746.63
2023-05-27 19:15,9800.00,1919.35,0.00,0.00,66.62,78.01,0.00,-1746.63
2023-05-27 19:16,9800.00,1995.02,0.00,0.00,66.53,78.30,0.00,-1746.63
2023-05-27 19:17,9800.00,2070.87,0.00,0.00,66.47,78.76,0.00,-1746.63
2023-05-27 19:18,9800.00,2132.09,0.00,0.00,66.44,79.45,0.00,-1746.63
2023-05-27 19:19,9800.00,2196.91,0.00,0.00,66.38,81.06,0.00,-1746.63
2023-05-27 19:20,9800.00,2247.75,0.00,0.00,66.34,81.36,0.00,-1746.63
2023-05-27 19:21,9800.00,2297.13,0.00,0.00,66.34,82.82,0.00,-1746.63
2023-05-27 19:22,9800.00,2393.99,0.00,0.00,66.33,82.99,0.00,-1746.63
2023-05-27 19:23,9800.00,2449.23,0.00,0.00,66.27,83.39,0.00,-1746.63
2023-05-27 19:24,9800.00,2497.18,0.00,0.00,66.26,84.57,0.00,-1746.63
2023-05-27 19:25,9800.00,2579.65,0.00,0.00,66.21,84.19,0.00,-1746.63
2023-05-27 19:26,9800.00,2617.18,0.00,0.00,66.15,84.40,0.00,-1746.63
2023-05-27 19:27,9800.00,2700.43,0.00,0.00,66.14,84.15,0.00,-1746.63
2023-05-27 19:28,9800.00,2726.83,0.00,0.00,66.13,84.40,0.00,-1746.63
2023-05-27 19:29,9800.00,2802.85,0.00,0.00,66.08,84.12,0.00,-1746.63
2023-05-27 19:30,9800.00,2849.73,0.00,0.00,66.08,84.40,0.00,-1746.63
2023-05-27 19:31,9800.00,2905.58,0.00,0.00,66.08,84.26,0.00,-1746.63
2023-05-27 19:32,9800.00,2905.58,0.00,49.00,66.08,84.33,0.00,-1746.63
2023-05-27 19:33,9800.00,2905.58,0.00,185.76,66.01,83.73,0.00,-1746.63
2023-05-27 19:34,9800.00,2905.58,0.00,50.25,65.83,83.08,0.00,-1746.63
2023-05-27 19:35,9800.00,2979.19,0.00,179.40,65.54,82.45,0.00,-1746.63
2023-05-27 19:36,9800.00,3016.00,0.00,276.57,61.72,81.84,0.00,-1746.63
2023-05-27 19:37,9800.00,3016.00,0.00,105.34,58.24,81.34,0.00,-1746.63
2023-05-27 19:38,9800.00,3016.00,0.00,59.38,59.55,80.84,0.00,-1746.63
2023-05-27 19:39,9800.00,3016.00,0.00,262.45,59.13,80.45,0.00,-1746.63
2023-05-27 19:40,9800.00,3016.00,0.00,260.79,57.96,80.04,0.00,-1746.63
2023-05-27 19:41,9800.00,3016.00,0.00,260.79,57.89,79.64,0.00,-1746.63
2023-05-27 19:42,9800.00,3016.00,0.00,261.07,57.83,79.29,0.00,-1746.63
2023-05-27 19:43,9800.00,3016.00,0.00,261.62,57.58,78.95,0.00,-1746.63
2023-05-27 19:44,9800.00,3016.00,51.64,254.70,57.65,78.66,0.00,-1694.98
2023-05-27 19:45,9800.00,3016.00,3.43,52.74,57.89,78.31,0.00,-1743.20
2023-05-27 19:46,9800.00,3016.00,0.00,0.00,59.14,77.39,0.00,-1746.63
2023-05-27 19:47,9800.00,3017.28,0.00,0.00,60.57,76.91,0.00,-1746.63
2023-05-27 19:48,9800.00,3115.97,0.00,0.00,61.34,76.53,0.00,-1746.63
2023-05-27 19:49,9800.00,3147.82,0.00,0.00,61.89,77.06,0.00,-1746.63
2023-05-27 19:50,9800.00,3221.47,0.00,0.00,61.92,77.16,0.00,-1746.63
2023-05-27 19:51,9800.00,3297.54,0.00,0.00,62.33,77.56,0.00,-1746.63
2023-05-27 19:52,9800.00,3339.48,0.00,0.00,62.42,78.25,0.00,-1746.63
2023-05-27 19:53,9800.00,3424.98,0.00,0.00,62.38,78.61,0.00,-1746.63
2023-05-27 19:54,9800.00,3478.99,0.00,0.00,62.29,79.14,0.00,-1746.63
2023-05-27 19:55,9800.00,3527.25,0.00,0.00,62.26,79.56,0.00,-1746.63
2023-05-27 19:56,9800.00,3580.24,0.00,0.00,62.70,79.76,0.00,-1746.63
2023-05-27 19:57,9800.00,3628.67,0.00,0.00,62.07,79.87,0.00,-1746.63
2023-05-27 19:58,9800.00,3724.76,0.00,0.00,62.30,80.11,0.00,-1746.63
2023-05-27 19:59,9800.00,3760.51,0.00,0.00,62.48,80.53,0.00,-1746.63
2023-05-27 20:00,9800.00,3832.44,0.00,0.00,62.54,80.56,0.00,-1746.63
2023-05-27 20:01,9800.00,3913.14,0.00,0.00,62.75,80.76,0.00,-1746.63
2023-05-27 20:02,9800.00,3934.56,0.00,0.00,62.57,81.17,0.00,-1746.63
2023-05-27 20:03,9800.00,4000.87,0.00,0.00,62.46,80.99,0.00,-1746.63
2023-05-27 20:04,9800.00,4037.54,0.00,0.00,62.93,81.09,0.00,-1746.63
2023-05-27 20:05,9800.00,4102.05,0.00,0.00,63.41,81.02,0.00,-1746.63
2023-05-27 20:06,9800.00,4142.62,0.00,0.00,63.15,81.16,0.00,-1746.63
2023-05-27 20:07,9800.00,4238.76,0.00,0.00,63.39,81.24,0.00,-1746.63
2023-05-27 20:08,9800.00,4278.46,0.00,0.00,63.79,81.64,0.00,-1746.63
2023-05-27 20:09,9800.00,4343.36,0.00,0.00,63.64,81.72,0.00,-1746.63
2023-05-27 20:10,9800.00,4412.26,0.00,0.00,64.22,81.88,0.00,-1746.63
2023-05-27 20:11,9800.00,4445.56,0.00,0.00,64.71,82.18,0.00,-1746.63
2023-05-27 20:12,9800.00,4506.83,0.00,0.00,64.97,82.05,0.00,-1746.63
2023-05-27 20:13,9800.00,4548.33,0.00,0.00,65.12,82.07,0.00,-1746.63
2023-05-27 20:14,9800.00,4603.38,0.00,0.00,65.28,82.07,0.00,-1746.63
2023-05-27 20:15,9800.00,4649.67,0.00,0.00,65.64,82.17,0.00,-1746.63
2023-05-27 20:16,9800.00,4702.36,0.00,0.00,65.81,82.16,0.00,-1746.63
2023-05-27 20:17,9800.00,4752.59,0.00,0.00,65.90,82.01,0.00,-1746.63
2023-05-27 20:18,9800.00,4801.00,0.00,0.00,65.81,81.96,0.00,-1746.63
2023-05-27 20:19,9800.00,4855.70,0.00,0.00,65.74,81.95,0.00,-1746.63
2023-05-27 20:20,9800.00,4855.99,0.00,0.00,65.79,81.97,0.00,-1746.63
2023-05-27 20:21,9800.00,4952.09,0.00,0.00,65.58,81.45,0.00,-1746.63
2023-05-27 20:22,9800.00,4957.56,0.00,0.00,65.52,81.75,0.00,-1746.63
2023-05-27 20:23,9800.00,5033.69,0.00,0.00,65.29,81.48,0.00,-1746.63
2023-05-27 20:24,9800.00,5059.45,0.00,0.00,64.89,81.79,0.00,-1746.63
2023-05-27 20:25,9800.00,5059.46,0.00,0.00,64.52,81.62,0.00,-1746.63
2023-05-27 20:26,9800.00,5155.69,0.00,0.00,64.35,81.09,0.00,-1746.63
2023-05-27 20:27,9800.00,5164.41,0.00,0.00,64.06,81.51,0.00,-1746.63
2023-05-27 20:28,9800.00,5262.19,0.00,0.00,63.72,81.34,0.00,-1746.63
2023-05-27 20:29,9800.00,5303.09,0.00,0.00,63.60,81.69,0.00,-1746.63
2023-05-27 20:30,9800.00,5366.46,0.00,0.00,63.66,81.85,0.00,-1746.63
2023-05-27 20:31,9800.00,5389.94,0.00,0.00,63.61,82.10,0.00,-1746.63
2023-05-27 20:32,9800.00,5469.34,0.00,0.00,63.20,81.83,0.00,-1746.63
2023-05-27 20:33,9800.00,5469.97,0.00,0.00,63.34,82.08,0.00,-1746.63
2023-05-27 20:34,9800.00,5565.40,0.00,0.00,63.24,81.67,0.00,-1746.63
2023-05-27 20:35,9800.00,5571.65,0.00,0.00,63.15,81.92,0.00,-1746.63
2023-05-27 20:36,9800.00,5667.80,0.00,0.00,63.22,81.74,0.00,-1746.63
2023-05-27 20:37,9800.00,5673.02,0.00,0.00,63.16,82.16,0.00,-1746.63
2023-05-27 20:38,9800.00,5756.12,0.00,0.00,62.76,81.79,0.00,-1746.63
2023-05-27 20:39,9800.00,5776.35,0.00,0.00,62.89,82.08,0.00,-1746.63
2023-05-27 20:40,9800.00,5871.47,0.00,0.00,62.77,82.01,0.00,-1746.63
2023-05-27 20:41,9800.00,5878.72,0.00,0.00,62.66,82.42,0.00,-1746.63
2023-05-27 20:42,9800.00,5915.81,0.00,0.00,62.59,82.03,0.00,-1746.63
2023-05-27 20:43,9800.00,5981.70,0.00,0.00,62.55,81.88,0.00,-1746.63
2023-05-27 20:44,9800.00,5981.70,0.00,0.00,62.56,82.11,0.00,-1746.63
2023-05-27 20:45,9800.00,6035.04,0.00,0.00,62.62,81.64,0.00,-1746.63
2023-05-27 20:46,9800.00,6082.78,0.00,0.00,62.33,81.82,0.00,-1746.63
2023-05-27 20:47,9800.00,6082.86,0.00,0.00,62.12,81.91,0.00,-1746.63
2023-05-27 20:48,9800.00,6176.85,0.00,0.00,62.45,81.43,0.00,-1746.63
2023-05-27 20:49,9800.00,6185.46,0.00,0.00,62.05,81.71,0.00,-1746.63
2023-05-27 20:50,9800.00,6254.22,0.00,0.00,62.31,81.49,0.00,-1746.63
2023-05-27 20:51,9800.00,6287.47,0.00,0.00,62.51,81.71,0.00,-1746.63
2023-05-27 20:52,9800.00,6287.47,0.00,108.52,62.26,81.62,0.00,-1746.63
2023-05-27 20:53,9800.00,6287.47,0.00,232.41,61.46,81.13,0.00,-1746.63
2023-05-27 20:54,9800.00,6287.47,0.00,232.55,60.52,80.59,0.00,-1746.63
2023-05-27 20:55,9800.00,6211.31,0.00,233.10,60.46,80.05,0.00,-1746.63
2023-05-27 20:56,9800.00,6059.00,0.00,255.95,60.18,79.53,0.00,-1746.63
2023-05-27 20:57,9800.00,6059.00,0.00,254.98,59.79,79.01,0.00,-1746.63
2023-05-27 20:58,9800.00,6059.00,0.00,255.26,60.46,78.50,0.00,-1746.63
2023-05-27 20:59,9800.00,6059.00,0.00,254.98,60.14,78.01,0.00,-1746.63
2023-05-27 21:00,9800.00,6059.00,80.25,191.16,60.30,77.60,0.00,-1666.39
2023-05-27 21:01,9800.00,6059.00,0.00,5.81,61.03,77.48,0.00,-1746.63
2023-05-27 21:02,9800.00,6059.00,0.00,0.00,61.57,77.00,0.00,-1746.63
2023-05-27 21:03,9800.00,6059.00,0.00,0.00,61.96,76.12,0.00,-1746.63
2023-05-27 21:04,9800.00,6106.39,0.00,0.00,62.65,75.27,0.00,-1746.63
2023-05-27 21:05,9800.00,6161.47,0.00,0.00,62.26,74.67,0.00,-1746.63
2023-05-27 21:06,9800.00,6169.33,0.00,0.00,62.29,74.74,0.00,-1746.63
2023-05-27 21:07,9800.00,6262.92,0.00,0.00,62.72,74.54,0.00,-1746.63
2023-05-27 21:08,9800.00,6263.14,0.00,0.00,62.70,75.07,0.00,-1746.63
2023-05-27 21:09,9800.00,6351.71,0.00,0.00,62.77,75.02,0.00,-1746.63
2023-05-27 21:10,9800.00,6376.35,0.00,0.00,62.99,75.29,0.00,-1746.63
2023-05-27 21:11,9800.00,6469.38,0.00,0.00,63.13,75.42,0.00,-1746.63
2023-05-27 21:12,9800.00,6469.59,0.00,0.00,63.04,75.76,0.00,-1746.63
2023-05-27 21:13,9800.00,6564.18,0.00,0.00,63.01,75.73,0.00,-1746.63
2023-05-27 21:14,9800.00,6570.93,0.00,0.00,63.12,76.08,0.00,-1746.63
2023-05-27 21:15,9800.00,6610.86,0.00,0.00,62.92,76.01,0.00,-1746.63
2023-05-27 21:16,9800.00,6673.88,0.00,0.00,62.93,75.99,0.00,-1746.63
2023-05-27 21:17,9800.00,6711.71,0.00,0.00,62.72,76.21,0.00,-1746.63
2023-05-27 21:18,9800.00,6775.77,0.00,0.00,62.72,76.23,0.00,-1746.63
2023-05-27 21:19,9800.00,6798.83,0.00,0.00,62.71,76.51,0.00,-1746.63
2023-05-27 21:20,9800.00,6877.94,0.00,0.00,62.44,76.38,0.00,-1746.63
2023-05-27 21:21,9800.00,6902.25,0.00,0.00,62.53,76.56,0.00,-1746.63
2023-05-27 21:22,9800.00,6980.14,0.00,0.00,62.84,76.60,0.00,-1746.63
2023-05-27 21:23,9800.00,7031.87,0.00,0.00,62.71,76.85,0.00,-1746.63
2023-05-27 21:24,9800.00,7082.71,0.00,0.00,62.30,77.04,0.00,-1746.63
2023-05-27 21:25,9800.00,7160.39,0.00,0.00,62.27,77.26,0.00,-1746.63
2023-05-27 21:26,9800.00,7184.72,0.00,0.00,62.30,77.59,0.00,-1746.63
2023-05-27 21:27,9800.00,7231.85,0.00,0.00,62.24,77.57,0.00,-1746.63
2023-05-27 21:28,9800.00,7287.22,0.00,0.00,62.15,77.65,0.00,-1746.63
2023-05-27 21:29,9800.00,7343.02,0.00,0.00,61.83,77.80,0.00,-1746.63
2023-05-27 21:30,9800.00,7389.52,0.00,0.00,61.98,77.91,0.00,-1746.63
2023-05-27 21:31,9800.00,7448.43,0.00,0.00,62.14,78.05,0.00,-1746.63
2023-05-27 21:32,9800.00,7491.43,0.00,0.00,61.78,78.10,0.00,-1746.63
2023-05-27 21:33,9800.00,7570.77,0.00,0.00,61.74,78.20,0.00,-1746.63
2023-05-27 21:34,9800.00,7594.90,0.00,0.00,61.57,78.59,0.00,-1746.63
2023-05-27 21:35,9800.00,7691.06,0.00,0.00,61.24,78.62,0.00,-1746.63
2023-05-27 21:36,9800.00,7694.54,0.00,0.00,61.62,79.10,0.00,-1746.63
2023-05-27 21:37,9800.00,7694.54,0.00,0.00,61.63,78.94,0.00,-1746.63
2023-05-27 21:38,9800.00,7694.54,0.00,0.00,61.74,78.53,0.00,-1746.63
2023-05-27 21:39,9800.00,7739.41,0.00,0.00,61.85,78.13,0.00,-1746.63
2023-05-27 21:40,9800.00,7797.03,0.00,0.00,61.53,78.21,0.00,-1746.63
2023-05-27 21:41,9800.00,7797.03,0.00,0.00,61.38,78.37,0.00,-1746.63
2023-05-27 21:42,9800.00,7817.89,0.00,0.00,61.55,78.05,0.00,-1746.63
2023-05-27 21:43,9800.00,7899.20,0.00,0.00,61.94,77.88,0.00,-1746.63
2023-05-27 21:44,9800.00,7899.20,0.00,0.00,61.85,78.21,0.00,-1746.63
2023-05-27 21:45,9800.00,7967.40,0.00,0.00,61.56,78.07,0.00,-1746.63
2023-05-27 21:46,9800.00,8001.90,0.00,0.00,62.01,78.32,0.00,-1746.63
2023-05-27 21:47,9800.00,8062.76,0.00,0.00,61.86,78.34,0.00,-1746.63
2023-05-27 21:48,9800.00,8103.54,0.00,0.00,61.46,78.48,0.00,-1746.63
2023-05-27 21:49,9800.00,8148.87,0.00,0.00,61.40,78.58,0.00,-1746.63
2023-05-27 21:50,9800.00,8206.54,0.00,0.00,61.50,78.65,0.00,-1746.63
2023-05-27 21:51,9800.00,8206.54,0.00,0.00,61.28,78.78,0.00,-1746.63
2023-05-27 21:52,9800.00,8206.54,0.00,94.74,61.28,78.57,0.00,-1746.63
2023-05-27 21:53,9800.00,8206.54,0.00,232.92,58.53,78.25,0.00,-1746.63
2023-05-27 21:54,9800.00,8106.85,0.00,242.51,57.65,77.86,0.00,-1746.63
2023-05-27 21:55,9800.00,8057.00,0.00,244.07,57.64,77.44,0.00,-1746.63
2023-05-27 21:56,9800.00,8057.00,0.00,245.05,57.58,76.94,0.00,-1746.63
2023-05-27 21:57,9800.00,8057.00,21.50,245.19,57.58,76.55,0.00,-1725.13
2023-05-27 21:58,9800.00,8057.00,287.21,337.50,57.54,76.21,0.00,-1459.41
2023-05-27 21:59,9800.00,8057.00,812.01,624.46,57.51,76.14,0.00,-934.61
2023-05-27 22:00,9800.00,8057.00,1122.06,705.82,57.46,76.66,0.00,-624.57
2023-05-27 22:01,9800.00,8057.00,1138.93,706.81,57.44,79.06,0.00,-607.70
2023-05-27 22:02,9800.00,8057.00,1145.09,706.95,57.40,81.70,0.00,-601.54
2023-05-27 22:03,9800.00,8057.00,1150.94,706.95,57.48,85.19,0.00,-595.69
2023-05-27 22:04,9800.00,8057.00,1157.23,706.67,57.63,87.37,0.00,-589.39
2023-05-27 22:05,9800.00,8057.00,1155.94,706.81,57.81,85.57,0.00,-590.69
2023-05-27 22:06,9800.00,8057.00,1156.07,707.37,58.02,84.40,0.00,-590.56
2023-05-27 22:07,9800.00,8057.00,1154.77,707.79,58.30,83.97,0.00,-591.86
2023-05-27 22:08,9800.00,8057.00,1154.21,707.64,58.57,83.85,0.00,-592.42
2023-05-27 22:09,9800.00,8057.00,1069.20,614.46,58.92,84.00,0.00,-677.43
2023-05-27 22:10,9800.00,8057.00,0.00,15.91,59.14,84.48,0.00,-1746.63
2023-05-27 22:11,9800.00,8057.00,0.00,0.00,59.17,84.27,0.00,-1746.63
2023-05-27 22:12,9800.00,8066.91,0.00,0.00,59.21,83.91,0.00,-1746.63
2023-05-27 22:13,9800.00,8158.88,0.00,0.00,59.30,83.43,0.00,-1746.63
2023-05-27 22:14,9800.00,8197.78,0.00,0.00,59.49,83.53,0.00,-1746.63
2023-05-27 22:15,9800.00,8261.94,0.00,0.00,59.67,83.64,0.00,-1746.63
2023-05-27 22:16,9800.00,8331.54,0.00,0.00,59.94,83.95,0.00,-1746.63
2023-05-27 22:17,9800.00,8363.99,0.00,0.00,60.10,84.21,0.00,-1746.63
2023-05-27 22:18,9800.00,8389.45,0.00,0.00,60.34,84.03,0.00,-1746.63
2023-05-27 22:19,9800.00,8465.55,0.00,0.00,60.56,83.53,0.00,-1746.63
2023-05-27 22:20,9800.00,8492.81,0.00,0.00,60.78,83.51,0.00,-1746.63
2023-05-27 22:21,9800.00,8568.80,0.00,0.00,61.15,83.04,0.00,-1746.63
2023-05-27 22:22,9800.00,8582.51,0.00,0.00,61.32,83.05,0.00,-1746.63
2023-05-27 22:23,9800.00,8670.85,0.00,0.00,61.56,82.55,0.00,-1746.63
2023-05-27 22:24,9800.00,8702.31,0.00,0.00,61.43,82.61,0.00,-1746.63
2023-05-27 22:25,9800.00,8773.52,0.00,0.00,61.72,82.33,0.00,-1746.63
2023-05-27 22:26,9800.00,8823.09,0.00,0.00,61.42,82.27,0.00,-1746.63
2023-05-27 22:27,9800.00,8876.09,0.00,0.00,61.84,82.09,0.00,-1746.63
2023-05-27 22:28,9800.00,8925.51,0.00,0.00,61.99,82.01,0.00,-1746.63
2023-05-27 22:29,9800.00,8979.67,0.00,0.00,61.91,81.65,0.00,-1746.63
2023-05-27 22:30,9800.00,9023.75,0.00,0.00,61.86,81.49,0.00,-1746.63
2023-05-27 22:31,9800.00,9082.95,0.00,0.00,61.60,81.27,0.00,-1746.63
2023-05-27 22:32,9800.00,9131.31,0.00,0.00,61.95,81.22,0.00,-1746.63
2023-05-27 22:33,9800.00,9184.59,0.00,0.00,61.53,81.02,0.00,-1746.63
2023-05-27 22:34,9800.00,9258.17,0.00,0.00,61.63,80.98,0.00,-1746.63
2023-05-27 22:35,9800.00,9286.66,0.00,0.00,61.38,81.17,0.00,-1746.63
2023-05-27 22:36,9800.00,9300.52,0.00,0.00,61.62,80.99,0.00,-1746.63
2023-05-27 22:37,9800.00,9388.99,0.00,0.00,61.47,80.62,0.00,-1746.63
2023-05-27 22:38,9800.00,9427.18,0.00,0.00,61.16,80.68,0.00,-1746.63
2023-05-27 22:39,9800.00,9492.24,0.00,0.00,61.20,80.58,0.00,-1746.63
2023-05-27 22:40,9800.00,9546.42,0.00,0.00,61.22,80.54,0.00,-1746.63
2023-05-27 22:41,9800.00,9594.28,0.00,0.00,61.43,80.47,0.00,-1746.63
2023-05-27 22:42,9800.00,9624.43,0.00,0.00,61.23,80.47,0.00,-1746.63
2023-05-27 22:43,9800.00,9697.05,0.00,0.00,61.25,80.27,0.00,-1746.63
2023-05-27 22:44,9800.00,9737.41,0.00,0.00,61.25,80.44,0.00,-1746.63
2023-05-27 22:45,9800.00,9799.02,0.00,0.00,61.40,80.33,0.00,-1746.63
2023-05-27 22:46,9800.00,9758.35,0.00,0.00,61.77,80.42,0.00,-1746.63
2023-05-27 22:47,9800.00,9676.00,0.00,0.00,61.78,79.95,0.00,-1746.63
2023-05-27 22:48,9800.00,9676.00,0.00,0.00,61.74,79.30,0.00,-1746.63
2023-05-27 22:49,9800.00,9707.84,0.00,0.00,61.78,78.77,0.00,-1746.63
2023-05-27 22:50,9800.00,9710.10,0.00,0.00,61.90,78.75,0.00,-1746.63
2023-05-27 22:51,9800.00,9721.33,0.00,0.00,62.27,78.53,0.00,-1746.63
2023-05-27 22:52,9800.00,9744.95,0.00,0.00,62.43,78.44,0.00,-1746.63
2023-05-27 22:53,9800.00,9745.44,0.00,0.00,62.61,78.39,0.00,-1746.63
2023-05-27 22:54,9800.00,9778.33,0.00,0.00,62.47,78.20,0.00,-1746.63
2023-05-27 22:55,9800.00,9778.78,0.00,0.00,62.57,78.20,0.00,-1746.63
2023-05-27 22:56,9800.00,9777.87,0.00,144.25,62.27,77.87,0.00,-1746.63
2023-05-27 22:57,9800.00,9777.87,0.00,232.44,62.03,77.43,0.00,-1746.63
2023-05-27 22:58,9800.00,9777.87,0.00,238.38,61.96,76.95,0.00,-1746.63
2023-05-27 22:59,9800.00,9777.87,0.00,242.61,61.96,76.54,0.00,-1746.63
2023-05-27 23:00,9800.00,9777.87,90.57,231.26,61.89,76.17,0.00,-1656.06
2023-05-27 23:01,9800.00,9777.87,419.65,400.27,61.85,75.88,0.00,-1326.98
2023-05-27 23:02,9800.00,9777.87,1361.99,753.57,61.77,75.95,0.00,-384.64
2023-05-27 23:03,9800.00,9777.87,1674.70,804.41,61.67,76.77,0.00,-71.93
2023-05-27 23:04,9800.00,9777.87,1694.15,804.82,61.57,78.06,0.00,-52.48
2023-05-27 23:05,9800.00,9777.87,1702.29,805.52,61.51,79.23,0.00,-44.34
2023-05-27 23:06,9800.00,9777.87,1707.73,805.93,61.43,80.29,0.00,-38.90
2023-05-27 23:07,9800.00,9777.87,1711.38,806.35,61.44,81.14,0.00,-35.25
2023-05-27 23:08,9800.00,9777.87,1716.15,806.49,61.54,81.91,0.00,-30.47
2023-05-27 23:09,9800.00,9777.87,1723.77,806.63,61.73,82.52,0.00,-22.86
2023-05-27 23:10,9800.00,9777.87,1727.51,806.49,62.06,83.14,0.00,-19.12
2023-05-27 23:11,9800.00,9777.87,1726.78,806.49,62.50,83.89,0.00,-19.84
2023-05-27 23:12,9800.00,9776.97,1712.49,803.29,63.08,84.17,0.00,-34.13
2023-05-27 23:13,9800.00,9775.72,1716.35,803.99,63.74,84.53,0.00,-30.28
2023-05-27 23:14,9800.00,9777.08,1706.16,804.27,64.48,85.03,0.00,-40.46
2023-05-27 23:15,9800.00,9777.08,1702.25,804.27,65.29,85.41,0.00,-44.38
2023-05-27 23:16,9800.00,9777.08,1699.45,804.13,66.08,85.81,0.00,-47.18
2023-05-27 23:17,9800.00,9777.08,1697.35,804.41,66.95,86.30,0.00,-49.28
2023-05-27 23:18,9800.00,9777.08,1692.98,804.13,67.86,86.80,0.00,-53.65
2023-05-27 23:19,9800.00,9777.08,1685.79,804.13,68.70,87.48,0.00,-60.84
2023-05-27 23:20,9800.00,9777.08,1684.40,804.13,69.61,88.92,0.00,-62.23
2023-05-27 23:21,9800.00,9777.08,1674.98,804.12,70.53,89.02,0.00,-71.65
2023-05-27 23:22,9800.00,9777.08,1658.25,803.85,71.40,91.23,0.00,-88.38
2023-05-27 23:23,9800.00,9777.08,1657.75,804.27,72.24,93.38,0.00,-88.88
2023-05-27 23:24,9800.00,9777.08,1660.67,803.99,73.05,94.54,0.00,-85.95
2023-05-27 23:25,9800.00,9777.08,1675.42,803.99,73.84,94.92,0.00,-71.21
2023-05-27 23:26,9800.00,9777.08,1687.40,803.85,74.61,95.24,0.00,-59.23
2023-05-27 23:27,9800.00,9777.08,1686.04,804.13,75.33,94.38,0.00,-60.59
2023-05-27 23:28,9800.00,9777.08,1685.59,804.14,76.00,93.52,0.00,-61.04
2023-05-27 23:29,9800.00,9774.65,1695.07,806.85,76.63,93.33,0.00,-51.56
2023-05-27 23:30,9800.00,9777.03,1707.90,809.92,77.28,93.75,0.00,-38.73
2023-05-27 23:31,9800.00,9777.03,1706.46,809.92,77.86,94.17,0.00,-40.17
2023-05-27 23:32,9800.00,9777.03,1705.07,809.92,78.45,94.56,0.00,-41.56
2023-05-27 23:33,9800.00,9777.03,1703.70,809.92,79.02,94.88,0.00,-42.93
2023-05-27 23:34,9800.00,9777.03,1701.68,809.78,79.52,95.44,0.00,-44.94
2023-05-27 23:35,9800.00,9777.03,1699.86,809.78,80.06,96.09,0.00,-46.76
2023-05-27 23:36,9800.00,9777.03,1694.33,809.36,80.66,96.61,0.00,-52.29
2023-05-27 23:37,9800.00,9777.03,1681.73,809.92,81.27,96.97,0.00,-64.90
2023-05-27 23:38,9800.00,9777.03,1678.62,809.23,81.81,97.48,0.00,-68.01
2023-05-27 23:39,9800.00,9777.03,1676.93,809.36,82.35,97.77,0.00,-69.70
2023-05-27 23:40,9800.00,9777.03,1675.94,809.08,82.90,97.96,0.00,-70.69
2023-05-27 23:41,9800.00,9777.03,1674.97,808.95,83.45,98.29,0.00,-71.66
2023-05-27 23:42,9800.00,9779.59,163.06,37.43,83.60,103.20,0.00,-1583.57
2023-05-27 23:43,9800.00,9779.73,0.00,0.00,82.99,106.12,0.00,-1746.63
2023-05-27 23:44,9800.00,9779.73,0.00,0.00,82.20,104.88,0.00,-1746.63
2023-05-27 23:45,9800.00,9779.73,0.00,0.00,81.01,103.18,0.00,-1746.63
2023-05-27 23:46,9800.00,9779.73,0.00,0.00,81.02,100.93,0.00,-1746.63
2023-05-27 23:47,9800.00,9779.73,0.00,0.00,81.31,98.90,0.00,-1746.63
2023-05-27 23:48,9800.00,9779.73,0.00,0.00,81.41,97.14,0.00,-1746.63
2023-05-27 23:49,9800.00,9779.73,0.00,0.00,82.02,95.66,0.00,-1746.63
2023-05-27 23:50,9800.00,9779.73,0.00,0.00,82.66,94.29,0.00,-1746.63
2023-05-27 23:51,9800.00,9779.73,0.00,0.00,82.94,93.04,0.00,-1746.63
2023-05-27 23:52,9800.00,9779.73,0.00,0.00,83.03,91.98,0.00,-1746.63
2023-05-27 23:53,9800.00,9779.73,0.00,0.00,83.02,91.10,0.00,-1746.63
2023-05-27 23:54,9800.00,9779.73,0.00,0.00,83.07,90.27,0.00,-1746.63
2023-05-27 23:55,9800.00,9779.73,0.00,0.00,83.15,89.64,0.00,-1746.63
2023-05-27 23:56,9800.00,9779.73,0.00,0.00,83.23,89.11,0.00,-1746.63
2023-05-27 23:57,9800.00,9779.73,0.00,0.00,83.27,88.65,0.00,-1746.63
2023-05-27 23:58,9800.00,9779.73,0.00,0.00,83.26,88.71,0.00,-1746.63
2023-05-27 23:59,9800.00,9779.73,0.00,0.00,83.02,88.77,0.00,-1746.63
2023-05-28 00:00,9800.00,9779.73,0.00,0.00,82.85,88.95,0.00,-1746.63
2023-05-28 00:01,9800.00,9779.73,0.00,0.00,82.56,89.34,0.00,-1746.63
2023-05-28 00:02,9800.00,9779.73,0.00,0.00,82.48,89.62,0.00,-1746.63
2023-05-28 00:03,9800.00,9779.73,0.00,0.00,81.96,89.80,0.00,-1746.63
2023-05-28 00:04,9800.00,9779.73,0.00,0.00,81.72,89.97,0.00,-1746.63
2023-05-28 00:05,9800.00,9779.73,0.00,0.00,81.74,90.30,0.00,-1746.63
2023-05-28 00:06,9800.00,9779.73,0.00,0.00,81.65,90.16,0.00,-1746.63
2023-05-28 00:07,9800.00,9779.73,0.00,0.00,81.94,90.05,0.00,-1746.63
2023-05-28 00:08,9800.00,9779.73,0.00,0.00,82.05,89.71,0.00,-1746.63
2023-05-28 00:09,9800.00,9779.73,0.00,0.00,81.58,89.10,0.00,-1746.63
2023-05-28 00:10,9800.00,9779.73,0.00,0.00,81.62,88.36,0.00,-1746.63
2023-05-28 00:11,9800.00,9779.73,0.00,0.00,81.42,87.53,0.00,-1746.63
2023-05-28 00:12,9800.00,9779.73,0.00,0.00,81.58,86.70,0.00,-1746.63
2023-05-28 00:13,9800.00,9779.73,0.00,0.00,81.52,85.83,0.00,-1746.63
2023-05-28 00:14,9800.00,9779.73,0.00,0.00,81.63,85.10,0.00,-1746.63
2023-05-28 00:15,9800.00,9779.73,0.00,0.00,81.62,84.45,0.00,-1746.63
2023-05-28 00:16,9800.00,9779.73,0.00,0.00,81.52,83.86,0.00,-1746.63
2023-05-28 00:17,9800.00,9779.73,0.00,0.00,81.21,83.37,0.00,-1746.63
2023-05-28 00:18,9800.00,9779.73,0.00,0.00,81.31,82.87,0.00,-1746.63
2023-05-28 00:19,9800.00,9779.73,0.00,0.00,80.70,82.38,0.00,-1746.63
2023-05-28 00:20,9800.00,9779.73,0.00,0.00,80.21,81.87,0.00,-1746.63
2023-05-28 00:21,9800.00,9779.73,0.00,0.00,79.91,81.38,0.00,-1746.63
2023-05-28 00:22,9800.00,9779.73,0.00,0.00,80.24,80.84,0.00,-1746.63
2023-05-28 00:23,9800.00,9779.73,0.00,0.00,80.84,80.31,0.00,-1746.63
2023-05-28 00:24,9800.00,9779.73,0.00,0.00,81.31,79.77,0.00,-1746.63
2023-05-28 00:25,9800.00,9779.73,0.00,0.00,81.36,79.22,0.00,-1746.63
2023-05-28 00:26,9800.00,9779.73,0.00,0.00,81.39,78.74,0.00,-1746.63
2023-05-28 00:27,9800.00,9779.73,0.00,0.00,81.17,78.25,0.00,-1746.63
2023-05-28 00:28,9800.00,9779.73,0.00,0.00,81.05,77.78,0.00,-1746.63
2023-05-28 00:29,9800.00,9779.73,0.00,0.00,80.80,77.26,0.00,-1746.63
2023-05-28 00:30,9800.00,9779.73,0.00,0.00,80.53,76.81,0.00,-1746.63
2023-05-28 00:31,9800.00,9779.73,0.00,0.00,80.77,76.36,0.00,-1746.63
2023-05-28 00:32,9800.00,9779.73,0.00,0.00,80.47,75.93,0.00,-1746.63
2023-05-28 00:33,9800.00,9779.73,0.00,0.00,80.15,75.50,0.00,-1746.63
2023-05-28 00:34,9800.00,9779.73,0.00,0.00,80.02,75.10,0.00,-1746.63
2023-05-28 00:35,9800.00,9779.73,0.00,0.00,79.98,74.73,0.00,-1746.63
2023-05-28 00:36,9800.00,9779.73,0.00,0.00,79.84,74.34,0.00,-1746.63
2023-05-28 00:37,9800.00,9779.73,0.00,0.00,79.66,73.96,0.00,-1746.63
2023-05-28 00:38,9800.00,9779.73,0.00,0.00,79.44,73.60,0.00,-1746.63
2023-05-28 00:39,9800.00,9779.73,0.00,0.00,79.48,73.27,0.00,-1746.63
2023-05-28 00:40,9800.00,9779.73,0.00,0.00,79.41,72.94,0.00,-1746.63
2023-05-28 00:41,9800.00,9779.73,0.00,0.00,79.10,72.64,0.00,-1746.63
2023-05-28 00:42,9800.00,9779.73,0.00,0.00,78.92,72.34,0.00,-1746.63
2023-05-28 00:43,9800.00,9779.73,0.00,0.00,78.86,72.00,0.00,-1746.63
2023-05-28 00:44,9800.00,9779.73,0.00,0.00,78.73,71.75,0.00,-1746.63
2023-05-28 00:45,9800.00,9779.73,0.00,0.00,78.57,71.46,0.00,-1746.63
2023-05-28 00:46,9800.00,9779.73,0.00,0.00,78.50,71.16,0.00,-1746.63
2023-05-28 00:47,9800.00,9779.73,0.00,0.00,78.28,70.90,0.00,-1746.63
2023-05-28 00:48,9800.00,9779.73,0.00,0.00,78.16,70.62,0.00,-1746.63
2023-05-28 00:49,9800.00,9779.73,0.00,0.00,77.92,70.33,0.00,-1746.63
2023-05-28 00:50,9800.00,9779.73,0.00,0.00,77.89,70.08,0.00,-1746.63
2023-05-28 00:51,9800.00,9779.73,0.00,0.00,77.64,69.83,0.00,-1746.63
2023-05-28 00:52,9800.00,9779.73,0.00,0.00,77.45,69.58,0.00,-1746.63
2023-05-28 00:53,9800.00,9779.73,0.00,0.00,77.35,69.37,0.00,-1746.63
2023-05-28 00:54,9800.00,9779.73,0.00,0.00,77.05,69.17,0.00,-1746.63
2023-05-28 00:55,9800.00,9779.73,0.00,0.00,76.96,68.94,0.00,-1746.63
2023-05-28 00:56,9800.00,9779.73,0.00,0.00,76.93,68.74,0.00,-1746.63
2023-05-28 00:57,9800.00,9779.73,0.00,0.00,76.92,68.52,0.00,-1746.63
2023-05-28 00:58,9800.00,9779.73,0.00,0.00,76.81,68.36,0.00,-1746.63
2023-05-28 00:59,9800.00,9779.73,0.00,0.00,76.71,68.17,0.00,-1746.63
2023-05-28 01:00,9800.00,9779.73,0.00,0.00,76.55,67.99,0.00,-1746.63
2023-05-28 01:01,9800.00,9779.73,0.00,0.00,76.43,67.83,0.00,-1746.63
2023-05-28 01:02,9800.00,9779.73,0.00,0.00,76.35,67.69,0.00,-1746.63
2023-05-28 01:03,9800.00,9779.73,0.00,0.00,76.10,67.52,0.00,-1746.63
2023-05-28 01:04,9800.00,9779.73,0.00,0.00,75.92,67.38,0.00,-1746.63
2023-05-28 01:05,9800.00,9779.73,0.00,0.00,75.83,67.23,0.00,-1746.63
2023-05-28 01:06,9800.00,9779.73,0.00,0.00,75.73,67.09,0.00,-1746.63
2023-05-28 01:07,9800.00,9779.73,0.00,0.00,75.70,66.95,0.00,-1746.63
2023-05-28 01:08,9800.00,9779.73,0.00,0.00,75.61,66.82,0.00,-1746.63
2023-05-28 01:09,9800.00,9779.73,0.00,0.00,75.48,66.65,0.00,-1746.63
2023-05-28 01:10,9800.00,9779.73,0.00,0.00,75.45,66.54,0.00,-1746.63
2023-05-28 01:11,9800.00,9779.73,0.00,0.00,75.27,66.41,0.00,-1746.63
2023-05-28 01:12,9800.00,9779.73,0.00,0.00,75.18,66.28,0.00,-1746.63
2023-05-28 01:13,9800.00,9779.73,0.00,0.00,75.08,66.15,0.00,-1746.63
2023-05-28 01:14,9800.00,9779.73,0.00,0.00,74.97,66.05,0.00,-1746.63
2023-05-28 01:15,9800.00,9779.73,0.00,0.00,74.84,65.91,0.00,-1746.63
2023-05-28 01:16,9800.00,9779.73,0.00,0.00,74.72,65.76,0.00,-1746.63
2023-05-28 01:17,9800.00,9779.73,0.00,0.00,74.50,65.63,0.00,-1746.63
2023-05-28 01:18,9800.00,9779.73,0.00,0.00,74.26,65.52,0.00,-1746.63
2023-05-28 01:19,9800.00,9779.73,0.00,0.00,74.12,65.38,0.00,-1746.63
2023-05-28 01:20,9800.00,9779.73,0.00,0.00,73.99,65.28,0.00,-1746.63
2023-05-28 01:21,9800.00,9779.73,0.00,0.00,73.84,65.14,0.00,-1746.63
2023-05-28 01:22,9800.00,9779.73,0.00,0.00,73.70,64.97,0.00,-1746.63
2023-05-28 01:23,9800.00,9779.73,0.00,0.00,73.50,64.89,0.00,-1746.63
2023-05-28 01:24,9800.00,9779.73,0.00,0.00,73.23,64.75,0.00,-1746.63
2023-05-28 01:25,9800.00,9779.73,0.00,0.00,73.10,64.61,0.00,-1746.63
2023-05-28 01:26,9800.00,9779.73,0.00,0.00,72.96,64.43,0.00,-1746.63
2023-05-28 01:27,9800.00,9779.73,0.00,0.00,72.86,64.33,0.00,-1746.63
2023-05-28 01:28,9800.00,9779.73,0.00,0.00,72.76,64.19,0.00,-1746.63
2023-05-28 01:29,9800.00,9779.73,0.00,0.00,72.68,64.04,0.00,-1746.63
2023-05-28 01:30,9800.00,9779.73,0.00,0.00,72.59,63.88,0.00,-1746.63
2023-05-28 01:31,9800.00,9779.73,0.00,0.00,72.44,63.78,0.00,-1746.63
2023-05-28 01:32,9800.00,9779.73,0.00,0.00,72.26,63.66,0.00,-1746.63
2023-05-28 01:33,9800.00,9779.73,0.00,0.00,72.03,63.52,0.00,-1746.63
2023-05-28 01:34,9800.00,9779.73,0.00,0.00,72.00,63.38,0.00,-1746.63
2023-05-28 01:35,9800.00,9779.73,0.00,0.00,71.80,63.32,0.00,-1746.63
2023-05-28 01:36,9800.00,9779.73,0.00,0.00,71.60,63.17,0.00,-1746.63
2023-05-28 01:37,9800.00,9779.73,0.00,0.00,71.45,63.08,0.00,-1746.63
2023-05-28 01:38,9800.00,9779.73,0.00,0.00,71.39,62.97,0.00,-1746.63
2023-05-28 01:39,9800.00,9779.73,0.00,0.00,71.17,62.84,0.00,-1746.63
2023-05-28 01:40,9800.00,9779.73,0.00,0.00,70.86,62.72,0.00,-1746.63
2023-05-28 01:41,9800.00,9779.73,0.00,0.00,70.75,62.62,0.00,-1746.63
2023-05-28 01:42,9800.00,9779.73,0.00,0.00,70.54,62.51,0.00,-1746.63
2023-05-28 01:43,9800.00,9779.73,0.00,0.00,70.29,62.42,0.00,-1746.63
2023-05-28 01:44,9800.00,9779.73,0.00,0.00,70.23,62.31,0.00,-1746.63
2023-05-28 01:45,9800.00,9779.73,0.00,0.00,70.12,62.24,0.00,-1746.63
2023-05-28 01:46,9800.00,9779.73,0.00,0.00,70.02,62.15,0.00,-1746.63
2023-05-28 01:47,9800.00,9779.73,0.00,0.00,69.84,62.08,0.00,-1746.63
2023-05-28 01:48,9800.00,9779.73,0.00,0.00,69.73,61.97,0.00,-1746.63
2023-05-28 01:49,9800.00,9779.73,0.00,0.00,69.50,61.88,0.00,-1746.63
2023-05-28 01:50,9800.00,9779.73,0.00,0.00,69.27,61.78,0.00,-1746.63
2023-05-28 01:51,9800.00,9779.73,0.00,0.00,69.14,61.70,0.00,-1746.63
2023-05-28 01:52,9800.00,9779.73,0.00,0.00,69.12,61.61,0.00,-1746.63
2023-05-28 01:53,9800.00,9779.73,0.00,0.00,68.93,61.50,0.00,-1746.63
2023-05-28 01:54,9800.00,9779.73,0.00,0.00,68.69,61.41,0.00,-1746.63
2023-05-28 01:55,9800.00,9779.73,0.00,0.00,68.62,61.31,0.00,-1746.63
2023-05-28 01:56,9800.00,9779.73,0.00,0.00,68.50,61.22,0.00,-1746.63
2023-05-28 01:57,9800.00,9779.73,0.00,0.00,68.38,61.14,0.00,-1746.63
2023-05-28 01:58,9800.00,9779.73,0.00,0.00,68.27,61.04,0.00,-1746.63
2023-05-28 01:59,9800.00,9779.73,0.00,0.00,68.19,60.93,0.00,-1746.63
2023-05-28 02:00,9800.00,9779.73,0.00,0.00,68.07,60.83,0.00,-1746.63
2023-05-28 02:01,9800.00,9779.73,0.00,0.00,67.88,60.72,0.00,-1746.63
2023-05-28 02:02,9800.00,9779.73,0.00,0.00,67.79,60.61,0.00,-1746.63
2023-05-28 02:03,9800.00,9779.73,0.00,0.00,67.67,60.52,0.00,-1746.63
2023-05-28 02:04,9800.00,9779.73,0.00,0.00,67.48,60.44,0.00,-1746.63
2023-05-28 02:05,9800.00,9779.73,0.00,0.00,67.42,60.34,0.00,-1746.63
2023-05-28 02:06,9800.00,9779.73,0.00,0.00,67.38,60.26,0.00,-1746.63
2023-05-28 02:07,9800.00,9779.73,0.00,0.00,67.26,60.15,0.00,-1746.63
2023-05-28 02:08,9800.00,9779.73,0.00,0.00,67.11,60.03,0.00,-1746.63
2023-05-28 02:09,9800.00,9779.73,0.00,0.00,66.89,59.98,0.00,-1746.63
2023-05-28 02:10,9800.00,9779.73,0.00,0.00,66.87,59.92,0.00,-1746.63
2023-05-28 02:11,9800.00,9779.73,0.00,0.00,66.92,59.85,0.00,-1746.63
2023-05-28 02:12,9800.00,9779.73,0.00,0.00,66.67,59.77,0.00,-1746.63
2023-05-28 02:13,9800.00,9779.73,0.00,0.00,66.64,59.71,0.00,-1746.63
2023-05-28 02:14,9800.00,9779.73,0.00,0.00,66.52,59.64,0.00,-1746.63
2023-05-28 02:15,9800.00,9779.73,0.00,0.00,66.41,59.57,0.00,-1746.63
2023-05-28 02:16,9800.00,9779.73,0.00,0.00,66.27,59.50,0.00,-1746.63
2023-05-28 02:17,9800.00,9779.73,0.00,0.00,66.21,59.44,0.00,-1746.63
2023-05-28 02:18,9800.00,9779.73,0.00,0.00,66.16,59.44,0.00,-1746.63
2023-05-28 02:19,9800.00,9779.73,0.00,0.00,65.98,59.38,0.00,-1746.63
2023-05-28 02:20,9800.00,9779.73,0.00,0.00,65.89,59.34,0.00,-1746.63
2023-05-28 02:21,9800.00,9779.73,0.00,0.00,65.69,59.30,0.00,-1746.63
2023-05-28 02:22,9800.00,9779.73,0.00,0.00,65.63,59.26,0.00,-1746.63
2023-05-28 02:23,9800.00,9779.73,0.00,0.00,65.54,59.24,0.00,-1746.63
2023-05-28 02:24,9800.00,9779.73,0.00,0.00,65.51,59.21,0.00,-1746.63
2023-05-28 02:25,9800.00,9779.73,0.00,0.00,65.56,59.17,0.00,-1746.63
2023-05-28 02:26,9800.00,9779.73,0.00,0.00,65.46,59.14,0.00,-1746.63
2023-05-28 02:27,9800.00,9779.73,0.00,0.00,65.28,59.11,0.00,-1746.63
2023-05-28 02:28,9800.00,9779.73,0.00,0.00,65.19,59.11,0.00,-1746.63
2023-05-28 02:29,9800.00,9779.73,0.00,0.00,65.10,59.06,0.00,-1746.63
2023-05-28 02:30,9800.00,9779.73,0.00,0.00,64.90,59.04,0.00,-1746.63
2023-05-28 02:31,9800.00,9779.73,0.00,0.00,64.72,59.04,0.00,-1746.63
2023-05-28 02:32,9800.00,9779.73,0.00,0.00,64.85,58.99,0.00,-1746.63
2023-05-28 02:33,9800.00,9779.73,0.00,0.00,64.71,58.97,0.00,-1746.63
2023-05-28 02:34,9800.00,9779.73,0.00,0.00,64.44,58.97,0.00,-1746.63
2023-05-28 02:35,9800.00,9779.73,0.00,0.00,64.27,58.97,0.00,-1746.63
2023-05-28 02:36,9800.00,9779.73,0.00,0.00,64.33,58.91,0.00,-1746.63
2023-05-28 02:37,9800.00,9779.73,0.00,0.00,64.16,58.91,0.00,-1746.63
2023-05-28 02:38,9800.00,9779.73,0.00,0.00,63.87,58.91,0.00,-1746.63
2023-05-28 02:39,9800.00,9779.73,0.00,0.00,63.82,58.86,0.00,-1746.63
2023-05-28 02:40,9800.00,9779.73,0.00,0.00,63.72,58.83,0.00,-1746.63
2023-05-28 02:41,9800.00,9779.73,0.00,0.00,63.83,58.78,0.00,-1746.63
2023-05-28 02:42,9800.00,9779.73,0.00,0.00,63.75,58.77,0.00,-1746.63
2023-05-28 02:43,9800.00,9779.73,0.00,0.00,63.83,58.72,0.00,-1746.63
2023-05-28 02:44,9800.00,9779.73,0.00,0.00,63.68,58.66,0.00,-1746.63
2023-05-28 02:45,9800.00,9779.73,0.00,0.00,63.51,58.64,0.00,-1746.63
2023-05-28 02:46,9800.00,9779.73,0.00,0.00,63.30,58.63,0.00,-1746.63
2023-05-28 02:47,9800.00,9779.73,0.00,13.15,63.30,58.58,0.00,-1746.63
2023-05-28 02:48,9800.00,9779.73,0.00,73.92,63.04,58.57,0.00,-1746.63
2023-05-28 02:49,9800.00,9779.73,0.00,69.49,62.76,58.75,0.00,-1746.63
2023-05-28 02:50,9800.00,9779.73,0.00,74.47,61.82,60.66,0.00,-1746.63
2023-05-28 02:51,9800.00,9779.73,0.00,83.05,61.59,63.46,0.00,-1746.63
2023-05-28 02:52,9800.00,9779.73,0.00,110.60,61.17,66.95,0.00,-1746.63
2023-05-28 02:53,9800.00,9779.73,48.02,134.13,61.04,70.53,0.00,-1698.60
2023-05-28 02:54,9800.00,9779.73,59.04,142.02,60.88,72.67,0.00,-1687.58
2023-05-28 02:55,9800.00,9779.73,84.39,164.03,60.25,73.94,0.00,-1662.24
2023-05-28 02:56,9800.00,9779.73,98.94,174.83,59.81,74.98,0.00,-1647.69
2023-05-28 02:57,9800.00,9779.73,94.80,174.69,59.67,75.86,0.00,-1651.83
2023-05-28 02:58,9800.00,9779.73,92.08,174.00,59.58,76.56,0.00,-1654.55
2023-05-28 02:59,9800.00,9779.73,91.24,173.58,59.68,77.14,0.00,-1655.38
2023-05-28 03:00,9800.00,9779.73,90.62,173.58,59.94,77.76,0.00,-1656.01
2023-05-28 03:01,9800.00,9779.73,92.66,173.58,60.02,78.39,0.00,-1653.97
2023-05-28 03:02,9800.00,9779.73,96.95,174.13,60.18,79.00,0.00,-1649.68
2023-05-28 03:03,9800.00,9779.73,115.44,187.15,60.27,79.32,0.00,-1631.18
2023-05-28 03:04,9800.00,9779.73,125.57,194.07,59.55,79.49,0.00,-1621.06
2023-05-28 03:05,9800.00,9779.73,128.94,194.49,59.82,79.48,0.00,-1617.69
2023-05-28 03:06,9800.00,9779.73,130.83,194.63,59.79,79.31,0.00,-1615.79
2023-05-28 03:07,9800.00,9779.73,127.14,194.21,59.71,79.15,0.00,-1619.49
2023-05-28 03:08,9800.00,9779.73,128.07,194.35,59.82,79.12,0.00,-1618.56
2023-05-28 03:09,9800.00,9779.73,127.53,194.35,59.91,79.02,0.00,-1619.10
2023-05-28 03:10,9800.00,9779.73,126.69,194.35,59.68,78.89,0.00,-1619.94
2023-05-28 03:11,9800.00,9779.73,126.73,194.21,59.68,78.75,0.00,-1619.90
2023-05-28 03:12,9800.00,9779.73,126.90,193.94,59.98,78.56,0.00,-1619.73
2023-05-28 03:13,9800.00,9779.73,129.45,194.07,60.06,78.35,0.00,-1617.18
2023-05-28 03:14,9800.00,9779.73,126.13,193.66,59.77,78.24,0.00,-1620.50
2023-05-28 03:15,9800.00,9779.73,126.12,194.07,59.34,78.14,0.00,-1620.50
2023-05-28 03:16,9800.00,9779.73,125.90,193.52,58.90,78.00,0.00,-1620.73
2023-05-28 03:17,9800.00,9779.73,126.26,194.21,58.77,77.82,0.00,-1620.37
2023-05-28 03:18,9800.00,9779.73,126.18,193.66,58.78,77.68,0.00,-1620.44
2023-05-28 03:19,9800.00,9779.73,126.83,196.43,59.00,77.57,0.00,-1619.80
2023-05-28 03:20,9800.00,9779.73,196.71,241.69,58.98,77.58,0.00,-1549.92
2023-05-28 03:21,9800.00,9779.73,211.93,250.68,59.36,77.61,0.00,-1534.70
2023-05-28 03:22,9800.00,9779.73,220.44,252.90,59.22,77.50,0.00,-1526.19
2023-05-28 03:23,9800.00,9779.73,216.85,252.91,58.68,77.49,0.00,-1529.78
2023-05-28 03:24,9800.00,9779.73,239.99,266.19,59.01,77.43,0.00,-1506.64
2023-05-28 03:25,9800.00,9779.73,262.50,278.51,58.84,77.57,0.00,-1484.13
2023-05-28 03:26,9800.00,9779.73,270.44,279.89,58.93,77.74,0.00,-1476.19
2023-05-28 03:27,9800.00,9779.73,266.99,279.89,59.13,77.99,0.00,-1479.64
2023-05-28 03:28,9800.00,9779.73,272.67,283.08,59.04,78.08,0.00,-1473.95
2023-05-28 03:29,9800.00,9779.73,287.40,287.51,59.15,78.18,0.00,-1459.23
2023-05-28 03:30,9800.00,9779.73,317.06,303.98,59.28,78.28,0.00,-1429.56
2023-05-28 03:31,9800.00,9779.73,325.43,303.43,59.28,78.23,0.00,-1421.20
2023-05-28 03:32,9800.00,9779.73,316.66,303.98,59.51,78.14,0.00,-1429.97
2023-05-28 03:33,9800.00,9779.73,326.48,303.43,59.56,78.03,0.00,-1420.15
2023-05-28 03:34,9800.00,9779.73,320.95,303.98,59.68,77.96,0.00,-1425.68
2023-05-28 03:35,9800.00,9779.73,323.71,303.70,59.83,77.81,0.00,-1422.92
2023-05-28 03:36,9800.00,9779.73,320.01,303.98,59.97,77.67,0.00,-1426.62
2023-05-28 03:37,9800.00,9779.73,346.17,315.75,60.19,77.59,0.00,-1400.46
2023-05-28 03:38,9800.00,9779.73,367.42,326.82,60.29,77.38,0.00,-1379.21
2023-05-28 03:39,9800.00,9779.73,374.59,329.04,60.42,77.12,0.00,-1372.03
2023-05-28 03:40,9800.00,9779.73,375.29,328.90,60.56,76.86,0.00,-1371.34
2023-05-28 03:41,9800.00,9779.73,375.78,328.90,60.88,76.65,0.00,-1370.85
2023-05-28 03:42,9800.00,9779.73,387.24,328.07,60.90,76.52,0.00,-1359.39
2023-05-28 03:43,9800.00,9779.73,386.21,327.79,61.00,76.35,0.00,-1360.42
2023-05-28 03:44,9800.00,9779.73,377.96,328.90,61.15,76.23,0.00,-1368.66
2023-05-28 03:45,9800.00,9779.73,378.91,328.48,61.23,76.07,0.00,-1367.71
2023-05-28 03:46,9800.00,9779.73,379.66,328.62,61.47,75.92,0.00,-1366.96
2023-05-28 03:47,9800.00,9779.73,382.03,328.35,61.78,75.86,0.00,-1364.60
2023-05-28 03:48,9800.00,9779.73,381.49,328.35,62.05,75.77,0.00,-1365.14
2023-05-28 03:49,9800.00,9779.73,385.41,328.21,62.10,75.70,0.00,-1361.22
2023-05-28 03:50,9800.00,9779.73,390.00,328.07,62.34,75.70,0.00,-1356.62
2023-05-28 03:51,9800.00,9779.73,401.46,326.95,62.54,75.69,0.00,-1345.16
2023-05-28 03:52,9800.00,9779.73,386.81,328.07,62.63,75.64,0.00,-1359.82
2023-05-28 03:53,9800.00,9779.73,400.50,326.81,62.87,75.63,0.00,-1346.12
2023-05-28 03:54,9800.00,9779.73,423.12,334.02,63.12,75.63,0.00,-1323.51
2023-05-28 03:55,9800.00,9779.73,423.54,337.48,63.23,75.59,0.00,-1323.09
2023-05-28 03:56,9800.00,9779.73,438.02,336.79,63.49,75.43,0.00,-1308.60
2023-05-28 03:57,9800.00,9779.73,442.67,342.46,63.53,75.33,0.00,-1303.96
2023-05-28 03:58,9800.00,9779.73,453.55,349.66,63.70,75.33,0.00,-1293.08
2023-05-28 03:59,9800.00,9779.73,328.55,272.70,63.95,75.40,0.00,-1418.08
2023-05-28 04:00,9800.00,9779.73,0.00,15.50,63.98,76.50,0.00,-1746.63
2023-05-28 04:01,9800.00,9779.73,0.00,0.00,63.97,77.44,0.00,-1746.63
2023-05-28 04:02,9800.00,9779.73,0.00,0.00,64.15,77.69,0.00,-1746.63
2023-05-28 04:03,9800.00,9779.73,0.00,0.00,64.39,77.56,0.00,-1746.63
2023-05-28 04:04,9800.00,9779.73,0.00,0.00,64.45,77.27,0.00,-1746.63
2023-05-28 04:05,9800.00,9779.73,0.00,0.00,64.62,76.91,0.00,-1746.63
2023-05-28 04:06,9800.00,9779.73,0.00,0.00,64.69,76.52,0.00,-1746.63
2023-05-28 04:07,9800.00,9779.73,0.00,0.00,64.78,76.07,0.00,-1746.63
2023-05-28 04:08,9800.00,9779.73,0.00,0.00,64.67,75.61,0.00,-1746.63
2023-05-28 04:09,9800.00,9779.73,0.00,0.00,64.62,75.10,0.00,-1746.63
2023-05-28 04:10,9800.00,9779.73,0.00,0.00,64.56,74.64,0.00,-1746.63
2023-05-28 04:11,9800.00,9779.73,0.00,0.00,64.54,74.11,0.00,-1746.63
2023-05-28 04:12,9800.00,9779.73,0.00,0.00,64.43,73.62,0.00,-1746.63
2023-05-28 04:13,9800.00,9779.73,0.00,0.00,64.13,73.14,0.00,-1746.63
2023-05-28 04:14,9800.00,9779.73,0.00,0.00,64.20,72.74,0.00,-1746.63
2023-05-28 04:15,9800.00,9779.73,0.00,0.00,64.20,72.28,0.00,-1746.63
2023-05-28 04:16,9800.00,9779.73,0.00,0.00,64.15,71.83,0.00,-1746.63
2023-05-28 04:17,9800.00,9779.73,0.00,0.00,64.15,71.36,0.00,-1746.63
2023-05-28 04:18,9800.00,9779.73,0.00,0.00,64.11,70.89,0.00,-1746.63
2023-05-28 04:19,9800.00,9779.73,0.00,0.00,64.06,70.44,0.00,-1746.63
2023-05-28 04:20,9800.00,9779.73,0.00,0.00,64.08,69.92,0.00,-1746.63
2023-05-28 04:21,9800.00,9779.73,0.00,0.00,63.96,69.49,0.00,-1746.63
2023-05-28 04:22,9800.00,9779.73,0.00,0.00,63.93,69.07,0.00,-1746.63
2023-05-28 04:23,9800.00,9779.73,0.00,0.00,63.86,68.61,0.00,-1746.63
2023-05-28 04:24,9800.00,9779.73,0.00,0.00,63.72,68.18,0.00,-1746.63
2023-05-28 04:25,9800.00,9779.73,0.00,0.00,63.69,67.78,0.00,-1746.63
2023-05-28 04:26,9800.00,9779.73,0.00,0.00,63.69,67.37,0.00,-1746.63
2023-05-28 04:27,9800.00,9779.73,0.00,0.00,63.72,67.02,0.00,-1746.63
2023-05-28 04:28,9800.00,9779.73,0.00,0.00,63.56,66.64,0.00,-1746.63
2023-05-28 04:29,9800.00,9779.73,0.00,0.00,63.47,66.47,0.00,-1746.63
2023-05-28 04:30,9800.00,9779.73,0.00,0.00,63.40,66.41,0.00,-1746.63
2023-05-28 04:31,9800.00,9779.73,0.00,0.00,63.30,66.33,0.00,-1746.63
2023-05-28 04:32,9800.00,9779.73,0.00,0.00,63.37,66.23,0.00,-1746.63
2023-05-28 04:33,9800.00,9779.73,0.00,0.00,63.33,66.14,0.00,-1746.63
2023-05-28 04:34,9800.00,9779.73,0.00,0.00,63.37,66.14,0.00,-1746.63
2023-05-28 04:35,9800.00,9779.73,0.00,0.00,63.23,66.14,0.00,-1746.63
2023-05-28 04:36,9800.00,9779.73,0.00,0.00,63.19,66.20,0.00,-1746.63
2023-05-28 04:37,9800.00,9779.73,0.00,0.00,63.05,66.17,0.00,-1746.63
2023-05-28 04:38,9800.00,9779.73,0.00,0.00,63.04,66.11,0.00,-1746.63
2023-05-28 04:39,9800.00,9779.73,0.00,0.00,63.05,66.01,0.00,-1746.63
2023-05-28 04:40,9800.00,9779.73,0.00,0.00,62.65,66.03,0.00,-1746.63
2023-05-28 04:41,9800.00,9779.73,0.00,0.00,62.42,65.98,0.00,-1746.63
2023-05-28 04:42,9800.00,9779.73,0.00,0.00,62.17,65.89,0.00,-1746.63
2023-05-28 04:43,9800.00,9779.73,0.00,0.00,61.91,65.75,0.00,-1746.63
2023-05-28 04:44,9800.00,9779.73,0.00,0.00,61.78,65.60,0.00,-1746.63
2023-05-28 04:45,9800.00,9779.73,0.00,0.00,61.83,65.49,0.00,-1746.63
2023-05-28 04:46,9800.00,9779.73,0.00,0.00,61.67,65.43,0.00,-1746.63
2023-05-28 04:47,9800.00,9779.73,0.00,0.00,61.67,65.47,0.00,-1746.63
2023-05-28 04:48,9800.00,9779.73,0.00,0.00,61.50,65.42,0.00,-1746.63
2023-05-28 04:49,9800.00,9779.73,0.00,0.00,61.66,65.39,0.00,-1746.63
2023-05-28 04:50,9800.00,9779.73,0.00,0.00,61.58,65.26,0.00,-1746.63
2023-05-28 04:51,9800.00,9779.73,0.00,0.00,61.69,65.19,0.00,-1746.63
2023-05-28 04:52,9800.00,9779.73,0.00,0.00,61.46,65.16,0.00,-1746.63
2023-05-28 04:53,9800.00,9779.73,0.00,0.00,61.47,65.05,0.00,-1746.63
2023-05-28 04:54,9800.00,9779.73,0.00,0.00,61.48,64.98,0.00,-1746.63
2023-05-28 04:55,9800.00,9779.73,0.00,0.00,61.50,64.89,0.00,-1746.63
2023-05-28 04:56,9800.00,9779.73,0.00,0.00,61.72,64.75,0.00,-1746.63
2023-05-28 04:57,9800.00,9779.73,0.00,0.00,61.53,64.63,0.00,-1746.63
2023-05-28 04:58,9800.00,9779.73,0.00,0.00,61.44,64.45,0.00,-1746.63
2023-05-28 04:59,9800.00,9779.73,0.00,0.00,61.48,64.24,0.00,-1746.63
2023-05-28 05:00,9800.00,9779.73,0.00,0.00,61.40,64.07,0.00,-1746.63
2023-05-28 05:01,9800.00,9779.73,0.00,0.00,61.40,63.91,0.00,-1746.63
2023-05-28 05:02,9800.00,9779.73,0.00,0.00,61.44,63.77,0.00,-1746.63
2023-05-28 05:03,9800.00,9779.73,0.00,0.00,61.35,63.67,0.00,-1746.63
2023-05-28 05:04,9800.00,9779.73,0.00,0.00,61.30,63.51,0.00,-1746.63
2023-05-28 05:05,9800.00,9779.73,0.00,0.00,61.38,63.37,0.00,-1746.63
2023-05-28 05:06,9800.00,9779.73,0.00,0.00,61.34,63.27,0.00,-1746.63
2023-05-28 05:07,9800.00,9779.73,0.00,0.00,61.23,63.09,0.00,-1746.63
2023-05-28 05:08,9800.00,9779.73,0.00,0.00,61.23,62.95,0.00,-1746.63
2023-05-28 05:09,9800.00,9779.73,0.00,0.00,61.22,62.81,0.00,-1746.63
2023-05-28 05:10,9800.00,9779.73,0.00,0.00,61.22,62.66,0.00,-1746.63
2023-05-28 05:11,9800.00,9779.73,0.00,0.00,61.17,62.48,0.00,-1746.63
2023-05-28 05:12,9800.00,9779.73,0.00,0.00,61.10,62.32,0.00,-1746.63
2023-05-28 05:13,9800.00,9779.73,0.00,0.00,61.01,62.19,0.00,-1746.63
2023-05-28 05:14,9800.00,9779.73,0.00,0.00,60.99,62.05,0.00,-1746.63
2023-05-28 05:15,9800.00,9779.73,0.00,0.00,60.90,61.91,0.00,-1746.63
2023-05-28 05:16,9800.00,9779.73,0.00,0.00,60.89,61.75,0.00,-1746.63
2023-05-28 05:17,9800.00,9779.73,0.00,0.00,60.79,61.63,0.00,-1746.63
2023-05-28 05:18,9800.00,9779.73,0.00,0.00,60.81,61.45,0.00,-1746.63
2023-05-28 05:19,9800.00,9779.73,0.00,0.00,60.83,61.27,0.00,-1746.63
2023-05-28 05:20,9800.00,9779.73,0.00,0.00,60.77,61.13,0.00,-1746.63
2023-05-28 05:21,9800.00,9779.73,0.00,0.00,60.71,60.95,0.00,-1746.63
2023-05-28 05:22,9800.00,9779.73,0.00,0.00,60.70,60.79,0.00,-1746.63
2023-05-28 05:23,9800.00,9779.73,0.00,0.00,60.59,60.63,0.00,-1746.63
2023-05-28 05:24,9800.00,9779.73,0.00,0.00,60.49,60.46,0.00,-1746.63
2023-05-28 05:25,9800.00,9779.73,0.00,0.00,60.43,60.32,0.00,-1746.63
2023-05-28 05:26,9800.00,9779.73,0.00,0.00,60.40,60.16,0.00,-1746.63
2023-05-28 05:27,9800.00,9779.73,0.00,0.00,60.40,60.02,0.00,-1746.63
2023-05-28 05:28,9800.00,9779.73,0.00,0.00,60.39,59.85,0.00,-1746.63
2023-05-28 05:29,9800.00,9779.73,0.00,0.00,60.24,59.72,0.00,-1746.63
2023-05-28 05:30,9800.00,9779.73,0.00,0.00,60.18,59.57,0.00,-1746.63
2023-05-28 05:31,9800.00,9779.73,0.00,0.00,60.16,59.47,0.00,-1746.63
2023-05-28 05:32,9800.00,9779.73,0.00,0.00,60.03,59.36,0.00,-1746.63
2023-05-28 05:33,9800.00,9779.73,0.00,0.00,59.97,59.25,0.00,-1746.63
2023-05-28 05:34,9800.00,9779.73,0.00,0.00,59.97,59.12,0.00,-1746.63
2023-05-28 05:35,9800.00,9779.73,0.00,0.00,59.95,58.99,0.00,-1746.63
2023-05-28 05:36,9800.00,9779.73,0.00,0.00,59.91,58.92,0.00,-1746.63
2023-05-28 05:37,9800.00,9779.73,0.00,0.00,59.81,58.79,0.00,-1746.63
2023-05-28 05:38,9800.00,9779.73,0.00,0.00,59.78,58.70,0.00,-1746.63
2023-05-28 05:39,9800.00,9779.73,0.00,0.00,59.79,58.60,0.00,-1746.63
2023-05-28 05:40,9800.00,9779.73,0.00,0.00,59.68,58.54,0.00,-1746.63
2023-05-28 05:41,9800.00,9779.73,0.00,0.00,59.52,58.43,0.00,-1746.63
2023-05-28 05:42,9800.00,9779.73,0.00,0.00,59.53,58.36,0.00,-1746.63
2023-05-28 05:43,9800.00,9779.73,0.00,0.00,59.45,58.28,0.00,-1746.63
2023-05-28 05:44,9800.00,9779.73,0.00,0.00,59.48,58.19,0.00,-1746.63
2023-05-28 05:45,9800.00,9779.73,0.00,0.00,59.46,58.11,0.00,-1746.63
2023-05-28 05:46,9800.00,9779.73,0.00,0.00,59.59,58.03,0.00,-1746.63
2023-05-28 05:47,9800.00,9779.73,0.00,0.00,59.77,57.97,0.00,-1746.63
2023-05-28 05:48,9800.00,9779.73,0.00,0.00,59.46,57.88,0.00,-1746.63
2023-05-28 05:49,9800.00,9779.73,0.00,0.00,59.17,57.82,0.00,-1746.63
2023-05-28 05:50,9800.00,9779.73,0.00,0.00,58.93,57.72,0.00,-1746.63
2023-05-28 05:51,9800.00,9779.73,0.00,0.00,58.83,57.64,0.00,-1746.63
2023-05-28 05:52,9800.00,9779.73,0.00,0.00,58.50,57.56,0.00,-1746.63
2023-05-28 05:53,9800.00,9779.73,0.00,0.00,58.38,57.49,0.00,-1746.63
2023-05-28 05:54,9800.00,9779.73,0.00,0.00,58.50,57.39,0.00,-1746.63
2023-05-28 05:55,9800.00,9779.73,0.00,0.00,58.57,57.34,0.00,-1746.63
2023-05-28 05:56,9800.00,9779.73,0.00,0.00,58.66,57.29,0.00,-1746.63
2023-05-28 05:57,9800.00,9779.73,0.00,0.00,58.74,57.24,0.00,-1746.63
2023-05-28 05:58,9800.00,9779.73,0.00,0.00,58.84,57.17,0.00,-1746.63
2023-05-28 05:59,9800.00,9779.73,0.00,0.00,59.07,57.08,0.00,-1746.63
2023-05-28 06:00,9800.00,9779.73,0.00,0.00,59.16,57.04,0.00,-1746.63
2023-05-28 06:01,9800.00,9779.73,0.00,0.00,59.12,56.98,0.00,-1746.63
2023-05-28 06:02,9800.00,9779.66,0.00,0.00,58.87,56.92,0.00,-1746.63
2023-05-28 06:03,9800.00,9778.75,0.00,0.00,58.63,56.95,0.00,-1746.63
2023-05-28 06:04,9800.00,9778.75,0.00,0.00,58.75,57.39,0.00,-1746.63
2023-05-28 06:05,9800.00,9778.75,0.00,167.35,58.72,57.88,0.00,-1746.63
2023-05-28 06:06,9800.00,9778.75,0.00,145.62,56.98,58.21,0.00,-1746.63
2023-05-28 06:07,9800.00,9778.75,27.51,137.04,56.25,58.40,0.00,-1719.12
2023-05-28 06:08,9800.00,9778.75,285.55,353.26,56.04,59.27,0.00,-1461.08
2023-05-28 06:09,9800.00,9778.75,337.02,374.03,55.07,61.30,0.00,-1409.61
2023-05-28 06:10,9800.00,9778.75,339.39,374.44,55.23,63.51,0.00,-1407.23
2023-05-28 06:11,9800.00,9778.75,340.66,374.58,55.03,65.39,0.00,-1405.97
2023-05-28 06:12,9800.00,9778.75,341.19,374.86,54.97,66.82,0.00,-1405.44
2023-05-28 06:13,9800.00,9778.75,341.78,375.00,55.22,68.09,0.00,-1404.85
2023-05-28 06:14,9800.00,9778.75,342.23,375.13,55.16,69.13,0.00,-1404.39
2023-05-28 06:15,9800.00,9778.75,342.50,375.00,55.10,70.03,0.00,-1404.12
2023-05-28 06:16,9800.00,9778.75,342.70,375.00,55.15,70.86,0.00,-1403.92
2023-05-28 06:17,9800.00,9778.75,343.45,375.27,55.21,71.53,0.00,-1403.17
2023-05-28 06:18,9800.00,9778.75,343.44,375.00,55.52,72.09,0.00,-1403.19
2023-05-28 06:19,9800.00,9778.75,343.87,375.41,56.03,72.58,0.00,-1402.76
2023-05-28 06:20,9800.00,9778.75,344.23,375.13,55.97,72.99,0.00,-1402.40
2023-05-28 06:21,9800.00,9778.75,344.66,375.27,55.88,73.34,0.00,-1401.97
2023-05-28 06:22,9800.00,9778.75,343.02,375.41,55.84,73.72,0.00,-1403.61
2023-05-28 06:23,9800.00,9778.75,344.57,375.27,56.46,74.02,0.00,-1402.06
2023-05-28 06:24,9800.00,9778.75,345.66,375.69,56.86,74.26,0.00,-1400.97
2023-05-28 06:25,9800.00,9778.75,346.05,375.41,56.81,74.50,0.00,-1400.58
2023-05-28 06:26,9800.00,9778.75,346.62,375.13,56.64,74.69,0.00,-1400.01
2023-05-28 06:27,9800.00,9778.75,347.29,375.41,56.45,74.86,0.00,-1399.33
2023-05-28 06:28,9800.00,9778.75,347.53,375.41,56.72,75.04,0.00,-1399.10
2023-05-28 06:29,9800.00,9778.75,347.72,375.41,56.93,75.25,0.00,-1398.91
2023-05-28 06:30,9800.00,9778.75,347.82,375.41,57.07,75.42,0.00,-1398.81
2023-05-28 06:31,9800.00,9778.75,347.97,375.55,57.15,75.66,0.00,-1398.66
2023-05-28 06:32,9800.00,9778.75,348.27,375.41,57.31,75.92,0.00,-1398.36
2023-05-28 06:33,9800.00,9778.75,348.45,375.41,57.59,76.17,0.00,-1398.17
2023-05-28 06:34,9800.00,9778.75,348.62,375.41,57.99,76.40,0.00,-1398.00
2023-05-28 06:35,9800.00,9778.75,348.56,375.41,58.32,76.54,0.00,-1398.07
2023-05-28 06:36,9800.00,9778.75,348.62,375.27,58.65,76.69,0.00,-1398.01
2023-05-28 06:37,9800.00,9778.75,348.64,375.41,58.96,76.89,0.00,-1397.99
2023-05-28 06:38,9800.00,9778.75,348.30,375.55,59.31,77.05,0.00,-1398.33
2023-05-28 06:39,9800.00,9778.75,348.24,375.41,59.58,77.19,0.00,-1398.38
2023-05-28 06:40,9800.00,9778.75,348.05,375.41,59.91,77.31,0.00,-1398.58
2023-05-28 06:41,9800.00,9778.75,348.11,375.41,60.21,77.48,0.00,-1398.52
2023-05-28 06:42,9800.00,9778.75,348.31,375.41,60.45,77.65,0.00,-1398.32
2023-05-28 06:43,9800.00,9778.75,348.17,375.41,60.73,77.82,0.00,-1398.46
2023-05-28 06:44,9800.00,9778.75,348.21,375.55,61.01,77.98,0.00,-1398.42
2023-05-28 06:45,9800.00,9778.75,348.17,375.55,61.28,78.15,0.00,-1398.46
2023-05-28 06:46,9800.00,9778.75,348.09,375.69,61.54,78.30,0.00,-1398.54
2023-05-28 06:47,9800.00,9778.75,348.21,375.55,61.78,78.42,0.00,-1398.42
2023-05-28 06:48,9800.00,9778.75,348.18,375.27,62.10,78.55,0.00,-1398.45
2023-05-28 06:49,9800.00,9778.75,348.05,375.55,62.25,78.63,0.00,-1398.57
2023-05-28 06:50,9800.00,9778.75,348.04,375.55,62.49,78.78,0.00,-1398.59
2023-05-28 06:51,9800.00,9778.75,348.30,375.55,62.75,78.97,0.00,-1398.33
2023-05-28 06:52,9800.00,9777.63,348.02,374.86,62.94,79.14,0.00,-1398.61
2023-05-28 06:53,9800.00,9769.99,354.39,376.79,63.16,79.40,0.00,-1392.23
2023-05-28 06:54,9800.00,9769.99,351.12,377.21,63.38,79.53,0.00,-1395.51
2023-05-28 06:55,9800.00,9769.99,350.92,377.35,63.56,79.64,0.00,-1395.70
2023-05-28 06:56,9800.00,9769.99,350.70,377.48,63.66,79.81,0.00,-1395.93
2023-05-28 06:57,9800.00,9769.99,350.67,377.48,63.94,79.96,0.00,-1395.96
2023-05-28 06:58,9800.00,9769.99,350.70,377.21,64.24,80.11,0.00,-1395.93
2023-05-28 06:59,9800.00,9770.00,349.51,376.65,64.35,80.29,0.00,-1397.12
2023-05-28 07:00,9800.00,9759.55,361.94,376.79,64.55,80.61,0.00,-1384.68
2023-05-28 07:01,9800.00,9756.39,349.84,376.93,64.64,80.94,0.00,-1396.79
2023-05-28 07:02,9800.00,9756.39,349.29,377.21,64.81,81.14,0.00,-1397.35
2023-05-28 07:03,9800.00,9756.39,349.37,377.48,65.04,81.39,0.00,-1397.26
2023-05-28 07:04,9800.00,9756.39,349.26,377.07,64.75,81.58,0.00,-1397.37
2023-05-28 07:05,9800.00,9756.39,349.50,377.21,67.78,81.73,0.00,-1397.13
2023-05-28 07:06,9800.00,9756.39,351.30,376.79,69.56,81.94,0.00,-1395.33
2023-05-28 07:07,9800.00,9756.39,353.29,376.65,67.24,82.12,0.00,-1393.33
2023-05-28 07:08,9800.00,9756.39,355.78,376.38,66.15,82.28,0.00,-1390.85
2023-05-28 07:09,9800.00,9756.39,357.33,376.38,65.99,82.52,0.00,-1389.29
2023-05-28 07:10,9800.00,9756.39,359.20,376.24,66.16,82.79,0.00,-1387.42
2023-05-28 07:11,9800.00,9756.39,361.21,376.24,66.25,83.10,0.00,-1385.41
2023-05-28 07:12,9800.00,9756.39,363.00,376.10,66.39,83.70,0.00,-1383.62
2023-05-28 07:13,9800.00,9756.39,364.57,375.83,66.45,84.61,0.00,-1382.06
2023-05-28 07:14,9800.00,9756.39,366.61,375.83,66.42,85.28,0.00,-1380.02
2023-05-28 07:15,9800.00,9756.39,368.43,375.41,64.78,85.83,0.00,-1378.20
2023-05-28 07:16,9800.00,9756.39,368.38,375.55,63.95,86.03,0.00,-1378.24
2023-05-28 07:17,9800.00,9756.39,368.48,375.27,63.66,85.70,0.00,-1378.15
2023-05-28 07:18,9800.00,9756.39,368.69,375.55,63.53,85.45,0.00,-1377.94
2023-05-28 07:19,9800.00,9756.39,368.67,375.83,63.53,85.38,0.00,-1377.96
2023-05-28 07:20,9800.00,9756.39,368.26,375.55,63.66,85.28,0.00,-1378.37
2023-05-28 07:21,9800.00,9748.25,382.05,375.69,64.35,85.26,0.00,-1364.58
2023-05-28 07:22,9800.00,9743.34,364.97,376.24,64.35,85.39,0.00,-1381.66
2023-05-28 07:23,9800.00,9743.34,363.49,376.10,64.16,85.36,0.00,-1383.13
2023-05-28 07:24,9800.00,9743.34,362.10,376.52,63.81,85.33,0.00,-1384.52
2023-05-28 07:25,9800.00,9743.34,360.68,376.38,63.88,85.33,0.00,-1385.94
2023-05-28 07:26,9800.00,9743.34,358.37,376.65,63.83,85.35,0.00,-1388.26
2023-05-28 07:27,9800.00,9743.34,355.97,376.93,64.07,85.37,0.00,-1390.66
2023-05-28 07:28,9800.00,9743.34,353.74,377.21,63.79,85.40,0.00,-1392.88
2023-05-28 07:29,9800.00,9743.34,351.44,377.48,63.55,85.47,0.00,-1395.19
2023-05-28 07:30,9800.00,9743.34,350.02,377.62,63.91,85.60,0.00,-1396.60
2023-05-28 07:31,9800.00,9743.34,349.03,377.90,63.74,85.71,0.00,-1397.60
2023-05-28 07:32,9800.00,9767.66,380.01,373.88,63.96,85.87,0.00,-1366.62
2023-05-28 07:33,9800.00,9781.48,342.19,375.96,64.17,86.05,0.00,-1404.44
2023-05-28 07:34,9800.00,9781.54,337.01,374.58,64.90,86.09,0.00,-1409.62
2023-05-28 07:35,9800.00,9781.83,24.24,84.58,64.91,86.23,0.00,-1722.39
2023-05-28 07:36,9800.00,9781.83,0.00,0.00,65.69,86.50,0.00,-1746.63
2023-05-28 07:37,9800.00,9781.83,0.00,0.00,65.52,86.45,0.00,-1746.63
2023-05-28 07:38,9800.00,9781.83,0.00,0.00,64.61,86.36,0.00,-1746.63
2023-05-28 07:39,9800.00,9781.83,0.00,0.00,64.68,86.00,0.00,-1746.63
2023-05-28 07:40,9800.00,9781.83,0.00,0.00,64.76,85.78,0.00,-1746.63
2023-05-28 07:41,9800.00,9781.83,0.00,0.00,64.86,85.58,0.00,-1746.63
2023-05-28 07:42,9800.00,9781.83,0.00,0.00,64.76,85.42,0.00,-1746.63
2023-05-28 07:43,9800.00,9781.83,0.00,0.00,65.45,85.26,0.00,-1746.63
2023-05-28 07:44,9800.00,9781.83,0.00,0.00,65.71,85.15,0.00,-1746.63
2023-05-28 07:45,9800.00,9781.83,0.00,0.00,65.55,84.96,0.00,-1746.63
2023-05-28 07:46,9800.00,9781.83,0.00,0.00,66.16,84.81,0.00,-1746.63
2023-05-28 07:47,9800.00,9781.83,0.00,0.00,66.04,84.63,0.00,-1746.63
2023-05-28 07:48,9800.00,9781.83,0.00,0.00,65.91,84.55,0.00,-1746.63
2023-05-28 07:49,9800.00,9781.83,0.00,0.00,66.07,84.40,0.00,-1746.63
2023-05-28 07:50,9800.00,9781.83,0.00,0.00,66.20,84.33,0.00,-1746.63
2023-05-28 07:51,9800.00,9781.83,0.00,0.00,66.42,84.23,0.00,-1746.63
2023-05-28 07:52,9800.00,9781.83,0.00,0.00,66.39,84.26,0.00,-1746.63
2023-05-28 07:53,9800.00,9781.83,0.00,0.00,66.38,84.32,0.00,-1746.63
2023-05-28 07:54,9800.00,9781.83,0.00,0.00,66.60,84.33,0.00,-1746.63
2023-05-28 07:55,9800.00,9781.83,0.00,0.00,66.59,84.29,0.00,-1746.63
2023-05-28 07:56,9800.00,9781.83,0.00,0.00,66.57,84.15,0.00,-1746.63
2023-05-28 07:57,9800.00,9781.83,0.00,0.00,66.60,84.06,0.00,-1746.63
2023-05-28 07:58,9800.00,9781.83,0.00,0.00,66.60,84.00,0.00,-1746.63
2023-05-28 07:59,9800.00,9781.83,0.00,0.00,66.58,83.99,0.00,-1746.63
2023-05-28 08:00,9800.00,9781.83,0.00,0.00,66.38,83.94,0.00,-1746.63
2023-05-28 08:01,9800.00,9781.83,0.00,0.00,66.27,83.92,0.00,-1746.63
2023-05-28 08:02,9800.00,9781.83,0.00,0.00,66.19,83.88,0.00,-1746.63
2023-05-28 08:03,9800.00,9781.83,0.00,0.00,66.03,83.88,0.00,-1746.63
2023-05-28 08:04,9800.00,9781.83,0.00,0.00,66.03,83.86,0.00,-1746.63
2023-05-28 08:05,9800.00,9781.83,0.00,0.00,66.03,83.87,0.00,-1746.63
2023-05-28 08:06,9800.00,9781.83,0.00,0.00,65.91,83.85,0.00,-1746.63
2023-05-28 08:07,9800.00,9781.83,0.00,0.00,66.02,83.87,0.00,-1746.63
2023-05-28 08:08,9800.00,9781.83,0.00,0.00,66.08,83.92,0.00,-1746.63
2023-05-28 08:09,9800.00,9781.83,0.00,0.00,66.08,83.87,0.00,-1746.63
2023-05-28 08:10,9800.00,9781.83,0.00,0.00,66.01,83.87,0.00,-1746.63
2023-05-28 08:11,9800.00,9781.83,0.00,0.00,65.99,83.81,0.00,-1746.63
2023-05-28 08:12,9800.00,9781.83,0.00,0.00,66.00,83.80,0.00,-1746.63
2023-05-28 08:13,9800.00,9781.83,0.00,0.00,66.07,83.80,0.00,-1746.63
2023-05-28 08:14,9800.00,9781.83,0.00,0.00,66.01,83.80,0.00,-1746.63
2023-05-28 08:15,9800.00,9781.83,0.00,0.00,65.77,83.81,0.00,-1746.63
2023-05-28 08:16,9800.00,9781.83,0.00,0.00,65.29,83.86,0.00,-1746.63
2023-05-28 08:17,9800.00,9781.83,0.00,0.00,64.74,83.86,0.00,-1746.63
2023-05-28 08:18,9800.00,9781.83,0.00,0.00,64.44,83.87,0.00,-1746.63
2023-05-28 08:19,9800.00,9781.83,0.00,0.00,64.15,83.87,0.00,-1746.63
2023-05-28 08:20,9800.00,9781.83,0.00,0.00,63.72,83.87,0.00,-1746.63
2023-05-28 08:21,9800.00,9781.83,0.00,0.00,63.49,83.87,0.00,-1746.63
2023-05-28 08:22,9800.00,9781.83,0.00,0.00,63.59,83.90,0.00,-1746.63
2023-05-28 08:23,9800.00,9781.83,0.00,0.00,64.99,83.95,0.00,-1746.63
2023-05-28 08:24,9800.00,9781.83,0.00,0.00,65.94,84.01,0.00,-1746.63
2023-05-28 08:25,9800.00,9781.83,0.00,0.00,66.17,84.09,0.00,-1746.63
2023-05-28 08:26,9800.00,9781.83,0.00,0.00,66.22,84.14,0.00,-1746.63
2023-05-28 08:27,9800.00,9781.83,0.00,0.00,66.04,84.21,0.00,-1746.63
2023-05-28 08:28,9800.00,9781.83,0.00,0.00,65.80,84.26,0.00,-1746.63
2023-05-28 08:29,9800.00,9781.83,0.00,0.00,65.62,84.36,0.00,-1746.63
2023-05-28 08:30,9800.00,9781.83,0.00,0.00,65.61,84.42,0.00,-1746.63
2023-05-28 08:31,9800.00,9781.83,0.00,0.00,65.61,84.51,0.00,-1746.63
2023-05-28 08:32,9800.00,9781.83,0.00,0.00,65.62,84.61,0.00,-1746.63
2023-05-28 08:33,9800.00,9781.83,0.00,0.00,65.68,84.70,0.00,-1746.63
2023-05-28 08:34,9800.00,9781.83,0.00,0.00,65.66,84.80,0.00,-1746.63
2023-05-28 08:35,9800.00,9781.83,0.00,0.00,65.61,84.91,0.00,-1746.63
2023-05-28 08:36,9800.00,9781.83,0.00,0.00,65.54,84.96,0.00,-1746.63
2023-05-28 08:37,9800.00,9781.83,0.00,0.00,64.64,85.05,0.00,-1746.63
2023-05-28 08:38,9800.00,9781.83,0.00,0.00,64.52,85.17,0.00,-1746.63
2023-05-28 08:39,9800.00,9781.83,0.00,0.00,64.50,85.23,0.00,-1746.63
2023-05-28 08:40,9800.00,9781.83,0.00,0.00,64.44,85.33,0.00,-1746.63
2023-05-28 08:41,9800.00,9781.83,0.00,0.00,64.40,85.39,0.00,-1746.63
2023-05-28 08:42,9800.00,9781.83,0.00,0.00,64.37,85.46,0.00,-1746.63
2023-05-28 08:43,9800.00,9781.83,0.00,0.00,64.31,85.54,0.00,-1746.63
2023-05-28 08:44,9800.00,9781.83,0.00,0.00,64.24,85.59,0.00,-1746.63
2023-05-28 08:45,9800.00,9781.83,0.00,0.00,64.20,85.67,0.00,-1746.63
2023-05-28 08:46,9800.00,9781.83,0.00,0.00,64.08,85.73,0.00,-1746.63
2023-05-28 08:47,9800.00,9781.83,0.00,0.00,64.07,85.79,0.00,-1746.63
2023-05-28 08:48,9800.00,9781.83,0.00,0.00,63.94,85.86,0.00,-1746.63
2023-05-28 08:49,9800.00,9781.83,0.00,0.00,63.93,85.92,0.00,-1746.63
2023-05-28 08:50,9800.00,9781.83,0.00,0.00,64.04,85.97,0.00,-1746.63
2023-05-28 08:51,9800.00,9781.83,0.00,0.00,64.09,86.00,0.00,-1746.63
2023-05-28 08:52,9800.00,9781.83,0.00,0.00,64.00,86.10,0.00,-1746.63
2023-05-28 08:53,9800.00,9781.83,0.00,0.00,64.00,86.21,0.00,-1746.63
2023-05-28 08:54,9800.00,9781.83,0.00,0.00,64.01,86.25,0.00,-1746.63
2023-05-28 08:55,9800.00,9781.83,0.00,0.00,63.84,86.31,0.00,-1746.63
2023-05-28 08:56,9800.00,9781.83,0.00,0.00,63.94,86.40,0.00,-1746.63
2023-05-28 08:57,9800.00,9781.83,0.00,0.00,63.85,86.46,0.00,-1746.63
2023-05-28 08:58,9800.00,9781.83,0.00,0.00,63.68,86.53,0.00,-1746.63
2023-05-28 08:59,9800.00,9781.83,0.00,0.00,63.59,86.60,0.00,-1746.63
2023-05-28 09:00,9800.00,9781.83,0.00,0.00,63.54,86.61,0.00,-1746.63
2023-05-28 09:01,9800.00,9781.83,0.00,0.00,63.67,86.65,0.00,-1746.63
2023-05-28 09:02,9800.00,9781.83,0.00,0.00,63.57,86.65,0.00,-1746.63
2023-05-28 09:03,9800.00,9781.83,0.00,0.00,63.56,86.65,0.00,-1746.63
2023-05-28 09:04,9800.00,9781.83,0.00,0.00,63.54,86.65,0.00,-1746.63
2023-05-28 09:05,9800.00,9781.83,0.00,0.00,63.49,86.59,0.00,-1746.63
2023-05-28 09:06,9800.00,9781.83,0.00,0.00,63.48,86.58,0.00,-1746.63
2023-05-28 09:07,9800.00,9781.83,0.00,0.00,63.37,86.54,0.00,-1746.63
2023-05-28 09:08,9800.00,9781.83,0.00,0.00,63.28,86.52,0.00,-1746.63
2023-05-28 09:09,9800.00,9781.83,0.00,0.00,63.16,86.47,0.00,-1746.63
2023-05-28 09:10,9800.00,9781.83,0.00,0.00,63.04,86.47,0.00,-1746.63
2023-05-28 09:11,9800.00,9781.83,0.00,0.00,62.99,86.47,0.00,-1746.63
2023-05-28 09:12,9800.00,9781.83,0.00,0.00,62.90,86.51,0.00,-1746.63
2023-05-28 09:13,9800.00,9781.83,0.00,0.00,62.80,86.58,0.00,-1746.63
2023-05-28 09:14,9800.00,9781.83,0.00,0.00,62.69,86.60,0.00,-1746.63
2023-05-28 09:15,9800.00,9781.83,0.00,0.00,62.62,86.67,0.00,-1746.63
2023-05-28 09:16,9800.00,9781.83,0.00,0.00,62.62,86.78,0.00,-1746.63
2023-05-28 09:17,9800.00,9781.83,0.00,0.00,62.55,86.83,0.00,-1746.63
2023-05-28 09:18,9800.00,9781.83,0.00,0.00,62.49,86.90,0.00,-1746.63
2023-05-28 09:19,9800.00,9781.83,0.00,0.00,62.49,86.97,0.00,-1746.63
2023-05-28 09:20,9800.00,9781.83,0.00,0.00,62.48,86.99,0.00,-1746.63
2023-05-28 09:21,9800.00,9781.83,0.00,0.00,62.44,86.99,0.00,-1746.63
2023-05-28 09:22,9800.00,9781.83,0.00,0.00,62.42,86.99,0.00,-1746.63
2023-05-28 09:23,9800.00,9781.83,0.00,0.00,62.40,86.95,0.00,-1746.63
2023-05-28 09:24,9800.00,9781.83,0.00,0.00,62.36,86.97,0.00,-1746.63
2023-05-28 09:25,9800.00,9781.83,0.00,0.00,62.31,86.98,0.00,-1746.63
2023-05-28 09:26,9800.00,9781.83,0.00,0.00,62.25,87.01,0.00,-1746.63
2023-05-28 09:27,9800.00,9781.83,0.00,0.00,62.23,87.05,0.00,-1746.63
2023-05-28 09:28,9800.00,9781.83,0.00,0.00,62.23,87.11,0.00,-1746.63
2023-05-28 09:29,9800.00,9781.83,0.00,0.00,62.19,87.12,0.00,-1746.63
2023-05-28 09:30,9800.00,9781.83,0.00,0.00,62.16,87.12,0.00,-1746.63
2023-05-28 09:31,9800.00,9781.83,0.00,0.00,62.15,87.12,0.00,-1746.63
2023-05-28 09:32,9800.00,9781.83,0.00,0.00,62.10,87.12,0.00,-1746.63
2023-05-28 09:33,9800.00,9781.83,0.00,0.00,62.08,87.12,0.00,-1746.63
2023-05-28 09:34,9800.00,9781.83,0.00,0.00,62.01,87.12,0.00,-1746.63
2023-05-28 09:35,9800.00,9781.83,0.00,0.00,61.96,87.16,0.00,-1746.63
2023-05-28 09:36,9800.00,9781.83,0.00,0.00,61.96,87.19,0.00,-1746.63
2023-05-28 09:37,9800.00,9781.83,0.00,0.00,61.90,87.30,0.00,-1746.63
2023-05-28 09:38,9800.00,9781.83,0.00,0.00,61.89,87.36,0.00,-1746.63
2023-05-28 09:39,9800.00,9781.83,0.00,0.00,61.88,87.47,0.00,-1746.63
2023-05-28 09:40,9800.00,9781.83,0.00,0.00,61.84,87.58,0.00,-1746.63
2023-05-28 09:41,9800.00,9781.83,0.00,0.00,61.84,87.66,0.00,-1746.63
2023-05-28 09:42,9800.00,9781.74,0.00,0.00,61.77,87.77,0.00,-1746.63
2023-05-28 09:43,9800.00,9781.27,0.00,180.37,61.76,87.85,0.00,-1746.63
2023-05-28 09:44,9800.00,9781.27,264.00,339.42,61.64,87.83,0.00,-1482.62
2023-05-28 09:45,9800.00,9763.80,391.96,397.28,61.49,87.46,0.00,-1354.66
2023-05-28 09:46,9800.00,9750.68,387.73,398.38,61.46,87.52,0.00,-1358.90
2023-05-28 09:47,9800.00,9750.68,389.76,398.25,61.30,87.77,0.00,-1356.87
2023-05-28 09:48,9800.00,9750.68,390.61,398.66,61.29,88.00,0.00,-1356.01
2023-05-28 09:49,9800.00,9750.68,391.80,398.66,61.31,88.28,0.00,-1354.83
2023-05-28 09:50,9800.00,9750.68,392.98,398.80,61.33,88.58,0.00,-1353.64
2023-05-28 09:51,9800.00,9750.68,392.96,398.94,61.48,88.89,0.00,-1353.66
2023-05-28 09:52,9800.00,9750.68,393.77,399.08,61.33,89.20,0.00,-1352.86
2023-05-28 09:53,9800.00,9750.68,393.82,398.80,61.42,89.48,0.00,-1352.81
2023-05-28 09:54,9800.00,9750.68,393.90,399.35,61.47,89.76,0.00,-1352.73
2023-05-28 09:55,9800.00,9750.68,393.95,399.35,61.44,90.02,0.00,-1352.67
2023-05-28 09:56,9800.00,9750.68,394.10,398.94,61.51,90.24,0.00,-1352.53
2023-05-28 09:57,9800.00,9750.68,394.48,399.49,61.55,90.44,0.00,-1352.15
2023-05-28 09:58,9800.00,9750.68,394.67,399.49,61.55,90.63,0.00,-1351.96
2023-05-28 09:59,9800.00,9750.68,394.85,399.63,61.51,90.73,0.00,-1351.77
2023-05-28 10:00,9800.00,9750.68,394.69,399.63,61.47,90.87,0.00,-1351.94
2023-05-28 10:01,9800.00,9750.68,394.68,399.35,61.44,90.99,0.00,-1351.95
2023-05-28 10:02,9800.00,9750.68,394.55,399.49,61.40,91.03,0.00,-1352.08
2023-05-28 10:03,9800.00,9750.68,394.44,399.63,61.19,91.05,0.00,-1352.19
2023-05-28 10:04,9800.00,9750.68,394.31,399.35,61.00,91.10,0.00,-1352.31
2023-05-28 10:05,9800.00,9750.68,394.77,399.49,61.02,91.17,0.00,-1351.85
2023-05-28 10:06,9800.00,9750.68,394.89,399.49,60.88,91.22,0.00,-1351.73
2023-05-28 10:07,9800.00,9753.89,407.92,397.00,60.65,91.27,0.00,-1338.71
2023-05-28 10:08,9800.00,9740.21,401.46,398.66,60.64,91.31,0.00,-1345.17
2023-05-28 10:09,9800.00,9740.21,393.64,399.49,60.50,91.41,0.00,-1352.99
2023-05-28 10:10,9800.00,9740.21,393.90,399.21,60.48,91.49,0.00,-1352.72
2023-05-28 10:11,9800.00,9740.21,393.79,399.63,60.49,91.58,0.00,-1352.84
2023-05-28 10:12,9800.00,9740.21,394.16,399.77,60.47,91.68,0.00,-1352.47
2023-05-28 10:13,9800.00,9740.21,394.12,399.90,60.50,91.73,0.00,-1352.51
2023-05-28 10:14,9800.00,9740.21,394.10,400.04,60.47,91.75,0.00,-1352.52
2023-05-28 10:15,9800.00,9740.21,394.19,400.32,60.43,91.84,0.00,-1352.44
2023-05-28 10:16,9800.00,9740.21,394.44,400.04,60.50,91.85,0.00,-1352.19
2023-05-28 10:17,9800.00,9740.21,394.63,400.32,60.56,91.82,0.00,-1352.00
2023-05-28 10:18,9800.00,9740.21,394.49,400.32,60.57,91.78,0.00,-1352.13
2023-05-28 10:19,9800.00,9740.21,394.47,400.32,60.64,91.76,0.00,-1352.16
2023-05-28 10:20,9800.00,9740.21,394.50,400.18,60.72,91.76,0.00,-1352.12
2023-05-28 10:21,9800.00,9740.21,394.66,400.18,60.87,91.75,0.00,-1351.97
2023-05-28 10:22,9800.00,9740.21,395.39,400.18,61.01,91.68,0.00,-1351.24
2023-05-28 10:23,9800.00,9740.21,396.84,400.04,60.74,91.54,0.00,-1349.79
2023-05-28 10:24,9800.00,9740.21,397.42,400.32,60.88,91.41,0.00,-1349.20
2023-05-28 10:25,9800.00,9740.21,398.73,400.32,61.00,91.32,0.00,-1347.89
2023-05-28 10:26,9800.00,9740.21,397.85,400.32,60.96,91.29,0.00,-1348.78
2023-05-28 10:27,9800.00,9740.21,399.14,400.32,61.01,91.25,0.00,-1347.48
2023-05-28 10:28,9800.00,9740.21,399.95,400.32,61.14,91.33,0.00,-1346.67
2023-05-28 10:29,9800.00,9740.21,399.92,400.32,61.31,91.42,0.00,-1346.71
2023-05-28 10:30,9800.00,9740.21,400.26,400.32,62.24,91.50,0.00,-1346.37
2023-05-28 10:31,9800.00,9740.21,401.88,400.32,63.38,91.57,0.00,-1344.74
2023-05-28 10:32,9800.00,9740.21,402.72,400.18,64.06,91.57,0.00,-1343.91
2023-05-28 10:33,9800.00,9740.21,401.41,400.32,64.56,91.59,0.00,-1345.21
2023-05-28 10:34,9800.00,9740.21,401.68,400.18,65.00,91.72,0.00,-1344.95
2023-05-28 10:35,9800.00,9740.21,402.57,400.32,65.42,91.82,0.00,-1344.05
2023-05-28 10:36,9800.00,9740.21,401.76,400.32,65.86,91.88,0.00,-1344.87
2023-05-28 10:37,9800.00,9740.21,403.67,400.32,66.19,91.93,0.00,-1342.96
2023-05-28 10:38,9800.00,9746.15,426.52,398.38,66.40,92.04,0.00,-1320.11
2023-05-28 10:39,9800.00,9763.18,403.13,399.77,66.32,92.11,0.00,-1343.50
2023-05-28 10:40,9800.00,9763.18,402.49,400.32,66.20,92.24,0.00,-1344.14
2023-05-28 10:41,9800.00,9763.18,402.84,400.32,66.61,92.41,0.00,-1343.79
2023-05-28 10:42,9800.00,9763.18,402.52,400.32,66.66,92.52,0.00,-1344.11
2023-05-28 10:43,9800.00,9763.18,401.32,400.46,66.76,92.59,0.00,-1345.31
2023-05-28 10:44,9800.00,9763.18,401.31,400.32,66.98,92.67,0.00,-1345.32
2023-05-28 10:45,9800.00,9763.18,401.84,400.32,67.06,92.75,0.00,-1344.78
2023-05-28 10:46,9800.00,9764.62,407.14,399.35,67.16,92.80,0.00,-1339.48
2023-05-28 10:47,9800.00,9783.26,272.80,295.68,67.40,92.85,0.00,-1473.83
2023-05-28 10:48,9800.00,9784.25,0.00,20.21,67.51,93.33,0.00,-1746.63
2023-05-28 10:49,9800.00,9784.25,0.00,0.00,67.47,94.21,0.00,-1746.63
2023-05-28 10:50,9800.00,9784.25,0.00,0.00,67.42,95.08,0.00,-1746.63
2023-05-28 10:51,9800.00,9784.25,0.00,0.00,67.36,95.69,0.00,-1746.63
2023-05-28 10:52,9800.00,9784.25,0.00,0.00,67.34,96.12,0.00,-1746.63
2023-05-28 10:53,9800.00,9784.25,0.00,0.00,67.34,96.40,0.00,-1746.63
2023-05-28 10:54,9800.00,9784.25,0.00,0.00,67.33,96.62,0.00,-1746.63
2023-05-28 10:55,9800.00,9784.25,0.00,0.00,67.29,96.88,0.00,-1746.63
2023-05-28 10:56,9800.00,9784.25,0.00,0.00,67.16,97.11,0.00,-1746.63
2023-05-28 10:57,9800.00,9784.25,0.00,0.00,67.08,97.33,0.00,-1746.63
2023-05-28 10:58,9800.00,9784.25,0.00,0.00,67.02,97.53,0.00,-1746.63
2023-05-28 10:59,9800.00,9784.25,0.00,0.00,66.98,97.68,0.00,-1746.63
2023-05-28 11:00,9800.00,9784.25,0.00,0.00,66.92,97.72,0.00,-1746.63
2023-05-28 11:01,9800.00,9784.25,0.00,0.00,66.87,97.60,0.00,-1746.63
2023-05-28 11:02,9800.00,9784.25,0.00,0.00,66.85,97.58,0.00,-1746.63
2023-05-28 11:03,9800.00,9784.25,0.00,0.00,66.81,97.53,0.00,-1746.63
2023-05-28 11:04,9800.00,9784.25,0.00,0.00,66.74,97.41,0.00,-1746.63
2023-05-28 11:05,9800.00,9784.25,0.00,0.00,66.74,97.13,0.00,-1746.63
2023-05-28 11:06,9800.00,9784.25,0.00,0.00,66.67,96.77,0.00,-1746.63
2023-05-28 11:07,9800.00,9784.25,0.00,0.00,66.62,96.39,0.00,-1746.63
2023-05-28 11:08,9800.00,9784.25,0.00,0.00,66.66,96.01,0.00,-1746.63
2023-05-28 11:09,9800.00,9784.25,0.00,0.00,66.83,95.65,0.00,-1746.63
2023-05-28 11:10,9800.00,9784.25,0.00,0.00,67.37,95.37,0.00,-1746.63
2023-05-28 11:11,9800.00,9784.25,0.00,0.00,67.75,95.15,0.00,-1746.63
2023-05-28 11:12,9800.00,9784.25,0.00,0.00,67.97,94.91,0.00,-1746.63
2023-05-28 11:13,9800.00,9784.25,0.00,0.00,67.94,94.67,0.00,-1746.63
2023-05-28 11:14,9800.00,9784.25,0.00,0.00,67.93,94.48,0.00,-1746.63
2023-05-28 11:15,9800.00,9784.25,0.00,0.00,67.92,94.35,0.00,-1746.63
2023-05-28 11:16,9800.00,9784.25,0.00,0.00,67.93,94.30,0.00,-1746.63
2023-05-28 11:17,9800.00,9784.25,0.00,0.00,67.93,94.23,0.00,-1746.63
2023-05-28 11:18,9800.00,9784.25,0.00,0.00,67.97,94.24,0.00,-1746.63
2023-05-28 11:19,9800.00,9784.25,0.00,0.00,67.94,94.32,0.00,-1746.63
2023-05-28 11:20,9800.00,9784.25,0.00,0.00,67.93,94.35,0.00,-1746.63
2023-05-28 11:21,9800.00,9784.25,0.00,0.00,67.88,94.33,0.00,-1746.63
2023-05-28 11:22,9800.00,9784.25,0.00,0.00,67.83,94.25,0.00,-1746.63
2023-05-28 11:23,9800.00,9784.25,0.00,0.00,67.80,94.17,0.00,-1746.63
2023-05-28 11:24,9800.00,9784.25,0.00,0.00,67.78,94.04,0.00,-1746.63
2023-05-28 11:25,9800.00,9784.25,0.00,0.00,67.73,93.91,0.00,-1746.63
2023-05-28 11:26,9800.00,9784.25,0.00,0.00,67.67,93.77,0.00,-1746.63
2023-05-28 11:27,9800.00,9784.25,0.00,0.00,67.67,93.64,0.00,-1746.63
2023-05-28 11:28,9800.00,9784.25,0.00,0.00,67.69,93.56,0.00,-1746.63
2023-05-28 11:29,9800.00,9784.25,0.00,0.00,67.67,93.49,0.00,-1746.63
2023-05-28 11:30,9800.00,9784.25,0.00,0.00,67.67,93.47,0.00,-1746.63
2023-05-28 11:31,9800.00,9784.25,0.00,0.00,67.64,93.42,0.00,-1746.63
2023-05-28 11:32,9800.00,9784.25,0.00,0.00,67.56,93.42,0.00,-1746.63
2023-05-28 11:33,9800.00,9784.25,0.00,0.00,67.51,93.39,0.00,-1746.63
2023-05-28 11:34,9800.00,9784.25,0.00,0.00,67.41,93.41,0.00,-1746.63
2023-05-28 11:35,9800.00,9784.25,0.00,0.00,67.33,93.44,0.00,-1746.63
2023-05-28 11:36,9800.00,9784.25,0.00,0.00,67.19,93.52,0.00,-1746.63
2023-05-28 11:37,9800.00,9784.25,0.00,0.00,67.35,93.62,0.00,-1746.63
2023-05-28 11:38,9800.00,9784.25,0.00,0.00,67.29,93.69,0.00,-1746.63
2023-05-28 11:39,9800.00,9784.25,0.00,0.00,67.17,93.79,0.00,-1746.63
2023-05-28 11:40,9800.00,9784.25,0.00,0.00,67.17,93.87,0.00,-1746.63
2023-05-28 11:41,9800.00,9784.25,0.00,0.00,67.11,93.98,0.00,-1746.63
2023-05-28 11:42,9800.00,9784.25,0.00,0.00,66.98,94.03,0.00,-1746.63
2023-05-28 11:43,9800.00,9784.25,0.00,0.00,66.84,94.15,0.00,-1746.63
2023-05-28 11:44,9800.00,9784.25,0.00,0.00,66.71,94.27,0.00,-1746.63
2023-05-28 11:45,9800.00,9784.25,0.00,0.00,66.61,94.35,0.00,-1746.63
2023-05-28 11:46,9800.00,9784.25,0.00,0.00,66.54,94.42,0.00,-1746.63
2023-05-28 11:47,9800.00,9784.25,0.00,0.00,66.45,94.42,0.00,-1746.63
2023-05-28 11:48,9800.00,9784.25,0.00,0.00,66.34,94.49,0.00,-1746.63
2023-05-28 11:49,9800.00,9784.25,0.00,0.00,66.29,94.45,0.00,-1746.63
2023-05-28 11:50,9800.00,9784.25,0.00,0.00,66.16,94.38,0.00,-1746.63
2023-05-28 11:51,9800.00,9784.25,0.00,0.00,66.13,94.35,0.00,-1746.63
2023-05-28 11:52,9800.00,9784.25,0.00,0.00,66.08,94.33,0.00,-1746.63
2023-05-28 11:53,9800.00,9784.25,0.00,0.00,66.07,94.31,0.00,-1746.63
2023-05-28 11:54,9800.00,9784.25,0.00,0.00,66.01,94.34,0.00,-1746.63
2023-05-28 11:55,9800.00,9784.25,0.00,0.00,66.01,94.35,0.00,-1746.63
2023-05-28 11:56,9800.00,9784.25,0.00,0.00,66.00,94.35,0.00,-1746.63
2023-05-28 11:57,9800.00,9784.25,0.00,0.00,65.98,94.41,0.00,-1746.63
2023-05-28 11:58,9800.00,9784.25,0.00,0.00,65.99,94.45,0.00,-1746.63
2023-05-28 11:59,9800.00,9784.25,0.00,0.00,66.03,94.49,0.00,-1746.63
2023-05-28 12:00,9800.00,9784.25,0.00,0.00,66.08,94.49,0.00,-1746.63
2023-05-28 12:01,9800.00,9784.25,0.00,0.00,66.13,94.49,0.00,-1746.63
2023-05-28 12:02,9800.00,9784.25,0.00,0.00,66.10,94.49,0.00,-1746.63
2023-05-28 12:03,9800.00,9784.25,0.00,0.00,66.13,94.43,0.00,-1746.63
2023-05-28 12:04,9800.00,9784.25,0.00,0.00,66.16,94.40,0.00,-1746.63
2023-05-28 12:05,9800.00,9784.25,0.00,0.00,66.21,94.34,0.00,-1746.63
2023-05-28 12:06,9800.00,9784.25,0.00,0.00,66.25,94.27,0.00,-1746.63
2023-05-28 12:07,9800.00,9784.25,0.00,0.00,66.17,94.14,0.00,-1746.63
2023-05-28 12:08,9800.00,9784.25,0.00,0.00,66.20,94.01,0.00,-1746.63
2023-05-28 12:09,9800.00,9784.25,0.00,0.00,66.29,93.84,0.00,-1746.63
2023-05-28 12:10,9800.00,9784.25,0.00,0.00,66.28,93.73,0.00,-1746.63
2023-05-28 12:11,9800.00,9784.25,0.00,0.00,66.38,93.58,0.00,-1746.63
2023-05-28 12:12,9800.00,9784.25,0.00,0.00,66.42,93.43,0.00,-1746.63
2023-05-28 12:13,9800.00,9784.25,0.00,0.00,66.47,93.28,0.00,-1746.63
2023-05-28 12:14,9800.00,9784.25,0.00,0.00,66.53,93.18,0.00,-1746.63
2023-05-28 12:15,9800.00,9784.25,0.00,0.00,66.51,93.10,0.00,-1746.63
2023-05-28 12:16,9800.00,9784.25,0.00,0.00,66.53,93.09,0.00,-1746.63
2023-05-28 12:17,9800.00,9784.25,0.00,0.00,66.60,93.09,0.00,-1746.63
2023-05-28 12:18,9800.00,9784.25,0.00,0.00,66.63,93.11,0.00,-1746.63
2023-05-28 12:19,9800.00,9784.25,0.00,0.00,66.67,93.10,0.00,-1746.63
2023-05-28 12:20,9800.00,9784.25,0.00,0.00,66.67,93.17,0.00,-1746.63
2023-05-28 12:21,9800.00,9784.25,0.00,0.00,66.67,93.26,0.00,-1746.63
2023-05-28 12:22,9800.00,9784.25,0.00,0.00,66.67,93.39,0.00,-1746.63
2023-05-28 12:23,9800.00,9784.25,0.00,0.00,66.67,93.54,0.00,-1746.63
2023-05-28 12:24,9800.00,9784.25,0.00,0.00,66.70,93.67,0.00,-1746.63
2023-05-28 12:25,9800.00,9784.25,0.00,0.00,66.73,93.81,0.00,-1746.63
2023-05-28 12:26,9800.00,9784.25,0.00,0.00,66.76,94.02,0.00,-1746.63
2023-05-28 12:27,9800.00,9784.25,0.00,0.00,66.79,94.19,0.00,-1746.63
2023-05-28 12:28,9800.00,9784.25,0.00,0.00,66.85,94.36,0.00,-1746.63
2023-05-28 12:29,9800.00,9784.25,0.00,0.00,66.87,94.50,0.00,-1746.63
2023-05-28 12:30,9800.00,9784.25,0.00,0.00,66.86,94.64,0.00,-1746.63
2023-05-28 12:31,9800.00,9784.25,0.00,0.00,66.85,94.76,0.00,-1746.63
2023-05-28 12:32,9800.00,9784.25,0.00,0.00,66.92,94.94,0.00,-1746.63
2023-05-28 12:33,9800.00,9784.25,0.00,0.00,66.95,95.12,0.00,-1746.63
2023-05-28 12:34,9800.00,9784.25,0.00,0.00,66.95,95.26,0.00,-1746.63
2023-05-28 12:35,9800.00,9784.25,0.00,0.00,67.00,95.41,0.00,-1746.63
2023-05-28 12:36,9800.00,9784.25,0.00,0.00,67.05,95.50,0.00,-1746.63
2023-05-28 12:37,9800.00,9784.25,0.00,0.00,67.14,95.62,0.00,-1746.63
2023-05-28 12:38,9800.00,9784.25,0.00,14.54,67.14,95.67,0.00,-1746.63
2023-05-28 12:39,9800.00,9784.25,0.00,70.88,67.13,95.76,0.00,-1746.63
2023-05-28 12:40,9800.00,9784.25,16.41,179.26,66.83,95.81,0.00,-1730.22
2023-05-28 12:41,9800.00,9784.25,245.73,295.12,66.75,95.75,0.00,-1500.89
2023-05-28 12:42,9800.00,9784.25,278.31,298.45,66.95,94.77,0.00,-1468.32
2023-05-28 12:43,9800.00,9784.25,277.70,298.58,67.07,93.57,0.00,-1468.93
2023-05-28 12:44,9800.00,9784.25,278.03,298.58,67.09,92.85,0.00,-1468.60
2023-05-28 12:45,9800.00,9784.25,278.87,298.86,67.15,92.43,0.00,-1467.75
2023-05-28 12:46,9800.00,9784.25,279.58,298.86,67.20,92.12,0.00,-1467.04
2023-05-28 12:47,9800.00,9784.25,280.02,298.86,67.23,91.86,0.00,-1466.60
2023-05-28 12:48,9800.00,9784.25,280.77,299.00,67.26,91.59,0.00,-1465.86
2023-05-28 12:49,9800.00,9784.25,281.12,298.72,67.34,91.29,0.00,-1465.51
2023-05-28 12:50,9800.00,9784.25,282.30,298.86,67.34,91.01,0.00,-1464.33
2023-05-28 12:51,9800.00,9784.25,283.61,298.86,67.35,90.91,0.00,-1463.02
2023-05-28 12:52,9800.00,9784.25,282.95,298.86,67.41,91.11,0.00,-1463.67
2023-05-28 12:53,9800.00,9784.25,284.84,299.00,67.54,91.36,0.00,-1461.78
2023-05-28 12:54,9800.00,9784.25,284.03,298.72,67.68,91.16,0.00,-1462.60
2023-05-28 12:55,9800.00,9784.25,284.46,288.62,67.68,90.77,0.00,-1462.16
2023-05-28 12:56,9800.00,9784.25,10.53,46.51,67.80,90.54,0.00,-1736.10
2023-05-28 12:57,9800.00,9784.25,0.00,0.00,68.05,91.20,0.00,-1746.63
2023-05-28 12:58,9800.00,9784.25,0.00,0.00,68.03,91.70,0.00,-1746.63
2023-05-28 12:59,9800.00,9784.25,0.00,0.00,67.81,92.06,0.00,-1746.63
2023-05-28 13:00,9800.00,9784.25,0.00,0.00,67.86,92.38,0.00,-1746.63
2023-05-28 13:01,9800.00,9784.25,0.00,0.00,67.97,92.66,0.00,-1746.63
2023-05-28 13:02,9800.00,9784.25,0.00,0.00,67.93,92.85,0.00,-1746.63
2023-05-28 13:03,9800.00,9784.25,0.00,0.00,68.12,93.02,0.00,-1746.63
2023-05-28 13:04,9800.00,9784.25,0.00,0.00,68.42,93.09,0.00,-1746.63
2023-05-28 13:05,9800.00,9784.25,0.00,0.00,68.49,93.02,0.00,-1746.63
2023-05-28 13:06,9800.00,9784.25,0.00,0.00,68.10,92.85,0.00,-1746.63
2023-05-28 13:07,9800.00,9784.25,0.00,0.00,67.83,92.58,0.00,-1746.63
2023-05-28 13:08,9800.00,9784.25,0.00,0.00,67.91,92.24,0.00,-1746.63
2023-05-28 13:09,9800.00,9784.25,0.00,0.00,68.09,91.82,0.00,-1746.63
2023-05-28 13:10,9800.00,9784.25,0.00,0.00,68.27,91.35,0.00,-1746.63
2023-05-28 13:11,9800.00,9784.25,0.00,0.00,68.16,90.81,0.00,-1746.63
2023-05-28 13:12,9800.00,9784.25,0.00,0.00,68.03,90.33,0.00,-1746.63
2023-05-28 13:13,9800.00,9784.25,0.00,0.00,67.68,89.79,0.00,-1746.63
2023-05-28 13:14,9800.00,9784.25,0.00,0.00,67.58,89.27,0.00,-1746.63
2023-05-28 13:15,9800.00,9784.25,0.00,0.00,67.84,88.77,0.00,-1746.63
2023-05-28 13:16,9800.00,9784.25,0.00,0.00,68.10,88.34,0.00,-1746.63
2023-05-28 13:17,9800.00,9784.25,0.00,0.00,68.47,87.90,0.00,-1746.63
2023-05-28 13:18,9800.00,9784.25,0.00,0.00,68.30,87.56,0.00,-1746.63
2023-05-28 13:19,9800.00,9784.25,0.00,0.00,68.39,87.30,0.00,-1746.63
2023-05-28 13:20,9800.00,9784.25,0.00,0.00,68.53,87.11,0.00,-1746.63
2023-05-28 13:21,9800.00,9784.25,0.00,0.00,69.05,86.99,0.00,-1746.63
2023-05-28 13:22,9800.00,9784.25,0.00,0.00,69.24,86.94,0.00,-1746.63
2023-05-28 13:23,9800.00,9784.25,0.00,0.00,69.66,86.81,0.00,-1746.63
2023-05-28 13:24,9800.00,9784.25,0.00,0.00,69.87,86.69,0.00,-1746.63
2023-05-28 13:25,9800.00,9784.25,0.00,0.00,69.85,86.62,0.00,-1746.63
2023-05-28 13:26,9800.00,9784.25,0.00,0.00,70.14,86.46,0.00,-1746.63
2023-05-28 13:27,9800.00,9784.25,0.00,0.00,70.33,86.28,0.00,-1746.63
2023-05-28 13:28,9800.00,9784.25,0.00,0.00,70.40,86.06,0.00,-1746.63
2023-05-28 13:29,9800.00,9784.25,0.00,0.00,70.90,85.91,0.00,-1746.63
2023-05-28 13:30,9800.00,9784.25,0.00,0.00,70.99,85.75,0.00,-1746.63
2023-05-28 13:31,9800.00,9784.25,0.00,0.00,71.17,85.59,0.00,-1746.63
2023-05-28 13:32,9800.00,9784.25,0.00,0.00,71.36,85.40,0.00,-1746.63
2023-05-28 13:33,9800.00,9784.25,0.00,0.00,71.77,85.25,0.00,-1746.63
2023-05-28 13:34,9800.00,9784.25,0.00,0.00,71.83,85.15,0.00,-1746.63
2023-05-28 13:35,9800.00,9784.25,0.00,0.00,71.86,85.06,0.00,-1746.63
2023-05-28 13:36,9800.00,9784.25,0.00,0.00,72.08,84.98,0.00,-1746.63
2023-05-28 13:37,9800.00,9784.25,0.00,0.00,72.43,84.91,0.00,-1746.63
2023-05-28 13:38,9800.00,9784.25,0.00,0.00,72.34,84.81,0.00,-1746.63
2023-05-28 13:39,9800.00,9784.25,0.00,0.00,72.47,84.74,0.00,-1746.63
2023-05-28 13:40,9800.00,9784.25,0.00,0.00,72.48,84.74,0.00,-1746.63
2023-05-28 13:41,9800.00,9784.25,0.00,0.00,72.34,84.79,0.00,-1746.63
2023-05-28 13:42,9800.00,9784.25,0.00,0.00,72.56,84.88,0.00,-1746.63
2023-05-28 13:43,9800.00,9784.25,0.00,0.00,72.72,84.97,0.00,-1746.63
2023-05-28 13:44,9800.00,9784.25,0.00,0.00,72.81,85.09,0.00,-1746.63
2023-05-28 13:45,9800.00,9784.25,0.00,0.00,72.86,85.17,0.00,-1746.63
2023-05-28 13:46,9800.00,9784.25,0.00,0.00,72.85,85.13,0.00,-1746.63
2023-05-28 13:47,9800.00,9784.25,0.00,0.00,72.92,85.11,0.00,-1746.63
2023-05-28 13:48,9800.00,9784.25,0.00,0.00,73.04,85.08,0.00,-1746.63
2023-05-28 13:49,9800.00,9784.25,0.00,0.00,73.19,85.08,0.00,-1746.63
2023-05-28 13:50,9800.00,9784.25,0.00,0.00,73.44,85.15,0.00,-1746.63
2023-05-28 13:51,9800.00,9784.25,0.00,0.00,73.48,85.24,0.00,-1746.63
2023-05-28 13:52,9800.00,9784.25,0.00,0.00,73.70,85.34,0.00,-1746.63
2023-05-28 13:53,9800.00,9784.25,0.00,0.00,73.92,85.40,0.00,-1746.63
2023-05-28 13:54,9800.00,9784.25,0.00,0.00,74.03,85.44,0.00,-1746.63
2023-05-28 13:55,9800.00,9784.25,0.00,0.00,74.17,85.36,0.00,-1746.63
2023-05-28 13:56,9800.00,9784.25,0.00,0.00,74.30,85.28,0.00,-1746.63
2023-05-28 13:57,9800.00,9784.25,0.00,0.00,74.41,85.19,0.00,-1746.63
2023-05-28 13:58,9800.00,9784.25,0.00,0.00,74.49,85.07,0.00,-1746.63
2023-05-28 13:59,9800.00,9784.25,0.00,0.00,74.80,84.92,0.00,-1746.63
2023-05-28 14:00,9800.00,9784.25,0.00,0.00,74.90,84.78,0.00,-1746.63
2023-05-28 14:01,9800.00,9784.25,0.00,0.00,74.99,84.66,0.00,-1746.63
2023-05-28 14:02,9800.00,9784.25,0.00,0.00,75.06,84.53,0.00,-1746.63
2023-05-28 14:03,9800.00,9784.25,0.00,0.00,75.28,84.41,0.00,-1746.63
2023-05-28 14:04,9800.00,9784.25,0.00,0.00,75.37,84.31,0.00,-1746.63
2023-05-28 14:05,9800.00,9784.25,0.00,0.00,75.43,84.21,0.00,-1746.63
2023-05-28 14:06,9800.00,9784.25,0.00,0.00,75.49,84.17,0.00,-1746.63
2023-05-28 14:07,9800.00,9784.25,0.00,0.00,75.58,84.12,0.00,-1746.63
2023-05-28 14:08,9800.00,9784.25,0.00,0.00,75.76,84.03,0.00,-1746.63
2023-05-28 14:09,9800.00,9784.25,0.00,0.00,75.94,84.00,0.00,-1746.63
2023-05-28 14:10,9800.00,9784.25,0.00,0.00,76.16,84.00,0.00,-1746.63
2023-05-28 14:11,9800.00,9784.25,0.00,0.00,76.32,84.00,0.00,-1746.63
2023-05-28 14:12,9800.00,9784.25,0.00,0.00,76.40,84.02,0.00,-1746.63
2023-05-28 14:13,9800.00,9784.25,0.00,0.00,76.48,84.07,0.00,-1746.63
2023-05-28 14:14,9800.00,9784.25,0.00,0.00,76.58,84.07,0.00,-1746.63
2023-05-28 14:15,9800.00,9784.25,0.00,0.00,76.65,84.08,0.00,-1746.63
2023-05-28 14:16,9800.00,9784.25,0.00,0.00,76.75,84.06,0.00,-1746.63
2023-05-28 14:17,9800.00,9784.25,0.00,0.00,76.86,84.06,0.00,-1746.63
2023-05-28 14:18,9800.00,9784.25,0.00,0.00,77.02,84.06,0.00,-1746.63
2023-05-28 14:19,9800.00,9784.25,0.00,0.00,77.11,84.12,0.00,-1746.63
2023-05-28 14:20,9800.00,9784.25,0.00,0.00,77.04,84.14,0.00,-1746.63
2023-05-28 14:21,9800.00,9784.25,0.00,0.00,77.00,84.13,0.00,-1746.63
2023-05-28 14:22,9800.00,9784.25,0.00,0.00,77.18,84.13,0.00,-1746.63
2023-05-28 14:23,9800.00,9784.25,0.00,0.00,77.40,84.04,0.00,-1746.63
2023-05-28 14:24,9800.00,9784.25,0.00,0.00,77.61,83.98,0.00,-1746.63
2023-05-28 14:25,9800.00,9784.25,0.00,0.00,77.80,83.88,0.00,-1746.63
2023-05-28 14:26,9800.00,9784.25,0.00,0.00,78.02,83.83,0.00,-1746.63
2023-05-28 14:27,9800.00,9784.25,0.00,0.00,78.18,83.75,0.00,-1746.63
2023-05-28 14:28,9800.00,9784.25,0.00,0.00,78.22,83.69,0.00,-1746.63
2023-05-28 14:29,9800.00,9784.25,0.00,0.00,78.24,83.61,0.00,-1746.63
2023-05-28 14:30,9800.00,9784.25,0.00,0.00,78.31,83.51,0.00,-1746.63
2023-05-28 14:31,9800.00,9784.25,0.00,0.00,78.39,83.45,0.00,-1746.63
2023-05-28 14:32,9800.00,9784.25,0.00,0.00,78.27,83.34,0.00,-1746.63
2023-05-28 14:33,9800.00,9784.25,0.00,0.00,78.20,83.26,0.00,-1746.63
2023-05-28 14:34,9800.00,9784.25,0.00,0.00,78.44,83.13,0.00,-1746.63
2023-05-28 14:35,9800.00,9784.25,0.00,0.00,78.68,82.96,0.00,-1746.63
2023-05-28 14:36,9800.00,9784.25,0.00,0.00,78.97,82.81,0.00,-1746.63
2023-05-28 14:37,9800.00,9784.25,0.00,0.00,79.23,82.67,0.00,-1746.63
2023-05-28 14:38,9800.00,9784.25,0.00,0.00,79.47,82.46,0.00,-1746.63
2023-05-28 14:39,9800.00,9784.25,0.00,0.00,79.61,82.27,0.00,-1746.63
2023-05-28 14:40,9800.00,9784.25,0.00,0.00,79.41,82.11,0.00,-1746.63
2023-05-28 14:41,9800.00,9784.25,0.00,0.00,79.35,81.93,0.00,-1746.63
2023-05-28 14:42,9800.00,9784.25,0.00,0.00,79.33,81.78,0.00,-1746.63
2023-05-28 14:43,9800.00,9784.25,0.00,0.00,79.32,81.62,0.00,-1746.63
2023-05-28 14:44,9800.00,9784.25,0.00,0.00,79.57,81.49,0.00,-1746.63
2023-05-28 14:45,9800.00,9784.25,0.00,0.00,79.78,81.35,0.00,-1746.63
2023-05-28 14:46,9800.00,9784.25,0.00,0.00,79.92,81.21,0.00,-1746.63
2023-05-28 14:47,9800.00,9784.25,0.00,0.00,80.01,81.11,0.00,-1746.63
2023-05-28 14:48,9800.00,9784.25,0.00,0.00,80.08,81.01,0.00,-1746.63
2023-05-28 14:49,9800.00,9784.25,0.00,0.00,80.02,80.90,0.00,-1746.63
2023-05-28 14:50,9800.00,9784.25,0.00,0.00,79.95,80.81,0.00,-1746.63
2023-05-28 14:51,9800.00,9784.25,0.00,0.00,80.03,80.73,0.00,-1746.63
2023-05-28 14:52,9800.00,9784.25,0.00,0.00,80.09,80.62,0.00,-1746.63
2023-05-28 14:53,9800.00,9784.25,0.00,0.00,80.19,80.50,0.00,-1746.63
2023-05-28 14:54,9800.00,9784.25,0.00,0.00,80.22,80.38,0.00,-1746.63
2023-05-28 14:55,9800.00,9784.25,0.00,0.00,80.41,80.31,0.00,-1746.63
2023-05-28 14:56,9800.00,9784.25,0.00,0.00,80.38,80.20,0.00,-1746.63
2023-05-28 14:57,9800.00,9784.25,0.00,0.00,80.46,80.14,0.00,-1746.63
2023-05-28 14:58,9800.00,9784.25,0.00,0.00,80.49,80.05,0.00,-1746.63
2023-05-28 14:59,9800.00,9784.25,0.00,0.00,80.11,79.93,0.00,-1746.63
2023-05-28 15:00,9800.00,9784.25,0.00,0.00,79.90,79.81,0.00,-1746.63
2023-05-28 15:01,9800.00,9784.25,0.00,0.00,79.90,79.69,0.00,-1746.63
2023-05-28 15:02,9800.00,9784.25,0.00,0.00,79.95,79.62,0.00,-1746.63
2023-05-28 15:03,9800.00,9784.25,0.00,0.00,79.69,79.58,0.00,-1746.63
2023-05-28 15:04,9800.00,9784.25,0.00,0.00,79.35,79.53,0.00,-1746.63
2023-05-28 15:05,9800.00,9784.25,0.00,0.00,79.14,79.48,0.00,-1746.63
2023-05-28 15:06,9800.00,9784.25,0.00,0.00,79.26,79.48,0.00,-1746.63
2023-05-28 15:07,9800.00,9784.25,0.00,0.00,79.19,79.48,0.00,-1746.63
2023-05-28 15:08,9800.00,9784.25,0.00,0.00,79.26,79.48,0.00,-1746.63
2023-05-28 15:09,9800.00,9784.25,0.00,0.00,78.99,79.42,0.00,-1746.63
2023-05-28 15:10,9800.00,9784.25,0.00,0.00,79.04,79.42,0.00,-1746.63
2023-05-28 15:11,9800.00,9784.25,0.00,0.00,79.14,79.43,0.00,-1746.63
2023-05-28 15:12,9800.00,9784.25,0.00,0.00,79.14,79.34,0.00,-1746.63
2023-05-28 15:13,9800.00,9784.25,0.00,0.00,79.09,79.27,0.00,-1746.63
2023-05-28 15:14,9800.00,9784.25,0.00,0.00,79.20,79.20,0.00,-1746.63
2023-05-28 15:15,9800.00,9784.25,0.00,0.00,79.40,79.13,0.00,-1746.63
2023-05-28 15:16,9800.00,9784.25,0.00,0.00,79.49,79.09,0.00,-1746.63
2023-05-28 15:17,9800.00,9784.25,0.00,0.00,79.57,79.05,0.00,-1746.63
2023-05-28 15:18,9800.00,9784.25,0.00,0.00,79.67,79.02,0.00,-1746.63
2023-05-28 15:19,9800.00,9784.25,0.00,0.00,79.80,78.97,0.00,-1746.63
2023-05-28 15:20,9800.00,9784.25,0.00,0.00,79.78,78.95,0.00,-1746.63
2023-05-28 15:21,9800.00,9784.25,0.00,0.00,79.80,78.91,0.00,-1746.63
2023-05-28 15:22,9800.00,9784.25,0.00,0.00,79.84,78.89,0.00,-1746.63
2023-05-28 15:23,9800.00,9784.25,0.00,0.00,79.93,78.84,0.00,-1746.63
2023-05-28 15:24,9800.00,9784.25,0.00,0.00,80.03,78.75,0.00,-1746.63
2023-05-28 15:25,9800.00,9784.25,0.00,0.00,80.10,78.75,0.00,-1746.63
2023-05-28 15:26,9800.00,9784.25,0.00,0.00,80.14,78.75,0.00,-1746.63
2023-05-28 15:27,9800.00,9784.25,0.00,0.00,80.19,78.72,0.00,-1746.63
2023-05-28 15:28,9800.00,9784.25,0.00,0.00,80.24,78.69,0.00,-1746.63
2023-05-28 15:29,9800.00,9784.25,0.00,0.00,80.28,78.69,0.00,-1746.63
2023-05-28 15:30,9800.00,9784.25,0.00,0.00,80.28,78.66,0.00,-1746.63
2023-05-28 15:31,9800.00,9784.25,0.00,0.00,80.28,78.62,0.00,-1746.63
2023-05-28 15:32,9800.00,9780.64,0.00,0.00,80.26,78.62,0.00,-1746.63
2023-05-28 15:33,9800.00,9780.52,0.00,109.50,80.19,78.58,0.00,-1746.63
2023-05-28 15:34,9800.00,9780.52,22.40,271.31,79.94,78.56,0.00,-1724.23
2023-05-28 15:35,9800.00,9780.52,339.93,390.78,75.39,78.58,0.00,-1406.70
2023-05-28 15:36,9800.00,9772.04,373.14,388.56,71.83,79.35,0.00,-1373.48
2023-05-28 15:37,9800.00,9748.56,380.53,391.33,71.32,81.02,0.00,-1366.10
2023-05-28 15:38,9800.00,9748.56,373.41,391.88,70.98,81.52,0.00,-1373.22
2023-05-28 15:39,9800.00,9748.56,374.70,391.88,70.44,81.80,0.00,-1371.92
2023-05-28 15:40,9800.00,9748.56,375.58,391.74,69.78,82.17,0.00,-1371.05
2023-05-28 15:41,9800.00,9748.56,375.97,391.88,69.26,82.56,0.00,-1370.66
2023-05-28 15:42,9800.00,9748.56,376.24,391.74,68.54,82.97,0.00,-1370.39
2023-05-28 15:43,9800.00,9748.56,377.32,392.02,67.99,83.37,0.00,-1369.31
2023-05-28 15:44,9800.00,9748.56,377.76,392.02,67.00,83.77,0.00,-1368.87
2023-05-28 15:45,9800.00,9748.56,378.50,392.02,65.14,84.12,0.00,-1368.13
2023-05-28 15:46,9800.00,9748.56,379.02,392.02,64.40,84.43,0.00,-1367.60
2023-05-28 15:47,9800.00,9748.56,379.55,392.16,64.12,84.68,0.00,-1367.08
2023-05-28 15:48,9800.00,9748.56,379.79,392.16,64.76,84.92,0.00,-1366.84
2023-05-28 15:49,9800.00,9748.56,380.13,392.16,65.34,85.13,0.00,-1366.50
2023-05-28 15:50,9800.00,9748.56,380.40,392.30,65.48,85.27,0.00,-1366.23
2023-05-28 15:51,9800.00,9748.56,380.43,392.44,65.81,85.45,0.00,-1366.20
2023-05-28 15:52,9800.00,9748.56,380.15,392.30,65.69,85.56,0.00,-1366.48
2023-05-28 15:53,9800.00,9748.56,379.98,392.57,65.95,85.64,0.00,-1366.65
2023-05-28 15:54,9800.00,9748.56,379.86,392.30,66.21,85.70,0.00,-1366.77
2023-05-28 15:55,9800.00,9748.56,380.14,392.44,65.99,85.74,0.00,-1366.48
2023-05-28 15:56,9800.00,9749.22,381.25,392.44,66.41,85.87,0.00,-1365.38
2023-05-28 15:57,9800.00,9752.18,381.49,392.71,66.97,85.99,0.00,-1365.14
2023-05-28 15:58,9800.00,9749.18,371.93,391.61,66.99,86.12,0.00,-1374.70
2023-05-28 15:59,9800.00,9745.86,377.44,391.33,66.97,86.24,0.00,-1369.19
2023-05-28 16:00,9800.00,9746.07,377.64,391.47,67.21,86.30,0.00,-1368.98
2023-05-28 16:01,9800.00,9746.07,377.48,391.61,67.33,86.41,0.00,-1369.14
2023-05-28 16:02,9800.00,9746.07,377.25,391.88,67.58,86.50,0.00,-1369.38
2023-05-28 16:03,9800.00,9746.07,377.13,391.74,67.42,86.61,0.00,-1369.49
2023-05-28 16:04,9800.00,9746.07,377.23,391.88,67.55,86.74,0.00,-1369.40
2023-05-28 16:05,9800.00,9753.21,385.20,390.91,67.70,86.84,0.00,-1361.43
2023-05-28 16:06,9800.00,9753.23,375.24,391.61,67.71,86.94,0.00,-1371.38
2023-05-28 16:07,9800.00,9724.22,374.28,392.44,67.67,87.03,0.00,-1372.35
2023-05-28 16:08,9800.00,9681.88,375.57,389.11,67.45,87.46,0.00,-1371.06
2023-05-28 16:09,9800.00,9746.23,448.17,384.27,67.68,87.52,0.00,-1298.46
2023-05-28 16:10,9800.00,9772.98,375.77,388.98,67.87,87.64,0.00,-1370.85
2023-05-28 16:11,9800.00,9773.91,373.80,389.53,67.90,87.71,0.00,-1372.82
2023-05-28 16:12,9800.00,9718.65,385.53,389.94,68.07,88.03,0.00,-1361.09
2023-05-28 16:13,9800.00,9684.50,393.02,389.11,68.05,88.54,0.00,-1353.61
2023-05-28 16:14,9800.00,9712.33,389.43,389.53,68.09,88.44,0.00,-1357.20
2023-05-28 16:15,9800.00,9731.91,398.09,388.00,68.02,88.36,0.00,-1348.53
2023-05-28 16:16,9800.00,9744.10,372.03,390.36,68.09,88.31,0.00,-1374.60
2023-05-28 16:17,9800.00,9744.10,371.89,390.64,68.01,88.27,0.00,-1374.74
2023-05-28 16:18,9800.00,9744.10,372.25,390.91,68.21,88.25,0.00,-1374.38
2023-05-28 16:19,9800.00,9744.10,372.64,390.91,68.44,88.31,0.00,-1373.99
2023-05-28 16:20,9800.00,9744.10,374.31,391.47,68.23,88.40,0.00,-1372.32
2023-05-28 16:21,9800.00,9744.10,376.52,392.30,68.09,88.48,0.00,-1370.11
2023-05-28 16:22,9800.00,9744.10,376.45,392.57,68.22,88.62,0.00,-1370.17
2023-05-28 16:23,9800.00,9744.10,376.30,392.57,68.42,88.72,0.00,-1370.33
2023-05-28 16:24,9800.00,9764.44,409.63,388.84,68.58,88.86,0.00,-1336.99
2023-05-28 16:25,9800.00,9768.24,374.72,389.25,69.05,89.04,0.00,-1371.91
2023-05-28 16:26,9800.00,9751.40,371.17,389.39,69.94,89.21,0.00,-1375.46
2023-05-28 16:27,9800.00,9751.40,370.63,389.53,70.47,89.27,0.00,-1376.00
2023-05-28 16:28,9800.00,9751.40,370.62,389.53,70.72,89.37,0.00,-1376.01
2023-05-28 16:29,9800.00,9751.40,370.77,389.67,70.94,89.45,0.00,-1375.86
2023-05-28 16:30,9800.00,9751.40,370.89,389.94,71.21,89.58,0.00,-1375.74
2023-05-28 16:31,9800.00,9751.40,371.10,389.53,71.36,89.64,0.00,-1375.52
2023-05-28 16:32,9800.00,9751.40,370.97,389.53,71.50,89.70,0.00,-1375.66
2023-05-28 16:33,9800.00,9751.40,370.74,389.53,71.64,89.77,0.00,-1375.89
2023-05-28 16:34,9800.00,9751.40,370.96,389.39,71.80,89.77,0.00,-1375.66
2023-05-28 16:35,9800.00,9751.40,370.94,389.81,71.93,89.77,0.00,-1375.68
2023-05-28 16:36,9800.00,9754.08,378.44,388.56,72.12,89.76,0.00,-1368.19
2023-05-28 16:37,9800.00,9766.53,182.06,196.29,72.30,89.78,0.00,-1564.57
2023-05-28 16:38,9800.00,9755.97,87.08,0.00,72.46,89.95,0.00,-1659.54
2023-05-28 16:39,9800.00,9691.31,87.74,0.00,72.52,90.00,0.00,-1658.89
2023-05-28 16:40,9800.00,9677.57,88.69,0.00,72.45,89.87,0.00,-1657.93
2023-05-28 16:41,9800.00,9677.57,49.05,0.00,72.46,89.40,0.00,-1697.57
2023-05-28 16:42,9800.00,9665.43,0.00,0.00,72.53,88.94,0.00,-1746.63
2023-05-28 16:43,9800.00,9598.28,0.00,0.00,72.59,88.39,0.00,-1746.63
2023-05-28 16:44,9800.00,9583.54,0.00,0.00,72.69,87.87,0.00,-1746.63
2023-05-28 16:45,9800.00,9558.38,0.00,0.00,72.79,87.37,0.00,-1746.63
2023-05-28 16:46,9800.00,9494.16,0.00,0.00,72.84,86.98,0.00,-1746.63
2023-05-28 16:47,9800.00,9486.44,0.00,0.00,72.88,86.63,0.00,-1746.63
2023-05-28 16:48,9800.00,9429.57,0.00,0.00,72.93,86.33,0.00,-1746.63
2023-05-28 16:49,9800.00,9393.64,0.00,0.00,72.91,86.08,0.00,-1746.63
2023-05-28 16:50,9800.00,9378.88,0.00,7.61,72.90,85.83,0.00,-1746.63
2023-05-28 16:51,9800.00,9311.23,0.00,24.09,72.74,85.52,0.00,-1746.63
2023-05-28 16:52,9800.00,9296.35,0.00,0.00,72.79,84.65,0.00,-1746.63
2023-05-28 16:53,9800.00,9240.00,0.00,0.00,72.89,84.25,0.00,-1746.63
2023-05-28 16:54,9800.00,9202.86,0.00,0.00,73.03,83.92,0.00,-1746.63
2023-05-28 16:55,9800.00,9184.07,0.00,0.00,72.96,83.79,0.00,-1746.63
2023-05-28 16:56,9800.00,9117.44,0.00,0.00,72.83,83.55,0.00,-1746.63
2023-05-28 16:57,9800.00,9106.61,0.00,0.00,72.78,83.36,0.00,-1746.63
2023-05-28 16:58,9800.00,9050.32,0.00,0.00,72.74,83.19,0.00,-1746.63
2023-05-28 16:59,9800.00,9013.86,0.00,0.00,72.65,82.98,0.00,-1746.63
2023-05-28 17:00,9800.00,9000.69,0.00,0.00,72.63,82.88,0.00,-1746.63
2023-05-28 17:01,9800.00,8932.25,0.00,0.00,72.53,82.69,0.00,-1746.63
2023-05-28 17:02,9800.00,8917.07,0.00,0.00,72.48,82.56,0.00,-1746.63
2023-05-28 17:03,9800.00,8888.99,0.00,0.00,72.44,82.45,0.00,-1746.63
2023-05-28 17:04,9800.00,8887.05,0.00,0.00,72.37,82.35,0.00,-1746.63
2023-05-28 17:05,9800.00,8853.19,0.00,15.09,72.31,82.20,0.00,-1746.63
2023-05-28 17:06,9800.00,8793.97,0.00,41.53,72.36,81.95,0.00,-1746.63
2023-05-28 17:07,9800.00,8783.03,0.00,14.81,72.99,81.26,0.00,-1746.63
2023-05-28 17:08,9800.00,8716.30,0.00,0.00,73.16,80.65,0.00,-1746.63
2023-05-28 17:09,9800.00,8696.72,0.00,0.00,72.70,80.42,0.00,-1746.63
2023-05-28 17:10,9800.00,8685.75,0.00,0.00,72.83,80.33,0.00,-1746.63
2023-05-28 17:11,9800.00,8618.08,0.00,0.00,73.11,80.09,0.00,-1746.63
2023-05-28 17:12,9800.00,8601.94,0.00,0.00,73.11,79.93,0.00,-1746.63
2023-05-28 17:13,9800.00,8595.49,0.00,0.00,73.16,79.82,0.00,-1746.63
2023-05-28 17:14,9800.00,8529.88,0.00,0.00,73.06,79.65,0.00,-1746.63
2023-05-28 17:15,9800.00,8507.67,0.00,0.00,72.75,79.54,0.00,-1746.63
2023-05-28 17:16,9800.00,8475.16,0.00,0.00,72.57,79.45,0.00,-1746.63
2023-05-28 17:17,9800.00,8414.77,0.00,0.00,72.58,79.30,0.00,-1746.63
2023-05-28 17:18,9800.00,8400.31,0.00,22.01,72.56,79.24,0.00,-1746.63
2023-05-28 17:19,9800.00,8332.16,0.00,43.33,72.64,79.16,0.00,-1746.63
2023-05-28 17:20,9800.00,8316.25,0.00,2.35,73.17,78.82,0.00,-1746.63
2023-05-28 17:21,9800.00,8257.83,0.00,0.00,73.01,78.59,0.00,-1746.63
2023-05-28 17:22,9800.00,8223.01,0.00,0.00,72.88,78.47,0.00,-1746.63
2023-05-28 17:23,9800.00,8187.61,0.00,0.00,73.04,78.41,0.00,-1746.63
2023-05-28 17:24,9800.00,8129.71,0.00,0.00,72.82,78.33,0.00,-1746.63
2023-05-28 17:25,9800.00,8125.77,0.00,0.00,72.61,78.31,0.00,-1746.63
2023-05-28 17:26,9800.00,8065.83,0.00,0.00,72.72,78.19,0.00,-1746.63
2023-05-28 17:27,9800.00,8033.74,0.00,0.00,73.01,78.02,0.00,-1746.63
2023-05-28 17:28,9800.00,8016.94,0.00,0.00,73.04,78.07,0.00,-1746.63
2023-05-28 17:29,9800.00,7948.64,0.00,0.00,72.95,77.94,0.00,-1746.63
2023-05-28 17:30,9800.00,7938.87,0.00,24.78,73.08,77.96,0.00,-1746.63
2023-05-28 17:31,9800.00,7886.91,0.00,76.96,73.10,78.01,0.00,-1746.63
2023-05-28 17:32,9800.00,7844.45,0.00,49.83,73.49,77.84,0.00,-1746.63
2023-05-28 17:33,9800.00,7791.96,0.00,0.00,73.32,77.56,0.00,-1746.63
2023-05-28 17:34,9800.00,7749.30,0.00,0.00,72.78,77.48,0.00,-1746.63
2023-05-28 17:35,9800.00,7690.30,0.00,0.00,73.08,77.45,0.00,-1746.63
2023-05-28 17:36,9800.00,7653.51,0.00,0.00,73.13,77.36,0.00,-1746.63
2023-05-28 17:37,9800.00,7582.91,0.00,0.00,73.24,77.34,0.00,-1746.63
2023-05-28 17:38,9800.00,7557.70,0.00,0.00,73.31,77.33,0.00,-1746.63
2023-05-28 17:39,9800.00,7483.06,0.00,0.00,73.55,77.28,0.00,-1746.63
2023-05-28 17:40,9800.00,7463.10,0.00,6.64,73.63,77.29,0.00,-1746.63
2023-05-28 17:41,9800.00,7389.59,0.00,65.20,73.74,77.28,0.00,-1746.63
2023-05-28 17:42,9800.00,7370.44,0.00,53.29,74.10,77.17,0.00,-1746.63
2023-05-28 17:43,9800.00,7302.37,0.00,0.00,73.71,76.77,0.00,-1746.63
2023-05-28 17:44,9800.00,7272.72,0.00,0.00,73.10,76.70,0.00,-1746.63
2023-05-28 17:45,9800.00,7196.33,0.00,0.00,73.13,76.70,0.00,-1746.63
2023-05-28 17:46,9800.00,7175.20,0.00,0.00,73.23,76.70,0.00,-1746.63
2023-05-28 17:47,9800.00,7097.43,0.00,0.00,73.00,76.65,0.00,-1746.63
2023-05-28 17:48,9800.00,7081.37,0.00,0.00,73.04,76.68,0.00,-1746.63
2023-05-28 17:49,9800.00,7003.10,0.00,0.00,73.14,76.59,0.00,-1746.63
2023-05-28 17:50,9800.00,6983.43,0.00,0.00,73.13,76.57,0.00,-1746.63
2023-05-28 17:51,9800.00,6904.49,0.00,0.00,73.30,76.52,0.00,-1746.63
2023-05-28 17:52,9800.00,6894.88,0.00,25.47,73.33,76.58,0.00,-1746.63
2023-05-28 17:53,9800.00,6894.88,0.00,44.85,73.69,76.63,0.00,-1746.63
2023-05-28 17:54,9800.00,6894.88,0.00,15.23,74.04,76.45,0.00,-1746.63
2023-05-28 17:55,9800.00,6894.88,0.00,0.00,73.55,76.27,0.00,-1746.63
2023-05-28 17:56,9800.00,6894.88,0.00,0.00,73.00,76.25,0.00,-1746.63
2023-05-28 17:57,9800.00,6886.96,0.00,0.00,73.22,76.23,0.00,-1746.63
2023-05-28 17:58,9800.00,6809.56,0.00,0.00,73.17,76.14,0.00,-1746.63
2023-05-28 17:59,9800.00,6799.49,0.00,0.00,73.14,76.11,0.00,-1746.63
2023-05-28 18:00,9800.00,6727.22,0.00,0.00,73.36,76.08,0.00,-1746.63
2023-05-28 18:01,9800.00,6706.37,0.00,0.00,73.43,76.10,0.00,-1746.63
2023-05-28 18:02,9800.00,6657.37,0.00,0.00,73.44,76.08,0.00,-1746.63
2023-05-28 18:03,9800.00,6611.30,0.00,0.00,73.49,76.06,0.00,-1746.63
2023-05-28 18:04,9800.00,6570.06,0.00,0.00,73.49,76.10,0.00,-1746.63
2023-05-28 18:05,9800.00,6517.03,0.00,0.00,73.57,76.08,0.00,-1746.63
2023-05-28 18:06,9800.00,6477.45,0.00,48.59,73.57,76.14,0.00,-1746.63
2023-05-28 18:07,9800.00,6422.43,0.00,32.80,74.01,76.12,0.00,-1746.63
2023-05-28 18:08,9800.00,6374.58,0.00,0.00,73.86,75.81,0.00,-1746.63
2023-05-28 18:09,9800.00,6327.06,0.00,0.00,73.23,75.75,0.00,-1746.63
2023-05-28 18:10,9800.00,6283.15,0.00,0.00,73.26,75.76,0.00,-1746.63
2023-05-28 18:11,9800.00,6233.23,0.00,0.00,73.33,75.71,0.00,-1746.63
2023-05-28 18:12,9800.00,6212.61,0.00,0.00,73.31,75.71,0.00,-1746.63
2023-05-28 18:13,9800.00,6139.28,0.00,0.00,73.37,75.64,0.00,-1746.63
2023-05-28 18:14,9800.00,6120.02,0.00,0.00,73.48,75.70,0.00,-1746.63
2023-05-28 18:15,9800.00,6045.61,0.00,0.00,73.58,75.64,0.00,-1746.63
2023-05-28 18:16,9800.00,6027.78,0.00,27.27,73.58,75.68,0.00,-1746.63
2023-05-28 18:17,9800.00,5951.53,0.00,37.24,73.86,75.67,0.00,-1746.63
2023-05-28 18:18,9800.00,5938.53,0.00,0.00,74.05,75.47,0.00,-1746.63
2023-05-28 18:19,9800.00,5860.07,0.00,0.00,73.53,75.36,0.00,-1746.63
2023-05-28 18:20,9800.00,5848.52,0.00,0.00,73.17,75.35,0.00,-1746.63
2023-05-28 18:21,9800.00,5770.04,0.00,0.00,73.18,75.27,0.00,-1746.63
2023-05-28 18:22,9800.00,5752.57,0.00,0.00,73.11,75.24,0.00,-1746.63
2023-05-28 18:23,9800.00,5674.30,0.00,0.00,73.17,75.20,0.00,-1746.63
2023-05-28 18:24,9800.00,5650.16,0.00,0.00,73.25,75.23,0.00,-1746.63
2023-05-28 18:25,9800.00,5573.12,0.00,0.00,73.32,75.17,0.00,-1746.63
2023-05-28 18:26,9800.00,5550.71,0.00,23.25,73.35,75.23,0.00,-1746.63
2023-05-28 18:27,9800.00,5477.07,0.00,37.51,73.74,75.25,0.00,-1746.63
2023-05-28 18:28,9800.00,5456.97,0.00,0.00,74.15,75.00,0.00,-1746.63
2023-05-28 18:29,9800.00,5382.65,0.00,0.00,73.66,74.90,0.00,-1746.63
2023-05-28 18:30,9800.00,5360.97,0.00,0.00,73.27,74.90,0.00,-1746.63
2023-05-28 18:31,9800.00,5287.83,0.00,0.00,73.43,74.84,0.00,-1746.63
2023-05-28 18:32,9800.00,5276.29,0.00,0.00,73.42,74.88,0.00,-1746.63
2023-05-28 18:33,9800.00,5196.82,0.00,0.00,73.27,74.82,0.00,-1746.63
2023-05-28 18:34,9800.00,5175.77,0.00,0.00,73.20,74.88,0.00,-1746.63
2023-05-28 18:35,9800.00,5099.49,0.00,0.00,73.18,74.82,0.00,-1746.63
2023-05-28 18:36,9800.00,5080.73,0.00,21.46,73.09,74.88,0.00,-1746.63
2023-05-28 18:37,9800.00,5004.83,0.00,47.06,73.31,74.88,0.00,-1746.63
2023-05-28 18:38,9800.00,5002.52,0.00,19.66,74.00,74.77,0.00,-1746.63
2023-05-28 18:39,9800.00,4935.00,0.00,0.00,73.98,74.56,0.00,-1746.63
2023-05-28 18:40,9800.00,4907.99,0.00,0.00,73.31,74.56,0.00,-1746.63
2023-05-28 18:41,9800.00,4838.00,0.00,0.00,73.14,74.54,0.00,-1746.63
2023-05-28 18:42,9800.00,4813.27,0.00,0.00,72.93,74.53,0.00,-1746.63
2023-05-28 18:43,9800.00,4742.23,0.00,0.00,73.14,74.51,0.00,-1746.63
2023-05-28 18:44,9800.00,4719.09,0.00,0.00,73.25,74.51,0.00,-1746.63
2023-05-28 18:45,9800.00,4653.83,0.00,0.00,73.05,74.45,0.00,-1746.63
2023-05-28 18:46,9800.00,4624.38,0.00,0.00,73.16,74.45,0.00,-1746.63
2023-05-28 18:47,9800.00,4607.40,0.00,38.90,73.34,74.51,0.00,-1746.63
2023-05-28 18:48,9800.00,4531.93,0.00,24.92,74.07,74.34,0.00,-1746.63
2023-05-28 18:49,9800.00,4530.04,0.00,0.00,74.09,74.06,0.00,-1746.63
2023-05-28 18:50,9800.00,4487.14,0.00,0.00,73.37,74.04,0.00,-1746.63
2023-05-28 18:51,9800.00,4434.94,0.00,0.00,73.25,74.04,0.00,-1746.63
2023-05-28 18:52,9800.00,4377.33,0.00,0.00,73.77,74.00,0.00,-1746.63
2023-05-28 18:53,9800.00,4339.94,0.00,0.00,73.92,73.97,0.00,-1746.63
2023-05-28 18:54,9800.00,4339.94,0.00,0.00,73.48,73.97,0.00,-1746.63
2023-05-28 18:55,9800.00,4339.94,0.00,0.00,73.22,73.97,0.00,-1746.63
2023-05-28 18:56,9800.00,4339.94,0.00,0.00,73.64,74.02,0.00,-1746.63
2023-05-28 18:57,9800.00,4277.10,0.00,0.00,73.73,73.95,0.00,-1746.63
2023-05-28 18:58,9800.00,4245.29,0.00,0.00,73.66,73.97,0.00,-1746.63
2023-05-28 18:59,9800.00,4217.81,0.00,0.00,73.61,73.98,0.00,-1746.63
2023-05-28 19:00,9800.00,4150.54,0.00,0.00,73.30,73.93,0.00,-1746.63
2023-05-28 19:01,9800.00,4120.51,0.00,35.16,73.02,73.98,0.00,-1746.63
2023-05-28 19:02,9800.00,4055.67,0.00,57.45,72.89,74.03,0.00,-1746.63
2023-05-28 19:03,9800.00,4052.55,0.00,14.26,73.55,73.88,0.00,-1746.63
2023-05-28 19:04,9800.00,3974.02,0.00,0.00,73.48,73.63,0.00,-1746.63
2023-05-28 19:05,9800.00,3960.98,0.00,0.00,73.08,73.64,0.00,-1746.63
2023-05-28 19:06,9800.00,3960.98,0.00,0.00,72.88,73.64,0.00,-1746.63
2023-05-28 19:07,9800.00,3960.98,0.00,0.00,72.81,73.64,0.00,-1746.63
2023-05-28 19:08,9800.00,3960.98,0.00,0.00,72.92,73.64,0.00,-1746.63
2023-05-28 19:09,9800.00,3895.68,0.00,0.00,73.56,73.56,0.00,-1746.63
2023-05-28 19:10,9800.00,3866.38,0.00,0.00,73.75,73.51,0.00,-1746.63
2023-05-28 19:11,9800.00,3847.95,0.00,0.00,73.73,73.50,0.00,-1746.63
2023-05-28 19:12,9800.00,3772.40,0.00,0.00,74.00,73.43,0.00,-1746.63
2023-05-28 19:13,9800.00,3746.57,0.00,0.00,73.95,73.46,0.00,-1746.63
2023-05-28 19:14,9800.00,3676.63,0.00,0.00,73.67,73.41,0.00,-1746.63
2023-05-28 19:15,9800.00,3676.63,0.00,2.77,73.69,73.44,0.00,-1746.63
2023-05-28 19:16,9800.00,3630.94,0.00,49.00,73.29,73.49,0.00,-1746.63
2023-05-28 19:17,9800.00,3582.34,0.00,41.11,72.91,73.59,0.00,-1746.63
2023-05-28 19:18,9800.00,3561.47,0.00,0.00,72.99,73.31,0.00,-1746.63
2023-05-28 19:19,9800.00,3488.15,0.00,0.00,72.66,73.16,0.00,-1746.63
2023-05-28 19:20,9800.00,3488.02,0.00,0.00,72.17,73.18,0.00,-1746.63
2023-05-28 19:21,9800.00,3488.02,0.00,0.00,72.13,73.18,0.00,-1746.63
2023-05-28 19:22,9800.00,3488.02,0.00,0.00,72.52,73.16,0.00,-1746.63
2023-05-28 19:23,9800.00,3431.03,0.00,0.00,72.83,73.09,0.00,-1746.63
2023-05-28 19:24,9800.00,3393.29,0.00,0.00,72.81,73.07,0.00,-1746.63
2023-05-28 19:25,9800.00,3393.29,0.00,0.00,72.70,73.10,0.00,-1746.63
2023-05-28 19:26,9800.00,3393.29,0.00,0.00,72.67,73.07,0.00,-1746.63
2023-05-28 19:27,9800.00,3347.61,0.00,0.00,72.60,73.05,0.00,-1746.63
2023-05-28 19:28,9800.00,3298.00,0.00,0.00,72.26,72.99,0.00,-1746.63
2023-05-28 19:29,9800.00,3298.00,0.00,0.00,71.99,73.05,0.00,-1746.63
2023-05-28 19:30,9800.00,3298.00,0.00,0.00,71.82,73.05,0.00,-1746.63
2023-05-28 19:31,9800.00,3298.00,0.00,0.00,71.73,73.07,0.00,-1746.63
2023-05-28 19:32,9800.00,3298.00,0.00,0.00,71.71,73.11,0.00,-1746.63
2023-05-28 19:33,9800.00,3298.00,0.00,0.00,71.59,73.11,0.00,-1746.63
2023-05-28 19:34,9800.00,3298.00,0.00,0.00,71.52,73.11,0.00,-1746.63
2023-05-28 19:35,9800.00,3298.00,0.00,0.00,71.68,73.11,0.00,-1746.63
2023-05-28 19:36,9800.00,3298.00,0.00,0.00,71.64,73.17,0.00,-1746.63
2023-05-28 19:37,9800.00,3283.52,0.00,0.00,71.58,73.17,0.00,-1746.63
2023-05-28 19:38,9800.00,3205.86,0.00,0.00,71.39,73.07,0.00,-1746.63
2023-05-28 19:39,9800.00,3202.43,0.00,21.18,71.36,73.12,0.00,-1746.63
2023-05-28 19:40,9800.00,3127.52,0.00,47.89,71.03,73.18,0.00,-1746.63
2023-05-28 19:41,9800.00,3109.20,0.00,43.88,70.07,73.24,0.00,-1746.63
2023-05-28 19:42,9800.00,3105.05,0.00,0.00,70.48,72.92,0.00,-1746.63
2023-05-28 19:43,9800.00,3024.56,0.00,0.00,70.36,72.69,0.00,-1746.63
2023-05-28 19:44,9800.00,3013.76,0.00,0.00,70.67,72.65,0.00,-1746.63
2023-05-28 19:45,9800.00,2945.92,0.00,0.00,70.90,72.58,0.00,-1746.63
2023-05-28 19:46,9800.00,2919.16,0.00,0.00,71.19,72.50,0.00,-1746.63
2023-05-28 19:47,9800.00,2880.48,0.00,0.00,71.23,72.49,0.00,-1746.63
2023-05-28 19:48,9800.00,2824.47,0.00,0.00,71.32,72.39,0.00,-1746.63
2023-05-28 19:49,9800.00,2824.47,0.00,0.00,71.28,72.43,0.00,-1746.63
2023-05-28 19:50,9800.00,2824.47,0.00,0.00,71.42,72.40,0.00,-1746.63
2023-05-28 19:51,9800.00,2824.47,0.00,0.00,71.27,72.44,0.00,-1746.63
2023-05-28 19:52,9800.00,2786.36,0.00,0.00,71.12,72.39,0.00,-1746.63
2023-05-28 19:53,9800.00,2729.76,0.00,0.00,71.14,72.33,0.00,-1746.63
2023-05-28 19:54,9800.00,2718.69,0.00,24.92,71.03,72.38,0.00,-1746.63
2023-05-28 19:55,9800.00,2639.16,0.00,53.57,70.11,72.44,0.00,-1746.63
2023-05-28 19:56,9800.00,2623.64,0.00,22.84,69.40,72.31,0.00,-1746.63
2023-05-28 19:57,9800.00,2543.70,0.00,0.00,69.39,71.84,0.00,-1746.63
2023-05-28 19:58,9800.00,2527.85,0.00,0.00,69.57,71.83,0.00,-1746.63
2023-05-28 19:59,9800.00,2448.64,0.00,0.00,70.09,71.75,0.00,-1746.63
2023-05-28 20:00,9800.00,2444.76,0.00,0.00,70.49,71.77,0.00,-1746.63
2023-05-28 20:01,9800.00,2368.51,0.00,0.00,70.58,71.70,0.00,-1746.63
2023-05-28 20:02,9800.00,2351.60,0.00,0.00,70.57,71.70,0.00,-1746.63
2023-05-28 20:03,9800.00,2282.85,0.00,0.00,70.64,71.63,0.00,-1746.63
2023-05-28 20:04,9800.00,2257.04,0.00,0.00,70.47,71.62,0.00,-1746.63
2023-05-28 20:05,9800.00,2221.60,0.00,58.00,70.00,71.63,0.00,-1746.63
2023-05-28 20:06,9800.00,2162.80,0.00,36.68,68.70,71.52,0.00,-1746.63
2023-05-28 20:07,9800.00,2135.17,0.00,0.00,68.75,71.23,0.00,-1746.63
2023-05-28 20:08,9800.00,2067.95,0.00,0.00,68.82,71.12,0.00,-1746.63
2023-05-28 20:09,9800.00,2058.88,0.00,0.00,69.23,71.12,0.00,-1746.63
2023-05-28 20:10,9800.00,1977.72,0.00,0.00,69.52,71.02,0.00,-1746.63
2023-05-28 20:11,9800.00,1961.69,0.00,0.00,69.67,71.00,0.00,-1746.63
2023-05-28 20:12,9800.00,1881.76,0.00,0.00,69.89,70.86,0.00,-1746.63
2023-05-28 20:13,9800.00,1871.31,0.00,0.00,69.85,70.87,0.00,-1746.63
2023-05-28 20:14,9800.00,1789.24,0.00,0.00,69.66,70.77,0.00,-1746.63
2023-05-28 20:15,9800.00,1777.98,0.00,27.41,69.57,70.81,0.00,-1746.63
2023-05-28 20:16,9800.00,1696.00,0.00,39.45,68.53,70.77,0.00,-1746.63
2023-05-28 20:17,9800.00,1688.29,0.00,0.00,68.11,70.52,0.00,-1746.63
2023-05-28 20:18,9800.00,1644.81,0.00,0.00,68.21,70.42,0.00,-1746.63
2023-05-28 20:19,9800.00,1593.75,0.00,0.00,68.72,70.31,0.00,-1746.63
2023-05-28 20:20,9800.00,1552.67,0.00,0.00,69.12,70.25,0.00,-1746.63
2023-05-28 20:21,9800.00,1499.07,0.00,0.00,69.24,70.12,0.00,-1746.63
2023-05-28 20:22,9800.00,1445.72,0.00,0.00,69.30,70.07,0.00,-1746.63
2023-05-28 20:23,9800.00,1404.31,0.00,0.00,69.10,69.99,0.00,-1746.63
2023-05-28 20:24,9800.00,1387.68,0.00,0.00,68.98,69.97,0.00,-1746.63
2023-05-28 20:25,9800.00,1310.29,0.00,0.00,69.14,69.85,0.00,-1746.63
2023-05-28 20:26,9800.00,1307.27,0.00,33.08,69.22,69.86,0.00,-1746.63
2023-05-28 20:27,9800.00,1227.07,0.00,52.32,68.03,69.86,0.00,-1746.63
2023-05-28 20:28,9800.00,1213.89,0.00,10.66,67.07,69.65,0.00,-1746.63
2023-05-28 20:29,9800.00,1144.38,0.00,0.00,67.01,69.38,0.00,-1746.63
2023-05-28 20:30,9800.00,1119.67,0.00,0.00,67.34,69.27,0.00,-1746.63
2023-05-28 20:31,9800.00,1082.59,0.00,0.00,68.27,69.24,0.00,-1746.63
2023-05-28 20:32,9800.00,1025.24,0.00,0.00,68.64,69.13,0.00,-1746.63
2023-05-28 20:33,9800.00,1025.24,0.00,0.00,68.63,69.09,0.00,-1746.63
2023-05-28 20:34,9800.00,1025.24,0.00,0.00,68.64,69.06,0.00,-1746.63
2023-05-28 20:35,9800.00,1025.24,0.00,0.00,68.69,68.98,0.00,-1746.63
2023-05-28 20:36,9800.00,1025.24,0.00,0.00,68.74,68.93,0.00,-1746.63
2023-05-28 20:37,9800.00,1025.24,0.00,0.00,68.61,68.85,0.00,-1746.63
2023-05-28 20:38,9800.00,1025.24,0.00,0.00,68.44,68.80,0.00,-1746.63
2023-05-28 20:39,9800.00,1025.24,0.00,0.00,68.42,68.74,0.00,-1746.63
2023-05-28 20:40,9800.00,1025.24,0.00,0.00,68.55,68.72,0.00,-1746.63
2023-05-28 20:41,9800.00,1019.05,0.00,0.00,68.40,68.63,0.00,-1746.63
2023-05-28 20:42,9800.00,977.55,0.00,0.00,68.10,68.54,0.00,-1746.63
2023-05-28 20:43,9800.00,975.40,0.00,0.00,68.00,68.53,0.00,-1746.63
2023-05-28 20:44,9800.00,968.12,0.00,0.00,67.98,68.38,0.00,-1746.63
2023-05-28 20:45,9800.00,961.75,0.00,0.00,67.95,68.12,0.00,-1746.63
2023-05-28 20:46,9800.00,961.24,0.00,0.00,68.01,67.95,0.00,-1746.63
2023-05-28 20:47,9800.00,953.95,0.00,0.00,67.88,67.74,0.00,-1746.63
2023-05-28 20:48,9800.00,930.60,0.00,0.00,67.84,67.55,0.00,-1746.63
2023-05-28 20:49,9800.00,928.55,0.00,0.00,67.86,67.37,0.00,-1746.63
2023-05-28 20:50,9800.00,858.62,0.00,0.00,67.72,67.19,0.00,-1746.63
2023-05-28 20:51,9800.00,837.37,0.00,0.00,67.58,67.02,0.00,-1746.63
2023-05-28 20:52,9800.00,836.69,0.00,0.00,67.69,66.91,0.00,-1746.63
2023-05-28 20:53,9800.00,765.12,0.00,0.00,67.68,66.81,0.00,-1746.63
2023-05-28 20:54,9800.00,744.25,0.00,33.64,67.61,66.68,0.00,-1746.63
2023-05-28 20:55,9800.00,744.25,0.00,40.56,67.18,66.62,0.00,-1746.63
2023-05-28 20:56,9800.00,744.25,0.00,43.05,65.24,66.41,0.00,-1746.63
2023-05-28 20:57,9800.00,744.25,0.00,6.23,64.95,66.13,0.00,-1746.63
2023-05-28 20:58,9800.00,743.23,0.00,0.00,65.07,65.77,0.00,-1746.63
2023-05-28 20:59,9800.00,711.09,0.00,0.00,65.56,65.53,0.00,-1746.63
2023-05-28 21:00,9800.00,690.06,0.00,0.00,66.21,65.42,0.00,-1746.63
2023-05-28 21:01,9800.00,666.15,0.00,0.00,66.55,65.27,0.00,-1746.63
2023-05-28 21:02,9800.00,653.75,0.00,0.00,66.94,65.14,0.00,-1746.63
2023-05-28 21:03,9800.00,632.53,0.00,0.00,67.16,64.98,0.00,-1746.63
2023-05-28 21:04,9800.00,568.40,0.00,0.00,67.16,64.88,0.00,-1746.63
2023-05-28 21:05,9800.00,561.69,0.00,0.00,67.23,64.81,0.00,-1746.63
2023-05-28 21:06,9800.00,561.93,0.00,0.00,67.08,64.74,0.00,-1746.63
2023-05-28 21:07,9800.00,562.03,0.00,0.00,66.91,64.65,0.00,-1746.63
2023-05-28 21:08,9800.00,561.61,0.00,0.00,66.88,64.54,0.00,-1746.63
2023-05-28 21:09,9800.00,546.58,0.00,0.00,66.56,64.45,0.00,-1746.63
2023-05-28 21:10,9800.00,496.88,0.00,0.00,66.73,64.41,0.00,-1746.63
2023-05-28 21:11,9800.00,471.65,0.00,9.69,66.82,64.33,0.00,-1746.63
2023-05-28 21:12,9800.00,472.45,0.00,33.77,66.31,64.25,0.00,-1746.63
2023-05-28 21:13,9800.00,472.19,0.00,32.66,64.86,64.08,0.00,-1746.63
2023-05-28 21:14,9800.00,471.85,0.00,2.49,64.39,63.85,0.00,-1746.63
2023-05-28 21:15,9800.00,440.61,0.00,0.00,64.79,63.66,0.00,-1746.63
2023-05-28 21:16,9800.00,400.06,0.00,0.00,65.59,63.55,0.00,-1746.63
2023-05-28 21:17,9800.00,383.72,0.00,0.00,65.96,63.47,0.00,-1746.63
2023-05-28 21:18,9800.00,384.25,0.00,0.00,65.85,63.42,0.00,-1746.63
2023-05-28 21:19,9800.00,384.16,0.00,0.00,65.98,63.35,0.00,-1746.63
2023-05-28 21:20,9800.00,383.81,0.00,0.00,66.21,63.29,0.00,-1746.63
2023-05-28 21:21,9800.00,383.86,0.00,0.00,66.21,63.27,0.00,-1746.63
2023-05-28 21:22,9800.00,383.92,0.00,0.00,65.84,63.20,0.00,-1746.63
2023-05-28 21:23,9800.00,383.89,0.00,0.00,65.60,63.15,0.00,-1746.63
2023-05-28 21:24,9800.00,383.89,0.00,0.00,65.70,63.15,0.00,-1746.63
2023-05-28 21:25,9800.00,383.89,0.00,0.00,65.85,63.08,0.00,-1746.63
2023-05-28 21:26,9800.00,383.89,0.00,0.00,65.50,63.02,0.00,-1746.63
2023-05-28 21:27,9800.00,383.89,0.00,0.00,65.33,63.02,0.00,-1746.63
2023-05-28 21:28,9800.00,383.89,0.00,0.00,65.41,63.02,0.00,-1746.63
2023-05-28 21:29,9800.00,383.89,0.00,0.00,65.50,63.02,0.00,-1746.63
2023-05-28 21:30,9800.00,383.89,0.00,0.00,65.20,63.04,0.00,-1746.63
2023-05-28 21:31,9800.00,383.89,0.00,0.00,65.29,63.13,0.00,-1746.63
2023-05-28 21:32,9800.00,383.89,0.00,0.00,65.41,63.19,0.00,-1746.63
2023-05-28 21:33,9800.00,383.89,0.00,0.00,65.26,63.27,0.00,-1746.63
2023-05-28 21:34,9800.00,383.89,0.00,0.00,65.30,63.30,0.00,-1746.63
2023-05-28 21:35,9800.00,383.89,0.00,0.00,65.26,63.34,0.00,-1746.63
2023-05-28 21:36,9800.00,383.89,0.00,0.00,65.25,63.36,0.00,-1746.63
2023-05-28 21:37,9800.00,383.89,0.00,0.00,65.16,63.41,0.00,-1746.63
2023-05-28 21:38,9800.00,383.89,0.00,0.00,64.99,63.41,0.00,-1746.63
2023-05-28 21:39,9800.00,383.89,0.00,0.00,65.06,63.32,0.00,-1746.63
2023-05-28 21:40,9800.00,383.89,0.00,0.00,65.00,63.17,0.00,-1746.63
2023-05-28 21:41,9800.00,383.89,0.00,0.00,64.88,63.08,0.00,-1746.63
2023-05-28 21:42,9800.00,383.89,0.00,0.00,64.91,63.02,0.00,-1746.63
2023-05-28 21:43,9800.00,383.89,0.00,0.00,64.79,63.02,0.00,-1746.63
2023-05-28 21:44,9800.00,383.89,0.00,0.00,64.65,63.04,0.00,-1746.63
2023-05-28 21:45,9800.00,383.89,0.00,0.00,65.11,63.09,0.00,-1746.63
2023-05-28 21:46,9800.00,383.89,0.00,0.00,65.31,63.09,0.00,-1746.63
2023-05-28 21:47,9800.00,383.89,0.00,13.15,65.45,63.13,0.00,-1746.63
2023-05-28 21:48,9800.00,383.89,0.00,27.00,64.86,63.13,0.00,-1746.63
2023-05-28 21:49,9800.00,383.89,0.00,28.52,63.83,63.13,0.00,-1746.63
2023-05-28 21:50,9800.00,383.89,0.00,30.73,61.69,63.15,0.00,-1746.63
2023-05-28 21:51,9800.00,383.89,0.00,27.41,61.55,63.15,0.00,-1746.63
2023-05-28 21:52,9800.00,383.89,0.00,0.00,61.77,63.03,0.00,-1746.63
2023-05-28 21:53,9800.00,383.89,0.00,0.00,62.09,63.02,0.00,-1746.63
2023-05-28 21:54,9800.00,383.89,0.00,0.00,63.18,63.03,0.00,-1746.63
2023-05-28 21:55,9800.00,383.89,0.00,0.00,63.63,63.06,0.00,-1746.63
2023-05-28 21:56,9800.00,383.89,0.00,0.00,63.72,63.09,0.00,-1746.63
2023-05-28 21:57,9800.00,383.89,0.00,0.00,64.09,63.09,0.00,-1746.63
2023-05-28 21:58,9800.00,383.89,0.00,0.00,63.98,63.08,0.00,-1746.63
2023-05-28 21:59,9800.00,383.89,0.00,0.00,64.14,63.09,0.00,-1746.63
2023-05-28 22:00,9800.00,383.89,0.00,0.00,64.34,63.09,0.00,-1746.63
2023-05-28 22:01,9800.00,383.89,0.00,0.00,64.07,63.09,0.00,-1746.63
2023-05-28 22:02,9800.00,383.89,0.00,0.00,63.75,63.08,0.00,-1746.63
2023-05-28 22:03,9800.00,383.89,0.00,0.00,63.59,63.06,0.00,-1746.63
2023-05-28 22:04,9800.00,383.89,0.00,0.00,63.33,63.02,0.00,-1746.63
2023-05-28 22:05,9800.00,383.89,0.00,0.00,63.13,63.02,0.00,-1746.63
2023-05-28 22:06,9800.00,383.89,0.00,0.00,63.38,63.03,0.00,-1746.63
2023-05-28 22:07,9800.00,383.89,0.00,0.00,63.50,63.03,0.00,-1746.63
2023-05-28 22:08,9800.00,383.89,0.00,0.00,63.10,63.06,0.00,-1746.63
2023-05-28 22:09,9800.00,383.89,0.00,0.00,62.99,63.02,0.00,-1746.63
2023-05-28 22:10,9800.00,383.89,0.00,0.00,62.72,63.02,0.00,-1746.63
2023-05-28 22:11,9800.00,383.89,0.00,0.00,62.71,63.02,0.00,-1746.63
2023-05-28 22:12,9800.00,383.89,0.00,0.00,62.75,63.02,0.00,-1746.63
2023-05-28 22:13,9800.00,383.89,0.00,0.00,63.18,63.02,0.00,-1746.63
2023-05-28 22:14,9800.00,383.89,0.00,0.00,63.12,63.02,0.00,-1746.63
2023-05-28 22:15,9800.00,383.89,0.00,0.00,62.88,62.98,0.00,-1746.63
2023-05-28 22:16,9800.00,383.89,0.00,0.00,62.81,62.96,0.00,-1746.63
2023-05-28 22:17,9800.00,383.89,0.00,0.00,63.06,62.96,0.00,-1746.63
2023-05-28 22:18,9800.00,383.89,0.00,0.00,63.30,62.87,0.00,-1746.63
2023-05-28 22:19,9800.00,383.89,0.00,0.00,63.41,62.80,0.00,-1746.63
2023-05-28 22:20,9800.00,383.89,0.00,0.00,63.76,62.76,0.00,-1746.63
2023-05-28 22:21,9800.00,383.89,0.00,0.00,63.40,62.70,0.00,-1746.63
2023-05-28 22:22,9800.00,383.89,0.00,0.00,63.41,62.64,0.00,-1746.63
2023-05-28 22:23,9800.00,383.89,0.00,0.00,63.19,62.59,0.00,-1746.63
2023-05-28 22:24,9800.00,383.89,0.00,0.00,63.43,62.53,0.00,-1746.63
2023-05-28 22:25,9800.00,383.89,0.00,0.00,63.44,62.42,0.00,-1746.63
2023-05-28 22:26,9800.00,383.89,0.00,0.00,63.82,62.35,0.00,-1746.63
2023-05-28 22:27,9800.00,383.89,0.00,0.00,63.53,62.25,0.00,-1746.63
2023-05-28 22:28,9800.00,383.89,0.00,0.00,63.26,62.16,0.00,-1746.63
2023-05-28 22:29,9800.00,383.89,0.00,0.00,62.74,62.06,0.00,-1746.63
2023-05-28 22:30,9800.00,383.89,0.00,0.00,63.10,61.97,0.00,-1746.63
2023-05-28 22:31,9800.00,383.89,0.00,0.00,63.41,61.88,0.00,-1746.63
2023-05-28 22:32,9800.00,383.89,0.00,0.00,63.41,61.80,0.00,-1746.63
2023-05-28 22:33,9800.00,383.89,0.00,0.00,63.08,61.71,0.00,-1746.63
2023-05-28 22:34,9800.00,383.89,0.00,0.00,63.15,61.53,0.00,-1746.63
2023-05-28 22:35,9800.00,383.89,0.00,0.00,63.06,61.22,0.00,-1746.63
2023-05-28 22:36,9800.00,383.89,0.00,0.00,63.12,60.96,0.00,-1746.63
2023-05-28 22:37,9800.00,383.89,0.00,0.00,63.11,60.76,0.00,-1746.63
2023-05-28 22:38,9800.00,383.89,0.00,0.00,62.90,60.57,0.00,-1746.63
2023-05-28 22:39,9800.00,383.89,0.00,0.00,63.09,60.50,0.00,-1746.63
2023-05-28 22:40,9800.00,383.89,0.00,0.00,63.12,60.50,0.00,-1746.63
2023-05-28 22:41,9800.00,383.89,0.00,0.00,63.40,60.51,0.00,-1746.63
2023-05-28 22:42,9800.00,383.89,0.00,0.00,63.55,60.56,0.00,-1746.63
2023-05-28 22:43,9800.00,383.89,0.00,0.00,63.38,60.55,0.00,-1746.63
2023-05-28 22:44,9800.00,383.89,0.00,0.00,63.41,60.57,0.00,-1746.63
2023-05-28 22:45,9800.00,383.89,0.00,0.00,62.95,60.60,0.00,-1746.63
2023-05-28 22:46,9800.00,383.89,0.00,0.00,63.12,60.69,0.00,-1746.63
2023-05-28 22:47,9800.00,383.89,0.00,0.00,63.20,60.64,0.00,-1746.63
2023-05-28 22:48,9800.00,383.89,0.00,0.00,63.17,60.48,0.00,-1746.63
2023-05-28 22:49,9800.00,383.89,0.00,0.00,63.35,60.37,0.00,-1746.63
2023-05-28 22:50,9800.00,383.89,0.00,0.00,63.76,60.31,0.00,-1746.63
2023-05-28 22:51,9800.00,383.89,0.00,0.00,64.19,60.18,0.00,-1746.63
2023-05-28 22:52,9800.00,383.89,0.00,0.00,64.16,60.04,0.00,-1746.63
2023-05-28 22:53,9800.00,383.89,0.00,0.00,63.95,59.89,0.00,-1746.63
2023-05-28 22:54,9800.00,383.89,0.00,0.00,64.55,59.84,0.00,-1746.63
2023-05-28 22:55,9800.00,383.89,0.00,0.00,64.16,59.84,0.00,-1746.63
2023-05-28 22:56,9800.00,383.89,0.00,0.00,64.28,59.85,0.00,-1746.63
2023-05-28 22:57,9800.00,383.89,0.00,0.00,64.55,59.95,0.00,-1746.63
2023-05-28 22:58,9800.00,383.89,0.00,0.00,64.54,60.03,0.00,-1746.63
2023-05-28 22:59,9800.00,383.89,0.00,0.00,64.25,60.13,0.00,-1746.63
2023-05-28 23:00,9800.00,383.89,0.00,0.00,64.42,60.22,0.00,-1746.63
2023-05-28 23:01,9800.00,383.89,0.00,0.00,64.31,60.30,0.00,-1746.63
2023-05-28 23:02,9800.00,383.89,0.00,0.00,63.92,60.35,0.00,-1746.63
2023-05-28 23:03,9800.00,383.89,0.00,0.00,63.90,60.32,0.00,-1746.63
2023-05-28 23:04,9800.00,383.89,0.00,0.00,63.93,60.15,0.00,-1746.63
2023-05-28 23:05,9800.00,383.89,0.00,0.00,64.01,59.97,0.00,-1746.63
2023-05-28 23:06,9800.00,383.89,0.00,0.00,63.79,59.82,0.00,-1746.63
2023-05-28 23:07,9800.00,383.89,0.00,0.00,63.58,59.69,0.00,-1746.63
2023-05-28 23:08,9800.00,383.89,0.00,0.00,63.74,59.55,0.00,-1746.63
2023-05-28 23:09,9800.00,383.89,0.00,0.00,63.75,59.44,0.00,-1746.63
2023-05-28 23:10,9800.00,383.89,0.00,0.00,63.60,59.36,0.00,-1746.63
2023-05-28 23:11,9800.00,383.89,0.00,0.00,63.39,59.30,0.00,-1746.63
2023-05-28 23:12,9800.00,383.89,0.00,0.00,63.32,59.43,0.00,-1746.63
2023-05-28 23:13,9800.00,383.89,0.00,0.00,63.36,59.55,0.00,-1746.63
2023-05-28 23:14,9800.00,383.89,0.00,0.00,63.03,59.72,0.00,-1746.63
2023-05-28 23:15,9800.00,383.89,0.00,0.00,63.04,59.83,0.00,-1746.63
2023-05-28 23:16,9800.00,383.89,0.00,0.00,63.25,59.97,0.00,-1746.63
2023-05-28 23:17,9800.00,383.89,0.00,0.00,63.14,60.08,0.00,-1746.63
2023-05-28 23:18,9800.00,383.89,0.00,0.00,63.09,60.16,0.00,-1746.63
2023-05-28 23:19,9800.00,383.89,0.00,0.00,63.10,60.23,0.00,-1746.63
2023-05-28 23:20,9800.00,383.89,0.00,0.00,63.12,60.31,0.00,-1746.63
2023-05-28 23:21,9800.00,383.89,0.00,0.00,63.00,60.37,0.00,-1746.63
2023-05-28 23:22,9800.00,383.89,0.00,0.00,62.94,60.37,0.00,-1746.63
2023-05-28 23:23,9800.00,383.89,0.00,0.00,63.07,60.37,0.00,-1746.63
2023-05-28 23:24,9800.00,383.89,0.00,0.00,62.94,60.40,0.00,-1746.63
2023-05-28 23:25,9800.00,383.89,0.00,0.00,62.49,60.39,0.00,-1746.63
2023-05-28 23:26,9800.00,383.89,0.00,0.00,62.27,60.48,0.00,-1746.63
2023-05-28 23:27,9800.00,383.89,0.00,0.00,62.39,60.52,0.00,-1746.63
2023-05-28 23:28,9800.00,383.89,0.00,0.00,62.71,60.57,0.00,-1746.63
2023-05-28 23:29,9800.00,383.89,0.00,0.00,62.87,60.62,0.00,-1746.63
2023-05-28 23:30,9800.00,383.89,0.00,0.00,62.84,60.64,0.00,-1746.63
2023-05-28 23:31,9800.00,383.89,0.00,0.00,62.45,60.72,0.00,-1746.63
2023-05-28 23:32,9800.00,383.89,0.00,0.00,62.47,60.79,0.00,-1746.63
2023-05-28 23:33,9800.00,383.89,0.00,0.00,62.46,60.88,0.00,-1746.63
2023-05-28 23:34,9800.00,383.89,0.00,0.00,62.50,60.91,0.00,-1746.63
2023-05-28 23:35,9800.00,383.89,0.00,0.00,62.78,60.87,0.00,-1746.63
2023-05-28 23:36,9800.00,383.89,0.00,0.00,62.75,60.73,0.00,-1746.63
2023-05-28 23:37,9800.00,383.89,0.00,0.00,62.60,60.53,0.00,-1746.63
2023-05-28 23:38,9800.00,383.89,0.00,0.00,62.21,60.31,0.00,-1746.63
2023-05-28 23:39,9800.00,383.89,0.00,0.00,61.99,60.16,0.00,-1746.63
2023-05-28 23:40,9800.00,383.89,0.00,0.00,62.23,59.98,0.00,-1746.63
2023-05-28 23:41,9800.00,383.89,0.00,0.00,62.24,59.85,0.00,-1746.63
2023-05-28 23:42,9800.00,383.89,0.00,0.00,62.00,59.78,0.00,-1746.63
2023-05-28 23:43,9800.00,383.89,0.00,0.00,62.02,59.64,0.00,-1746.63
2023-05-28 23:44,9800.00,383.89,0.00,0.00,62.18,59.64,0.00,-1746.63
2023-05-28 23:45,9800.00,383.89,0.00,0.00,62.12,59.59,0.00,-1746.63
2023-05-28 23:46,9800.00,383.89,0.00,0.00,62.22,59.50,0.00,-1746.63
2023-05-28 23:47,9800.00,383.89,0.00,0.00,62.23,59.47,0.00,-1746.63
2023-05-28 23:48,9800.00,383.89,0.00,0.00,62.27,59.42,0.00,-1746.63
2023-05-28 23:49,9800.00,383.89,0.00,0.00,62.28,59.34,0.00,-1746.63
2023-05-28 23:50,9800.00,383.89,0.00,0.00,61.91,59.29,0.00,-1746.63
2023-05-28 23:51,9800.00,383.89,0.00,0.00,61.78,59.27,0.00,-1746.63
2023-05-28 23:52,9800.00,383.89,0.00,0.00,61.26,59.42,0.00,-1746.63
2023-05-28 23:53,9800.00,383.89,0.00,0.00,60.92,59.45,0.00,-1746.63
2023-05-28 23:54,9800.00,383.89,0.00,0.00,61.06,59.46,0.00,-1746.63
2023-05-28 23:55,9800.00,383.89,0.00,0.00,61.17,59.62,0.00,-1746.63
2023-05-28 23:56,9800.00,383.89,0.00,0.00,60.94,59.66,0.00,-1746.63
2023-05-28 23:57,9800.00,383.89,0.00,0.00,60.57,59.65,0.00,-1746.63
2023-05-28 23:58,9800.00,383.89,0.00,0.00,60.56,59.65,0.00,-1746.63
2023-05-28 23:59,9800.00,383.89,0.00,0.00,60.45,59.64,0.00,-1746.63
2023-05-29 00:00,9800.00,383.89,0.00,0.00,60.30,59.62,0.00,-1746.63
2023-05-29 00:01,9800.00,383.89,0.00,0.00,60.04,59.49,0.00,-1746.63
2023-05-29 00:02,9800.00,383.89,0.00,0.00,59.78,59.44,0.00,-1746.63
2023-05-29 00:03,9800.00,383.89,0.00,0.00,59.47,59.54,0.00,-1746.63
2023-05-29 00:04,9800.00,383.89,0.00,0.00,59.18,59.64,0.00,-1746.63
2023-05-29 00:05,9800.00,383.89,0.00,0.00,58.93,59.59,0.00,-1746.63
2023-05-29 00:06,9800.00,383.89,0.00,0.00,58.74,59.57,0.00,-1746.63
2023-05-29 00:07,9800.00,383.89,0.00,0.00,58.57,59.57,0.00,-1746.63
2023-05-29 00:08,9800.00,383.89,0.00,0.00,58.39,59.78,0.00,-1746.63
2023-05-29 00:09,9800.00,383.89,0.00,0.00,58.22,60.01,0.00,-1746.63
2023-05-29 00:10,9800.00,383.89,0.00,0.00,58.04,60.17,0.00,-1746.63
2023-05-29 00:11,9800.00,383.89,0.00,0.00,57.89,60.52,0.00,-1746.63
2023-05-29 00:12,9800.00,383.89,0.00,0.00,57.71,60.75,0.00,-1746.63
2023-05-29 00:13,9800.00,383.89,0.00,0.00,57.53,60.87,0.00,-1746.63
2023-05-29 00:14,9800.00,384.48,0.00,0.00,57.47,60.90,0.00,-1746.63
2023-05-29 00:15,9800.00,384.78,0.00,0.00,57.38,60.95,0.00,-1746.63
2023-05-29 00:16,9800.00,384.78,0.00,0.00,57.37,61.03,0.00,-1746.63
2023-05-29 00:17,9800.00,384.78,0.00,0.00,57.32,61.03,0.00,-1746.63
2023-05-29 00:18,9800.00,384.78,0.00,0.00,57.30,60.94,0.00,-1746.63
2023-05-29 00:19,9800.00,384.78,0.00,0.00,57.20,60.90,0.00,-1746.63
2023-05-29 00:20,9800.00,384.78,0.00,0.00,57.15,60.91,0.00,-1746.63
2023-05-29 00:21,9800.00,426.69,0.00,0.00,57.08,61.09,0.00,-1746.63
2023-05-29 00:22,9800.00,462.40,0.00,0.00,57.03,61.38,0.00,-1746.63
2023-05-29 00:23,9800.00,462.40,0.00,0.00,56.94,61.87,0.00,-1746.63
2023-05-29 00:24,9800.00,542.22,0.00,0.00,56.86,62.19,0.00,-1746.63
2023-05-29 00:25,9800.00,565.03,0.00,0.00,56.79,62.69,0.00,-1746.63
2023-05-29 00:26,9800.00,646.01,0.00,0.00,56.72,63.25,0.00,-1746.63
2023-05-29 00:27,9800.00,645.58,0.00,0.00,56.63,63.96,0.00,-1746.63
2023-05-29 00:28,9800.00,645.58,0.00,0.00,56.55,64.36,0.00,-1746.63
2023-05-29 00:29,9800.00,711.35,0.00,0.00,56.52,64.52,0.00,-1746.63
2023-05-29 00:30,9800.00,746.30,0.00,0.00,56.46,64.75,0.00,-1746.63
2023-05-29 00:31,9800.00,832.38,0.00,0.00,56.38,65.11,0.00,-1746.63
2023-05-29 00:32,9800.00,832.15,0.00,0.00,56.33,65.58,0.00,-1746.63
2023-05-29 00:33,9800.00,832.15,0.00,0.00,56.28,65.88,0.00,-1746.63
2023-05-29 00:34,9800.00,832.15,0.00,0.00,56.22,65.93,0.00,-1746.63
2023-05-29 00:35,9800.00,856.79,0.00,0.00,56.18,65.83,0.00,-1746.63
2023-05-29 00:36,9800.00,863.61,0.00,0.00,56.12,65.75,0.00,-1746.63
2023-05-29 00:37,9800.00,885.07,0.00,0.00,56.05,65.64,0.00,-1746.63
2023-05-29 00:38,9800.00,894.60,0.00,0.00,56.03,65.48,0.00,-1746.63
2023-05-29 00:39,9800.00,883.26,0.00,0.00,55.98,65.30,0.00,-1746.63
2023-05-29 00:40,9800.00,859.10,0.00,0.00,55.96,65.09,0.00,-1746.63
2023-05-29 00:41,9800.00,860.64,0.00,0.00,55.88,64.87,0.00,-1746.63
2023-05-29 00:42,9800.00,925.62,0.00,0.00,55.85,64.57,0.00,-1746.63
2023-05-29 00:43,9800.00,925.52,0.00,0.00,55.81,64.26,0.00,-1746.63
2023-05-29 00:44,9800.00,925.75,0.00,0.00,55.78,63.96,0.00,-1746.63
2023-05-29 00:45,9800.00,940.77,0.00,0.00,55.73,63.53,0.00,-1746.63
2023-05-29 00:46,9800.00,956.41,0.00,0.00,55.72,63.14,0.00,-1746.63
2023-05-29 00:47,9800.00,977.64,0.00,0.00,55.69,62.75,0.00,-1746.63
2023-05-29 00:48,9800.00,987.96,0.00,0.00,55.65,62.90,0.00,-1746.63
2023-05-29 00:49,9800.00,987.96,0.00,0.00,55.62,63.06,0.00,-1746.63
2023-05-29 00:50,9800.00,1016.77,0.00,0.00,55.59,63.10,0.00,-1746.63
2023-05-29 00:51,9800.00,1019.42,0.00,0.00,55.59,63.40,0.00,-1746.63
2023-05-29 00:52,9800.00,1040.35,0.00,0.00,55.59,63.44,0.00,-1746.63
2023-05-29 00:53,9800.00,1050.88,0.00,0.00,55.59,63.61,0.00,-1746.63
2023-05-29 00:54,9800.00,1050.88,0.00,0.00,55.59,63.80,0.00,-1746.63
2023-05-29 00:55,9800.00,1050.88,0.00,0.00,55.59,63.82,0.00,-1746.63
2023-05-29 00:56,9800.00,1050.88,0.00,0.00,55.59,63.82,0.00,-1746.63
2023-05-29 00:57,9800.00,1054.90,0.00,0.00,55.59,63.72,0.00,-1746.63
2023-05-29 00:58,9800.00,1057.35,0.00,0.00,55.59,63.58,0.00,-1746.63
2023-05-29 00:59,9800.00,1067.81,0.00,0.00,55.61,63.33,0.00,-1746.63
2023-05-29 01:00,9800.00,1090.97,0.00,0.00,55.62,63.28,0.00,-1746.63
2023-05-29 01:01,9800.00,1146.46,0.00,0.00,55.65,63.29,0.00,-1746.63
2023-05-29 01:02,9800.00,1146.46,0.00,0.00,55.65,63.47,0.00,-1746.63
2023-05-29 01:03,9800.00,1234.40,0.00,0.00,55.64,63.51,0.00,-1746.63
2023-05-29 01:04,9800.00,1241.79,0.00,0.00,55.63,63.80,0.00,-1746.63
2023-05-29 01:05,9800.00,1251.46,0.00,0.00,55.59,63.88,0.00,-1746.63
2023-05-29 01:06,9800.00,1336.52,0.00,0.00,55.59,64.04,0.00,-1746.63
2023-05-29 01:07,9800.00,1336.52,0.00,0.00,55.58,64.41,0.00,-1746.63
2023-05-29 01:08,9800.00,1413.51,0.00,0.00,55.52,64.55,0.00,-1746.63
2023-05-29 01:09,9800.00,1431.59,0.00,0.00,55.51,64.97,0.00,-1746.63
2023-05-29 01:10,9800.00,1478.98,0.00,0.00,55.46,65.15,0.00,-1746.63
2023-05-29 01:11,9800.00,1526.89,0.00,0.00,55.45,65.37,0.00,-1746.63
2023-05-29 01:12,9800.00,1526.89,0.00,0.00,55.45,65.53,0.00,-1746.63
2023-05-29 01:13,9800.00,1593.56,0.00,0.00,55.40,65.58,0.00,-1746.63
2023-05-29 01:14,9800.00,1621.94,0.00,0.00,55.39,65.81,0.00,-1746.63
2023-05-29 01:15,9800.00,1670.05,0.00,0.00,55.35,65.94,0.00,-1746.63
2023-05-29 01:16,9800.00,1716.98,0.00,0.00,55.34,66.13,0.00,-1746.63
2023-05-29 01:17,9800.00,1740.29,0.00,0.00,55.32,66.34,0.00,-1746.63
2023-05-29 01:18,9800.00,1812.09,0.00,0.00,55.32,66.44,0.00,-1746.63
2023-05-29 01:19,9800.00,1812.09,0.00,0.00,55.32,66.68,0.00,-1746.63
2023-05-29 01:20,9800.00,1854.16,0.00,0.00,55.32,66.67,0.00,-1746.63
2023-05-29 01:21,9800.00,1907.20,0.00,0.00,55.31,66.76,0.00,-1746.63
2023-05-29 01:22,9800.00,1909.88,0.00,0.00,55.31,66.87,0.00,-1746.63
2023-05-29 01:23,9800.00,2000.50,0.00,0.00,55.31,66.87,0.00,-1746.63
2023-05-29 01:24,9800.00,2002.29,0.00,0.00,55.29,67.11,0.00,-1746.63
2023-05-29 01:25,9800.00,2091.16,0.00,0.00,55.31,67.17,0.00,-1746.63
2023-05-29 01:26,9800.00,2107.41,0.00,0.00,55.29,67.45,0.00,-1746.63
2023-05-29 01:27,9800.00,2192.02,0.00,0.00,55.28,67.50,0.00,-1746.63
2023-05-29 01:28,9800.00,2192.02,0.00,0.00,55.29,67.73,0.00,-1746.63
2023-05-29 01:29,9800.00,2273.86,0.00,0.00,55.32,67.74,0.00,-1746.63
2023-05-29 01:30,9800.00,2286.58,0.00,0.00,55.27,67.95,0.00,-1746.63
2023-05-29 01:31,9800.00,2362.39,0.00,0.00,55.31,68.00,0.00,-1746.63
2023-05-29 01:32,9800.00,2381.33,0.00,0.00,55.32,68.11,0.00,-1746.63
2023-05-29 01:33,9800.00,2406.78,0.00,0.00,55.29,68.10,0.00,-1746.63
2023-05-29 01:34,9800.00,2476.15,0.00,0.00,55.29,68.02,0.00,-1746.63
2023-05-29 01:35,9800.00,2484.37,0.00,0.00,55.27,68.09,0.00,-1746.63
2023-05-29 01:36,9800.00,2570.75,0.00,0.00,55.26,68.06,0.00,-1746.63
2023-05-29 01:37,9800.00,2581.50,0.00,0.00,55.26,68.19,0.00,-1746.63
2023-05-29 01:38,9800.00,2666.20,0.00,0.00,55.26,68.18,0.00,-1746.63
2023-05-29 01:39,9800.00,2680.88,0.00,0.00,55.26,68.32,0.00,-1746.63
2023-05-29 01:40,9800.00,2760.77,0.00,0.00,55.26,68.29,0.00,-1746.63
2023-05-29 01:41,9800.00,2799.13,0.00,0.00,55.26,68.44,0.00,-1746.63
2023-05-29 01:42,9800.00,2855.20,0.00,0.00,55.26,68.50,0.00,-1746.63
2023-05-29 01:43,9800.00,2879.66,0.00,0.00,55.29,68.63,0.00,-1746.63
2023-05-29 01:44,9800.00,2949.60,0.00,0.00,55.32,68.61,0.00,-1746.63
2023-05-29 01:45,9800.00,2949.60,0.00,0.00,55.34,68.64,0.00,-1746.63
2023-05-29 01:46,9800.00,3012.06,0.00,0.00,55.37,68.54,0.00,-1746.63
2023-05-29 01:47,9800.00,3044.75,0.00,0.00,55.39,68.58,0.00,-1746.63
2023-05-29 01:48,9800.00,3044.75,0.00,17.72,55.38,68.49,0.00,-1746.63
2023-05-29 01:49,9800.00,3044.75,0.00,110.88,55.34,68.33,0.00,-1746.63
2023-05-29 01:50,9800.00,3044.75,0.00,196.84,55.09,68.16,0.00,-1746.63
2023-05-29 01:51,9800.00,3044.75,0.00,195.18,54.36,67.99,0.00,-1746.63
2023-05-29 01:52,9800.00,3044.75,17.11,139.81,53.98,67.80,0.00,-1729.52
2023-05-29 01:53,9800.00,3044.75,23.93,135.80,54.26,67.69,0.00,-1722.70
2023-05-29 01:54,9800.00,3044.75,0.00,31.28,54.32,67.59,0.00,-1746.63
2023-05-29 01:55,9800.00,3044.75,0.00,0.00,54.13,67.42,0.00,-1746.63
2023-05-29 01:56,9800.00,3044.75,0.00,0.00,54.32,66.93,0.00,-1746.63
2023-05-29 01:57,9800.00,3076.22,0.00,0.00,54.44,66.42,0.00,-1746.63
2023-05-29 01:58,9800.00,3140.19,0.00,0.00,54.57,66.02,0.00,-1746.63
2023-05-29 01:59,9800.00,3147.12,0.00,0.00,54.53,66.16,0.00,-1746.63
2023-05-29 02:00,9800.00,3234.79,0.00,0.00,54.66,66.10,0.00,-1746.63
2023-05-29 02:01,9800.00,3261.11,0.00,0.00,54.72,66.39,0.00,-1746.63
2023-05-29 02:02,9800.00,3330.39,0.00,0.00,54.57,66.54,0.00,-1746.63
2023-05-29 02:03,9800.00,3364.04,0.00,0.00,54.43,66.83,0.00,-1746.63
2023-05-29 02:04,9800.00,3425.08,0.00,0.00,54.56,66.89,0.00,-1746.63
2023-05-29 02:05,9800.00,3425.08,0.00,0.00,54.55,67.05,0.00,-1746.63
2023-05-29 02:06,9800.00,3512.83,0.00,0.00,54.65,66.96,0.00,-1746.63
2023-05-29 02:07,9800.00,3520.10,0.00,0.00,54.59,67.05,0.00,-1746.63
2023-05-29 02:08,9800.00,3526.13,0.00,0.00,54.58,67.04,0.00,-1746.63
2023-05-29 02:09,9800.00,3614.07,0.00,0.00,54.70,66.88,0.00,-1746.63
2023-05-29 02:10,9800.00,3638.48,0.00,0.00,54.65,67.00,0.00,-1746.63
2023-05-29 02:11,9800.00,3709.64,0.00,0.00,54.68,66.91,0.00,-1746.63
2023-05-29 02:12,9800.00,3709.64,0.00,0.00,54.66,66.95,0.00,-1746.63
2023-05-29 02:13,9800.00,3763.57,0.00,0.00,54.75,66.83,0.00,-1746.63
2023-05-29 02:14,9800.00,3804.32,0.00,0.00,54.84,66.70,0.00,-1746.63
2023-05-29 02:15,9800.00,3810.42,0.00,0.00,54.86,66.70,0.00,-1746.63
2023-05-29 02:16,9800.00,3898.61,0.00,0.00,54.79,66.48,0.00,-1746.63
2023-05-29 02:17,9800.00,3899.08,0.00,0.00,54.77,66.47,0.00,-1746.63
2023-05-29 02:18,9800.00,3974.05,0.00,0.00,54.77,66.35,0.00,-1746.63
2023-05-29 02:19,9800.00,4003.40,0.00,0.00,54.81,66.38,0.00,-1746.63
2023-05-29 02:20,9800.00,4089.20,0.00,0.00,54.86,66.32,0.00,-1746.63
2023-05-29 02:21,9800.00,4133.50,0.00,0.00,54.86,66.34,0.00,-1746.63
2023-05-29 02:22,9800.00,4183.94,0.00,0.00,54.90,66.35,0.00,-1746.63
2023-05-29 02:23,9800.00,4269.70,0.00,0.00,54.86,66.44,0.00,-1746.63
2023-05-29 02:24,9800.00,4289.14,0.00,0.00,54.86,66.54,0.00,-1746.63
2023-05-29 02:25,9800.00,4374.29,0.00,0.00,54.86,66.50,0.00,-1746.63
2023-05-29 02:26,9800.00,4407.43,0.00,0.00,54.86,66.61,0.00,-1746.63
2023-05-29 02:27,9800.00,4469.56,0.00,0.00,54.86,66.54,0.00,-1746.63
2023-05-29 02:28,9800.00,4536.69,0.00,0.00,54.79,66.59,0.00,-1746.63
2023-05-29 02:29,9800.00,4564.85,0.00,0.00,54.79,66.64,0.00,-1746.63
2023-05-29 02:30,9800.00,4622.96,0.00,0.00,54.79,66.57,0.00,-1746.63
2023-05-29 02:31,9800.00,4659.69,0.00,0.00,54.75,66.52,0.00,-1746.63
2023-05-29 02:32,9800.00,4712.88,0.00,0.00,54.72,66.46,0.00,-1746.63
2023-05-29 02:33,9800.00,4754.36,0.00,0.00,54.72,66.42,0.00,-1746.63
2023-05-29 02:34,9800.00,4774.48,0.00,0.00,54.72,66.36,0.00,-1746.63
2023-05-29 02:35,9800.00,4849.49,0.00,0.00,54.72,66.19,0.00,-1746.63
2023-05-29 02:36,9800.00,4850.34,0.00,0.00,54.72,66.25,0.00,-1746.63
2023-05-29 02:37,9800.00,4940.54,0.00,0.00,54.73,66.04,0.00,-1746.63
2023-05-29 02:38,9800.00,4947.59,0.00,0.00,54.77,66.10,0.00,-1746.63
2023-05-29 02:39,9800.00,5036.97,0.00,0.00,54.72,65.95,0.00,-1746.63
2023-05-29 02:40,9800.00,5046.29,0.00,0.00,54.72,65.91,0.00,-1746.63
2023-05-29 02:41,9800.00,5133.63,0.00,0.00,54.71,65.76,0.00,-1746.63
2023-05-29 02:42,9800.00,5162.02,0.00,0.00,54.72,65.77,0.00,-1746.63
2023-05-29 02:43,9800.00,5228.96,0.00,0.00,54.72,65.71,0.00,-1746.63
2023-05-29 02:44,9800.00,5265.23,0.00,0.00,54.72,65.70,0.00,-1746.63
2023-05-29 02:45,9800.00,5323.42,0.00,0.00,54.73,65.67,0.00,-1746.63
2023-05-29 02:46,9800.00,5366.36,0.00,0.00,54.71,65.67,0.00,-1746.63
2023-05-29 02:47,9800.00,5418.71,0.00,0.00,54.61,65.53,0.00,-1746.63
2023-05-29 02:48,9800.00,5465.16,0.00,0.00,54.55,65.54,0.00,-1746.63
2023-05-29 02:49,9800.00,5513.18,0.00,0.00,54.50,65.46,0.00,-1746.63
2023-05-29 02:50,9800.00,5563.86,0.00,0.00,54.45,65.45,0.00,-1746.63
2023-05-29 02:51,9800.00,5608.38,0.00,0.00,54.45,65.42,0.00,-1746.63
2023-05-29 02:52,9800.00,5682.78,0.00,0.00,54.43,65.44,0.00,-1746.63
2023-05-29 02:53,9800.00,5723.99,0.00,0.00,54.43,65.48,0.00,-1746.63
2023-05-29 02:54,9800.00,5798.24,0.00,0.00,54.46,65.45,0.00,-1746.63
2023-05-29 02:55,9800.00,5823.28,0.00,0.00,54.48,65.45,0.00,-1746.63
2023-05-29 02:56,9800.00,5892.89,0.00,0.00,54.37,65.31,0.00,-1746.63
2023-05-29 02:57,9800.00,5928.42,0.00,0.00,54.31,65.38,0.00,-1746.63
2023-05-29 02:58,9800.00,5988.02,0.00,0.00,54.33,65.22,0.00,-1746.63
2023-05-29 02:59,9800.00,6002.26,0.00,0.00,54.39,65.21,0.00,-1746.63
2023-05-29 03:00,9800.00,6082.95,0.00,0.00,54.39,65.03,0.00,-1746.63
2023-05-29 03:01,9800.00,6082.95,0.00,0.00,54.39,64.98,0.00,-1746.63
2023-05-29 03:02,9800.00,6082.69,0.00,0.00,54.39,64.77,0.00,-1746.63
2023-05-29 03:03,9800.00,6082.31,0.00,0.00,54.39,64.51,0.00,-1746.63
2023-05-29 03:04,9800.00,6082.31,0.00,144.10,54.43,64.19,0.00,-1746.63
2023-05-29 03:05,9800.00,6062.65,0.00,181.47,54.29,63.86,0.00,-1746.63
2023-05-29 03:06,9800.00,6043.00,7.05,185.21,53.84,63.56,0.00,-1739.58
2023-05-29 03:07,9800.00,6043.00,53.97,180.23,53.51,63.26,0.00,-1692.65
2023-05-29 03:08,9800.00,6043.00,52.88,192.12,53.53,63.23,0.00,-1693.75
2023-05-29 03:09,9800.00,6043.00,67.14,339.85,52.10,63.11,0.00,-1679.48
2023-05-29 03:10,9800.00,6043.00,210.60,424.13,50.96,63.36,0.00,-1536.03
2023-05-29 03:11,9800.00,6043.00,314.22,420.94,50.82,64.26,0.00,-1432.40
2023-05-29 03:12,9800.00,6043.00,316.25,420.55,50.84,65.01,0.00,-1430.38
2023-05-29 03:13,9800.00,6043.00,315.84,419.95,50.85,65.99,0.00,-1430.79
2023-05-29 03:14,9800.00,6043.00,317.06,419.43,50.87,66.93,0.00,-1429.57
2023-05-29 03:15,9800.00,6043.00,321.92,419.61,50.87,67.83,0.00,-1424.71
2023-05-29 03:16,9800.00,6043.00,322.64,419.47,50.87,68.73,0.00,-1423.98
2023-05-29 03:17,9800.00,6043.00,321.21,419.37,51.00,69.47,0.00,-1425.41
2023-05-29 03:18,9800.00,6043.00,320.09,419.57,51.07,70.16,0.00,-1426.54
2023-05-29 03:19,9800.00,6043.00,320.97,419.13,51.22,70.80,0.00,-1425.66
2023-05-29 03:20,9800.00,6043.00,319.93,419.27,51.37,71.33,0.00,-1426.69
2023-05-29 03:21,9800.00,6043.00,318.93,419.55,51.60,71.82,0.00,-1427.70
2023-05-29 03:22,9800.00,6043.00,318.62,419.54,51.88,72.22,0.00,-1428.00
2023-05-29 03:23,9800.00,6043.00,318.19,419.24,52.15,72.65,0.00,-1428.44
2023-05-29 03:24,9800.00,6043.00,316.90,420.10,52.49,72.96,0.00,-1429.73
2023-05-29 03:25,9800.00,6043.00,315.48,419.52,52.83,73.24,0.00,-1431.15
2023-05-29 03:26,9800.00,6043.00,315.08,419.26,53.19,73.54,0.00,-1431.54
2023-05-29 03:27,9800.00,6043.00,314.29,419.70,53.61,73.80,0.00,-1432.34
2023-05-29 03:28,9800.00,6043.00,313.71,419.53,53.99,74.04,0.00,-1432.92
2023-05-29 03:29,9800.00,6043.00,313.50,419.37,54.46,74.13,0.00,-1433.13
2023-05-29 03:30,9800.00,6043.00,313.12,419.38,54.89,74.03,0.00,-1433.51
2023-05-29 03:31,9800.00,6043.00,313.00,419.66,55.30,73.96,0.00,-1433.63
2023-05-29 03:32,9800.00,6043.00,312.92,419.29,55.75,73.97,0.00,-1433.71
2023-05-29 03:33,9800.00,6043.00,312.26,419.51,56.14,74.07,0.00,-1434.36
2023-05-29 03:34,9800.00,6043.00,311.71,419.52,56.57,74.22,0.00,-1434.91
2023-05-29 03:35,9800.00,6043.00,311.77,419.57,57.05,74.36,0.00,-1434.86
2023-05-29 03:36,9800.00,6043.00,311.85,419.69,57.46,74.45,0.00,-1434.78
2023-05-29 03:37,9800.00,6043.00,311.65,419.88,57.90,74.55,0.00,-1434.98
2023-05-29 03:38,9800.00,6043.00,311.10,419.83,58.38,74.68,0.00,-1435.53
2023-05-29 03:39,9800.00,6043.00,310.96,419.97,58.81,74.78,0.00,-1435.67
2023-05-29 03:40,9800.00,6043.00,310.79,419.81,59.24,74.97,0.00,-1435.84
2023-05-29 03:41,9800.00,6043.00,310.51,419.70,59.64,75.25,0.00,-1436.12
2023-05-29 03:42,9800.00,6043.00,309.98,419.51,60.03,75.50,0.00,-1436.64
2023-05-29 03:43,9800.00,6043.00,310.22,419.25,60.51,75.52,0.00,-1436.40
2023-05-29 03:44,9800.00,6043.00,309.96,419.39,60.94,75.42,0.00,-1436.66
2023-05-29 03:45,9800.00,6043.00,309.75,419.82,61.36,75.28,0.00,-1436.87
2023-05-29 03:46,9800.00,6043.00,309.80,419.26,61.69,75.20,0.00,-1436.83
2023-05-29 03:47,9800.00,6043.00,309.76,419.69,62.10,75.11,0.00,-1436.87
2023-05-29 03:48,9800.00,6043.00,309.84,419.79,62.48,75.18,0.00,-1436.79
2023-05-29 03:49,9800.00,6043.00,309.95,420.10,62.81,75.25,0.00,-1436.68
2023-05-29 03:50,9800.00,6043.00,309.89,419.55,63.13,75.30,0.00,-1436.73
2023-05-29 03:51,9800.00,6043.00,309.86,420.25,63.49,75.38,0.00,-1436.77
2023-05-29 03:52,9800.00,6043.00,309.51,419.80,63.81,75.48,0.00,-1437.11
2023-05-29 03:53,9800.00,6043.00,309.17,420.27,64.23,75.63,0.00,-1437.46
2023-05-29 03:54,9800.00,6043.00,309.28,419.52,64.45,75.77,0.00,-1437.35
2023-05-29 03:55,9800.00,6043.00,309.10,419.81,64.78,75.91,0.00,-1437.53
2023-05-29 03:56,9800.00,6043.00,308.52,419.71,65.09,75.95,0.00,-1438.10
2023-05-29 03:57,9800.00,6043.00,308.12,419.86,65.39,75.96,0.00,-1438.51
2023-05-29 03:58,9800.00,6043.00,274.60,383.35,65.67,76.03,0.00,-1472.03
2023-05-29 03:59,9800.00,6043.29,0.00,28.63,65.75,76.06,0.00,-1746.63
2023-05-29 04:00,9800.00,6043.35,0.00,0.00,65.61,75.68,0.00,-1746.63
2023-05-29 04:01,9800.00,6043.35,0.00,0.00,65.50,75.77,0.00,-1746.63
2023-05-29 04:02,9800.00,6043.35,0.00,0.00,65.52,75.69,0.00,-1746.63
2023-05-29 04:03,9800.00,6119.94,0.00,0.00,65.54,75.70,0.00,-1746.63
2023-05-29 04:04,9800.00,6138.82,0.00,0.00,65.54,76.58,0.00,-1746.63
2023-05-29 04:05,9800.00,6208.42,0.00,0.00,65.51,76.56,0.00,-1746.63
2023-05-29 04:06,9800.00,6233.77,0.00,0.00,65.46,76.78,0.00,-1746.63
2023-05-29 04:07,9800.00,6303.35,0.00,0.00,65.45,76.57,0.00,-1746.63
2023-05-29 04:08,9800.00,6328.86,0.00,0.00,65.48,76.61,0.00,-1746.63
2023-05-29 04:09,9800.00,6401.39,0.00,0.00,65.47,76.29,0.00,-1746.63
2023-05-29 04:10,9800.00,6423.70,0.00,0.00,65.48,76.14,0.00,-1746.63
2023-05-29 04:11,9800.00,6457.69,0.00,0.00,65.45,75.69,0.00,-1746.63
2023-05-29 04:12,9800.00,6519.08,0.00,0.00,65.46,75.14,0.00,-1746.63
2023-05-29 04:13,9800.00,6519.08,0.00,132.25,65.78,74.79,0.00,-1746.63
2023-05-29 04:14,9800.00,6519.08,72.35,228.30,66.34,74.27,0.00,-1674.28
2023-05-29 04:15,9800.00,6519.08,287.42,399.79,66.23,74.59,0.00,-1459.21
2023-05-29 04:16,9800.00,6519.08,309.67,413.49,66.14,74.63,0.00,-1436.96
2023-05-29 04:17,9800.00,6519.08,310.51,412.61,65.99,74.74,0.00,-1436.11
2023-05-29 04:18,9800.00,6519.08,311.07,412.90,65.86,75.28,0.00,-1435.56
2023-05-29 04:19,9800.00,6519.08,312.81,412.78,65.82,75.92,0.00,-1433.82
2023-05-29 04:20,9800.00,6519.08,314.54,412.65,65.74,76.29,0.00,-1432.09
2023-05-29 04:21,9800.00,6519.08,314.79,412.06,65.74,76.89,0.00,-1431.84
2023-05-29 04:22,9800.00,6519.08,314.43,411.81,65.74,76.86,0.00,-1432.20
2023-05-29 04:23,9800.00,6519.08,314.26,412.35,65.77,76.71,0.00,-1432.37
2023-05-29 04:24,9800.00,6519.08,314.06,412.21,65.84,76.89,0.00,-1432.57
2023-05-29 04:25,9800.00,6519.08,313.39,412.22,65.96,76.96,0.00,-1433.23
2023-05-29 04:26,9800.00,6519.08,313.02,411.70,66.06,77.05,0.00,-1433.62
2023-05-29 04:27,9800.00,6519.08,313.34,412.37,66.19,77.26,0.00,-1433.29
2023-05-29 04:28,9800.00,6519.08,313.59,411.80,66.32,77.43,0.00,-1433.04
2023-05-29 04:29,9800.00,6519.08,306.77,394.07,66.47,77.54,0.00,-1439.85
2023-05-29 04:30,9800.00,6519.08,0.00,47.66,66.60,77.37,0.00,-1746.63
2023-05-29 04:31,9800.00,6519.08,0.00,0.00,66.45,76.74,0.00,-1746.63
2023-05-29 04:32,9800.00,6519.08,0.00,0.00,66.41,76.51,0.00,-1746.63
2023-05-29 04:33,9800.00,6519.08,0.00,0.00,66.43,76.11,0.00,-1746.63
2023-05-29 04:34,9800.00,6520.78,0.00,75.02,66.58,75.68,0.00,-1746.63
2023-05-29 04:35,9800.00,6535.88,143.61,299.56,67.15,75.16,0.00,-1603.02
2023-05-29 04:36,9800.00,6602.59,263.21,372.65,67.33,75.57,0.00,-1483.42
2023-05-29 04:37,9800.00,6614.19,26.89,73.06,67.35,75.72,0.00,-1719.74
2023-05-29 04:38,9800.00,6614.19,0.00,0.00,67.25,75.80,0.00,-1746.63
2023-05-29 04:39,9800.00,6614.19,0.00,0.00,66.99,75.89,0.00,-1746.63
2023-05-29 04:40,9800.00,6639.10,342.97,434.48,67.00,75.67,0.00,-1403.66
2023-05-29 04:41,9800.00,6704.90,287.86,308.89,67.22,75.63,0.00,-1458.77
2023-05-29 04:42,9800.00,6708.95,0.00,6.43,67.18,75.30,0.00,-1746.63
2023-05-29 04:43,9800.00,6708.95,0.00,0.00,67.00,75.06,0.00,-1746.63
2023-05-29 04:44,9800.00,6708.95,0.00,0.00,66.83,74.88,0.00,-1746.63
2023-05-29 04:45,9800.00,6708.95,0.00,0.00,66.62,74.66,0.00,-1746.63
2023-05-29 04:46,9800.00,6723.34,131.81,334.58,66.80,74.30,0.00,-1614.82
2023-05-29 04:47,9800.00,6789.20,337.04,414.65,67.00,74.09,0.00,-1409.59
2023-05-29 04:48,9800.00,6804.03,26.39,64.05,66.96,74.18,0.00,-1720.24
2023-05-29 04:49,9800.00,6804.03,0.00,0.00,66.77,74.03,0.00,-1746.63
2023-05-29 04:50,9800.00,6804.03,0.00,0.00,66.62,74.04,0.00,-1746.63
2023-05-29 04:51,9800.00,6819.28,249.58,456.01,66.58,73.91,0.00,-1497.05
2023-05-29 04:52,9800.00,6891.46,343.74,393.22,66.66,73.91,0.00,-1402.88
2023-05-29 04:53,9800.00,6898.81,0.00,30.00,66.56,74.00,0.00,-1746.63
2023-05-29 04:54,9800.00,6898.81,0.00,0.00,66.37,73.81,0.00,-1746.63
2023-05-29 04:55,9800.00,6898.81,0.00,0.00,66.21,73.84,0.00,-1746.63
2023-05-29 04:56,9800.00,6908.72,193.11,418.99,66.27,73.71,0.00,-1553.52
2023-05-29 04:57,9800.00,6975.80,329.30,406.08,66.34,73.71,0.00,-1417.33
2023-05-29 04:58,9800.00,6993.46,7.00,41.13,66.33,73.80,0.00,-1739.63
2023-05-29 04:59,9800.00,6993.46,0.00,0.00,66.19,73.66,0.00,-1746.63
2023-05-29 05:00,9800.00,6993.46,0.00,0.00,66.01,73.56,0.00,-1746.63
2023-05-29 05:01,9800.00,6997.67,0.00,0.00,65.82,73.55,0.00,-1746.63
2023-05-29 05:02,9800.00,7085.41,0.00,0.00,65.74,73.61,0.00,-1746.63
2023-05-29 05:03,9800.00,7089.01,0.00,0.00,65.81,74.18,0.00,-1746.63
2023-05-29 05:04,9800.00,7153.94,0.00,0.00,65.83,74.12,0.00,-1746.63
2023-05-29 05:05,9800.00,7184.14,0.00,0.00,65.92,74.41,0.00,-1746.63
2023-05-29 05:06,9800.00,7203.56,0.00,0.00,65.95,74.28,0.00,-1746.63
2023-05-29 05:07,9800.00,7279.47,0.00,0.00,65.91,74.13,0.00,-1746.63
2023-05-29 05:08,9800.00,7308.90,0.00,0.00,65.94,74.13,0.00,-1746.63
2023-05-29 05:09,9800.00,7374.91,0.00,0.00,65.96,73.94,0.00,-1746.63
2023-05-29 05:10,9800.00,7374.91,0.00,0.00,65.94,73.79,0.00,-1746.63
2023-05-29 05:11,9800.00,7434.43,0.00,0.00,65.94,73.27,0.00,-1746.63
2023-05-29 05:12,9800.00,7469.27,0.00,0.00,65.91,73.11,0.00,-1746.63
2023-05-29 05:13,9800.00,7469.27,17.89,133.27,65.53,72.87,0.00,-1728.75
2023-05-29 05:14,9800.00,7469.27,109.21,240.50,65.04,72.41,0.00,-1637.41
2023-05-29 05:15,9800.00,7469.27,289.58,385.22,64.90,72.53,0.00,-1457.05
2023-05-29 05:16,9800.00,7469.27,337.85,409.60,64.75,72.76,0.00,-1408.77
2023-05-29 05:17,9800.00,7469.27,339.58,409.29,64.64,73.09,0.00,-1407.05
2023-05-29 05:18,9800.00,7469.27,340.55,409.17,64.50,73.51,0.00,-1406.08
2023-05-29 05:19,9800.00,7469.27,341.46,409.16,64.40,73.89,0.00,-1405.17
2023-05-29 05:20,9800.00,7469.27,342.72,409.19,64.35,74.41,0.00,-1403.90
2023-05-29 05:21,9800.00,7469.27,343.83,408.90,64.35,74.97,0.00,-1402.80
2023-05-29 05:22,9800.00,7469.27,344.69,409.14,64.34,75.29,0.00,-1401.94
2023-05-29 05:23,9800.00,7469.27,345.05,409.29,64.37,75.79,0.00,-1401.57
2023-05-29 05:24,9800.00,7469.27,345.30,409.11,64.43,76.32,0.00,-1401.33
2023-05-29 05:25,9800.00,7469.27,345.67,408.87,64.54,76.69,0.00,-1400.96
2023-05-29 05:26,9800.00,7469.27,345.48,408.59,64.65,77.15,0.00,-1401.14
2023-05-29 05:27,9800.00,7469.27,345.66,408.80,64.77,77.39,0.00,-1400.97
2023-05-29 05:28,9800.00,7469.27,345.70,409.06,64.90,77.77,0.00,-1400.92
2023-05-29 05:29,9800.00,7469.27,345.69,409.05,65.04,78.10,0.00,-1400.94
2023-05-29 05:30,9800.00,7469.27,53.34,88.88,65.16,78.31,0.00,-1693.29
2023-05-29 05:31,9800.00,7469.27,0.00,0.00,65.10,77.90,0.00,-1746.63
2023-05-29 05:32,9800.00,7469.27,0.00,0.00,65.08,77.77,0.00,-1746.63
2023-05-29 05:33,9800.00,7469.27,0.00,33.77,65.08,77.66,0.00,-1746.63
2023-05-29 05:34,9800.00,7469.27,1.81,144.58,65.09,77.31,0.00,-1744.82
2023-05-29 05:35,9800.00,7496.70,214.81,330.22,65.80,77.73,0.00,-1531.81
2023-05-29 05:36,9800.00,7561.87,230.88,303.59,65.94,78.10,0.00,-1515.75
2023-05-29 05:37,9800.00,7565.00,0.00,7.14,65.91,77.75,0.00,-1746.63
2023-05-29 05:38,9800.00,7565.00,0.00,0.00,65.77,77.19,0.00,-1746.63
2023-05-29 05:39,9800.00,7565.00,0.62,73.38,65.80,76.73,0.00,-1746.01
2023-05-29 05:40,9800.00,7586.27,281.26,412.25,65.87,76.23,0.00,-1465.37
2023-05-29 05:41,9800.00,7654.12,329.68,372.22,65.92,76.11,0.00,-1416.95
2023-05-29 05:42,9800.00,7659.58,0.00,19.18,65.86,76.08,0.00,-1746.63
2023-05-29 05:43,9800.00,7659.58,0.00,0.00,65.76,75.80,0.00,-1746.63
2023-05-29 05:44,9800.00,7662.36,88.99,249.03,65.74,75.47,0.00,-1657.64
2023-05-29 05:45,9800.00,7725.15,434.36,431.90,65.75,75.12,0.00,-1312.27
2023-05-29 05:46,9800.00,7754.55,95.61,139.58,65.74,75.02,0.00,-1651.02
2023-05-29 05:47,9800.00,7754.55,0.00,0.00,65.63,75.10,0.00,-1746.63
2023-05-29 05:48,9800.00,7754.55,10.33,149.09,65.62,75.37,0.00,-1736.30
2023-05-29 05:49,9800.00,7771.65,409.73,435.85,65.61,75.33,0.00,-1336.90
2023-05-29 05:50,9800.00,7842.15,367.02,375.58,65.59,75.33,0.00,-1379.60
2023-05-29 05:51,9800.00,7849.42,0.00,15.91,65.51,75.05,0.00,-1746.63
2023-05-29 05:52,9800.00,7849.42,0.00,0.00,65.41,75.28,0.00,-1746.63
2023-05-29 05:53,9800.00,7857.42,84.96,263.56,65.41,75.47,0.00,-1661.67
2023-05-29 05:54,9800.00,7928.60,192.91,273.22,65.46,75.52,0.00,-1553.72
2023-05-29 05:55,9800.00,7944.33,0.00,7.84,65.42,75.30,0.00,-1746.63
2023-05-29 05:56,9800.00,7944.33,0.00,0.00,65.34,75.28,0.00,-1746.63
2023-05-29 05:57,9800.00,7944.33,0.00,0.00,65.28,75.17,0.00,-1746.63
2023-05-29 05:58,9800.00,7944.33,0.00,0.00,65.33,74.85,0.00,-1746.63
2023-05-29 05:59,9800.00,7944.92,82.66,249.68,65.31,74.39,0.00,-1663.97
2023-05-29 06:00,9800.00,7988.42,416.19,441.22,65.23,74.14,0.00,-1330.44
2023-05-29 06:01,9800.00,8034.33,391.60,396.96,65.19,74.08,0.00,-1355.02
2023-05-29 06:02,9800.00,8039.22,0.20,28.67,65.09,74.58,0.00,-1746.43
2023-05-29 06:03,9800.00,8039.22,0.00,0.00,65.02,75.46,0.00,-1746.63
2023-05-29 06:04,9800.00,8039.22,0.00,0.00,64.98,75.61,0.00,-1746.63
2023-05-29 06:05,9800.00,8039.22,0.00,0.00,64.95,75.64,0.00,-1746.63
2023-05-29 06:06,9800.00,8100.57,0.00,0.00,64.95,75.47,0.00,-1746.63
2023-05-29 06:07,9800.00,8134.26,0.00,0.00,64.95,75.90,0.00,-1746.63
2023-05-29 06:08,9800.00,8143.21,0.00,0.00,64.88,75.91,0.00,-1746.63
2023-05-29 06:09,9800.00,8225.24,0.00,0.00,64.88,75.77,0.00,-1746.63
2023-05-29 06:10,9800.00,8229.17,0.00,0.00,64.88,75.86,0.00,-1746.63
2023-05-29 06:11,9800.00,8298.11,0.00,0.00,64.88,75.56,0.00,-1746.63
2023-05-29 06:12,9800.00,8323.88,0.00,0.00,64.90,75.43,0.00,-1746.63
2023-05-29 06:13,9800.00,8323.88,0.00,0.00,64.88,75.20,0.00,-1746.63
2023-05-29 06:14,9800.00,8349.08,0.00,0.00,64.89,74.72,0.00,-1746.63
2023-05-29 06:15,9800.00,8418.82,0.00,0.00,64.88,74.22,0.00,-1746.63
2023-05-29 06:16,9800.00,8419.08,0.00,0.00,64.88,74.05,0.00,-1746.63
2023-05-29 06:17,9800.00,8453.65,0.00,0.00,64.82,73.69,0.00,-1746.63
2023-05-29 06:18,9800.00,8509.65,0.00,0.00,64.77,73.31,0.00,-1746.63
2023-05-29 06:19,9800.00,8510.99,0.00,0.00,64.81,73.21,0.00,-1746.63
2023-05-29 06:20,9800.00,8513.71,161.41,318.57,64.19,72.79,0.00,-1585.22
2023-05-29 06:21,9800.00,8513.71,372.15,412.25,63.59,72.35,0.00,-1374.48
2023-05-29 06:22,9800.00,8513.71,374.70,413.39,63.46,72.15,0.00,-1371.93
2023-05-29 06:23,9800.00,8513.71,377.07,412.70,63.31,72.36,0.00,-1369.55
2023-05-29 06:24,9800.00,8513.71,378.24,412.79,63.23,72.70,0.00,-1368.39
2023-05-29 06:25,9800.00,8513.71,376.05,409.27,63.15,73.06,0.00,-1370.58
2023-05-29 06:26,9800.00,8513.71,376.13,409.25,63.10,73.41,0.00,-1370.50
2023-05-29 06:27,9800.00,8513.71,374.67,408.87,63.13,73.89,0.00,-1371.96
2023-05-29 06:28,9800.00,8513.71,377.67,409.94,63.20,74.86,0.00,-1368.96
2023-05-29 06:29,9800.00,8513.71,379.52,410.21,63.32,75.55,0.00,-1367.11
2023-05-29 06:30,9800.00,8513.71,379.39,409.54,63.49,75.91,0.00,-1367.24
2023-05-29 06:31,9800.00,8513.71,379.59,409.81,63.63,75.86,0.00,-1367.04
2023-05-29 06:32,9800.00,8513.71,379.22,409.82,63.81,75.77,0.00,-1367.41
2023-05-29 06:33,9800.00,8513.71,378.61,409.68,63.99,75.85,0.00,-1368.02
2023-05-29 06:34,9800.00,8513.71,378.28,409.65,64.17,75.86,0.00,-1368.35
2023-05-29 06:35,9800.00,8513.71,378.29,410.10,64.31,76.01,0.00,-1368.34
2023-05-29 06:36,9800.00,8513.81,271.85,320.13,64.50,76.14,0.00,-1474.78
2023-05-29 06:37,9800.00,8514.04,0.00,5.17,64.48,76.89,0.00,-1746.63
2023-05-29 06:38,9800.00,8514.04,0.00,0.00,64.37,77.79,0.00,-1746.63
2023-05-29 06:39,9800.00,8515.96,0.00,0.00,64.25,77.95,0.00,-1746.63
2023-05-29 06:40,9800.00,8597.77,0.00,0.00,64.22,78.08,0.00,-1746.63
2023-05-29 06:41,9800.00,8609.52,0.00,0.00,64.22,78.68,0.00,-1746.63
2023-05-29 06:42,9800.00,8674.00,0.00,0.00,64.22,78.60,0.00,-1746.63
2023-05-29 06:43,9800.00,8703.95,0.00,0.00,64.19,78.58,0.00,-1746.63
2023-05-29 06:44,9800.00,8757.85,0.00,0.00,64.15,78.39,0.00,-1746.63
2023-05-29 06:45,9800.00,8799.03,0.00,0.00,64.16,78.16,0.00,-1746.63
2023-05-29 06:46,9800.00,8799.03,0.00,0.00,64.20,77.91,0.00,-1746.63
2023-05-29 06:47,9800.00,8863.40,0.00,0.00,64.21,77.38,0.00,-1746.63
2023-05-29 06:48,9800.00,8894.39,0.00,0.00,64.22,77.20,0.00,-1746.63
2023-05-29 06:49,9800.00,8894.39,0.00,0.00,64.23,77.06,0.00,-1746.63
2023-05-29 06:50,9800.00,8964.67,0.00,0.00,64.27,76.54,0.00,-1746.63
2023-05-29 06:51,9800.00,8989.45,0.00,0.00,64.23,76.24,0.00,-1746.63
2023-05-29 06:52,9800.00,8989.33,0.00,0.00,64.21,76.00,0.00,-1746.63
2023-05-29 06:53,9800.00,8988.75,2.93,228.08,64.61,75.58,0.00,-1743.70
2023-05-29 06:54,9800.00,8988.75,231.78,348.26,65.17,75.10,0.00,-1514.85
2023-05-29 06:55,9800.00,9036.16,444.75,406.79,65.15,74.62,0.00,-1301.88
2023-05-29 06:56,9800.00,9084.33,168.81,189.68,65.01,74.69,0.00,-1577.82
2023-05-29 06:57,9800.00,9084.61,0.00,0.00,64.93,75.57,0.00,-1746.63
2023-05-29 06:58,9800.00,9084.61,0.00,0.00,64.81,76.09,0.00,-1746.63
2023-05-29 06:59,9800.00,9084.28,2.67,87.34,64.63,76.16,0.00,-1743.96
2023-05-29 07:00,9800.00,9109.15,352.51,400.41,64.67,76.08,0.00,-1394.12
2023-05-29 07:01,9800.00,9178.90,229.89,248.09,64.68,76.10,0.00,-1516.73
2023-05-29 07:02,9800.00,9180.00,0.00,0.00,64.58,76.53,0.00,-1746.63
2023-05-29 07:03,9800.00,9180.00,0.00,0.00,64.49,77.06,0.00,-1746.63
2023-05-29 07:04,9800.00,9180.00,0.00,0.00,64.40,77.15,0.00,-1746.63
2023-05-29 07:05,9800.00,9179.87,0.00,25.19,64.23,77.05,0.00,-1746.63
2023-05-29 07:06,9800.00,9186.82,179.88,320.29,64.32,77.04,0.00,-1566.75
2023-05-29 07:07,9800.00,9267.19,357.43,337.81,64.35,77.06,0.00,-1389.20
2023-05-29 07:08,9800.00,9274.69,0.00,6.29,64.33,77.03,0.00,-1746.63
2023-05-29 07:09,9800.00,9274.69,0.00,0.00,64.24,77.63,0.00,-1746.63
2023-05-29 07:10,9800.00,9274.69,0.00,13.90,64.17,77.76,0.00,-1746.63
2023-05-29 07:11,9800.00,9283.51,186.30,315.89,64.12,77.67,0.00,-1560.33
2023-05-29 07:12,9800.00,9364.39,295.41,297.25,64.15,77.58,0.00,-1451.22
2023-05-29 07:13,9800.00,9369.83,0.00,4.38,64.09,77.38,0.00,-1746.63
2023-05-29 07:14,9800.00,9369.83,0.00,0.00,63.98,77.96,0.00,-1746.63
2023-05-29 07:15,9800.00,9369.72,1.86,49.98,63.91,78.10,0.00,-1744.77
2023-05-29 07:16,9800.00,9381.83,206.09,314.64,63.98,77.95,0.00,-1540.54
2023-05-29 07:17,9800.00,9460.51,256.37,263.03,64.01,77.73,0.00,-1490.25
2023-05-29 07:18,9800.00,9464.82,0.00,0.00,63.94,77.39,0.00,-1746.63
2023-05-29 07:19,9800.00,9464.82,0.00,0.00,63.83,78.00,0.00,-1746.63
2023-05-29 07:20,9800.00,9464.74,0.00,38.11,63.68,78.16,0.00,-1746.63
2023-05-29 07:21,9800.00,9473.51,164.38,295.89,63.75,78.19,0.00,-1582.25
2023-05-29 07:22,9800.00,9553.87,315.56,302.41,63.84,78.26,0.00,-1431.06
2023-05-29 07:23,9800.00,9560.13,0.00,6.98,63.80,78.00,0.00,-1746.63
2023-05-29 07:24,9800.00,9560.13,0.00,0.00,63.73,78.67,0.00,-1746.63
2023-05-29 07:25,9800.00,9560.13,0.00,0.00,63.66,78.91,0.00,-1746.63
2023-05-29 07:26,9800.00,9558.19,3.15,80.61,63.51,78.86,0.00,-1743.48
2023-05-29 07:27,9800.00,9563.41,173.29,323.68,63.66,78.81,0.00,-1573.34
2023-05-29 07:28,9800.00,9605.97,434.71,404.50,63.74,78.63,0.00,-1311.91
2023-05-29 07:29,9800.00,9650.86,420.88,402.18,63.73,78.34,0.00,-1325.75
2023-05-29 07:30,9800.00,9658.47,119.69,138.68,63.67,78.24,0.00,-1626.94
2023-05-29 07:31,9800.00,9658.51,0.00,0.00,63.61,78.81,0.00,-1746.63
2023-05-29 07:32,9800.00,9658.52,0.00,0.00,63.49,79.24,0.00,-1746.63
2023-05-29 07:33,9800.00,9658.03,2.01,166.02,63.37,79.40,0.00,-1744.62
2023-05-29 07:34,9800.00,9657.78,342.80,408.22,63.66,79.55,0.00,-1403.83
2023-05-29 07:35,9800.00,9683.62,424.78,399.33,63.77,79.48,0.00,-1321.85
2023-05-29 07:36,9800.00,9725.86,410.53,396.94,63.71,79.66,0.00,-1336.10
2023-05-29 07:37,9800.00,9750.26,404.37,397.95,63.72,79.95,0.00,-1342.26
2023-05-29 07:38,9800.00,9752.67,398.85,398.38,63.77,80.39,0.00,-1347.78
2023-05-29 07:39,9800.00,9752.67,400.95,399.06,63.78,80.86,0.00,-1345.67
2023-05-29 07:40,9800.00,9752.67,396.43,397.09,63.88,81.29,0.00,-1350.20
2023-05-29 07:41,9800.00,9752.72,341.18,355.31,63.97,81.71,0.00,-1405.45
2023-05-29 07:42,9800.00,9752.84,0.00,12.53,63.91,82.00,0.00,-1746.63
2023-05-29 07:43,9800.00,9752.84,0.00,0.00,63.86,82.42,0.00,-1746.63
2023-05-29 07:44,9800.00,9752.84,0.00,0.00,63.68,82.59,0.00,-1746.63
2023-05-29 07:45,9800.00,9752.84,0.00,0.00,63.52,82.64,0.00,-1746.63
2023-05-29 07:46,9800.00,9755.42,0.00,0.00,63.50,82.60,0.00,-1746.63
2023-05-29 07:47,9800.00,9778.31,0.00,0.00,63.48,82.70,0.00,-1746.63
2023-05-29 07:48,9800.00,9784.83,0.00,0.00,63.35,82.85,0.00,-1746.63
2023-05-29 07:49,9800.00,9784.83,0.00,0.00,63.35,82.83,0.00,-1746.63
2023-05-29 07:50,9800.00,9786.43,1.02,81.05,63.37,82.83,0.00,-1745.61
2023-05-29 07:51,9800.00,9788.04,170.58,297.82,64.34,82.87,0.00,-1576.05
2023-05-29 07:52,9800.00,9788.05,410.37,404.81,65.27,82.87,0.00,-1336.26
2023-05-29 07:53,9800.00,9788.91,411.62,405.21,65.33,82.96,0.00,-1335.01
2023-05-29 07:54,9800.00,9795.17,426.89,405.36,65.29,83.17,0.00,-1319.74
2023-05-29 07:55,9800.00,9795.73,453.19,410.85,65.23,83.25,0.00,-1293.44
2023-05-29 07:56,9800.00,9794.84,447.87,420.14,65.17,83.07,0.00,-1298.76
2023-05-29 07:57,9800.00,9794.84,450.35,421.39,65.19,82.98,0.00,-1296.28
2023-05-29 07:58,9800.00,9794.84,450.60,419.99,65.22,82.94,0.00,-1296.03
2023-05-29 07:59,9800.00,9794.84,450.31,419.57,65.28,82.95,0.00,-1296.32
2023-05-29 08:00,9800.00,9794.84,450.34,419.85,65.33,83.00,0.00,-1296.28
2023-05-29 08:01,9800.00,9794.84,451.07,419.71,65.46,83.13,0.00,-431.80
2023-05-29 08:02,9800.00,9794.84,451.30,419.99,65.55,83.27,0.00,0.44
2023-05-29 08:03,9800.00,9794.84,451.94,420.13,65.66,83.44,0.00,1.07
2023-05-29 08:04,9800.00,9794.84,452.23,419.57,65.93,83.67,0.00,1.37
2023-05-29 08:05,9800.00,9794.08,437.88,414.54,66.12,83.83,0.00,-12.99
2023-05-29 08:06,9800.00,9786.51,434.06,409.45,66.13,84.05,0.00,-16.80
2023-05-29 08:07,9800.00,9790.45,439.74,412.85,66.25,84.33,0.00,-11.13
2023-05-29 08:08,9800.00,9790.63,441.81,408.04,66.51,84.51,0.00,-9.06
2023-05-29 08:09,9800.00,9794.58,449.35,417.87,66.72,84.71,0.00,-1.52
2023-05-29 08:10,9800.00,9794.58,452.90,419.70,66.96,84.87,0.00,2.03
2023-05-29 08:11,9800.00,9794.58,452.83,419.70,67.33,85.05,0.00,1.96
2023-05-29 08:12,9800.00,9794.58,452.91,419.71,67.47,84.88,0.00,2.04
2023-05-29 08:13,9800.00,9794.58,453.16,420.40,67.73,84.58,0.00,2.29
2023-05-29 08:14,9800.00,9794.58,453.32,420.26,67.88,84.43,0.00,2.46
2023-05-29 08:15,9800.00,9794.58,454.33,420.40,68.19,84.63,0.00,3.46
2023-05-29 08:16,9800.00,9794.58,454.68,420.12,68.55,85.22,0.00,3.81
2023-05-29 08:17,9800.00,9794.58,454.36,420.12,68.72,85.73,0.00,3.50
2023-05-29 08:18,9800.00,9794.58,453.32,419.98,68.93,86.18,0.00,2.45
2023-05-29 08:19,9800.00,9794.58,453.37,419.98,69.14,86.70,0.00,2.50
2023-05-29 08:20,9800.00,9794.58,453.06,419.70,69.38,87.08,0.00,2.20
2023-05-29 08:21,9800.00,9794.58,452.72,419.71,69.53,87.38,0.00,1.86
2023-05-29 08:22,9800.00,9794.58,453.23,419.85,69.77,87.56,0.00,2.36
2023-05-29 08:23,9800.00,9794.58,452.67,419.71,70.06,87.83,0.00,1.80
2023-05-29 08:24,9800.00,9794.58,453.49,419.57,70.21,88.15,0.00,2.62
2023-05-29 08:25,9800.00,9794.58,452.41,419.71,70.44,88.25,0.00,1.54
2023-05-29 08:26,9800.00,9794.58,452.30,420.40,70.53,88.51,0.00,1.43
2023-05-29 08:27,9800.00,9794.58,452.62,419.85,70.74,88.90,0.00,1.76
2023-05-29 08:28,9800.00,9794.58,450.65,420.13,70.98,89.05,0.00,-0.21
2023-05-29 08:29,9800.00,9794.58,452.68,420.12,71.11,89.46,0.00,1.82
2023-05-29 08:30,9800.00,9794.58,453.30,419.57,71.28,89.66,0.00,2.43
2023-05-29 08:31,9800.00,9794.58,452.60,419.57,71.58,89.69,0.00,1.73
2023-05-29 08:32,9800.00,9794.58,451.98,419.57,71.75,89.41,0.00,1.12
2023-05-29 08:33,9800.00,9794.58,451.97,419.57,71.86,89.10,0.00,1.10
2023-05-29 08:34,9800.00,9794.58,452.29,419.57,72.05,88.88,0.00,1.42
2023-05-29 08:35,9800.00,9794.58,452.90,419.57,72.25,89.02,0.00,2.03
2023-05-29 08:36,9800.00,9794.58,453.36,419.57,72.42,89.32,0.00,2.49
2023-05-29 08:37,9800.00,9794.58,453.70,419.57,72.53,89.67,0.00,2.83
2023-05-29 08:38,9800.00,9794.58,453.96,419.71,72.66,89.94,0.00,3.09
2023-05-29 08:39,9800.00,9794.12,450.93,419.16,72.84,90.18,0.00,0.06
2023-05-29 08:40,9800.00,9792.59,445.14,416.20,72.94,90.44,0.00,-5.73
2023-05-29 08:41,9800.00,9794.36,443.82,417.15,73.07,90.61,0.00,-7.05
2023-05-29 08:42,9800.00,9794.36,443.75,415.30,73.31,90.86,0.00,-7.12
2023-05-29 08:43,9800.00,9794.36,442.58,416.17,73.55,91.02,0.00,-8.29
2023-05-29 08:44,9800.00,9794.36,442.23,415.03,73.62,91.15,0.00,-8.63
2023-05-29 08:45,9800.00,9794.36,440.99,414.50,73.71,91.23,0.00,-9.87
2023-05-29 08:46,9800.00,9794.36,440.87,414.50,73.94,91.32,0.00,-10.00
2023-05-29 08:47,9800.00,9794.36,442.86,415.06,74.11,91.44,0.00,-8.01
2023-05-29 08:48,9800.00,9794.36,441.52,414.36,74.17,91.57,0.00,-9.35
2023-05-29 08:49,9800.00,9794.36,441.26,414.63,74.41,91.76,0.00,-9.61
2023-05-29 08:50,9800.00,9794.36,441.68,414.92,74.52,91.90,0.00,-9.20
2023-05-29 08:51,9800.00,9794.36,441.88,415.06,74.67,92.00,0.00,-8.99
2023-05-29 08:52,9800.00,9794.36,440.96,414.93,74.75,92.05,0.00,-9.91
2023-05-29 08:53,9800.00,9794.36,440.54,415.63,74.90,92.19,0.00,-10.33
2023-05-29 08:54,9800.00,9794.36,438.20,415.36,75.06,92.39,0.00,-12.66
2023-05-29 08:55,9800.00,9794.36,435.16,415.20,75.17,92.77,0.00,-15.71
2023-05-29 08:56,9800.00,9794.36,437.20,414.92,75.37,93.35,0.00,-13.66
2023-05-29 08:57,9800.00,9794.36,438.55,414.92,75.42,93.52,0.00,-12.31
2023-05-29 08:58,9800.00,9794.36,437.56,414.92,75.64,93.52,0.00,-13.30
2023-05-29 08:59,9800.00,9794.36,435.81,414.52,75.71,93.57,0.00,-15.06
2023-05-29 09:00,9800.00,9794.36,434.06,414.52,75.84,93.79,0.00,-16.81
2023-05-29 09:01,9800.00,9794.36,433.72,414.49,75.96,93.99,0.00,-17.15
2023-05-29 09:02,9800.00,9794.36,433.51,414.93,76.12,94.21,0.00,-17.36
2023-05-29 09:03,9800.00,9794.36,431.62,414.51,76.18,94.43,0.00,-19.25
2023-05-29 09:04,9800.00,9794.36,426.98,412.16,76.44,94.60,0.00,-23.89
2023-05-29 09:05,9800.00,9786.08,233.18,252.38,76.49,94.76,0.00,-217.69
2023-05-29 09:06,9800.00,9785.05,0.00,0.00,76.19,95.00,0.00,-450.87
2023-05-29 09:07,9800.00,9784.59,0.00,0.00,74.77,95.09,0.00,-450.87
2023-05-29 09:08,9800.00,9784.94,0.00,0.00,74.38,95.28,0.00,-450.87
2023-05-29 09:09,9800.00,9784.05,0.00,0.00,74.48,95.56,0.00,-450.87
2023-05-29 09:10,9800.00,9784.05,2.37,97.22,75.57,95.82,0.00,-448.50
2023-05-29 09:11,9800.00,9783.03,5.99,77.74,75.86,95.71,0.00,-444.88
2023-05-29 09:12,9800.00,9782.58,86.40,237.41,76.61,95.72,0.00,-364.47
2023-05-29 09:13,9800.00,9783.51,155.13,258.16,76.67,95.35,0.00,-295.74
2023-05-29 09:14,9800.00,9785.40,154.92,257.88,76.50,95.03,0.00,-295.94
2023-05-29 09:15,9800.00,9793.21,159.15,258.16,76.44,95.03,0.00,-291.72
2023-05-29 09:16,9800.00,9794.11,154.98,256.78,76.42,95.19,0.00,-295.89
2023-05-29 09:17,9800.00,9794.11,155.02,256.22,76.43,95.22,0.00,-295.85
2023-05-29 09:18,9800.00,9794.11,155.23,256.50,76.43,95.19,0.00,-295.64
2023-05-29 09:19,9800.00,9794.11,155.09,255.95,76.42,95.08,0.00,-295.78
2023-05-29 09:20,9800.00,9794.11,154.75,256.09,76.42,95.14,0.00,-296.12
2023-05-29 09:21,9800.00,9794.11,154.40,255.67,76.42,95.25,0.00,-296.47
2023-05-29 09:22,9800.00,9794.11,154.18,255.81,76.43,95.36,0.00,-296.69
2023-05-29 09:23,9800.00,9794.11,182.53,261.76,76.43,95.42,0.00,-268.33
2023-05-29 09:24,9800.00,9794.18,320.11,334.57,76.41,95.46,0.00,-130.76
2023-05-29 09:25,9800.02,9798.32,374.02,360.88,76.38,95.08,0.14,-76.84
2023-05-29 09:26,9800.11,9799.23,377.85,361.29,76.37,94.67,0.00,-73.02
2023-05-29 09:27,9800.11,9799.23,376.33,361.98,76.36,94.53,0.00,-74.53
2023-05-29 09:28,9800.11,9799.23,374.75,362.12,76.36,94.50,0.00,-0.03
2023-05-29 09:29,9800.11,9799.69,375.93,361.98,76.34,94.55,0.00,1.34
2023-05-29 09:30,9800.11,9799.82,374.91,362.26,76.35,94.55,0.00,0.33
2023-05-29 09:31,9800.11,9799.84,374.22,362.67,76.43,94.48,0.00,-0.37
2023-05-29 09:32,9800.11,9799.86,373.09,362.95,76.39,94.36,0.00,-1.50
2023-05-29 09:33,9800.11,9799.91,372.91,363.09,76.38,94.30,0.00,-1.68
2023-05-29 09:34,9800.11,9799.94,373.09,362.95,76.32,94.33,0.00,-1.50
2023-05-29 09:35,9800.11,9799.97,372.47,363.23,76.30,94.41,0.60,-2.12
2023-05-29 09:36,9800.11,9800.00,372.43,363.09,76.27,94.46,1.62,-2.16
2023-05-29 09:37,9800.11,9800.01,372.06,363.23,76.18,94.56,1.37,-2.53
2023-05-29 09:38,9800.11,9800.03,372.10,362.95,76.14,94.64,1.31,-2.49
2023-05-29 09:39,9800.11,9800.09,372.18,363.09,76.06,94.69,1.36,-2.41
2023-05-29 09:40,9800.12,9800.12,373.02,363.37,76.01,94.69,1.68,-1.57
2023-05-29 09:41,9800.15,9800.15,374.18,362.95,75.98,94.74,1.81,-0.41
2023-05-29 09:42,9800.19,9800.19,375.36,363.23,75.92,94.76,1.95,0.77
2023-05-29 09:43,9800.24,9800.24,375.93,362.95,75.88,94.83,2.10,1.34
2023-05-29 09:44,9800.27,9800.27,374.28,363.50,75.69,94.88,2.21,-0.31
2023-05-29 09:45,9800.29,9800.29,374.92,363.23,75.44,94.95,2.20,0.33
2023-05-29 09:46,9800.31,9800.31,375.63,363.37,75.27,95.01,2.18,1.04
2023-05-29 09:47,9800.34,9800.34,375.76,363.23,75.26,95.08,2.15,1.17
2023-05-29 09:48,9800.38,9800.38,375.93,363.37,75.08,95.08,2.06,1.34
2023-05-29 09:49,9800.42,9800.42,375.38,363.37,75.16,95.19,1.90,0.79
2023-05-29 09:50,9800.44,9800.44,375.19,363.23,75.24,95.31,1.85,0.60
2023-05-29 09:51,9800.46,9800.46,375.12,363.50,75.15,95.44,1.83,0.53
2023-05-29 09:52,9800.46,9800.46,381.72,362.67,75.10,95.54,1.76,7.13
2023-05-29 09:53,9800.46,9800.46,385.58,362.67,75.13,95.55,1.66,10.99
2023-05-29 09:54,9800.48,9800.48,388.48,362.54,75.24,95.66,1.51,13.90
2023-05-29 09:55,9800.50,9800.50,388.36,362.54,75.12,95.76,1.29,13.77
2023-05-29 09:56,9800.54,9800.54,384.93,362.81,75.19,95.82,1.08,10.35
2023-05-29 09:57,9800.57,9800.57,383.88,362.95,75.29,95.97,0.95,9.29
2023-05-29 09:58,9800.61,9800.61,377.88,363.50,75.24,96.10,0.99,3.29
2023-05-29 09:59,9800.64,9800.64,374.23,363.64,75.33,96.17,1.18,-0.35
2023-05-29 10:00,9800.64,9800.64,370.32,364.33,75.41,96.27,1.41,-4.27
2023-05-29 10:01,9800.66,9800.66,366.70,364.61,75.46,96.38,1.57,-7.89
2023-05-29 10:02,9800.69,9800.69,365.31,364.61,75.58,96.43,1.63,-9.28
2023-05-29 10:03,9800.69,9800.69,365.35,364.19,75.68,96.48,1.59,-9.24
2023-05-29 10:04,9800.70,9800.70,365.36,364.61,75.78,96.48,1.40,-9.22
2023-05-29 10:05,9800.71,9800.71,365.33,364.61,75.84,96.53,1.18,-9.26
2023-05-29 10:06,9800.72,9800.72,365.17,364.47,75.94,96.54,1.00,-9.42
2023-05-29 10:07,9800.73,9800.73,365.29,364.19,76.01,96.58,0.83,-9.30
2023-05-29 10:08,9800.73,9800.73,365.28,364.61,76.14,96.61,0.69,-9.31
2023-05-29 10:09,9800.73,9800.73,365.50,364.61,76.29,96.61,0.63,-9.09
2023-05-29 10:10,9800.75,9800.75,365.63,364.47,76.28,96.62,0.54,-8.96
2023-05-29 10:11,9800.82,9800.82,365.46,364.33,76.27,96.68,0.60,-9.12
2023-05-29 10:12,9800.84,9800.84,365.23,364.61,76.30,96.69,0.71,-9.36
2023-05-29 10:13,9800.84,9800.84,365.16,364.61,76.40,96.76,0.87,-9.43
2023-05-29 10:14,9800.84,9800.84,364.97,364.47,76.07,96.81,1.04,-9.62
2023-05-29 10:15,9800.85,9800.85,364.97,364.61,76.29,96.82,1.24,-9.62
2023-05-29 10:16,9800.86,9800.86,364.85,364.61,76.48,96.81,1.22,-9.74
2023-05-29 10:17,9800.86,9800.86,364.61,364.61,76.55,96.81,1.08,-9.98
2023-05-29 10:18,9800.86,9800.86,364.59,364.61,76.57,96.83,0.88,-10.00
2023-05-29 10:19,9800.86,9800.86,364.84,364.33,76.46,96.88,0.66,-9.75
2023-05-29 10:20,9800.86,9800.86,366.28,364.61,76.48,96.86,0.44,-8.31
2023-05-29 10:21,9800.88,9800.88,366.28,364.47,76.85,96.79,0.26,-8.31
2023-05-29 10:22,9800.89,9800.89,366.07,364.19,77.02,96.71,0.20,-8.53
2023-05-29 10:23,9800.89,9800.89,301.12,332.35,76.87,96.66,0.20,-73.47
2023-05-29 10:24,9800.89,9800.89,296.96,326.54,76.70,96.61,0.20,-77.63
2023-05-29 10:25,9800.91,9800.91,297.66,326.40,76.84,96.61,0.25,-76.94
2023-05-29 10:26,9800.95,9800.95,299.39,326.40,76.91,96.56,0.38,-75.20
2023-05-29 10:27,9801.01,9801.01,298.69,326.40,76.92,96.49,0.57,-75.90
2023-05-29 10:28,9801.07,9801.07,298.93,326.12,76.68,96.48,0.91,-75.66
2023-05-29 10:29,9801.13,9801.13,297.48,326.12,76.63,96.48,1.36,-77.11
2023-05-29 10:30,9801.19,9801.19,296.53,326.40,76.71,96.48,1.92,-78.06
2023-05-29 10:31,9801.24,9801.24,296.58,326.26,76.83,96.49,2.47,-78.01
2023-05-29 10:32,9801.29,9801.29,295.40,326.40,77.06,96.54,2.93,-79.19
2023-05-29 10:33,9801.35,9801.35,295.89,326.12,77.31,96.50,3.19,-78.70
2023-05-29 10:34,9801.39,9801.39,296.92,326.26,77.57,96.37,3.34,-77.67
2023-05-29 10:35,9801.45,9801.45,297.61,325.98,77.03,96.28,3.33,-76.98
2023-05-29 10:36,9801.52,9801.52,295.61,326.54,77.07,96.23,3.28,-78.98
2023-05-29 10:37,9801.59,9801.59,295.91,326.26,77.36,96.18,3.27,-78.68
2023-05-29 10:38,9801.65,9801.65,294.68,326.68,77.34,96.15,3.32,-79.91
2023-05-29 10:39,9801.71,9801.71,294.28,326.26,77.29,96.18,3.40,-80.31
2023-05-29 10:40,9801.79,9801.79,294.77,326.40,77.23,96.21,3.58,-79.82
2023-05-29 10:41,9801.85,9801.85,293.88,326.40,77.20,96.21,3.73,-80.71
2023-05-29 10:42,9801.94,9801.94,294.03,326.12,77.17,96.20,3.86,-80.56
2023-05-29 10:43,9801.99,9801.99,294.40,326.26,77.14,96.15,4.00,-80.19
2023-05-29 10:44,9802.07,9802.07,294.00,326.54,77.22,96.06,4.10,-80.59
2023-05-29 10:45,9802.15,9802.15,293.94,326.54,77.34,95.97,4.17,-80.64
2023-05-29 10:46,9802.21,9802.21,293.48,326.40,77.47,95.93,4.28,-81.11
2023-05-29 10:47,9802.26,9802.26,293.18,326.54,77.47,95.89,4.26,-81.42
2023-05-29 10:48,9802.35,9802.35,293.60,326.40,77.49,95.96,4.21,-80.99
2023-05-29 10:49,9802.42,9802.42,294.06,326.54,77.65,95.95,4.23,-80.53
2023-05-29 10:50,9802.46,9802.46,293.70,326.40,77.69,95.96,4.15,-80.89
2023-05-29 10:51,9802.50,9802.50,293.98,326.54,77.62,96.00,3.99,-80.61
2023-05-29 10:52,9802.55,9802.55,293.71,326.12,77.69,96.09,3.87,-80.88
2023-05-29 10:53,9802.60,9802.60,294.05,326.12,77.69,96.15,3.75,-80.55
2023-05-29 10:54,9802.64,9802.64,294.06,326.40,77.73,96.15,3.45,-80.53
2023-05-29 10:55,9802.70,9802.70,293.98,326.40,77.65,96.15,3.20,-80.61
2023-05-29 10:56,9802.75,9802.75,294.52,326.40,77.78,96.18,3.05,-80.07
2023-05-29 10:57,9802.77,9802.77,293.59,326.68,77.82,96.29,2.93,-81.00
2023-05-29 10:58,9802.86,9802.86,293.75,326.12,77.82,96.35,2.81,-80.84
2023-05-29 10:59,9802.92,9802.92,293.96,326.12,77.87,96.25,2.94,-80.63
2023-05-29 11:00,9802.95,9802.95,294.00,326.26,77.78,96.05,3.01,-80.58
2023-05-29 11:01,9802.99,9802.99,293.41,326.54,77.81,95.97,3.01,-81.18
2023-05-29 11:02,9803.04,9803.04,294.26,326.68,77.82,95.93,3.07,-80.33
2023-05-29 11:03,9803.12,9803.12,294.60,326.40,77.82,95.98,3.18,-79.98
2023-05-29 11:04,9803.16,9803.16,295.40,326.12,77.83,96.30,3.07,-79.19
2023-05-29 11:05,9803.21,9803.21,295.38,326.26,77.87,96.63,3.03,-79.21
2023-05-29 11:06,9803.25,9803.25,294.63,326.81,77.89,96.54,3.10,-79.95
2023-05-29 11:07,9803.29,9803.29,294.90,326.81,77.86,96.49,3.11,-79.69
2023-05-29 11:08,9803.33,9803.33,295.02,326.68,77.89,96.48,2.99,-79.57
2023-05-29 11:09,9803.37,9803.37,294.75,326.26,77.89,96.48,2.94,-79.84
2023-05-29 11:10,9803.40,9803.40,294.80,325.98,77.89,96.48,2.81,-79.79
2023-05-29 11:11,9803.45,9803.45,294.51,326.12,77.91,96.48,2.64,-80.08
2023-05-29 11:12,9803.48,9803.48,294.45,326.12,77.96,96.42,2.48,-80.14
2023-05-29 11:13,9803.49,9803.49,294.58,326.40,77.89,96.35,2.35,-80.01
2023-05-29 11:14,9803.54,9803.54,294.63,326.40,77.89,96.35,2.22,-79.96
2023-05-29 11:15,9803.57,9803.57,294.29,326.40,77.94,96.30,2.17,-80.30
2023-05-29 11:16,9803.62,9803.62,294.73,326.81,77.89,96.15,2.10,-79.86
2023-05-29 11:17,9803.65,9803.65,294.18,326.81,77.90,96.07,2.04,-80.41
2023-05-29 11:18,9803.66,9803.66,294.17,326.81,77.91,95.94,2.06,-80.42
2023-05-29 11:19,9803.68,9803.68,294.25,326.54,77.95,95.84,2.05,-80.34
2023-05-29 11:20,9803.70,9803.70,294.29,326.54,77.98,95.78,1.95,-80.30
2023-05-29 11:21,9803.72,9803.72,294.66,326.40,77.98,95.71,1.82,-79.93
2023-05-29 11:22,9803.72,9803.72,294.46,326.40,77.98,95.74,1.61,-80.12
2023-05-29 11:23,9803.74,9803.74,294.32,326.26,77.99,95.88,1.39,-80.27
2023-05-29 11:24,9803.77,9803.77,293.98,326.12,77.97,96.02,1.18,-80.61
2023-05-29 11:25,9803.87,9803.87,294.24,326.40,77.96,96.16,1.16,-80.35
2023-05-29 11:26,9803.90,9803.90,294.63,326.12,77.98,96.26,1.32,-79.95
2023-05-29 11:27,9803.92,9803.92,294.60,326.12,77.96,96.37,1.58,-79.99
2023-05-29 11:28,9803.95,9803.95,294.99,326.40,77.96,96.43,1.87,-79.60
2023-05-29 11:29,9803.99,9803.99,294.41,326.81,77.94,96.52,2.23,-80.18
2023-05-29 11:30,9804.01,9804.01,293.19,326.40,77.90,96.50,2.34,-81.40
2023-05-29 11:31,9804.02,9804.02,293.39,326.40,77.89,96.47,2.23,-81.20
2023-05-29 11:32,9804.04,9804.04,293.54,326.40,77.89,96.42,2.05,-81.05
2023-05-29 11:33,9804.05,9804.05,293.23,326.26,77.89,96.48,1.84,-81.36
2023-05-29 11:34,9804.07,9804.07,293.59,326.40,77.89,96.43,1.51,-81.00
2023-05-29 11:35,9804.07,9804.07,293.71,326.40,77.91,96.30,1.26,-80.88
2023-05-29 11:36,9804.07,9804.07,294.18,326.12,77.94,96.17,1.11,-80.41
2023-05-29 11:37,9804.10,9804.10,294.44,326.12,77.95,96.14,0.97,-80.15
2023-05-29 11:38,9804.10,9804.10,295.06,326.12,77.96,96.10,0.81,-79.53
2023-05-29 11:39,9804.10,9804.10,295.30,325.98,77.95,96.17,0.70,-79.29
2023-05-29 11:40,9804.10,9804.10,295.59,325.71,77.91,96.20,0.56,-79.00
2023-05-29 11:41,9804.10,9804.10,295.99,326.40,77.89,96.26,0.46,-78.60
2023-05-29 11:42,9804.10,9804.10,296.22,325.85,77.89,96.36,0.35,-78.37
2023-05-29 11:43,9804.12,9804.12,296.33,325.98,77.89,96.43,0.26,-78.26
2023-05-29 11:44,9804.12,9804.12,296.11,326.40,77.89,96.52,0.21,-78.48
2023-05-29 11:45,9804.12,9804.12,296.17,326.40,77.89,96.62,0.21,-78.42
2023-05-29 11:46,9804.14,9804.14,296.02,325.98,77.89,96.61,0.25,-78.56
2023-05-29 11:47,9804.14,9804.14,296.24,326.40,77.89,96.54,0.33,-78.35
2023-05-29 11:48,9804.16,9804.16,296.15,326.12,77.89,96.42,0.40,-78.44
2023-05-29 11:49,9804.16,9804.16,295.97,326.26,77.89,96.40,0.46,-78.62
2023-05-29 11:50,9804.16,9804.16,296.05,326.40,77.89,96.40,0.50,-78.54
2023-05-29 11:51,9804.16,9804.16,295.66,325.98,77.89,96.41,0.49,-78.93
2023-05-29 11:52,9804.18,9804.18,295.59,326.40,77.91,96.47,0.46,-79.00
2023-05-29 11:53,9804.18,9804.18,295.48,326.12,77.96,96.47,0.45,-79.11
2023-05-29 11:54,9804.18,9804.18,295.67,326.12,77.96,96.41,0.40,-78.92
2023-05-29 11:55,9804.18,9804.18,295.52,326.40,77.96,96.35,0.35,-79.07
2023-05-29 11:56,9804.18,9804.18,295.24,325.71,77.99,96.28,0.32,-79.35
2023-05-29 11:57,9804.20,9804.20,295.45,326.40,78.02,96.33,0.30,-79.14
2023-05-29 11:58,9804.21,9804.21,295.81,326.26,78.02,96.49,0.26,-78.78
2023-05-29 11:59,9804.22,9804.22,295.66,325.57,78.02,96.52,0.26,-78.93
2023-05-29 12:00,9804.25,9804.25,295.59,326.40,78.05,96.48,0.34,-79.00
2023-05-29 12:01,9804.26,9804.26,295.33,326.26,78.07,96.52,0.46,-79.26
2023-05-29 12:02,9804.27,9804.27,295.16,325.71,78.10,96.52,0.62,-79.43
2023-05-29 12:03,9804.27,9804.27,294.89,325.85,78.18,96.48,0.73,-79.70
2023-05-29 12:04,9804.29,9804.29,294.46,326.12,78.22,96.42,0.85,-80.12
2023-05-29 12:05,9804.30,9804.30,294.34,325.71,78.19,96.16,0.86,-80.25
2023-05-29 12:06,9804.32,9804.32,294.55,325.85,78.20,95.78,0.83,-80.05
2023-05-29 12:07,9804.34,9804.34,294.48,325.98,78.22,95.52,0.76,-80.11
2023-05-29 12:08,9804.34,9804.34,294.31,325.98,78.27,95.41,0.75,-80.28
2023-05-29 12:09,9804.36,9804.36,294.06,325.98,78.30,95.40,0.72,-80.53
2023-05-29 12:10,9804.36,9804.36,293.91,325.98,78.22,95.45,0.73,-80.68
2023-05-29 12:11,9804.36,9804.36,294.24,325.85,78.30,95.54,0.71,-80.35
2023-05-29 12:12,9804.36,9804.36,294.09,326.26,78.34,95.62,0.68,-80.50
2023-05-29 12:13,9804.36,9804.36,294.19,326.12,78.29,95.76,0.57,-80.39
2023-05-29 12:14,9804.36,9804.36,294.30,326.40,78.38,95.89,0.46,-80.29
2023-05-29 12:15,9804.36,9804.36,294.24,325.98,78.41,96.01,0.30,-80.35
2023-05-29 12:16,9804.36,9804.36,294.08,326.26,78.40,96.13,0.18,-80.51
2023-05-29 12:17,9804.37,9804.37,293.83,326.12,78.47,96.25,0.09,-80.75
2023-05-29 12:18,9804.38,9804.38,293.60,325.85,78.42,96.31,0.08,-81.00
2023-05-29 12:19,9804.39,9804.39,293.59,326.40,78.42,96.43,0.11,-81.00
2023-05-29 12:20,9804.43,9804.43,293.54,325.98,78.38,96.56,0.24,-81.05
2023-05-29 12:21,9804.43,9804.43,293.48,326.26,78.37,96.70,0.40,-81.11
2023-05-29 12:22,9804.44,9804.44,293.31,326.26,78.43,96.84,0.56,-81.28
2023-05-29 12:23,9804.45,9804.45,293.31,325.98,78.61,96.99,0.68,-81.28
2023-05-29 12:24,9804.45,9804.45,293.11,326.26,78.51,97.05,0.77,-81.48
2023-05-29 12:25,9804.45,9804.45,293.22,326.12,78.42,97.01,0.74,-81.37
2023-05-29 12:26,9804.45,9804.45,293.09,325.85,78.51,97.01,0.63,-81.49
2023-05-29 12:27,9804.46,9804.46,293.08,326.12,78.44,97.01,0.52,-81.51
2023-05-29 12:28,9804.49,9804.49,293.01,326.26,78.35,97.01,0.40,-81.58
2023-05-29 12:29,9804.54,9804.54,292.90,326.12,78.40,97.01,0.39,-81.69
2023-05-29 12:30,9804.56,9804.56,293.24,326.26,78.47,96.96,0.55,-81.35
2023-05-29 12:31,9804.56,9804.56,292.99,326.40,78.59,96.94,0.76,-81.60
2023-05-29 12:32,9804.58,9804.58,292.82,326.12,78.56,96.83,1.01,-81.77
2023-05-29 12:33,9804.58,9804.58,292.84,325.98,78.62,96.67,1.23,-81.75
2023-05-29 12:34,9804.58,9804.58,292.82,326.26,78.72,96.61,1.24,-81.77
2023-05-29 12:35,9804.61,9804.61,292.60,326.12,78.64,96.59,1.12,-81.99
2023-05-29 12:36,9804.61,9804.61,292.47,325.85,78.62,96.55,0.96,-82.12
2023-05-29 12:37,9804.61,9804.61,292.60,326.26,78.62,96.51,0.76,-81.99
2023-05-29 12:38,9804.62,9804.62,292.64,326.40,78.61,96.52,0.53,-81.95
2023-05-29 12:39,9804.63,9804.63,292.77,326.26,78.68,96.53,0.45,-81.82
2023-05-29 12:40,9804.64,9804.64,252.46,301.35,78.70,96.48,0.43,-122.13
2023-05-29 12:41,9804.65,9804.65,238.57,293.73,78.93,96.48,0.41,-136.02
2023-05-29 12:42,9804.66,9804.66,238.64,294.01,78.75,96.48,0.45,-135.95
2023-05-29 12:43,9804.67,9804.67,238.37,293.87,78.45,96.42,0.54,-136.22
2023-05-29 12:44,9804.69,9804.69,238.38,293.73,78.37,96.40,0.58,-136.21
2023-05-29 12:45,9804.72,9804.72,238.60,294.15,78.42,96.35,0.69,-135.98
2023-05-29 12:46,9804.73,9804.73,239.29,293.59,78.39,96.34,0.77,-135.30
2023-05-29 12:47,9804.74,9804.74,239.55,294.15,78.51,96.29,0.85,-135.04
2023-05-29 12:48,9804.75,9804.75,239.87,294.15,78.33,96.28,0.87,-134.72
2023-05-29 12:49,9804.76,9804.76,239.57,294.01,78.34,96.27,0.90,-135.02
2023-05-29 12:50,9804.76,9804.76,239.79,294.01,78.60,96.22,0.85,-134.80
2023-05-29 12:51,9804.78,9804.78,239.57,293.87,78.52,96.21,0.81,-135.02
2023-05-29 12:52,9804.78,9804.78,239.71,294.01,78.03,96.28,0.74,-134.88
2023-05-29 12:53,9804.80,9804.80,239.50,294.15,78.34,96.34,0.70,-135.09
2023-05-29 12:54,9804.80,9804.80,239.51,294.15,78.55,96.40,0.65,-135.08
2023-05-29 12:55,9804.80,9804.80,239.10,294.15,78.64,96.42,0.61,-135.49
2023-05-29 12:56,9804.80,9804.80,239.55,293.87,78.84,96.32,0.55,-135.04
2023-05-29 12:57,9804.80,9804.80,239.47,293.87,78.89,96.15,0.48,-135.12
2023-05-29 12:58,9804.80,9804.80,240.10,294.01,78.81,96.05,0.39,-134.49
2023-05-29 12:59,9804.80,9804.80,239.60,294.29,78.82,95.90,0.27,-134.99
2023-05-29 13:00,9804.82,9804.82,239.89,293.87,78.99,95.84,0.18,-134.70
2023-05-29 13:01,9804.84,9804.84,239.71,293.73,79.20,95.69,0.15,-134.88
2023-05-29 13:02,9804.87,9804.87,239.30,293.87,79.29,95.62,0.21,-135.29
2023-05-29 13:03,9804.88,9804.88,239.40,293.32,79.29,95.61,0.35,-135.19
2023-05-29 13:04,9804.89,9804.89,239.62,293.87,79.33,95.62,0.56,-134.97
2023-05-29 13:05,9804.89,9804.89,239.19,293.46,79.42,95.67,0.74,-135.40
2023-05-29 13:06,9804.92,9804.92,238.91,294.01,79.40,95.61,0.87,-135.68
2023-05-29 13:07,9804.92,9804.92,239.32,293.59,79.29,95.53,0.92,-135.27
2023-05-29 13:08,9804.94,9804.94,239.03,293.59,79.34,95.40,0.88,-135.56
2023-05-29 13:09,9804.95,9804.95,239.26,293.32,79.42,95.28,0.80,-135.32
2023-05-29 13:10,9804.96,9804.96,291.08,320.73,79.35,95.22,0.75,-83.51
2023-05-29 13:11,9804.96,9804.96,295.77,326.68,79.61,95.09,0.70,-78.82
2023-05-29 13:12,9804.96,9804.96,295.72,326.95,79.93,95.02,0.64,-78.87
2023-05-29 13:13,9804.97,9804.97,295.94,327.09,80.06,95.06,0.60,-78.65
2023-05-29 13:14,9804.98,9804.98,296.10,327.09,80.02,95.16,0.57,-78.49
2023-05-29 13:15,9804.98,9804.98,295.84,327.09,79.85,95.10,0.48,-78.75
2023-05-29 13:16,9804.98,9804.98,295.64,326.95,79.36,95.04,0.40,-78.95
2023-05-29 13:17,9805.00,9805.00,295.82,327.23,78.93,94.98,0.36,-78.77
2023-05-29 13:18,9805.02,9805.02,295.75,327.37,78.57,94.89,0.40,-78.83
2023-05-29 13:19,9805.04,9805.04,295.58,327.23,78.37,94.88,0.42,-79.01
2023-05-29 13:20,9805.05,9805.05,295.66,327.37,78.44,94.96,0.52,-78.94
2023-05-29 13:21,9805.06,9805.06,295.48,327.23,78.49,95.03,0.63,-79.11
2023-05-29 13:22,9805.07,9805.07,295.51,326.95,78.49,95.07,0.73,-79.08
2023-05-29 13:23,9805.07,9805.07,296.06,327.65,78.44,95.06,0.76,-78.52
2023-05-29 13:24,9805.08,9805.08,296.12,327.37,78.48,95.02,0.75,-78.47
2023-05-29 13:25,9805.09,9805.09,296.31,327.51,78.56,94.98,0.72,-78.27
2023-05-29 13:26,9805.10,9805.10,296.46,327.65,78.58,94.89,0.66,-78.13
2023-05-29 13:27,9805.11,9805.11,296.63,327.65,78.56,94.92,0.58,-77.96
2023-05-29 13:28,9805.12,9805.12,296.83,327.65,78.56,94.98,0.54,-77.76
2023-05-29 13:29,9805.15,9805.15,296.54,327.65,78.68,95.04,0.57,-78.05
2023-05-29 13:30,9805.16,9805.16,296.62,327.37,78.86,95.08,0.60,-77.97
2023-05-29 13:31,9805.16,9805.16,296.63,327.51,78.89,95.21,0.66,-77.95
2023-05-29 13:32,9805.18,9805.18,296.78,327.37,78.93,95.37,0.70,-77.81
2023-05-29 13:33,9805.18,9805.18,296.88,327.09,78.92,95.52,0.74,-77.71
2023-05-29 13:34,9805.20,9805.20,296.62,327.37,78.95,95.55,0.73,-77.97
2023-05-29 13:35,9805.22,9805.22,297.02,327.09,79.02,95.60,0.71,-77.57
2023-05-29 13:36,9805.23,9805.23,296.80,327.23,79.14,95.64,0.70,-77.80
2023-05-29 13:37,9805.25,9805.25,296.64,327.37,79.34,95.71,0.73,-77.95
2023-05-29 13:38,9805.25,9805.25,296.98,327.37,79.60,95.70,0.73,-77.61
2023-05-29 13:39,9805.27,9805.27,296.82,327.23,79.82,95.68,0.77,-77.77
2023-05-29 13:40,9805.30,9805.30,296.30,327.37,80.25,95.61,0.83,-78.29
2023-05-29 13:41,9805.31,9805.31,296.29,327.79,80.30,95.55,0.89,-78.30
2023-05-29 13:42,9805.34,9805.34,296.23,327.51,80.17,95.55,0.93,-78.36
2023-05-29 13:43,9805.34,9805.34,296.80,327.37,80.14,95.60,0.98,-77.79
2023-05-29 13:44,9805.34,9805.34,296.79,327.51,80.30,95.70,1.00,-77.80
2023-05-29 13:45,9805.35,9805.35,296.46,327.37,80.60,95.79,0.96,-78.13
2023-05-29 13:46,9805.36,9805.36,296.67,327.37,80.72,95.89,0.87,-77.92
2023-05-29 13:47,9805.38,9805.38,296.34,327.23,80.83,95.95,0.77,-78.25
2023-05-29 13:48,9805.40,9805.40,296.81,326.95,80.86,95.78,0.69,-77.78
2023-05-29 13:49,9805.40,9805.40,296.16,327.23,80.83,95.62,0.65,-78.43
2023-05-29 13:50,9805.42,9805.42,296.89,327.51,81.00,95.49,0.70,-77.70
2023-05-29 13:51,9805.43,9805.43,296.99,327.23,81.25,95.48,0.76,-77.60
2023-05-29 13:52,9805.45,9805.45,296.92,327.09,81.26,95.46,0.83,-77.67
2023-05-29 13:53,9805.47,9805.47,297.07,327.65,81.21,95.57,0.86,-77.52
2023-05-29 13:54,9805.48,9805.48,297.16,327.23,81.23,95.69,0.87,-77.42
2023-05-29 13:55,9805.49,9805.49,296.67,327.37,81.32,95.79,0.86,-77.92
2023-05-29 13:56,9805.49,9805.49,297.26,327.51,81.22,95.79,0.85,-77.33
2023-05-29 13:57,9805.51,9805.51,296.81,327.23,81.34,95.78,0.81,-77.78
2023-05-29 13:58,9805.51,9805.51,296.99,327.51,79.86,95.68,0.79,-77.60
2023-05-29 13:59,9805.53,9805.53,297.10,327.51,76.81,95.58,0.73,-77.49
2023-05-29 14:00,9805.55,9805.55,296.75,327.23,78.22,95.50,0.67,-77.84
2023-05-29 14:01,9805.57,9805.57,296.72,327.09,78.69,95.41,0.67,-77.87
2023-05-29 14:02,9805.58,9805.58,296.95,327.51,79.30,95.27,0.69,-77.64
2023-05-29 14:03,9805.60,9805.60,296.74,327.09,79.25,95.22,0.74,-77.85
2023-05-29 14:04,9805.61,9805.61,297.15,327.23,79.04,95.22,0.84,-77.44
2023-05-29 14:05,9805.63,9805.63,296.93,327.37,79.43,95.27,0.94,-77.66
2023-05-29 14:06,9805.66,9805.66,297.87,327.23,79.92,95.35,0.98,-76.72
2023-05-29 14:07,9805.67,9805.67,298.43,327.23,80.17,95.46,1.01,-76.16
2023-05-29 14:08,9805.69,9805.69,298.98,327.23,80.82,95.54,1.03,-75.61
2023-05-29 14:09,9805.69,9805.69,299.93,327.09,81.24,95.55,1.03,-74.65
2023-05-29 14:10,9805.71,9805.71,298.33,327.51,81.45,95.65,1.00,-76.25
2023-05-29 14:11,9805.71,9805.71,298.88,327.09,81.93,95.62,0.97,-75.71
2023-05-29 14:12,9805.74,9805.74,298.17,327.65,81.72,95.62,0.91,-76.42
2023-05-29 14:13,9805.76,9805.76,298.85,327.37,81.54,95.65,0.89,-75.74
2023-05-29 14:14,9805.78,9805.78,299.14,327.37,81.60,95.70,0.87,-75.45
2023-05-29 14:15,9805.79,9805.79,298.64,327.65,81.60,95.71,0.89,-75.95
2023-05-29 14:16,9805.82,9805.82,298.70,327.37,81.91,95.62,0.94,-75.89
2023-05-29 14:17,9805.85,9805.85,298.98,327.51,81.81,95.53,1.05,-75.60
2023-05-29 14:18,9805.87,9805.87,298.72,327.37,81.81,95.45,1.12,-75.87
2023-05-29 14:19,9805.87,9805.87,298.62,327.23,81.76,95.30,1.17,-75.98
2023-05-29 14:20,9805.88,9805.88,298.35,327.51,81.89,95.22,1.19,-76.24
2023-05-29 14:21,9805.91,9805.91,298.42,327.09,81.78,95.23,1.19,-76.17
2023-05-29 14:22,9805.94,9805.94,298.17,327.37,81.96,95.30,1.13,-76.42
2023-05-29 14:23,9805.97,9805.97,298.38,327.23,81.85,95.35,1.11,-76.21
2023-05-29 14:24,9805.99,9805.99,298.02,327.23,81.80,95.27,1.14,-76.56
2023-05-29 14:25,9806.02,9806.02,297.87,327.09,81.72,95.13,1.26,-76.72
2023-05-29 14:26,9806.05,9806.05,298.00,327.23,81.70,95.08,1.39,-76.58
2023-05-29 14:27,9806.08,9806.08,297.83,327.37,81.89,95.06,1.51,-76.76
2023-05-29 14:28,9806.10,9806.10,297.80,327.23,82.48,95.02,1.61,-76.79
2023-05-29 14:29,9806.12,9806.12,297.89,327.09,82.55,95.07,1.66,-76.69
2023-05-29 14:30,9806.14,9806.14,297.36,327.23,81.98,95.02,1.62,-77.23
2023-05-29 14:31,9806.18,9806.18,297.57,327.09,82.59,94.89,1.56,-77.02
2023-05-29 14:32,9806.21,9806.21,297.72,327.09,83.97,94.82,1.54,-76.86
2023-05-29 14:33,9806.23,9806.23,298.94,327.23,84.44,94.79,1.53,-75.64
2023-05-29 14:34,9806.25,9806.25,298.06,326.95,83.04,94.69,1.53,-76.53
2023-05-29 14:35,9806.28,9806.28,297.59,326.82,82.43,94.57,1.58,-77.00
2023-05-29 14:36,9806.31,9806.31,297.80,326.95,82.71,94.54,1.62,-76.79
2023-05-29 14:37,9806.33,9806.33,296.80,327.23,82.31,94.51,1.59,-77.79
2023-05-29 14:38,9806.38,9806.38,297.40,326.81,82.36,94.49,1.60,-77.19
2023-05-29 14:39,9806.40,9806.40,297.13,327.37,82.59,94.49,1.63,-77.45
2023-05-29 14:40,9806.41,9806.41,296.65,327.23,82.48,94.52,1.62,-77.94
2023-05-29 14:41,9806.44,9806.44,297.46,326.95,82.50,94.56,1.61,-77.13
2023-05-29 14:42,9806.48,9806.48,297.01,326.95,82.15,94.58,1.66,-77.58
2023-05-29 14:43,9806.50,9806.50,297.12,326.54,83.20,94.69,1.64,-77.46
2023-05-29 14:44,9806.54,9806.54,296.93,326.95,83.21,94.70,1.61,-77.66
2023-05-29 14:45,9806.56,9806.56,297.43,326.54,82.47,94.63,1.64,-77.16
2023-05-29 14:46,9806.58,9806.58,297.15,327.09,82.30,94.54,1.66,-77.44
2023-05-29 14:47,9806.60,9806.60,297.05,326.81,82.32,94.49,1.64,-77.54
2023-05-29 14:48,9806.62,9806.62,297.49,326.81,82.39,94.49,1.63,-77.10
2023-05-29 14:49,9806.64,9806.64,297.15,326.95,82.30,94.47,1.61,-77.44
2023-05-29 14:50,9806.65,9806.65,296.95,327.09,82.58,94.48,1.48,-77.64
2023-05-29 14:51,9806.67,9806.67,297.47,326.95,82.87,94.54,1.34,-77.11
2023-05-29 14:52,9806.69,9806.69,296.99,326.81,83.21,94.50,1.23,-77.60
2023-05-29 14:53,9806.72,9806.72,296.60,326.68,84.24,94.49,1.14,-77.99
2023-05-29 14:54,9806.74,9806.74,296.86,326.68,83.30,94.37,1.09,-77.73
2023-05-29 14:55,9806.77,9806.77,296.83,326.54,82.90,94.34,1.14,-77.76
2023-05-29 14:56,9806.81,9806.81,296.93,326.54,82.77,94.31,1.25,-77.66
2023-05-29 14:57,9806.84,9806.84,297.18,326.68,82.68,94.22,1.42,-77.41
2023-05-29 14:58,9806.85,9806.85,296.76,326.68,82.75,94.21,1.54,-77.82
2023-05-29 14:59,9806.89,9806.89,296.92,326.81,82.81,94.22,1.64,-77.67
2023-05-29 15:00,9806.92,9806.92,297.15,326.68,82.73,94.22,1.72,-77.44
2023-05-29 15:01,9806.94,9806.94,297.23,326.26,83.03,94.19,1.75,-77.36
2023-05-29 15:02,9806.96,9806.96,298.11,326.68,83.38,94.10,1.68,-76.48
2023-05-29 15:03,9806.97,9806.97,298.12,326.68,83.31,94.11,1.64,-76.47
2023-05-29 15:04,9807.00,9807.00,298.18,326.26,83.14,94.16,1.59,-76.41
2023-05-29 15:05,9807.01,9807.01,298.39,326.12,83.71,94.22,1.47,-76.20
2023-05-29 15:06,9807.02,9807.02,298.22,326.54,84.50,94.22,1.32,-76.37
2023-05-29 15:07,9807.03,9807.03,297.35,326.68,84.00,94.20,1.17,-77.24
2023-05-29 15:08,9807.05,9807.05,297.19,326.40,84.02,94.17,1.02,-77.40
2023-05-29 15:09,9807.07,9807.07,297.56,326.68,84.77,94.21,0.92,-77.03
2023-05-29 15:10,9807.09,9807.09,298.05,326.26,84.02,94.28,0.90,-76.53
2023-05-29 15:11,9807.11,9807.11,297.28,326.54,84.01,94.36,0.92,-77.31
2023-05-29 15:12,9807.12,9807.12,297.48,326.40,83.69,94.45,0.99,-77.11
2023-05-29 15:13,9807.15,9807.15,296.93,326.54,83.70,94.53,1.07,-77.66
2023-05-29 15:14,9807.17,9807.17,297.11,326.68,83.18,94.60,1.13,-77.48
2023-05-29 15:15,9807.19,9807.19,299.15,326.26,83.29,94.69,1.15,-75.44
2023-05-29 15:16,9807.20,9807.20,300.42,326.68,83.60,94.70,1.17,-74.17
2023-05-29 15:17,9807.20,9807.20,300.98,326.40,83.66,94.72,1.15,-73.61
2023-05-29 15:18,9807.22,9807.22,301.30,326.40,83.52,94.81,1.07,-73.29
2023-05-29 15:19,9807.22,9807.22,301.14,326.26,83.83,94.83,0.95,-73.45
2023-05-29 15:20,9807.24,9807.24,301.87,326.26,83.86,94.82,0.83,-72.72
2023-05-29 15:21,9807.25,9807.25,299.36,326.68,83.81,94.84,0.72,-75.23
2023-05-29 15:22,9807.26,9807.26,298.03,326.54,83.30,94.85,0.67,-76.56
2023-05-29 15:23,9807.27,9807.27,297.37,326.26,84.75,94.92,0.66,-77.22
2023-05-29 15:24,9807.28,9807.28,296.72,326.68,86.16,94.96,0.70,-77.87
2023-05-29 15:25,9807.29,9807.29,296.32,326.68,86.08,95.00,0.74,-78.27
2023-05-29 15:26,9807.32,9807.32,296.32,326.68,84.76,95.01,0.77,-78.26
2023-05-29 15:27,9807.34,9807.34,296.72,326.54,84.72,94.90,0.79,-77.87
2023-05-29 15:28,9807.35,9807.35,296.93,326.54,84.92,94.83,0.83,-77.66
2023-05-29 15:29,9807.35,9807.35,297.06,326.54,84.00,94.76,0.83,-77.53
2023-05-29 15:30,9807.37,9807.37,297.51,326.68,83.61,94.73,0.86,-77.08
2023-05-29 15:31,9807.37,9807.37,297.44,326.54,84.12,94.68,0.87,-77.14
2023-05-29 15:32,9807.39,9807.39,297.67,326.68,84.57,94.60,0.81,-76.92
2023-05-29 15:33,9807.42,9807.42,296.99,326.40,84.09,94.55,0.72,-77.60
2023-05-29 15:34,9807.44,9807.44,297.08,326.68,84.39,94.55,0.73,-77.51
2023-05-29 15:35,9807.44,9807.44,297.39,326.40,83.70,94.55,0.76,-77.20
2023-05-29 15:36,9807.46,9807.46,297.08,326.81,83.18,94.51,0.77,-77.51
2023-05-29 15:37,9807.46,9807.46,297.22,326.68,82.92,94.49,0.87,-77.37
2023-05-29 15:38,9807.47,9807.47,296.84,326.68,82.83,94.52,0.90,-77.74
2023-05-29 15:39,9807.48,9807.48,297.49,326.81,83.39,94.62,0.87,-77.10
2023-05-29 15:40,9807.51,9807.51,297.65,326.68,83.94,94.74,0.81,-76.94
2023-05-29 15:41,9807.53,9807.53,297.22,326.68,83.21,94.75,0.82,-77.36
2023-05-29 15:42,9807.55,9807.55,297.55,326.68,83.61,94.75,0.80,-77.04
2023-05-29 15:43,9807.55,9807.55,297.18,326.68,83.15,94.81,0.85,-77.41
2023-05-29 15:44,9807.57,9807.57,297.46,326.68,83.78,94.84,0.90,-77.12
2023-05-29 15:45,9807.57,9807.57,297.41,326.68,83.40,94.88,0.93,-77.19
2023-05-29 15:46,9807.59,9807.59,297.34,326.68,83.59,94.98,0.92,-77.25
2023-05-29 15:47,9807.59,9807.59,297.32,326.68,83.80,95.00,0.88,-77.27
2023-05-29 15:48,9807.62,9807.62,297.45,326.81,84.13,94.90,0.80,-77.14
2023-05-29 15:49,9807.62,9807.62,297.22,326.81,84.52,94.96,0.75,-77.37
2023-05-29 15:50,9807.62,9807.62,297.34,326.82,84.09,95.03,0.67,-77.25
2023-05-29 15:51,9807.64,9807.64,297.20,326.68,83.58,95.07,0.63,-77.39
2023-05-29 15:52,9807.65,9807.65,297.33,326.95,84.60,95.08,0.60,-77.26
2023-05-29 15:53,9807.67,9807.67,297.18,326.95,84.73,95.04,0.60,-77.41
2023-05-29 15:54,9807.69,9807.69,297.31,326.95,84.30,95.02,0.63,-77.28
2023-05-29 15:55,9807.71,9807.71,297.29,326.81,83.79,94.92,0.73,-77.30
2023-05-29 15:56,9807.72,9807.72,297.37,326.95,84.06,94.89,0.81,-77.22
2023-05-29 15:57,9807.73,9807.73,296.90,327.09,84.86,94.93,0.90,-77.69
2023-05-29 15:58,9807.73,9807.73,297.19,327.23,84.47,94.95,0.92,-77.40
2023-05-29 15:59,9807.74,9807.74,297.35,326.95,84.31,95.01,0.88,-77.23
2023-05-29 16:00,9807.75,9807.75,297.53,326.81,84.12,95.08,0.78,-77.06
2023-05-29 16:01,9807.75,9807.75,297.57,326.68,84.19,95.09,0.69,-77.02
2023-05-29 16:02,9807.77,9807.77,297.24,326.95,84.51,95.17,0.56,-77.35
2023-05-29 16:03,9807.78,9807.78,297.38,327.09,84.03,95.15,0.50,-77.21
2023-05-29 16:04,9807.79,9807.79,297.32,327.09,83.34,95.10,0.53,-77.26
2023-05-29 16:05,9807.81,9807.81,297.12,326.95,83.29,95.07,0.54,-77.47
2023-05-29 16:06,9807.82,9807.82,297.71,326.68,83.39,95.02,0.61,-76.88
2023-05-29 16:07,9807.82,9807.82,297.36,327.09,84.20,94.97,0.67,-77.23
2023-05-29 16:08,9807.87,9807.87,297.66,327.23,84.70,94.89,0.74,-76.93
2023-05-29 16:09,9807.90,9807.90,297.61,326.95,85.27,94.86,0.83,-76.98
2023-05-29 16:10,9807.90,9807.90,297.99,327.09,84.78,94.82,0.96,-76.60
2023-05-29 16:11,9807.90,9807.90,297.89,327.09,83.94,94.90,1.02,-76.70
2023-05-29 16:12,9807.93,9807.93,297.93,326.95,83.93,94.95,1.11,-76.66
2023-05-29 16:13,9807.94,9807.94,297.49,326.81,84.48,95.09,1.14,-77.10
2023-05-29 16:14,9807.99,9807.99,297.81,326.95,83.94,95.20,1.10,-76.78
2023-05-29 16:15,9808.03,9808.03,297.80,327.09,83.71,95.22,1.09,-76.79
2023-05-29 16:16,9808.06,9808.06,297.76,327.09,83.77,95.22,1.22,-76.83
2023-05-29 16:17,9808.08,9808.08,297.69,327.09,83.64,95.25,1.36,-76.90
2023-05-29 16:18,9808.08,9808.08,297.76,327.09,83.43,95.29,1.53,-76.83
2023-05-29 16:19,9808.10,9808.10,297.52,326.95,83.27,95.31,1.63,-77.07
2023-05-29 16:20,9808.11,9808.11,297.76,327.23,84.54,95.34,1.62,-76.83
2023-05-29 16:21,9808.13,9808.13,297.78,326.95,83.91,95.29,1.46,-76.81
2023-05-29 16:22,9808.16,9808.16,297.61,326.81,83.69,95.28,1.27,-76.97
2023-05-29 16:23,9808.19,9808.19,298.30,326.68,83.35,95.20,1.11,-76.29
2023-05-29 16:24,9808.23,9808.23,297.96,326.95,85.31,95.17,1.10,-76.63
2023-05-29 16:25,9808.25,9808.25,298.60,326.95,86.05,95.22,1.19,-75.98
2023-05-29 16:26,9808.28,9808.28,298.07,327.09,84.39,95.22,1.37,-76.52
2023-05-29 16:27,9808.32,9808.32,298.22,327.09,83.40,95.17,1.54,-76.37
2023-05-29 16:28,9808.34,9808.34,297.78,326.95,83.23,95.22,1.67,-76.81
2023-05-29 16:29,9808.35,9808.35,298.01,327.23,83.14,95.22,1.71,-76.58
2023-05-29 16:30,9808.38,9808.38,297.73,327.09,82.68,95.22,1.69,-76.86
2023-05-29 16:31,9808.41,9808.41,297.93,326.95,82.72,95.28,1.66,-76.66
2023-05-29 16:32,9808.44,9808.44,297.15,326.95,82.64,95.27,1.62,-77.44
2023-05-29 16:33,9808.45,9808.45,298.38,327.09,82.83,95.19,1.55,-76.21
2023-05-29 16:34,9808.49,9808.49,297.71,327.09,83.47,95.05,1.50,-76.88
2023-05-29 16:35,9808.52,9808.52,297.84,326.95,83.43,94.93,1.55,-76.75
2023-05-29 16:36,9808.59,9808.59,297.78,327.09,83.61,94.90,1.62,-76.81
2023-05-29 16:37,9808.61,9808.61,298.63,326.95,83.42,94.87,1.75,-75.96
2023-05-29 16:38,9808.64,9808.64,298.45,326.81,82.97,94.88,1.92,-76.14
2023-05-29 16:39,9808.67,9808.67,298.58,327.23,83.27,94.88,2.08,-76.01
2023-05-29 16:40,9808.69,9808.69,299.23,327.09,83.64,94.89,2.17,-75.36
2023-05-29 16:41,9808.71,9808.71,299.20,327.09,84.21,95.01,2.13,-75.39
2023-05-29 16:42,9808.74,9808.74,299.46,327.37,84.32,95.07,1.98,-75.13
2023-05-29 16:43,9808.78,9808.78,298.73,326.95,83.80,95.06,1.83,-75.86
2023-05-29 16:44,9808.79,9808.79,298.92,327.09,83.30,95.12,1.69,-75.67
2023-05-29 16:45,9808.82,9808.82,298.81,327.23,83.70,95.15,1.55,-75.78
2023-05-29 16:46,9808.85,9808.85,298.36,326.95,83.78,95.16,1.51,-76.23
2023-05-29 16:47,9808.87,9808.87,298.44,326.95,83.27,95.20,1.55,-76.16
2023-05-29 16:48,9808.88,9808.88,298.50,326.81,83.58,95.24,1.53,-76.09
2023-05-29 16:49,9808.90,9808.90,298.24,326.81,83.68,95.24,1.46,-76.34
2023-05-29 16:50,9808.93,9808.93,298.40,326.95,82.64,95.15,1.42,-76.19
2023-05-29 16:51,9808.96,9808.96,301.63,327.09,82.54,95.07,1.39,-72.96
2023-05-29 16:52,9809.05,9809.05,301.31,326.68,82.54,95.06,1.42,-73.28
2023-05-29 16:53,9809.10,9809.10,298.90,326.95,82.43,95.09,1.64,-75.69
2023-05-29 16:54,9809.12,9809.12,298.47,326.81,82.56,95.09,1.92,-76.12
2023-05-29 16:55,9809.13,9809.13,297.97,327.09,82.59,95.08,2.17,-76.62
2023-05-29 16:56,9809.17,9809.17,298.03,327.37,82.68,95.08,2.37,-76.56
2023-05-29 16:57,9809.21,9809.21,298.10,326.81,82.54,95.09,2.48,-76.49
2023-05-29 16:58,9809.23,9809.23,298.80,327.09,82.15,95.07,2.33,-75.79
2023-05-29 16:59,9809.25,9809.25,297.98,326.95,82.02,95.15,2.12,-76.61
2023-05-29 17:00,9809.29,9809.29,298.25,326.95,82.01,95.16,1.94,-76.33
2023-05-29 17:01,9809.32,9809.32,298.81,326.68,82.12,95.22,1.82,-75.78
2023-05-29 17:02,9809.34,9809.34,298.88,326.68,82.16,95.25,1.71,-75.71
2023-05-29 17:03,9809.38,9809.38,297.93,326.95,82.44,95.17,1.70,-76.66
2023-05-29 17:04,9809.40,9809.40,298.08,326.68,82.19,94.89,1.74,-76.50
2023-05-29 17:05,9809.42,9809.42,298.10,326.68,82.25,94.60,1.74,-76.49
2023-05-29 17:06,9809.46,9809.46,297.93,326.82,82.61,94.32,1.70,-76.66
2023-05-29 17:07,9809.49,9809.49,298.45,326.54,82.74,94.13,1.71,-76.14
2023-05-29 17:08,9809.54,9809.54,298.07,326.68,83.03,93.96,1.76,-76.52
2023-05-29 17:09,9809.58,9809.58,297.78,326.68,83.70,93.81,1.83,-76.81
2023-05-29 17:10,9809.60,9809.60,297.47,326.68,82.54,93.58,1.90,-77.11
2023-05-29 17:11,9809.61,9809.61,297.78,326.68,82.61,93.35,1.96,-76.81
2023-05-29 17:12,9809.64,9809.64,297.15,326.68,82.79,93.24,1.96,-77.44
2023-05-29 17:13,9809.67,9809.67,298.43,326.95,82.13,93.22,1.92,-76.16
2023-05-29 17:14,9809.71,9809.71,298.19,326.81,81.98,93.20,1.79,-76.40
2023-05-29 17:15,9809.75,9809.75,297.14,326.82,82.05,93.27,1.71,-77.45
2023-05-29 17:16,9809.80,9809.80,298.02,327.09,82.38,93.22,1.74,-76.56
2023-05-29 17:17,9809.84,9809.84,298.11,326.68,82.43,93.22,1.87,-76.48
2023-05-29 17:18,9809.85,9809.85,298.25,326.54,82.48,93.12,2.01,-76.34
2023-05-29 17:19,9809.87,9809.87,298.16,327.09,82.27,93.08,2.12,-76.43
2023-05-29 17:20,9809.94,9809.94,298.50,326.95,82.22,92.95,2.19,-76.09
2023-05-29 17:21,9809.98,9809.98,297.97,326.95,81.88,92.85,2.21,-76.61
2023-05-29 17:22,9810.01,9810.01,297.82,326.95,81.66,92.84,2.15,-76.77
2023-05-29 17:23,9810.03,9810.03,297.06,326.95,81.62,92.78,2.08,-77.53
2023-05-29 17:24,9810.06,9810.06,297.56,326.95,81.66,92.85,2.10,-77.03
2023-05-29 17:25,9810.11,9810.11,298.29,327.23,81.60,92.96,2.14,-76.30
2023-05-29 17:26,9810.13,9810.13,298.30,327.23,81.71,92.96,2.10,-76.29
2023-05-29 17:27,9810.16,9810.16,298.04,327.09,81.65,92.96,2.05,-76.55
2023-05-29 17:28,9810.20,9810.20,298.51,327.09,81.69,93.01,2.03,-76.08
2023-05-29 17:29,9810.23,9810.23,302.03,326.68,81.74,93.03,2.01,-72.56
2023-05-29 17:30,9810.26,9810.26,301.01,326.68,81.63,93.03,1.93,-73.58
2023-05-29 17:31,9810.30,9810.30,304.77,326.68,81.61,93.06,1.93,-69.82
2023-05-29 17:32,9810.33,9810.33,303.14,326.40,81.49,93.08,1.96,-71.45
2023-05-29 17:33,9810.36,9810.36,301.04,326.81,81.67,93.09,1.97,-73.55
2023-05-29 17:34,9810.38,9810.38,300.01,326.81,81.83,93.11,1.95,-74.58
2023-05-29 17:35,9810.41,9810.41,299.97,326.82,81.70,93.18,1.93,-74.62
2023-05-29 17:36,9810.45,9810.45,299.98,326.81,82.00,93.15,1.89,-74.61
2023-05-29 17:37,9810.51,9810.51,299.18,326.82,81.93,93.06,1.89,-75.41
2023-05-29 17:38,9810.56,9810.56,298.92,326.81,81.87,93.02,1.96,-75.67
2023-05-29 17:39,9810.58,9810.58,299.36,326.95,81.84,92.92,2.06,-75.23
2023-05-29 17:40,9810.59,9810.59,299.53,326.95,81.63,92.91,2.18,-75.06
2023-05-29 17:41,9810.64,9810.64,300.79,326.81,81.59,92.86,2.28,-73.80
2023-05-29 17:42,9810.69,9810.69,299.72,326.81,81.61,92.94,2.32,-74.86
2023-05-29 17:43,9810.73,9810.73,298.45,327.09,81.66,92.89,2.25,-76.14
2023-05-29 17:44,9810.74,9810.74,299.04,326.81,81.63,92.75,2.16,-75.55
2023-05-29 17:45,9810.76,9810.76,298.67,327.09,81.59,92.70,2.07,-75.92
2023-05-29 17:46,9810.80,9810.80,298.08,326.95,81.49,92.62,2.00,-76.50
2023-05-29 17:47,9810.85,9810.85,297.62,327.23,81.84,92.63,1.96,-76.97
2023-05-29 17:48,9810.88,9810.88,297.32,327.37,82.27,92.63,1.94,-77.27
2023-05-29 17:49,9810.92,9810.92,297.81,326.82,81.69,92.65,1.96,-76.78
2023-05-29 17:50,9810.95,9810.95,299.17,326.95,81.53,92.63,2.00,-75.42
2023-05-29 17:51,9810.99,9810.99,298.28,326.81,81.48,92.63,2.06,-76.31
2023-05-29 17:52,9811.02,9811.02,298.50,327.09,81.40,92.56,2.10,-76.09
2023-05-29 17:53,9811.06,9811.06,298.38,326.95,81.38,92.49,2.12,-76.21
2023-05-29 17:54,9811.08,9811.08,298.35,327.23,81.36,92.53,2.11,-76.24
2023-05-29 17:55,9811.09,9811.09,298.69,326.95,81.34,92.61,2.08,-75.90
2023-05-29 17:56,9811.11,9811.11,298.70,327.09,81.33,92.48,1.97,-75.89
2023-05-29 17:57,9811.15,9811.15,298.84,327.09,81.33,92.41,1.83,-75.75
2023-05-29 17:58,9811.17,9811.17,298.83,327.09,81.46,92.44,1.74,-75.75
2023-05-29 17:59,9811.22,9811.22,298.63,326.95,81.41,92.56,1.64,-75.96
2023-05-29 18:00,9811.27,9811.27,298.24,327.09,81.41,92.57,1.61,-76.35
2023-05-29 18:01,9811.30,9811.30,298.69,327.09,81.39,92.56,1.72,-75.91
2023-05-29 18:02,9811.34,9811.34,298.61,327.09,81.31,92.65,1.88,-75.98
2023-05-29 18:03,9811.36,9811.36,299.06,327.23,81.76,92.75,2.01,-75.53
2023-05-29 18:04,9811.38,9811.38,299.04,327.23,81.45,92.80,2.12,-75.55
2023-05-29 18:05,9811.45,9811.45,298.94,327.23,81.33,92.95,2.18,-75.64
2023-05-29 18:06,9811.48,9811.48,298.67,327.23,81.36,92.98,2.16,-75.92
2023-05-29 18:07,9811.50,9811.50,299.39,326.95,81.24,93.10,2.11,-75.20
2023-05-29 18:08,9811.53,9811.53,299.44,327.09,81.25,93.17,2.07,-75.14
2023-05-29 18:09,9811.58,9811.58,299.33,327.23,81.17,93.30,2.11,-75.26
2023-05-29 18:10,9811.61,9811.61,298.78,327.09,81.26,93.34,2.12,-75.81
2023-05-29 18:11,9811.64,9811.64,298.76,327.09,81.14,93.40,2.11,-75.83
2023-05-29 18:12,9811.68,9811.68,298.96,327.23,81.14,93.57,2.10,-75.62
2023-05-29 18:13,9811.72,9811.72,299.23,327.09,81.00,93.67,2.11,-75.36
2023-05-29 18:14,9811.77,9811.77,299.21,327.23,80.98,93.60,2.12,-75.38
2023-05-29 18:15,9811.80,9811.80,298.94,327.09,81.05,93.60,2.15,-75.65
2023-05-29 18:16,9811.83,9811.83,298.72,327.37,81.08,93.74,2.20,-75.87
2023-05-29 18:17,9811.88,9811.88,299.06,326.95,81.06,93.78,2.29,-75.53
2023-05-29 18:18,9811.90,9811.90,299.02,327.09,81.08,93.76,2.31,-75.57
2023-05-29 18:19,9811.94,9811.94,299.53,327.09,81.15,93.75,2.28,-75.06
2023-05-29 18:20,9811.98,9811.98,300.75,327.23,81.34,93.71,2.20,-73.84
2023-05-29 18:21,9812.04,9812.04,300.50,327.23,81.31,93.83,2.22,-74.09
2023-05-29 18:22,9812.07,9812.07,299.43,327.37,81.30,93.89,2.23,-75.16
2023-05-29 18:23,9812.10,9812.10,299.54,326.95,81.12,93.82,2.25,-75.05
2023-05-29 18:24,9812.14,9812.14,299.92,326.95,80.86,93.69,2.32,-74.67
2023-05-29 18:25,9812.16,9812.16,299.62,327.09,80.74,93.56,2.39,-74.97
2023-05-29 18:26,9812.19,9812.19,299.62,327.37,80.68,93.49,2.32,-74.97
2023-05-29 18:27,9812.22,9812.22,299.88,327.37,80.68,93.58,2.18,-74.71
2023-05-29 18:28,9812.24,9812.24,300.47,327.09,80.86,93.60,2.06,-74.11
2023-05-29 18:29,9812.28,9812.28,301.80,327.09,80.73,93.66,1.91,-72.79
2023-05-29 18:30,9812.32,9812.32,301.01,327.09,80.67,93.69,1.79,-73.58
2023-05-29 18:31,9812.34,9812.34,299.42,327.09,80.60,93.78,1.78,-75.17
2023-05-29 18:32,9812.38,9812.38,299.45,326.81,80.55,93.75,1.80,-75.14
2023-05-29 18:33,9812.40,9812.40,299.58,327.23,80.56,93.76,1.81,-75.00
2023-05-29 18:34,9812.42,9812.42,299.63,327.09,80.61,93.75,1.87,-74.95
2023-05-29 18:35,9812.46,9812.46,299.71,326.95,80.49,93.76,1.87,-74.88
2023-05-29 18:36,9812.50,9812.50,299.75,327.09,80.54,93.71,1.83,-74.84
2023-05-29 18:37,9812.53,9812.53,299.65,326.95,80.52,93.69,1.81,-74.93
2023-05-29 18:38,9812.55,9812.55,299.51,326.95,80.64,93.73,1.80,-75.08
2023-05-29 18:39,9812.58,9812.58,299.30,327.23,80.60,93.80,1.79,-75.29
2023-05-29 18:40,9812.60,9812.60,299.98,327.23,80.59,93.89,1.79,-74.61
2023-05-29 18:41,9812.61,9812.61,300.27,327.09,80.93,93.92,1.74,-74.31
2023-05-29 18:42,9812.64,9812.64,300.34,327.09,80.87,93.96,1.66,-74.25
2023-05-29 18:43,9812.68,9812.68,299.62,326.95,80.65,93.96,1.59,-74.98
2023-05-29 18:44,9812.72,9812.72,299.35,327.37,80.66,93.91,1.52,-75.24
2023-05-29 18:45,9812.76,9812.76,299.90,327.09,80.53,93.92,1.55,-74.69
2023-05-29 18:46,9812.80,9812.80,300.16,326.81,80.48,93.86,1.71,-74.43
2023-05-29 18:47,9812.82,9812.82,299.94,327.09,80.35,93.82,1.87,-74.66
2023-05-29 18:48,9812.84,9812.84,300.49,326.95,80.38,93.76,1.99,-74.10
2023-05-29 18:49,9812.86,9812.86,300.40,327.09,80.38,93.71,2.06,-74.19
2023-05-29 18:50,9812.91,9812.91,300.44,326.95,80.55,93.66,2.02,-74.16
2023-05-29 18:51,9812.94,9812.94,300.17,326.81,80.49,93.56,1.92,-74.42
2023-05-29 18:52,9812.96,9812.96,300.33,326.95,80.35,93.49,1.83,-74.26
2023-05-29 18:53,9812.99,9812.99,300.72,326.95,80.29,93.47,1.76,-73.86
2023-05-29 18:54,9813.03,9813.03,300.25,326.95,80.27,93.44,1.74,-74.34
2023-05-29 18:55,9813.06,9813.06,300.54,326.95,80.28,93.50,1.79,-74.05
2023-05-29 18:56,9813.09,9813.09,300.45,326.82,80.35,93.57,1.81,-74.14
2023-05-29 18:57,9813.12,9813.12,300.89,326.95,80.43,93.59,1.82,-73.70
2023-05-29 18:58,9813.13,9813.13,300.49,327.09,80.42,93.66,1.84,-74.10
2023-05-29 18:59,9813.16,9813.16,300.69,326.95,80.30,93.79,1.80,-73.90
2023-05-29 19:00,9813.20,9813.20,300.61,327.23,80.67,93.82,1.74,-73.98
2023-05-29 19:01,9813.22,9813.22,300.16,327.23,80.91,93.83,1.68,-74.43
2023-05-29 19:02,9813.25,9813.25,300.70,327.37,80.67,93.83,1.62,-73.89
2023-05-29 19:03,9813.29,9813.29,300.31,327.37,80.53,93.84,1.60,-74.28
2023-05-29 19:04,9813.31,9813.31,301.16,327.09,80.51,93.86,1.64,-73.42
2023-05-29 19:05,9813.31,9813.31,301.37,326.81,80.37,93.82,1.64,-73.22
2023-05-29 19:06,9813.32,9813.32,302.60,327.23,80.21,93.83,1.58,-72.00
2023-05-29 19:07,9813.34,9813.34,301.60,327.23,80.10,93.86,1.52,-72.99
2023-05-29 19:08,9813.36,9813.36,301.98,326.82,80.08,93.89,1.40,-72.61
2023-05-29 19:09,9813.38,9813.38,300.50,327.09,80.02,93.91,1.22,-74.09
2023-05-29 19:10,9813.42,9813.42,301.39,327.23,80.11,93.88,1.12,-73.20
2023-05-29 19:11,9813.47,9813.47,301.24,327.09,80.11,93.88,1.20,-73.36
2023-05-29 19:12,9813.51,9813.51,300.36,327.23,80.03,93.87,1.34,-74.23
2023-05-29 19:13,9813.54,9813.54,301.13,326.95,80.06,93.80,1.55,-73.46
2023-05-29 19:14,9813.56,9813.56,300.33,327.23,80.17,93.76,1.79,-74.25
2023-05-29 19:15,9813.57,9813.57,300.75,327.23,80.19,93.69,1.95,-73.84
2023-05-29 19:16,9813.59,9813.59,300.31,326.95,80.05,93.68,1.94,-74.27
2023-05-29 19:17,9813.63,9813.63,300.47,327.23,80.02,93.63,1.85,-74.12
2023-05-29 19:18,9813.66,9813.66,300.27,327.23,80.17,93.61,1.71,-74.32
2023-05-29 19:19,9813.68,9813.68,300.21,326.95,80.09,93.58,1.56,-74.38
2023-05-29 19:20,9813.70,9813.70,300.33,327.23,80.14,93.49,1.44,-74.26
2023-05-29 19:21,9813.73,9813.73,300.66,326.95,80.20,93.49,1.44,-73.94
2023-05-29 19:22,9813.74,9813.74,300.72,327.23,80.39,93.49,1.46,-73.87
2023-05-29 19:23,9813.76,9813.76,300.66,327.23,80.29,93.47,1.45,-73.93
2023-05-29 19:24,9813.79,9813.79,300.75,326.81,80.27,93.42,1.42,-73.84
2023-05-29 19:25,9813.83,9813.83,300.77,327.23,80.07,93.47,1.41,-73.82
2023-05-29 19:26,9813.85,9813.85,300.53,327.23,80.01,93.45,1.37,-74.06
2023-05-29 19:27,9813.88,9813.88,300.87,327.23,80.04,93.42,1.38,-73.72
2023-05-29 19:28,9813.94,9813.94,300.50,327.37,80.04,93.43,1.51,-74.09
2023-05-29 19:29,9813.98,9813.98,300.88,327.09,80.01,93.48,1.71,-73.71
2023-05-29 19:30,9814.00,9814.00,300.95,326.95,79.93,93.47,1.88,-73.64
2023-05-29 19:31,9814.01,9814.01,300.70,327.51,79.94,93.49,2.02,-73.89
2023-05-29 19:32,9814.04,9814.04,300.94,327.51,80.00,93.42,2.11,-73.65
2023-05-29 19:33,9814.06,9814.06,300.78,326.95,80.08,93.37,2.07,-73.81
2023-05-29 19:34,9814.08,9814.08,300.81,326.96,79.92,93.25,1.91,-73.78
2023-05-29 19:35,9814.08,9814.08,300.59,327.09,79.85,93.26,1.67,-73.99
2023-05-29 19:36,9814.11,9814.11,301.26,327.23,79.81,93.29,1.43,-73.33
2023-05-29 19:37,9814.14,9814.14,300.70,327.09,79.82,93.22,1.26,-73.89
2023-05-29 19:38,9814.18,9814.18,302.18,327.09,79.80,93.18,1.16,-72.41
2023-05-29 19:39,9814.20,9814.20,302.41,327.23,79.74,93.22,1.19,-72.18
2023-05-29 19:40,9814.24,9814.24,301.61,327.09,79.84,93.07,1.31,-72.98
2023-05-29 19:41,9814.27,9814.27,301.01,327.09,79.83,92.98,1.49,-73.58
2023-05-29 19:42,9814.29,9814.29,301.24,327.23,79.76,92.89,1.65,-73.35
2023-05-29 19:43,9814.31,9814.31,301.10,327.37,79.70,92.77,1.75,-73.49
2023-05-29 19:44,9814.35,9814.35,300.83,327.23,79.65,92.80,1.79,-73.76
2023-05-29 19:45,9814.38,9814.38,300.87,326.95,79.63,92.76,1.82,-73.72
2023-05-29 19:46,9814.42,9814.42,301.16,327.37,79.60,92.74,1.77,-73.43
2023-05-29 19:47,9814.45,9814.45,301.29,327.37,79.54,92.69,1.75,-73.30
2023-05-29 19:48,9814.48,9814.48,300.83,327.09,79.48,92.64,1.79,-73.76
2023-05-29 19:49,9814.51,9814.51,300.59,327.37,79.54,92.58,1.84,-74.00
2023-05-29 19:50,9814.55,9814.55,300.26,327.51,79.58,92.63,1.92,-74.33
2023-05-29 19:51,9814.57,9814.57,300.79,327.23,79.49,92.61,1.97,-73.80
2023-05-29 19:52,9814.60,9814.60,300.69,327.09,79.40,92.63,1.94,-73.90
2023-05-29 19:53,9814.64,9814.64,300.72,327.37,79.39,92.59,1.92,-73.86
2023-05-29 19:54,9814.69,9814.69,300.62,327.51,79.27,92.61,1.91,-73.97
2023-05-29 19:55,9814.72,9814.72,300.98,327.09,79.16,92.63,1.91,-73.61
2023-05-29 19:56,9814.75,9814.75,301.08,327.37,79.13,92.63,1.95,-73.50
2023-05-29 19:57,9814.78,9814.78,300.64,327.09,79.12,92.64,2.02,-73.95
2023-05-29 19:58,9814.81,9814.81,301.24,327.09,79.04,92.69,2.07,-73.35
2023-05-29 19:59,9814.81,9814.81,301.55,326.95,79.02,92.71,2.06,-73.04
2023-05-29 20:00,9814.84,9814.84,301.17,327.23,79.00,92.63,1.93,-73.41
2023-05-29 20:01,9814.87,9814.87,300.60,327.51,79.31,92.65,1.79,-73.99
2023-05-29 20:02,9814.90,9814.90,300.34,326.81,79.13,92.69,1.67,-74.24
2023-05-29 20:03,9814.95,9814.95,300.53,327.23,78.93,92.64,1.54,-74.06
2023-05-29 20:04,9814.98,9814.98,301.34,327.23,78.95,92.70,1.54,-73.25
2023-05-29 20:05,9815.01,9815.01,300.74,327.09,78.88,92.73,1.68,-73.85
2023-05-29 20:06,9815.05,9815.05,299.07,327.23,78.82,92.67,1.83,-75.52
2023-05-29 20:07,9815.08,9815.08,299.39,327.23,78.76,92.67,1.97,-75.20
2023-05-29 20:08,9815.10,9815.10,299.71,326.95,78.74,92.59,2.06,-74.88
2023-05-29 20:09,9815.13,9815.13,300.20,327.37,78.71,92.57,2.06,-74.39
2023-05-29 20:10,9815.16,9815.16,299.95,327.51,78.62,92.53,2.01,-74.64
2023-05-29 20:11,9815.18,9815.18,299.52,327.37,78.62,92.53,1.90,-75.07
2023-05-29 20:12,9815.21,9815.21,299.46,327.23,78.56,92.43,1.75,-75.12
2023-05-29 20:13,9815.23,9815.23,299.22,327.09,78.54,92.39,1.67,-75.36
2023-05-29 20:14,9815.25,9815.25,299.25,326.95,78.49,92.46,1.61,-75.34
2023-05-29 20:15,9815.27,9815.27,299.68,327.23,78.44,92.43,1.52,-74.91
2023-05-29 20:16,9815.29,9815.29,299.48,327.23,78.42,92.34,1.47,-75.11
2023-05-29 20:17,9815.32,9815.32,299.85,327.09,78.37,92.24,1.44,-74.74
2023-05-29 20:18,9815.34,9815.34,300.16,327.23,78.33,92.29,1.38,-74.43
2023-05-29 20:19,9815.36,9815.36,299.64,327.23,78.31,92.29,1.32,-74.95
2023-05-29 20:20,9815.38,9815.38,299.82,327.23,78.24,92.13,1.30,-74.77
2023-05-29 20:21,9815.40,9815.40,299.94,326.95,78.22,92.05,1.29,-74.65
2023-05-29 20:22,9815.43,9815.43,299.96,327.23,78.26,91.92,1.30,-74.63
2023-05-29 20:23,9815.45,9815.45,300.20,327.09,78.30,91.78,1.30,-74.39
2023-05-29 20:24,9815.49,9815.49,300.12,327.37,78.27,91.76,1.34,-74.47
2023-05-29 20:25,9815.51,9815.51,299.97,326.95,78.27,91.67,1.39,-74.62
2023-05-29 20:26,9815.52,9815.52,300.27,326.68,78.20,91.62,1.45,-74.31
2023-05-29 20:27,9815.54,9815.54,300.46,327.09,78.16,91.60,1.43,-74.13
2023-05-29 20:28,9815.55,9815.55,300.25,327.09,78.16,91.51,1.43,-74.34
2023-05-29 20:29,9815.57,9815.57,301.46,327.09,78.15,91.41,1.39,-73.13
2023-05-29 20:30,9815.59,9815.59,301.63,327.09,78.04,91.42,1.28,-72.96
2023-05-29 20:31,9815.60,9815.60,301.19,326.95,78.09,91.24,1.14,-73.40
2023-05-29 20:32,9815.61,9815.61,300.82,327.23,78.04,91.21,1.05,-73.77
2023-05-29 20:33,9815.64,9815.64,300.81,326.81,78.07,91.20,0.97,-73.78
2023-05-29 20:34,9815.67,9815.67,301.03,326.95,78.08,91.06,0.95,-73.56
2023-05-29 20:35,9815.70,9815.70,304.89,326.95,78.04,91.03,1.01,-69.70
2023-05-29 20:36,9815.72,9815.72,304.02,326.54,78.02,91.01,1.12,-70.57
2023-05-29 20:37,9815.74,9815.74,304.18,326.68,78.01,90.95,1.24,-70.41
2023-05-29 20:38,9815.76,9815.76,304.74,326.68,77.92,90.92,1.38,-69.85
2023-05-29 20:39,9815.79,9815.79,303.77,326.68,77.89,90.81,1.44,-70.82
2023-05-29 20:40,9815.79,9815.79,304.10,326.68,77.88,90.76,1.42,-70.49
2023-05-29 20:41,9815.81,9815.81,303.91,326.68,77.89,90.64,1.38,-70.68
2023-05-29 20:42,9815.82,9815.82,303.34,326.95,77.89,90.56,1.29,-71.24
2023-05-29 20:43,9815.85,9815.85,303.12,326.40,77.79,90.50,1.18,-71.46
2023-05-29 20:44,9815.86,9815.86,303.51,327.09,77.76,90.47,1.08,-71.08
2023-05-29 20:45,9815.88,9815.88,303.23,326.54,77.84,90.36,1.05,-71.36
2023-05-29 20:46,9815.91,9815.91,303.23,326.81,77.78,90.33,1.06,-71.36
2023-05-29 20:47,9815.93,9815.93,302.88,326.68,77.82,90.24,1.11,-71.71
2023-05-29 20:48,9815.96,9815.96,303.59,326.81,77.82,90.13,1.17,-71.00
2023-05-29 20:49,9815.97,9815.97,302.68,326.68,77.74,90.05,1.23,-71.91
2023-05-29 20:50,9816.00,9816.00,302.84,327.09,77.58,89.97,1.27,-71.75
2023-05-29 20:51,9816.01,9816.01,302.83,326.81,77.56,90.04,1.30,-71.76
2023-05-29 20:52,9816.03,9816.03,303.64,326.95,77.57,90.05,1.28,-70.95
2023-05-29 20:53,9816.05,9816.05,304.56,326.68,77.58,89.92,1.23,-70.02
2023-05-29 20:54,9816.06,9816.06,303.92,326.95,77.49,89.86,1.19,-70.67
2023-05-29 20:55,9816.07,9816.07,303.56,326.54,77.47,89.76,1.14,-71.03
2023-05-29 20:56,9816.10,9816.10,303.24,326.54,77.55,89.69,1.08,-71.36
2023-05-29 20:57,9816.12,9816.12,303.40,326.95,77.56,89.59,1.05,-71.19
2023-05-29 20:58,9816.13,9816.13,303.55,326.40,77.48,89.58,1.03,-71.03
2023-05-29 20:59,9816.14,9816.14,303.22,326.81,77.36,89.52,1.03,-71.37
2023-05-29 21:00,9816.15,9816.15,303.15,326.40,77.36,89.42,1.01,-71.45
2023-05-29 21:01,9816.16,9816.16,303.44,326.82,77.33,89.51,0.98,-71.14
2023-05-29 21:02,9816.18,9816.18,303.31,326.54,77.29,89.44,0.94,-71.28
2023-05-29 21:03,9816.22,9816.22,304.14,326.54,77.29,89.36,0.92,-70.45
2023-05-29 21:04,9816.23,9816.23,304.35,326.81,77.29,89.33,0.92,-70.24
2023-05-29 21:05,9816.25,9816.25,303.52,326.12,77.28,89.25,0.97,-71.07
2023-05-29 21:06,9816.28,9816.28,303.35,326.68,77.28,89.24,1.04,-71.24
2023-05-29 21:07,9816.29,9816.29,303.30,326.68,77.29,89.27,1.15,-71.28
2023-05-29 21:08,9816.30,9816.30,303.92,326.40,77.27,89.29,1.19,-70.67
2023-05-29 21:09,9816.32,9816.32,302.87,326.68,77.29,89.25,1.19,-71.72
2023-05-29 21:10,9816.32,9816.32,303.04,326.26,77.29,89.22,1.14,-71.56
2023-05-29 21:11,9816.32,9816.32,302.75,326.68,77.29,89.18,1.03,-71.84
2023-05-29 21:12,9816.34,9816.34,302.12,326.54,77.29,89.16,0.85,-72.47
2023-05-29 21:13,9816.35,9816.35,302.14,326.68,77.28,89.11,0.72,-72.45
2023-05-29 21:14,9816.37,9816.37,301.60,326.68,77.26,89.11,0.66,-72.98
2023-05-29 21:15,9816.39,9816.39,301.94,326.40,77.20,89.09,0.63,-72.65
2023-05-29 21:16,9816.41,9816.41,302.14,326.68,77.17,89.04,0.70,-72.44
2023-05-29 21:17,9816.43,9816.43,301.83,326.40,77.16,88.99,0.84,-72.76
2023-05-29 21:18,9816.45,9816.45,301.66,326.68,77.18,88.93,0.94,-72.93
2023-05-29 21:19,9816.47,9816.47,302.01,326.54,77.17,88.84,1.03,-72.58
2023-05-29 21:20,9816.48,9816.48,301.96,326.54,77.13,88.89,1.10,-72.63
2023-05-29 21:21,9816.50,9816.50,301.81,326.40,76.95,88.85,1.12,-72.78
2023-05-29 21:22,9816.52,9816.52,302.27,326.68,76.88,88.78,1.13,-72.32
2023-05-29 21:23,9816.53,9816.53,307.43,326.54,76.89,88.78,1.11,-67.16
2023-05-29 21:24,9816.54,9816.54,308.61,326.54,76.83,88.80,1.07,-65.98
2023-05-29 21:25,9816.56,9816.56,308.11,326.68,76.81,88.77,1.02,-66.48
2023-05-29 21:26,9816.56,9816.56,307.25,326.54,76.82,88.81,0.95,-67.34
2023-05-29 21:27,9816.57,9816.57,304.56,326.40,76.80,88.79,0.85,-70.03
2023-05-29 21:28,9816.59,9816.59,302.42,326.54,76.69,88.78,0.81,-72.17
2023-05-29 21:29,9816.63,9816.63,301.94,326.54,76.67,88.78,0.80,-72.65
2023-05-29 21:30,9816.65,9816.65,301.86,326.26,76.79,88.72,0.85,-72.73
2023-05-29 21:31,9816.67,9816.67,301.53,326.68,76.72,88.71,0.92,-73.05
2023-05-29 21:32,9816.67,9816.67,301.68,326.12,76.72,88.67,1.05,-72.91
2023-05-29 21:33,9816.69,9816.69,301.91,326.68,76.72,88.59,1.13,-72.67
2023-05-29 21:34,9816.70,9816.70,302.26,326.68,76.69,88.46,1.16,-72.33
2023-05-29 21:35,9816.73,9816.73,302.17,326.68,76.64,88.48,1.13,-72.42
2023-05-29 21:36,9816.74,9816.74,302.02,326.54,76.70,88.53,1.09,-72.57
2023-05-29 21:37,9816.76,9816.76,302.34,326.54,76.66,88.54,1.01,-72.25
2023-05-29 21:38,9816.77,9816.77,302.24,326.81,76.70,88.45,0.97,-72.36
2023-05-29 21:39,9816.82,9816.82,302.11,326.54,76.74,88.48,0.99,-72.48
2023-05-29 21:40,9816.84,9816.84,301.95,326.81,76.82,88.51,1.07,-72.64
2023-05-29 21:41,9816.85,9816.85,302.33,326.26,76.83,88.57,1.14,-72.26
2023-05-29 21:42,9816.85,9816.85,302.05,326.54,76.84,88.58,1.19,-72.55
2023-05-29 21:43,9816.87,9816.87,302.13,326.40,76.94,88.66,1.23,-72.46
2023-05-29 21:44,9816.89,9816.89,301.76,326.40,76.94,88.66,1.20,-72.83
2023-05-29 21:45,9816.93,9816.93,301.79,326.68,76.95,88.64,1.14,-72.80
2023-05-29 21:46,9816.94,9816.94,301.66,326.26,76.88,88.70,1.09,-72.93
2023-05-29 21:47,9816.94,9816.94,301.66,326.81,76.69,88.66,1.06,-72.93
2023-05-29 21:48,9816.94,9816.94,302.31,326.54,76.53,88.65,1.01,-72.28
2023-05-29 21:49,9816.96,9816.96,301.89,326.40,76.48,88.70,0.98,-72.70
2023-05-29 21:50,9816.99,9816.99,302.07,326.68,76.41,88.69,0.94,-72.52
2023-05-29 21:51,9817.02,9817.02,302.01,326.54,76.25,88.59,0.89,-72.58
2023-05-29 21:52,9817.03,9817.03,301.80,326.68,76.22,88.70,0.88,-72.79
2023-05-29 21:53,9817.03,9817.03,301.88,326.54,76.16,88.71,0.92,-72.71
2023-05-29 21:54,9817.03,9817.03,302.06,326.54,76.10,88.69,0.94,-72.53
2023-05-29 21:55,9817.05,9817.05,302.00,326.40,76.09,88.69,0.94,-72.59
2023-05-29 21:56,9817.06,9817.06,302.34,326.40,76.03,88.68,0.89,-72.25
2023-05-29 21:57,9817.07,9817.07,301.99,326.54,75.99,88.58,0.79,-72.59
2023-05-29 21:58,9817.09,9817.09,303.41,326.26,75.94,88.56,0.71,-71.18
2023-05-29 21:59,9817.10,9817.10,306.30,325.98,75.92,88.53,0.68,-68.29
2023-05-29 22:00,9817.11,9817.11,306.78,325.98,75.90,88.56,0.69,-67.81
2023-05-29 22:01,9817.11,9817.11,306.08,325.98,75.94,88.51,0.73,-68.51
2023-05-29 22:02,9817.14,9817.14,303.80,326.54,75.98,88.45,0.74,-70.78
2023-05-29 22:03,9817.15,9817.15,302.84,326.68,75.99,88.30,0.73,-71.74
2023-05-29 22:04,9817.17,9817.17,302.68,326.81,75.96,88.30,0.73,-71.91
2023-05-29 22:05,9817.19,9817.19,302.26,326.26,75.94,88.36,0.73,-72.33
2023-05-29 22:06,9817.20,9817.20,301.83,326.54,75.90,88.43,0.79,-72.76
2023-05-29 22:07,9817.21,9817.21,303.06,326.68,75.81,88.42,0.86,-71.53
2023-05-29 22:08,9817.22,9817.22,302.29,326.40,75.77,88.45,0.93,-72.30
2023-05-29 22:09,9817.24,9817.24,302.46,326.40,75.87,88.34,0.94,-72.13
2023-05-29 22:10,9817.26,9817.26,302.72,326.54,75.87,88.30,0.93,-71.87
2023-05-29 22:11,9817.27,9817.27,302.53,326.54,75.70,88.37,0.89,-72.06
2023-05-29 22:12,9817.28,9817.28,302.96,326.12,75.60,88.16,0.84,-71.63
2023-05-29 22:13,9817.29,9817.29,302.50,326.68,75.75,88.07,0.81,-72.09
2023-05-29 22:14,9817.29,9817.29,302.75,326.81,75.98,88.21,0.79,-71.84
2023-05-29 22:15,9817.30,9817.30,302.36,326.54,76.23,88.25,0.74,-72.23
2023-05-29 22:16,9817.31,9817.31,299.99,325.16,76.65,88.24,0.69,-74.59
2023-05-29 22:17,9817.31,9816.57,170.18,231.31,77.01,88.16,0.43,-204.41
2023-05-29 22:18,9817.31,9810.61,99.99,195.59,77.01,88.36,0.00,-274.60
2023-05-29 22:19,9817.31,9810.77,96.78,193.52,76.51,88.58,0.00,-277.81
2023-05-29 22:20,9817.31,9812.98,97.08,193.52,75.74,88.75,0.00,-277.51
2023-05-29 22:21,9817.31,9814.83,97.34,193.38,75.62,88.76,0.00,-277.25
2023-05-29 22:22,9817.31,9815.24,95.64,193.11,75.60,88.62,0.00,-278.95
2023-05-29 22:23,9817.31,9809.63,95.69,193.24,75.60,88.50,0.00,-278.90
2023-05-29 22:24,9817.31,9808.67,97.17,193.38,75.79,88.43,0.00,-277.43
2023-05-29 22:25,9817.31,9808.82,98.07,192.97,75.69,88.30,0.00,-276.52
2023-05-29 22:26,9817.31,9811.59,98.48,193.38,75.50,88.26,0.00,-276.12
2023-05-29 22:27,9817.31,9814.40,98.53,193.38,75.50,88.15,0.00,-276.06
2023-05-29 22:28,9817.31,9815.79,97.69,193.24,75.45,88.00,0.00,-276.90
2023-05-29 22:29,9817.31,9815.79,165.31,246.81,75.39,87.86,0.00,-209.28
2023-05-29 22:30,9817.31,9815.79,256.13,306.19,75.48,87.74,0.00,-118.46
2023-05-29 22:31,9817.31,9815.79,254.61,307.02,75.73,87.62,0.00,-119.98
2023-05-29 22:32,9817.31,9815.79,255.95,307.99,75.72,87.42,0.00,-118.64
2023-05-29 22:33,9817.31,9815.79,256.54,309.24,75.87,87.36,0.00,-118.05
2023-05-29 22:34,9817.31,9815.83,257.11,309.24,75.95,87.32,0.00,31.57
2023-05-29 22:35,9817.31,9816.01,263.67,308.82,76.03,87.19,0.00,39.20
2023-05-29 22:36,9817.31,9816.06,262.10,309.38,76.16,87.18,0.00,37.63
2023-05-29 22:37,9817.31,9816.56,262.19,308.96,76.11,87.18,0.00,37.72
2023-05-29 22:38,9817.31,9816.72,262.68,308.96,76.08,87.13,0.00,38.20
2023-05-29 22:39,9817.31,9816.77,262.80,308.96,76.06,87.12,0.00,38.32
2023-05-29 22:40,9817.31,9816.82,262.74,309.24,76.00,87.04,0.00,38.27
2023-05-29 22:41,9817.31,9816.84,263.14,309.38,75.98,86.98,0.00,38.67
2023-05-29 22:42,9817.31,9816.90,263.70,309.10,75.88,86.85,0.00,39.23
2023-05-29 22:43,9817.31,9816.94,263.97,309.10,75.68,86.78,0.00,39.49
2023-05-29 22:44,9817.31,9816.96,265.03,309.24,75.61,86.75,0.00,40.56
2023-05-29 22:45,9817.31,9816.97,265.61,308.96,75.57,86.78,0.00,41.13
2023-05-29 22:46,9817.31,9817.02,265.95,308.82,75.57,86.64,0.00,41.48
2023-05-29 22:47,9817.31,9817.06,266.91,308.96,75.44,86.61,0.00,42.43
2023-05-29 22:48,9817.31,9817.10,267.27,309.10,75.52,86.71,0.00,42.79
2023-05-29 22:49,9817.31,9817.11,267.12,309.10,75.53,86.65,0.00,42.64
2023-05-29 22:50,9817.31,9817.14,267.82,308.96,75.43,86.63,0.22,43.35
2023-05-29 22:51,9817.31,9817.20,268.02,308.96,75.56,86.66,3.98,43.54
2023-05-29 22:52,9817.31,9817.20,267.59,309.10,75.31,86.77,1.66,43.12
2023-05-29 22:53,9817.31,9817.24,267.51,309.38,75.45,86.78,0.43,43.04
2023-05-29 22:54,9817.31,9817.27,267.35,308.96,75.49,86.77,1.13,42.87
2023-05-29 22:55,9817.31,9817.28,267.76,309.10,75.23,86.65,1.57,43.28
2023-05-29 22:56,9817.35,9817.35,267.96,309.24,75.15,86.65,1.82,43.49
2023-05-29 22:57,9817.36,9817.36,267.63,309.10,75.23,86.62,1.91,43.16
2023-05-29 22:58,9817.38,9817.38,267.53,308.96,74.99,86.54,1.79,43.05
2023-05-29 22:59,9817.42,9817.42,267.11,309.38,74.77,86.46,1.79,42.64
2023-05-29 23:00,9817.42,9817.42,268.10,308.68,74.89,86.43,1.83,43.63
2023-05-29 23:01,9817.45,9817.45,268.15,309.10,74.58,86.28,1.76,43.67
2023-05-29 23:02,9817.48,9817.48,268.05,308.82,74.85,86.02,1.60,43.57
2023-05-29 23:03,9817.52,9817.52,268.31,309.10,75.04,85.99,1.62,43.84
2023-05-29 23:04,9817.54,9817.54,268.43,309.10,75.07,85.95,1.55,43.96
2023-05-29 23:05,9817.56,9817.56,268.38,309.10,75.06,85.84,1.44,43.91
2023-05-29 23:06,9817.56,9817.56,268.10,309.38,74.90,85.81,1.45,43.62
2023-05-29 23:07,9817.56,9817.56,268.71,308.96,74.55,85.90,1.44,44.24
2023-05-29 23:08,9817.57,9817.57,268.68,309.38,74.65,85.99,1.28,44.20
2023-05-29 23:09,9817.58,9817.58,268.54,308.96,74.58,86.00,1.10,44.06
2023-05-29 23:10,9817.59,9817.59,268.54,308.96,74.59,85.92,0.92,44.07
2023-05-29 23:11,9817.60,9817.60,267.54,308.55,74.57,85.92,0.71,43.06
2023-05-29 23:12,9817.60,9817.60,241.91,281.83,74.44,85.91,0.58,17.44
2023-05-29 23:13,9817.62,9815.03,81.36,179.26,74.17,85.82,0.00,-143.12
2023-05-29 23:14,9817.62,9812.17,82.02,179.40,74.12,85.88,0.00,-142.45
2023-05-29 23:15,9817.62,9809.99,90.31,180.37,74.20,86.19,0.00,-134.16
2023-05-29 23:16,9817.62,9805.07,81.54,179.68,74.11,86.56,0.00,-142.93
2023-05-29 23:17,9817.62,9799.17,81.39,178.71,74.08,86.78,0.00,-143.08
2023-05-29 23:18,9817.62,9788.15,74.88,174.97,74.05,86.88,0.00,-149.59
2023-05-29 23:19,9817.62,9787.36,0.00,31.42,74.04,86.31,0.00,-224.47
2023-05-29 23:20,9817.62,9787.36,0.00,0.00,74.06,84.65,0.00,-224.47
2023-05-29 23:21,9817.62,9787.36,0.00,0.00,74.11,84.23,0.00,-224.47
2023-05-29 23:22,9817.62,9787.36,0.00,0.00,74.15,83.47,0.00,-224.47
2023-05-29 23:23,9817.62,9787.36,0.00,0.00,74.15,82.68,0.00,-224.47
2023-05-29 23:24,9817.62,9787.36,0.00,0.00,74.17,81.87,0.00,-224.47
2023-05-29 23:25,9817.62,9787.36,0.00,0.00,74.17,81.09,0.00,-224.47
2023-05-29 23:26,9817.62,9776.92,0.00,0.00,74.17,80.36,0.00,-224.47
2023-05-29 23:27,9817.62,9757.30,0.00,0.00,74.16,79.67,0.00,-224.47
2023-05-29 23:28,9817.62,9756.19,0.00,0.00,74.09,79.06,0.00,-224.47
2023-05-29 23:29,9817.62,9726.43,0.00,0.00,74.01,78.55,0.00,-224.47
2023-05-29 23:30,9817.62,9665.09,0.00,0.00,73.90,78.12,0.00,-224.47
2023-05-29 23:31,9817.62,9658.42,0.00,0.00,73.90,77.62,0.00,-224.47
2023-05-29 23:32,9817.62,9600.32,0.00,0.00,73.79,77.14,0.00,-224.47
2023-05-29 23:33,9817.62,9566.08,0.00,0.00,73.71,76.65,0.00,-224.47
2023-05-29 23:34,9817.62,9557.09,0.00,0.00,73.71,76.13,0.00,-224.47
2023-05-29 23:35,9817.62,9490.92,0.00,0.00,73.62,75.69,0.00,-224.47
2023-05-29 23:36,9817.62,9471.39,0.39,37.38,73.52,75.23,0.00,-224.08
2023-05-29 23:37,9817.62,9440.85,0.00,70.32,73.56,74.74,0.00,-224.47
2023-05-29 23:38,9817.62,9379.26,0.00,46.93,73.49,74.07,0.00,-224.47
2023-05-29 23:39,9817.62,9373.91,0.00,0.00,73.41,73.34,0.00,-224.47
2023-05-29 23:40,9817.62,9317.10,0.00,0.00,73.31,72.92,0.00,-224.47
2023-05-29 23:41,9817.62,9280.44,0.00,0.00,73.23,72.44,0.00,-224.47
2023-05-29 23:42,9817.62,9266.59,0.00,0.00,73.18,72.08,0.00,-224.47
2023-05-29 23:43,9817.62,9198.89,0.00,0.00,73.17,71.63,0.00,-224.47
2023-05-29 23:44,9817.62,9184.97,0.00,0.00,73.11,71.27,0.00,-224.47
2023-05-29 23:45,9817.62,9132.36,0.00,0.00,73.07,70.89,0.00,-224.47
2023-05-29 23:46,9817.62,9090.68,0.00,0.00,73.10,70.52,0.00,-224.47
2023-05-29 23:47,9817.62,9072.59,0.00,0.00,73.06,70.20,0.00,-224.47
2023-05-29 23:48,9817.62,9005.32,0.00,0.00,72.97,69.84,0.00,-224.47
2023-05-29 23:49,9817.62,8993.69,0.00,0.00,72.98,69.52,0.00,-224.47
2023-05-29 23:50,9817.62,8935.74,0.00,23.81,72.95,69.17,0.00,-224.47
2023-05-29 23:51,9817.62,8900.29,0.00,55.79,72.89,69.03,0.00,-224.47
2023-05-29 23:52,9817.62,8891.56,0.00,6.92,72.92,69.06,0.00,-224.47
2023-05-29 23:53,9817.62,8824.83,0.00,0.00,72.74,68.79,0.00,-224.47
2023-05-29 23:54,9817.62,8805.71,0.00,0.00,72.73,68.52,0.00,-224.47
2023-05-29 23:55,9817.62,8769.44,0.00,0.00,72.73,68.27,0.00,-224.47
2023-05-29 23:56,9817.62,8712.23,0.00,0.00,72.76,67.98,0.00,-224.47
2023-05-29 23:57,9817.62,8697.91,0.00,0.00,72.66,67.76,0.00,-224.47
2023-05-29 23:58,9817.62,8629.72,0.00,0.00,72.65,67.49,0.00,-224.47
2023-05-29 23:59,9817.62,8614.78,0.00,0.00,72.56,67.26,0.00,-224.47
